{
    "dataset_revision": "7cfcb122006b33d150b485caac5aa41939b3ba37",
    "task_name": "SkQuadReranking",
    "mteb_version": "1.39.7",
    "scores": {
        "test": [
            {
                "map": 0.63247,
                "mrr": 0.704527,
                "recall_at_10": 0.970256,
                "nAUC_map_max": 0.132029,
                "nAUC_map_std": 0.107775,
                "nAUC_map_diff1": 0.286375,
                "nAUC_mrr_max": 0.210927,
                "nAUC_mrr_std": 0.155326,
                "nAUC_mrr_diff1": 0.32803,
                "nAUC_recall_at_10_max": -0.260748,
                "nAUC_recall_at_10_std": -0.044148,
                "nAUC_recall_at_10_diff1": 0.045097,
                "main_score": 0.63247,
                "hf_subset": "default",
                "languages": [
                    "slk-Latn"
                ]
            }
        ]
    },
    "evaluation_time": 333.95157504081726,
    "kg_co2_emissions": null
}
