{
    "dataset_revision": "09f81f51dd5b8497da16d02c69c98d5cb5993ef2",
    "task_name": "SKQuadRetrieval",
    "mteb_version": "1.39.7",
    "scores": {
        "test": [
            {
                "ndcg_at_1": 0.34056,
                "ndcg_at_3": 0.41529,
                "ndcg_at_5": 0.45749,
                "ndcg_at_10": 0.50215,
                "ndcg_at_20": 0.54114,
                "ndcg_at_100": 0.57345,
                "ndcg_at_1000": 0.57888,
                "map_at_1": 0.21753,
                "map_at_3": 0.32233,
                "map_at_5": 0.35169,
                "map_at_10": 0.37661,
                "map_at_20": 0.39398,
                "map_at_100": 0.40341,
                "map_at_1000": 0.40381,
                "recall_at_1": 0.21753,
                "recall_at_3": 0.43659,
                "recall_at_5": 0.53303,
                "recall_at_10": 0.66104,
                "recall_at_20": 0.79813,
                "recall_at_100": 0.95697,
                "recall_at_1000": 0.99662,
                "precision_at_1": 0.34832,
                "precision_at_3": 0.23633,
                "precision_at_5": 0.17725,
                "precision_at_10": 0.11384,
                "precision_at_20": 0.07121,
                "precision_at_100": 0.01775,
                "precision_at_1000": 0.00185,
                "mrr_at_1": 0.348325,
                "mrr_at_3": 0.48251,
                "mrr_at_5": 0.505614,
                "mrr_at_10": 0.52043,
                "mrr_at_20": 0.52559,
                "mrr_at_100": 0.526948,
                "mrr_at_1000": 0.527032,
                "nauc_ndcg_at_1_max": 0.167887,
                "nauc_ndcg_at_1_std": -0.071734,
                "nauc_ndcg_at_1_diff1": 0.271458,
                "nauc_ndcg_at_3_max": 0.129603,
                "nauc_ndcg_at_3_std": -0.107104,
                "nauc_ndcg_at_3_diff1": 0.166377,
                "nauc_ndcg_at_5_max": 0.134285,
                "nauc_ndcg_at_5_std": -0.108831,
                "nauc_ndcg_at_5_diff1": 0.162963,
                "nauc_ndcg_at_10_max": 0.15285,
                "nauc_ndcg_at_10_std": -0.092465,
                "nauc_ndcg_at_10_diff1": 0.180263,
                "nauc_ndcg_at_20_max": 0.191665,
                "nauc_ndcg_at_20_std": -0.074361,
                "nauc_ndcg_at_20_diff1": 0.189936,
                "nauc_ndcg_at_100_max": 0.196322,
                "nauc_ndcg_at_100_std": -0.060685,
                "nauc_ndcg_at_100_diff1": 0.189348,
                "nauc_ndcg_at_1000_max": 0.185939,
                "nauc_ndcg_at_1000_std": -0.070452,
                "nauc_ndcg_at_1000_diff1": 0.189718,
                "nauc_map_at_1_max": 0.071497,
                "nauc_map_at_1_std": -0.103607,
                "nauc_map_at_1_diff1": 0.253261,
                "nauc_map_at_3_max": 0.081929,
                "nauc_map_at_3_std": -0.118513,
                "nauc_map_at_3_diff1": 0.184237,
                "nauc_map_at_5_max": 0.089639,
                "nauc_map_at_5_std": -0.120683,
                "nauc_map_at_5_diff1": 0.181989,
                "nauc_map_at_10_max": 0.100993,
                "nauc_map_at_10_std": -0.113035,
                "nauc_map_at_10_diff1": 0.189636,
                "nauc_map_at_20_max": 0.121768,
                "nauc_map_at_20_std": -0.105945,
                "nauc_map_at_20_diff1": 0.193965,
                "nauc_map_at_100_max": 0.126667,
                "nauc_map_at_100_std": -0.101197,
                "nauc_map_at_100_diff1": 0.194134,
                "nauc_map_at_1000_max": 0.1263,
                "nauc_map_at_1000_std": -0.101438,
                "nauc_map_at_1000_diff1": 0.193992,
                "nauc_recall_at_1_max": 0.071497,
                "nauc_recall_at_1_std": -0.103607,
                "nauc_recall_at_1_diff1": 0.253261,
                "nauc_recall_at_3_max": 0.055013,
                "nauc_recall_at_3_std": -0.119048,
                "nauc_recall_at_3_diff1": 0.08724,
                "nauc_recall_at_5_max": 0.058598,
                "nauc_recall_at_5_std": -0.115874,
                "nauc_recall_at_5_diff1": 0.06816,
                "nauc_recall_at_10_max": 0.094778,
                "nauc_recall_at_10_std": -0.054269,
                "nauc_recall_at_10_diff1": 0.088763,
                "nauc_recall_at_20_max": 0.222213,
                "nauc_recall_at_20_std": 0.008935,
                "nauc_recall_at_20_diff1": 0.109038,
                "nauc_recall_at_100_max": 0.601129,
                "nauc_recall_at_100_std": 0.41602,
                "nauc_recall_at_100_diff1": 0.086953,
                "nauc_recall_at_1000_max": 0.79142,
                "nauc_recall_at_1000_std": 0.741967,
                "nauc_recall_at_1000_diff1": -0.102911,
                "nauc_precision_at_1_max": 0.173979,
                "nauc_precision_at_1_std": -0.066626,
                "nauc_precision_at_1_diff1": 0.26815,
                "nauc_precision_at_3_max": 0.212522,
                "nauc_precision_at_3_std": -0.067245,
                "nauc_precision_at_3_diff1": 0.074386,
                "nauc_precision_at_5_max": 0.209878,
                "nauc_precision_at_5_std": -0.046826,
                "nauc_precision_at_5_diff1": 0.040541,
                "nauc_precision_at_10_max": 0.234485,
                "nauc_precision_at_10_std": 0.019623,
                "nauc_precision_at_10_diff1": 0.046577,
                "nauc_precision_at_20_max": 0.313017,
                "nauc_precision_at_20_std": 0.103189,
                "nauc_precision_at_20_diff1": 0.026743,
                "nauc_precision_at_100_max": 0.289439,
                "nauc_precision_at_100_std": 0.175569,
                "nauc_precision_at_100_diff1": -0.023065,
                "nauc_precision_at_1000_max": 0.247059,
                "nauc_precision_at_1000_std": 0.146158,
                "nauc_precision_at_1000_diff1": -0.040314,
                "nauc_mrr_at_1_max": 0.173979,
                "nauc_mrr_at_1_std": -0.066626,
                "nauc_mrr_at_1_diff1": 0.26815,
                "nauc_mrr_at_3_max": 0.195551,
                "nauc_mrr_at_3_std": -0.073886,
                "nauc_mrr_at_3_diff1": 0.190001,
                "nauc_mrr_at_5_max": 0.202757,
                "nauc_mrr_at_5_std": -0.070778,
                "nauc_mrr_at_5_diff1": 0.19404,
                "nauc_mrr_at_10_max": 0.20938,
                "nauc_mrr_at_10_std": -0.062418,
                "nauc_mrr_at_10_diff1": 0.197897,
                "nauc_mrr_at_20_max": 0.210702,
                "nauc_mrr_at_20_std": -0.061081,
                "nauc_mrr_at_20_diff1": 0.201125,
                "nauc_mrr_at_100_max": 0.209514,
                "nauc_mrr_at_100_std": -0.061479,
                "nauc_mrr_at_100_diff1": 0.201184,
                "nauc_mrr_at_1000_max": 0.209311,
                "nauc_mrr_at_1000_std": -0.061641,
                "nauc_mrr_at_1000_diff1": 0.201263,
                "main_score": 0.50215,
                "hf_subset": "default",
                "languages": [
                    "slk-Latn"
                ]
            }
        ]
    },
    "evaluation_time": 15.453819036483765,
    "kg_co2_emissions": null
}
