{
    "dataset_revision": "85d6b32f2762313714618171b9d1a65eb7408835",
    "task_name": "SlovakSumRetrieval",
    "mteb_version": "1.39.7",
    "scores": {
        "test": [
            {
                "ndcg_at_1": 0.795,
                "ndcg_at_3": 0.85228,
                "ndcg_at_5": 0.86196,
                "ndcg_at_10": 0.87409,
                "ndcg_at_20": 0.87981,
                "ndcg_at_100": 0.88291,
                "ndcg_at_1000": 0.88394,
                "map_at_1": 0.795,
                "map_at_3": 0.83861,
                "map_at_5": 0.84403,
                "map_at_10": 0.84919,
                "map_at_20": 0.85066,
                "map_at_100": 0.85109,
                "map_at_1000": 0.85112,
                "recall_at_1": 0.795,
                "recall_at_3": 0.89167,
                "recall_at_5": 0.915,
                "recall_at_10": 0.95167,
                "recall_at_20": 0.975,
                "recall_at_100": 0.99167,
                "recall_at_1000": 1.0,
                "precision_at_1": 0.795,
                "precision_at_3": 0.29722,
                "precision_at_5": 0.183,
                "precision_at_10": 0.09517,
                "precision_at_20": 0.04875,
                "precision_at_100": 0.00992,
                "precision_at_1000": 0.001,
                "mrr_at_1": 0.795,
                "mrr_at_3": 0.838611,
                "mrr_at_5": 0.844028,
                "mrr_at_10": 0.849188,
                "mrr_at_20": 0.850661,
                "mrr_at_100": 0.851088,
                "mrr_at_1000": 0.851119,
                "nauc_ndcg_at_1_max": 0.734651,
                "nauc_ndcg_at_1_std": -0.077924,
                "nauc_ndcg_at_1_diff1": 0.894385,
                "nauc_ndcg_at_3_max": 0.753878,
                "nauc_ndcg_at_3_std": -0.00653,
                "nauc_ndcg_at_3_diff1": 0.866309,
                "nauc_ndcg_at_5_max": 0.76177,
                "nauc_ndcg_at_5_std": -0.005894,
                "nauc_ndcg_at_5_diff1": 0.87249,
                "nauc_ndcg_at_10_max": 0.769802,
                "nauc_ndcg_at_10_std": 0.015158,
                "nauc_ndcg_at_10_diff1": 0.877727,
                "nauc_ndcg_at_20_max": 0.766001,
                "nauc_ndcg_at_20_std": 0.00799,
                "nauc_ndcg_at_20_diff1": 0.878779,
                "nauc_ndcg_at_100_max": 0.761862,
                "nauc_ndcg_at_100_std": 0.00244,
                "nauc_ndcg_at_100_diff1": 0.879658,
                "nauc_ndcg_at_1000_max": 0.75964,
                "nauc_ndcg_at_1000_std": -0.006595,
                "nauc_ndcg_at_1000_diff1": 0.879349,
                "nauc_map_at_1_max": 0.734651,
                "nauc_map_at_1_std": -0.077924,
                "nauc_map_at_1_diff1": 0.894385,
                "nauc_map_at_3_max": 0.749536,
                "nauc_map_at_3_std": -0.024829,
                "nauc_map_at_3_diff1": 0.874297,
                "nauc_map_at_5_max": 0.753579,
                "nauc_map_at_5_std": -0.024931,
                "nauc_map_at_5_diff1": 0.877654,
                "nauc_map_at_10_max": 0.756078,
                "nauc_map_at_10_std": -0.018191,
                "nauc_map_at_10_diff1": 0.8798,
                "nauc_map_at_20_max": 0.755061,
                "nauc_map_at_20_std": -0.020315,
                "nauc_map_at_20_diff1": 0.880063,
                "nauc_map_at_100_max": 0.754619,
                "nauc_map_at_100_std": -0.020786,
                "nauc_map_at_100_diff1": 0.880245,
                "nauc_map_at_1000_max": 0.754564,
                "nauc_map_at_1000_std": -0.021004,
                "nauc_map_at_1000_diff1": 0.880244,
                "nauc_recall_at_1_max": 0.734651,
                "nauc_recall_at_1_std": -0.077924,
                "nauc_recall_at_1_diff1": 0.894385,
                "nauc_recall_at_3_max": 0.770906,
                "nauc_recall_at_3_std": 0.066952,
                "nauc_recall_at_3_diff1": 0.833686,
                "nauc_recall_at_5_max": 0.80307,
                "nauc_recall_at_5_std": 0.087,
                "nauc_recall_at_5_diff1": 0.848328,
                "nauc_recall_at_10_max": 0.895441,
                "nauc_recall_at_10_std": 0.315979,
                "nauc_recall_at_10_diff1": 0.867913,
                "nauc_recall_at_20_max": 0.945534,
                "nauc_recall_at_20_std": 0.475226,
                "nauc_recall_at_20_diff1": 0.877373,
                "nauc_recall_at_100_max": 1.0,
                "nauc_recall_at_100_std": 0.973856,
                "nauc_recall_at_100_diff1": 0.918301,
                "nauc_recall_at_1000_max": NaN,
                "nauc_recall_at_1000_std": NaN,
                "nauc_recall_at_1000_diff1": NaN,
                "nauc_precision_at_1_max": 0.734651,
                "nauc_precision_at_1_std": -0.077924,
                "nauc_precision_at_1_diff1": 0.894385,
                "nauc_precision_at_3_max": 0.770906,
                "nauc_precision_at_3_std": 0.066952,
                "nauc_precision_at_3_diff1": 0.833686,
                "nauc_precision_at_5_max": 0.80307,
                "nauc_precision_at_5_std": 0.087,
                "nauc_precision_at_5_diff1": 0.848328,
                "nauc_precision_at_10_max": 0.895441,
                "nauc_precision_at_10_std": 0.315979,
                "nauc_precision_at_10_diff1": 0.867913,
                "nauc_precision_at_20_max": 0.945534,
                "nauc_precision_at_20_std": 0.475226,
                "nauc_precision_at_20_diff1": 0.877373,
                "nauc_precision_at_100_max": 1.0,
                "nauc_precision_at_100_std": 0.973856,
                "nauc_precision_at_100_diff1": 0.918301,
                "nauc_precision_at_1000_max": 1.0,
                "nauc_precision_at_1000_std": 1.0,
                "nauc_precision_at_1000_diff1": 1.0,
                "nauc_mrr_at_1_max": 0.734651,
                "nauc_mrr_at_1_std": -0.077924,
                "nauc_mrr_at_1_diff1": 0.894385,
                "nauc_mrr_at_3_max": 0.749536,
                "nauc_mrr_at_3_std": -0.024829,
                "nauc_mrr_at_3_diff1": 0.874297,
                "nauc_mrr_at_5_max": 0.753579,
                "nauc_mrr_at_5_std": -0.024931,
                "nauc_mrr_at_5_diff1": 0.877654,
                "nauc_mrr_at_10_max": 0.756078,
                "nauc_mrr_at_10_std": -0.018191,
                "nauc_mrr_at_10_diff1": 0.8798,
                "nauc_mrr_at_20_max": 0.755061,
                "nauc_mrr_at_20_std": -0.020315,
                "nauc_mrr_at_20_diff1": 0.880063,
                "nauc_mrr_at_100_max": 0.754619,
                "nauc_mrr_at_100_std": -0.020786,
                "nauc_mrr_at_100_diff1": 0.880245,
                "nauc_mrr_at_1000_max": 0.754564,
                "nauc_mrr_at_1000_std": -0.021004,
                "nauc_mrr_at_1000_diff1": 0.880244,
                "main_score": 0.87409,
                "hf_subset": "default",
                "languages": [
                    "slk-Latn"
                ]
            }
        ]
    },
    "evaluation_time": 2.607761859893799,
    "kg_co2_emissions": null
}
