{
    "dataset_revision": "c3262adb1c32ac0c3ea8de6393a44366edaa62e1",
    "task_name": "WebFAQRetrieval",
    "mteb_version": "1.39.7",
    "scores": {
        "test": [
            {
                "ndcg_at_1": 0.53251,
                "ndcg_at_3": 0.61915,
                "ndcg_at_5": 0.6408,
                "ndcg_at_10": 0.65889,
                "ndcg_at_20": 0.67177,
                "ndcg_at_100": 0.68775,
                "ndcg_at_1000": 0.69543,
                "map_at_1": 0.53251,
                "map_at_3": 0.598,
                "map_at_5": 0.61007,
                "map_at_10": 0.61755,
                "map_at_20": 0.62107,
                "map_at_100": 0.62333,
                "map_at_1000": 0.6236,
                "recall_at_1": 0.53251,
                "recall_at_3": 0.6803,
                "recall_at_5": 0.73264,
                "recall_at_10": 0.78846,
                "recall_at_20": 0.83952,
                "recall_at_100": 0.92515,
                "recall_at_1000": 0.98636,
                "precision_at_1": 0.53251,
                "precision_at_3": 0.22677,
                "precision_at_5": 0.14653,
                "precision_at_10": 0.07885,
                "precision_at_20": 0.04198,
                "precision_at_100": 0.00925,
                "precision_at_1000": 0.00099,
                "mrr_at_1": 0.531874,
                "mrr_at_3": 0.59705,
                "mrr_at_5": 0.609657,
                "mrr_at_10": 0.617074,
                "mrr_at_20": 0.620595,
                "mrr_at_100": 0.622862,
                "mrr_at_1000": 0.623138,
                "nauc_ndcg_at_1_max": 0.407392,
                "nauc_ndcg_at_1_std": 0.082851,
                "nauc_ndcg_at_1_diff1": 0.732863,
                "nauc_ndcg_at_3_max": 0.409032,
                "nauc_ndcg_at_3_std": 0.101564,
                "nauc_ndcg_at_3_diff1": 0.689292,
                "nauc_ndcg_at_5_max": 0.415734,
                "nauc_ndcg_at_5_std": 0.106943,
                "nauc_ndcg_at_5_diff1": 0.688738,
                "nauc_ndcg_at_10_max": 0.419474,
                "nauc_ndcg_at_10_std": 0.116775,
                "nauc_ndcg_at_10_diff1": 0.685302,
                "nauc_ndcg_at_20_max": 0.417953,
                "nauc_ndcg_at_20_std": 0.122318,
                "nauc_ndcg_at_20_diff1": 0.687471,
                "nauc_ndcg_at_100_max": 0.416938,
                "nauc_ndcg_at_100_std": 0.125705,
                "nauc_ndcg_at_100_diff1": 0.691442,
                "nauc_ndcg_at_1000_max": 0.417203,
                "nauc_ndcg_at_1000_std": 0.117942,
                "nauc_ndcg_at_1000_diff1": 0.693148,
                "nauc_map_at_1_max": 0.407392,
                "nauc_map_at_1_std": 0.082851,
                "nauc_map_at_1_diff1": 0.732863,
                "nauc_map_at_3_max": 0.408142,
                "nauc_map_at_3_std": 0.096069,
                "nauc_map_at_3_diff1": 0.700609,
                "nauc_map_at_5_max": 0.411635,
                "nauc_map_at_5_std": 0.098661,
                "nauc_map_at_5_diff1": 0.700577,
                "nauc_map_at_10_max": 0.412998,
                "nauc_map_at_10_std": 0.102119,
                "nauc_map_at_10_diff1": 0.699567,
                "nauc_map_at_20_max": 0.412595,
                "nauc_map_at_20_std": 0.10323,
                "nauc_map_at_20_diff1": 0.700224,
                "nauc_map_at_100_max": 0.412465,
                "nauc_map_at_100_std": 0.103698,
                "nauc_map_at_100_diff1": 0.700724,
                "nauc_map_at_1000_max": 0.412476,
                "nauc_map_at_1000_std": 0.103496,
                "nauc_map_at_1000_diff1": 0.700755,
                "nauc_recall_at_1_max": 0.407392,
                "nauc_recall_at_1_std": 0.082851,
                "nauc_recall_at_1_diff1": 0.732863,
                "nauc_recall_at_3_max": 0.412186,
                "nauc_recall_at_3_std": 0.11997,
                "nauc_recall_at_3_diff1": 0.652012,
                "nauc_recall_at_5_max": 0.432331,
                "nauc_recall_at_5_std": 0.138916,
                "nauc_recall_at_5_diff1": 0.645132,
                "nauc_recall_at_10_max": 0.451665,
                "nauc_recall_at_10_std": 0.18877,
                "nauc_recall_at_10_diff1": 0.62073,
                "nauc_recall_at_20_max": 0.449894,
                "nauc_recall_at_20_std": 0.247876,
                "nauc_recall_at_20_diff1": 0.617448,
                "nauc_recall_at_100_max": 0.463145,
                "nauc_recall_at_100_std": 0.427278,
                "nauc_recall_at_100_diff1": 0.618599,
                "nauc_recall_at_1000_max": 0.697091,
                "nauc_recall_at_1000_std": 0.636913,
                "nauc_recall_at_1000_diff1": 0.560657,
                "nauc_precision_at_1_max": 0.407392,
                "nauc_precision_at_1_std": 0.082851,
                "nauc_precision_at_1_diff1": 0.732863,
                "nauc_precision_at_3_max": 0.412186,
                "nauc_precision_at_3_std": 0.11997,
                "nauc_precision_at_3_diff1": 0.652012,
                "nauc_precision_at_5_max": 0.432331,
                "nauc_precision_at_5_std": 0.138916,
                "nauc_precision_at_5_diff1": 0.645132,
                "nauc_precision_at_10_max": 0.451665,
                "nauc_precision_at_10_std": 0.18877,
                "nauc_precision_at_10_diff1": 0.62073,
                "nauc_precision_at_20_max": 0.449894,
                "nauc_precision_at_20_std": 0.247876,
                "nauc_precision_at_20_diff1": 0.617448,
                "nauc_precision_at_100_max": 0.463145,
                "nauc_precision_at_100_std": 0.427278,
                "nauc_precision_at_100_diff1": 0.618599,
                "nauc_precision_at_1000_max": 0.697091,
                "nauc_precision_at_1000_std": 0.636913,
                "nauc_precision_at_1000_diff1": 0.560657,
                "nauc_mrr_at_1_max": 0.408589,
                "nauc_mrr_at_1_std": 0.084688,
                "nauc_mrr_at_1_diff1": 0.734243,
                "nauc_mrr_at_3_max": 0.409696,
                "nauc_mrr_at_3_std": 0.097663,
                "nauc_mrr_at_3_diff1": 0.70312,
                "nauc_mrr_at_5_max": 0.412933,
                "nauc_mrr_at_5_std": 0.100604,
                "nauc_mrr_at_5_diff1": 0.702145,
                "nauc_mrr_at_10_max": 0.414435,
                "nauc_mrr_at_10_std": 0.104292,
                "nauc_mrr_at_10_diff1": 0.701066,
                "nauc_mrr_at_20_max": 0.413813,
                "nauc_mrr_at_20_std": 0.104987,
                "nauc_mrr_at_20_diff1": 0.701743,
                "nauc_mrr_at_100_max": 0.413726,
                "nauc_mrr_at_100_std": 0.105545,
                "nauc_mrr_at_100_diff1": 0.702288,
                "nauc_mrr_at_1000_max": 0.413738,
                "nauc_mrr_at_1000_std": 0.105344,
                "nauc_mrr_at_1000_diff1": 0.70232,
                "main_score": 0.65889,
                "hf_subset": "slk",
                "languages": [
                    "slk-Latn"
                ]
            }
        ]
    },
    "evaluation_time": 32.06272745132446,
    "kg_co2_emissions": null
}
