{
    "dataset_revision": "85d6b32f2762313714618171b9d1a65eb7408835",
    "task_name": "SlovakSumRetrieval",
    "mteb_version": "1.39.7",
    "scores": {
        "test": [
            {
                "ndcg_at_1": 0.87667,
                "ndcg_at_3": 0.91046,
                "ndcg_at_5": 0.91598,
                "ndcg_at_10": 0.92091,
                "ndcg_at_20": 0.92389,
                "ndcg_at_100": 0.9275,
                "ndcg_at_1000": 0.92836,
                "map_at_1": 0.87667,
                "map_at_3": 0.9025,
                "map_at_5": 0.90558,
                "map_at_10": 0.90766,
                "map_at_20": 0.90849,
                "map_at_100": 0.90895,
                "map_at_1000": 0.90898,
                "recall_at_1": 0.87667,
                "recall_at_3": 0.93333,
                "recall_at_5": 0.94667,
                "recall_at_10": 0.96167,
                "recall_at_20": 0.97333,
                "recall_at_100": 0.99333,
                "recall_at_1000": 1.0,
                "precision_at_1": 0.87667,
                "precision_at_3": 0.31111,
                "precision_at_5": 0.18933,
                "precision_at_10": 0.09617,
                "precision_at_20": 0.04867,
                "precision_at_100": 0.00993,
                "precision_at_1000": 0.001,
                "mrr_at_1": 0.876667,
                "mrr_at_3": 0.9025,
                "mrr_at_5": 0.905583,
                "mrr_at_10": 0.907663,
                "mrr_at_20": 0.908494,
                "mrr_at_100": 0.908946,
                "mrr_at_1000": 0.908981,
                "nauc_ndcg_at_1_max": 0.840803,
                "nauc_ndcg_at_1_std": -0.013817,
                "nauc_ndcg_at_1_diff1": 0.93625,
                "nauc_ndcg_at_3_max": 0.85683,
                "nauc_ndcg_at_3_std": 0.0671,
                "nauc_ndcg_at_3_diff1": 0.922373,
                "nauc_ndcg_at_5_max": 0.866276,
                "nauc_ndcg_at_5_std": 0.089263,
                "nauc_ndcg_at_5_diff1": 0.931867,
                "nauc_ndcg_at_10_max": 0.867024,
                "nauc_ndcg_at_10_std": 0.09899,
                "nauc_ndcg_at_10_diff1": 0.933605,
                "nauc_ndcg_at_20_max": 0.867722,
                "nauc_ndcg_at_20_std": 0.112723,
                "nauc_ndcg_at_20_diff1": 0.934015,
                "nauc_ndcg_at_100_max": 0.862733,
                "nauc_ndcg_at_100_std": 0.084686,
                "nauc_ndcg_at_100_diff1": 0.932807,
                "nauc_ndcg_at_1000_max": 0.861047,
                "nauc_ndcg_at_1000_std": 0.073892,
                "nauc_ndcg_at_1000_diff1": 0.932427,
                "nauc_map_at_1_max": 0.840803,
                "nauc_map_at_1_std": -0.013817,
                "nauc_map_at_1_diff1": 0.93625,
                "nauc_map_at_3_max": 0.852565,
                "nauc_map_at_3_std": 0.040017,
                "nauc_map_at_3_diff1": 0.926299,
                "nauc_map_at_5_max": 0.856997,
                "nauc_map_at_5_std": 0.049677,
                "nauc_map_at_5_diff1": 0.931334,
                "nauc_map_at_10_max": 0.857103,
                "nauc_map_at_10_std": 0.051966,
                "nauc_map_at_10_diff1": 0.93203,
                "nauc_map_at_20_max": 0.857224,
                "nauc_map_at_20_std": 0.054703,
                "nauc_map_at_20_diff1": 0.932105,
                "nauc_map_at_100_max": 0.856679,
                "nauc_map_at_100_std": 0.051573,
                "nauc_map_at_100_diff1": 0.931952,
                "nauc_map_at_1000_max": 0.856624,
                "nauc_map_at_1000_std": 0.051226,
                "nauc_map_at_1000_diff1": 0.931945,
                "nauc_recall_at_1_max": 0.840803,
                "nauc_recall_at_1_std": -0.013817,
                "nauc_recall_at_1_diff1": 0.93625,
                "nauc_recall_at_3_max": 0.874206,
                "nauc_recall_at_3_std": 0.181174,
                "nauc_recall_at_3_diff1": 0.906221,
                "nauc_recall_at_5_max": 0.914945,
                "nauc_recall_at_5_std": 0.296335,
                "nauc_recall_at_5_diff1": 0.936537,
                "nauc_recall_at_10_max": 0.93799,
                "nauc_recall_at_10_std": 0.441339,
                "nauc_recall_at_10_diff1": 0.948139,
                "nauc_recall_at_20_max": 0.97549,
                "nauc_recall_at_20_std": 0.742705,
                "nauc_recall_at_20_diff1": 0.95915,
                "nauc_recall_at_100_max": 1.0,
                "nauc_recall_at_100_std": 0.96732,
                "nauc_recall_at_100_diff1": 0.96732,
                "nauc_recall_at_1000_max": NaN,
                "nauc_recall_at_1000_std": NaN,
                "nauc_recall_at_1000_diff1": NaN,
                "nauc_precision_at_1_max": 0.840803,
                "nauc_precision_at_1_std": -0.013817,
                "nauc_precision_at_1_diff1": 0.93625,
                "nauc_precision_at_3_max": 0.874206,
                "nauc_precision_at_3_std": 0.181174,
                "nauc_precision_at_3_diff1": 0.906221,
                "nauc_precision_at_5_max": 0.914945,
                "nauc_precision_at_5_std": 0.296335,
                "nauc_precision_at_5_diff1": 0.936537,
                "nauc_precision_at_10_max": 0.93799,
                "nauc_precision_at_10_std": 0.441339,
                "nauc_precision_at_10_diff1": 0.948139,
                "nauc_precision_at_20_max": 0.97549,
                "nauc_precision_at_20_std": 0.742705,
                "nauc_precision_at_20_diff1": 0.95915,
                "nauc_precision_at_100_max": 1.0,
                "nauc_precision_at_100_std": 0.96732,
                "nauc_precision_at_100_diff1": 0.96732,
                "nauc_precision_at_1000_max": 1.0,
                "nauc_precision_at_1000_std": 1.0,
                "nauc_precision_at_1000_diff1": 1.0,
                "nauc_mrr_at_1_max": 0.840803,
                "nauc_mrr_at_1_std": -0.013817,
                "nauc_mrr_at_1_diff1": 0.93625,
                "nauc_mrr_at_3_max": 0.852565,
                "nauc_mrr_at_3_std": 0.040017,
                "nauc_mrr_at_3_diff1": 0.926299,
                "nauc_mrr_at_5_max": 0.856997,
                "nauc_mrr_at_5_std": 0.049677,
                "nauc_mrr_at_5_diff1": 0.931334,
                "nauc_mrr_at_10_max": 0.857103,
                "nauc_mrr_at_10_std": 0.051966,
                "nauc_mrr_at_10_diff1": 0.93203,
                "nauc_mrr_at_20_max": 0.857224,
                "nauc_mrr_at_20_std": 0.054703,
                "nauc_mrr_at_20_diff1": 0.932105,
                "nauc_mrr_at_100_max": 0.856679,
                "nauc_mrr_at_100_std": 0.051573,
                "nauc_mrr_at_100_diff1": 0.931952,
                "nauc_mrr_at_1000_max": 0.856624,
                "nauc_mrr_at_1000_std": 0.051226,
                "nauc_mrr_at_1000_diff1": 0.931945,
                "main_score": 0.92091,
                "hf_subset": "default",
                "languages": [
                    "slk-Latn"
                ]
            }
        ]
    },
    "evaluation_time": 504.94894456863403,
    "kg_co2_emissions": null
}
