{
    "dataset_revision": "3997eba1c60721e34f7b01db400f5b14a40218ea",
    "task_name": "SkQuadReranking",
    "mteb_version": "1.39.7",
    "scores": {
        "test": [
            {
                "ndcg_at_1": 0.57546,
                "ndcg_at_3": 0.63784,
                "ndcg_at_5": 0.68612,
                "ndcg_at_10": 0.75152,
                "ndcg_at_20": 0.76076,
                "ndcg_at_100": 0.76076,
                "ndcg_at_1000": 0.76076,
                "map_at_1": 0.43516,
                "map_at_3": 0.57076,
                "map_at_5": 0.6062,
                "map_at_10": 0.64639,
                "map_at_20": 0.6516,
                "map_at_100": 0.6516,
                "map_at_1000": 0.6516,
                "recall_at_1": 0.43516,
                "recall_at_3": 0.69716,
                "recall_at_5": 0.80184,
                "recall_at_10": 0.97342,
                "recall_at_20": 1.0,
                "recall_at_100": 1.0,
                "recall_at_1000": 1.0,
                "accuracy": 0.43516,
                "precision_at_1": 0.57546,
                "precision_at_3": 0.32157,
                "precision_at_5": 0.22913,
                "precision_at_10": 0.14713,
                "precision_at_20": 0.07643,
                "precision_at_100": 0.01529,
                "precision_at_1000": 0.00153,
                "mrr_at_1": 0.575463,
                "mrr_at_3": 0.703736,
                "mrr_at_5": 0.719932,
                "mrr_at_10": 0.729088,
                "mrr_at_20": 0.729409,
                "mrr_at_100": 0.729409,
                "mrr_at_1000": 0.729409,
                "nauc_ndcg_at_1_max": 0.172078,
                "nauc_ndcg_at_1_std": 0.116777,
                "nauc_ndcg_at_1_diff1": 0.426289,
                "nauc_ndcg_at_3_max": 0.133073,
                "nauc_ndcg_at_3_std": 0.192022,
                "nauc_ndcg_at_3_diff1": 0.326055,
                "nauc_ndcg_at_5_max": 0.135735,
                "nauc_ndcg_at_5_std": 0.191076,
                "nauc_ndcg_at_5_diff1": 0.335553,
                "nauc_ndcg_at_10_max": 0.146653,
                "nauc_ndcg_at_10_std": 0.176819,
                "nauc_ndcg_at_10_diff1": 0.333662,
                "nauc_ndcg_at_20_max": 0.15439,
                "nauc_ndcg_at_20_std": 0.173847,
                "nauc_ndcg_at_20_diff1": 0.349613,
                "nauc_ndcg_at_100_max": 0.15439,
                "nauc_ndcg_at_100_std": 0.173847,
                "nauc_ndcg_at_100_diff1": 0.349613,
                "nauc_ndcg_at_1000_max": 0.15439,
                "nauc_ndcg_at_1000_std": 0.173847,
                "nauc_ndcg_at_1000_diff1": 0.349613,
                "nauc_map_at_1_max": 0.081006,
                "nauc_map_at_1_std": 0.063288,
                "nauc_map_at_1_diff1": 0.345404,
                "nauc_map_at_3_max": 0.10166,
                "nauc_map_at_3_std": 0.151105,
                "nauc_map_at_3_diff1": 0.318449,
                "nauc_map_at_5_max": 0.107501,
                "nauc_map_at_5_std": 0.150286,
                "nauc_map_at_5_diff1": 0.324747,
                "nauc_map_at_10_max": 0.115673,
                "nauc_map_at_10_std": 0.151097,
                "nauc_map_at_10_diff1": 0.322505,
                "nauc_map_at_20_max": 0.119418,
                "nauc_map_at_20_std": 0.150486,
                "nauc_map_at_20_diff1": 0.328934,
                "nauc_map_at_100_max": 0.119418,
                "nauc_map_at_100_std": 0.150486,
                "nauc_map_at_100_diff1": 0.328934,
                "nauc_map_at_1000_max": 0.119418,
                "nauc_map_at_1000_std": 0.150486,
                "nauc_map_at_1000_diff1": 0.328934,
                "nauc_recall_at_1_max": 0.081006,
                "nauc_recall_at_1_std": 0.063288,
                "nauc_recall_at_1_diff1": 0.345404,
                "nauc_recall_at_3_max": 0.108002,
                "nauc_recall_at_3_std": 0.228425,
                "nauc_recall_at_3_diff1": 0.243313,
                "nauc_recall_at_5_max": 0.09363,
                "nauc_recall_at_5_std": 0.231319,
                "nauc_recall_at_5_diff1": 0.237568,
                "nauc_recall_at_10_max": -0.024727,
                "nauc_recall_at_10_std": 0.187996,
                "nauc_recall_at_10_diff1": -0.080825,
                "nauc_recall_at_20_max": NaN,
                "nauc_recall_at_20_std": NaN,
                "nauc_recall_at_20_diff1": NaN,
                "nauc_recall_at_100_max": NaN,
                "nauc_recall_at_100_std": NaN,
                "nauc_recall_at_100_diff1": NaN,
                "nauc_recall_at_1000_max": NaN,
                "nauc_recall_at_1000_std": NaN,
                "nauc_recall_at_1000_diff1": NaN,
                "nauc_precision_at_1_max": 0.172078,
                "nauc_precision_at_1_std": 0.116777,
                "nauc_precision_at_1_diff1": 0.426289,
                "nauc_precision_at_3_max": 0.189406,
                "nauc_precision_at_3_std": 0.273088,
                "nauc_precision_at_3_diff1": 0.161972,
                "nauc_precision_at_5_max": 0.150114,
                "nauc_precision_at_5_std": 0.182034,
                "nauc_precision_at_5_diff1": 0.064594,
                "nauc_precision_at_10_max": 0.107688,
                "nauc_precision_at_10_std": 0.072364,
                "nauc_precision_at_10_diff1": -0.094872,
                "nauc_precision_at_20_max": 0.113327,
                "nauc_precision_at_20_std": 0.055908,
                "nauc_precision_at_20_diff1": -0.079164,
                "nauc_precision_at_100_max": 0.113327,
                "nauc_precision_at_100_std": 0.055908,
                "nauc_precision_at_100_diff1": -0.079164,
                "nauc_precision_at_1000_max": 0.113327,
                "nauc_precision_at_1000_std": 0.055908,
                "nauc_precision_at_1000_diff1": -0.079164,
                "nauc_mrr_at_1_max": 0.172078,
                "nauc_mrr_at_1_std": 0.116777,
                "nauc_mrr_at_1_diff1": 0.426289,
                "nauc_mrr_at_3_max": 0.223785,
                "nauc_mrr_at_3_std": 0.221107,
                "nauc_mrr_at_3_diff1": 0.40551,
                "nauc_mrr_at_5_max": 0.216514,
                "nauc_mrr_at_5_std": 0.214905,
                "nauc_mrr_at_5_diff1": 0.406689,
                "nauc_mrr_at_10_max": 0.210663,
                "nauc_mrr_at_10_std": 0.197371,
                "nauc_mrr_at_10_diff1": 0.407663,
                "nauc_mrr_at_20_max": 0.209982,
                "nauc_mrr_at_20_std": 0.196449,
                "nauc_mrr_at_20_diff1": 0.408124,
                "nauc_mrr_at_100_max": 0.209982,
                "nauc_mrr_at_100_std": 0.196449,
                "nauc_mrr_at_100_diff1": 0.408124,
                "nauc_mrr_at_1000_max": 0.209982,
                "nauc_mrr_at_1000_std": 0.196449,
                "nauc_mrr_at_1000_diff1": 0.408124,
                "cv_recall_at_1": 0.57546,
                "cv_recall_at_3": 0.85878,
                "cv_recall_at_5": 0.92939,
                "cv_recall_at_10": 0.99647,
                "cv_recall_at_20": 1.0,
                "cv_recall_at_100": 1.0,
                "cv_recall_at_1000": 1.0,
                "main_score": 0.6516,
                "hf_subset": "default",
                "languages": [
                    "slk-Latn"
                ]
            }
        ]
    },
    "evaluation_time": 72.94341492652893,
    "kg_co2_emissions": null
}
