{
    "dataset_revision": "85d6b32f2762313714618171b9d1a65eb7408835",
    "task_name": "SlovakSumRetrieval",
    "mteb_version": "1.39.7",
    "scores": {
        "test": [
            {
                "ndcg_at_1": 0.87667,
                "ndcg_at_3": 0.92329,
                "ndcg_at_5": 0.92666,
                "ndcg_at_10": 0.9322,
                "ndcg_at_20": 0.93478,
                "ndcg_at_100": 0.93566,
                "ndcg_at_1000": 0.93644,
                "map_at_1": 0.87667,
                "map_at_3": 0.91278,
                "map_at_5": 0.91461,
                "map_at_10": 0.91699,
                "map_at_20": 0.91772,
                "map_at_100": 0.91782,
                "map_at_1000": 0.91784,
                "recall_at_1": 0.87667,
                "recall_at_3": 0.95333,
                "recall_at_5": 0.96167,
                "recall_at_10": 0.97833,
                "recall_at_20": 0.98833,
                "recall_at_100": 0.99333,
                "recall_at_1000": 1.0,
                "accuracy": 0.87667,
                "precision_at_1": 0.87667,
                "precision_at_3": 0.31778,
                "precision_at_5": 0.19233,
                "precision_at_10": 0.09783,
                "precision_at_20": 0.04942,
                "precision_at_100": 0.00993,
                "precision_at_1000": 0.001,
                "mrr_at_1": 0.876667,
                "mrr_at_3": 0.912778,
                "mrr_at_5": 0.914611,
                "mrr_at_10": 0.916987,
                "mrr_at_20": 0.917721,
                "mrr_at_100": 0.91782,
                "mrr_at_1000": 0.917839,
                "nauc_ndcg_at_1_max": 0.800334,
                "nauc_ndcg_at_1_std": -0.07868,
                "nauc_ndcg_at_1_diff1": 0.941554,
                "nauc_ndcg_at_3_max": 0.837725,
                "nauc_ndcg_at_3_std": -0.014696,
                "nauc_ndcg_at_3_diff1": 0.941124,
                "nauc_ndcg_at_5_max": 0.833786,
                "nauc_ndcg_at_5_std": -0.00286,
                "nauc_ndcg_at_5_diff1": 0.942024,
                "nauc_ndcg_at_10_max": 0.83432,
                "nauc_ndcg_at_10_std": -0.017345,
                "nauc_ndcg_at_10_diff1": 0.94411,
                "nauc_ndcg_at_20_max": 0.832577,
                "nauc_ndcg_at_20_std": 0.00291,
                "nauc_ndcg_at_20_diff1": 0.944684,
                "nauc_ndcg_at_100_max": 0.831401,
                "nauc_ndcg_at_100_std": -0.000501,
                "nauc_ndcg_at_100_diff1": 0.943919,
                "nauc_ndcg_at_1000_max": 0.829295,
                "nauc_ndcg_at_1000_std": -0.012997,
                "nauc_ndcg_at_1000_diff1": 0.943219,
                "nauc_map_at_1_max": 0.800334,
                "nauc_map_at_1_std": -0.07868,
                "nauc_map_at_1_diff1": 0.941554,
                "nauc_map_at_3_max": 0.827557,
                "nauc_map_at_3_std": -0.03004,
                "nauc_map_at_3_diff1": 0.94096,
                "nauc_map_at_5_max": 0.825476,
                "nauc_map_at_5_std": -0.025789,
                "nauc_map_at_5_diff1": 0.941293,
                "nauc_map_at_10_max": 0.825537,
                "nauc_map_at_10_std": -0.031446,
                "nauc_map_at_10_diff1": 0.94212,
                "nauc_map_at_20_max": 0.825086,
                "nauc_map_at_20_std": -0.027408,
                "nauc_map_at_20_diff1": 0.942265,
                "nauc_map_at_100_max": 0.824938,
                "nauc_map_at_100_std": -0.027689,
                "nauc_map_at_100_diff1": 0.942193,
                "nauc_map_at_1000_max": 0.824898,
                "nauc_map_at_1000_std": -0.027925,
                "nauc_map_at_1000_diff1": 0.94218,
                "nauc_recall_at_1_max": 0.800334,
                "nauc_recall_at_1_std": -0.07868,
                "nauc_recall_at_1_diff1": 0.941554,
                "nauc_recall_at_3_max": 0.889723,
                "nauc_recall_at_3_std": 0.061825,
                "nauc_recall_at_3_diff1": 0.942227,
                "nauc_recall_at_5_max": 0.882799,
                "nauc_recall_at_5_std": 0.142289,
                "nauc_recall_at_5_diff1": 0.947428,
                "nauc_recall_at_10_max": 0.922969,
                "nauc_recall_at_10_std": 0.117252,
                "nauc_recall_at_10_diff1": 0.968577,
                "nauc_recall_at_20_max": 0.960317,
                "nauc_recall_at_20_std": 0.684941,
                "nauc_recall_at_20_diff1": 1.0,
                "nauc_recall_at_100_max": 1.0,
                "nauc_recall_at_100_std": 1.0,
                "nauc_recall_at_100_diff1": 1.0,
                "nauc_recall_at_1000_max": NaN,
                "nauc_recall_at_1000_std": NaN,
                "nauc_recall_at_1000_diff1": NaN,
                "nauc_precision_at_1_max": 0.800334,
                "nauc_precision_at_1_std": -0.07868,
                "nauc_precision_at_1_diff1": 0.941554,
                "nauc_precision_at_3_max": 0.889723,
                "nauc_precision_at_3_std": 0.061825,
                "nauc_precision_at_3_diff1": 0.942227,
                "nauc_precision_at_5_max": 0.882799,
                "nauc_precision_at_5_std": 0.142289,
                "nauc_precision_at_5_diff1": 0.947428,
                "nauc_precision_at_10_max": 0.922969,
                "nauc_precision_at_10_std": 0.117252,
                "nauc_precision_at_10_diff1": 0.968577,
                "nauc_precision_at_20_max": 0.960317,
                "nauc_precision_at_20_std": 0.684941,
                "nauc_precision_at_20_diff1": 1.0,
                "nauc_precision_at_100_max": 1.0,
                "nauc_precision_at_100_std": 1.0,
                "nauc_precision_at_100_diff1": 1.0,
                "nauc_precision_at_1000_max": 1.0,
                "nauc_precision_at_1000_std": 1.0,
                "nauc_precision_at_1000_diff1": 1.0,
                "nauc_mrr_at_1_max": 0.800334,
                "nauc_mrr_at_1_std": -0.07868,
                "nauc_mrr_at_1_diff1": 0.941554,
                "nauc_mrr_at_3_max": 0.827557,
                "nauc_mrr_at_3_std": -0.03004,
                "nauc_mrr_at_3_diff1": 0.94096,
                "nauc_mrr_at_5_max": 0.825476,
                "nauc_mrr_at_5_std": -0.025789,
                "nauc_mrr_at_5_diff1": 0.941293,
                "nauc_mrr_at_10_max": 0.825537,
                "nauc_mrr_at_10_std": -0.031446,
                "nauc_mrr_at_10_diff1": 0.94212,
                "nauc_mrr_at_20_max": 0.825086,
                "nauc_mrr_at_20_std": -0.027408,
                "nauc_mrr_at_20_diff1": 0.942265,
                "nauc_mrr_at_100_max": 0.824938,
                "nauc_mrr_at_100_std": -0.027689,
                "nauc_mrr_at_100_diff1": 0.942193,
                "nauc_mrr_at_1000_max": 0.824898,
                "nauc_mrr_at_1000_std": -0.027925,
                "nauc_mrr_at_1000_diff1": 0.94218,
                "cv_recall_at_1": 0.87667,
                "cv_recall_at_3": 0.95333,
                "cv_recall_at_5": 0.96167,
                "cv_recall_at_10": 0.97833,
                "cv_recall_at_20": 0.98833,
                "cv_recall_at_100": 0.99333,
                "cv_recall_at_1000": 1.0,
                "main_score": 0.9322,
                "hf_subset": "default",
                "languages": [
                    "slk-Latn"
                ]
            }
        ]
    },
    "evaluation_time": 5.753720760345459,
    "kg_co2_emissions": null
}
