{
    "dataset_revision": "82320d7f1d6561a12516605ec24f5d61aceb915c",
    "task_name": "SlovakPharmacyMojaLekarenReranking",
    "mteb_version": "1.39.7",
    "scores": {
        "test": [
            {
                "ndcg_at_1": 0.92683,
                "ndcg_at_3": 0.96695,
                "ndcg_at_5": 0.96975,
                "ndcg_at_10": 0.96975,
                "ndcg_at_20": 0.96975,
                "ndcg_at_100": 0.96975,
                "ndcg_at_1000": 0.96975,
                "map_at_1": 0.92683,
                "map_at_3": 0.95777,
                "map_at_5": 0.95933,
                "map_at_10": 0.95933,
                "map_at_20": 0.95933,
                "map_at_100": 0.95933,
                "map_at_1000": 0.95933,
                "recall_at_1": 0.92683,
                "recall_at_3": 0.99322,
                "recall_at_5": 1.0,
                "recall_at_10": 1.0,
                "recall_at_20": 1.0,
                "recall_at_100": 1.0,
                "recall_at_1000": 1.0,
                "accuracy": 0.92683,
                "precision_at_1": 0.92683,
                "precision_at_3": 0.33107,
                "precision_at_5": 0.2,
                "precision_at_10": 0.1,
                "precision_at_20": 0.05,
                "precision_at_100": 0.01,
                "precision_at_1000": 0.001,
                "mrr_at_1": 0.926829,
                "mrr_at_3": 0.957769,
                "mrr_at_5": 0.959327,
                "mrr_at_10": 0.959327,
                "mrr_at_20": 0.959327,
                "mrr_at_100": 0.959327,
                "mrr_at_1000": 0.959327,
                "nauc_ndcg_at_1_max": 0.632471,
                "nauc_ndcg_at_1_std": 0.401511,
                "nauc_ndcg_at_1_diff1": 0.914794,
                "nauc_ndcg_at_3_max": 0.657034,
                "nauc_ndcg_at_3_std": 0.492274,
                "nauc_ndcg_at_3_diff1": 0.912637,
                "nauc_ndcg_at_5_max": 0.644745,
                "nauc_ndcg_at_5_std": 0.450088,
                "nauc_ndcg_at_5_diff1": 0.914703,
                "nauc_ndcg_at_10_max": 0.644745,
                "nauc_ndcg_at_10_std": 0.450088,
                "nauc_ndcg_at_10_diff1": 0.914703,
                "nauc_ndcg_at_20_max": 0.644745,
                "nauc_ndcg_at_20_std": 0.450088,
                "nauc_ndcg_at_20_diff1": 0.914703,
                "nauc_ndcg_at_100_max": 0.644745,
                "nauc_ndcg_at_100_std": 0.450088,
                "nauc_ndcg_at_100_diff1": 0.914703,
                "nauc_ndcg_at_1000_max": 0.644745,
                "nauc_ndcg_at_1000_std": 0.450088,
                "nauc_ndcg_at_1000_diff1": 0.914703,
                "nauc_map_at_1_max": 0.632471,
                "nauc_map_at_1_std": 0.401511,
                "nauc_map_at_1_diff1": 0.914794,
                "nauc_map_at_3_max": 0.648873,
                "nauc_map_at_3_std": 0.465378,
                "nauc_map_at_3_diff1": 0.913748,
                "nauc_map_at_5_max": 0.643815,
                "nauc_map_at_5_std": 0.446856,
                "nauc_map_at_5_diff1": 0.914718,
                "nauc_map_at_10_max": 0.643815,
                "nauc_map_at_10_std": 0.446856,
                "nauc_map_at_10_diff1": 0.914718,
                "nauc_map_at_20_max": 0.643815,
                "nauc_map_at_20_std": 0.446856,
                "nauc_map_at_20_diff1": 0.914718,
                "nauc_map_at_100_max": 0.643815,
                "nauc_map_at_100_std": 0.446856,
                "nauc_map_at_100_diff1": 0.914718,
                "nauc_map_at_1000_max": 0.643815,
                "nauc_map_at_1000_std": 0.446856,
                "nauc_map_at_1000_diff1": 0.914718,
                "nauc_recall_at_1_max": 0.632471,
                "nauc_recall_at_1_std": 0.401511,
                "nauc_recall_at_1_diff1": 0.914794,
                "nauc_recall_at_3_max": 0.798421,
                "nauc_recall_at_3_std": 0.947697,
                "nauc_recall_at_3_diff1": 0.892113,
                "nauc_recall_at_5_max": NaN,
                "nauc_recall_at_5_std": NaN,
                "nauc_recall_at_5_diff1": NaN,
                "nauc_recall_at_10_max": NaN,
                "nauc_recall_at_10_std": NaN,
                "nauc_recall_at_10_diff1": NaN,
                "nauc_recall_at_20_max": NaN,
                "nauc_recall_at_20_std": NaN,
                "nauc_recall_at_20_diff1": NaN,
                "nauc_recall_at_100_max": NaN,
                "nauc_recall_at_100_std": NaN,
                "nauc_recall_at_100_diff1": NaN,
                "nauc_recall_at_1000_max": NaN,
                "nauc_recall_at_1000_std": NaN,
                "nauc_recall_at_1000_diff1": NaN,
                "nauc_precision_at_1_max": 0.632471,
                "nauc_precision_at_1_std": 0.401511,
                "nauc_precision_at_1_diff1": 0.914794,
                "nauc_precision_at_3_max": 0.798421,
                "nauc_precision_at_3_std": 0.947697,
                "nauc_precision_at_3_diff1": 0.892113,
                "nauc_precision_at_5_max": NaN,
                "nauc_precision_at_5_std": NaN,
                "nauc_precision_at_5_diff1": NaN,
                "nauc_precision_at_10_max": NaN,
                "nauc_precision_at_10_std": NaN,
                "nauc_precision_at_10_diff1": NaN,
                "nauc_precision_at_20_max": NaN,
                "nauc_precision_at_20_std": NaN,
                "nauc_precision_at_20_diff1": NaN,
                "nauc_precision_at_100_max": NaN,
                "nauc_precision_at_100_std": NaN,
                "nauc_precision_at_100_diff1": NaN,
                "nauc_precision_at_1000_max": 1.0,
                "nauc_precision_at_1000_std": 1.0,
                "nauc_precision_at_1000_diff1": 1.0,
                "nauc_mrr_at_1_max": 0.632471,
                "nauc_mrr_at_1_std": 0.401511,
                "nauc_mrr_at_1_diff1": 0.914794,
                "nauc_mrr_at_3_max": 0.648873,
                "nauc_mrr_at_3_std": 0.465378,
                "nauc_mrr_at_3_diff1": 0.913748,
                "nauc_mrr_at_5_max": 0.643815,
                "nauc_mrr_at_5_std": 0.446856,
                "nauc_mrr_at_5_diff1": 0.914718,
                "nauc_mrr_at_10_max": 0.643815,
                "nauc_mrr_at_10_std": 0.446856,
                "nauc_mrr_at_10_diff1": 0.914718,
                "nauc_mrr_at_20_max": 0.643815,
                "nauc_mrr_at_20_std": 0.446856,
                "nauc_mrr_at_20_diff1": 0.914718,
                "nauc_mrr_at_100_max": 0.643815,
                "nauc_mrr_at_100_std": 0.446856,
                "nauc_mrr_at_100_diff1": 0.914718,
                "nauc_mrr_at_1000_max": 0.643815,
                "nauc_mrr_at_1000_std": 0.446856,
                "nauc_mrr_at_1000_diff1": 0.914718,
                "cv_recall_at_1": 0.92683,
                "cv_recall_at_3": 0.99322,
                "cv_recall_at_5": 1.0,
                "cv_recall_at_10": 1.0,
                "cv_recall_at_20": 1.0,
                "cv_recall_at_100": 1.0,
                "cv_recall_at_1000": 1.0,
                "main_score": 0.95933,
                "hf_subset": "default",
                "languages": [
                    "slk-Latn"
                ]
            }
        ]
    },
    "evaluation_time": 22.935699462890625,
    "kg_co2_emissions": null
}
