{
    "dataset_revision": "faf73c5217c37e8a9ba297b8e29b25d1ccdeccae",
    "task_name": "SlovakPharmacyDrMaxReranking",
    "mteb_version": "1.39.7",
    "scores": {
        "test": [
            {
                "ndcg_at_1": 0.87938,
                "ndcg_at_3": 0.93617,
                "ndcg_at_5": 0.94689,
                "ndcg_at_10": 0.94689,
                "ndcg_at_20": 0.94689,
                "ndcg_at_100": 0.94689,
                "ndcg_at_1000": 0.94689,
                "map_at_1": 0.87938,
                "map_at_3": 0.92301,
                "map_at_5": 0.92895,
                "map_at_10": 0.92895,
                "map_at_20": 0.92895,
                "map_at_100": 0.92895,
                "map_at_1000": 0.92895,
                "recall_at_1": 0.87938,
                "recall_at_3": 0.97391,
                "recall_at_5": 1.0,
                "recall_at_10": 1.0,
                "recall_at_20": 1.0,
                "recall_at_100": 1.0,
                "recall_at_1000": 1.0,
                "accuracy": 0.87938,
                "precision_at_1": 0.87938,
                "precision_at_3": 0.32464,
                "precision_at_5": 0.2,
                "precision_at_10": 0.1,
                "precision_at_20": 0.05,
                "precision_at_100": 0.01,
                "precision_at_1000": 0.001,
                "mrr_at_1": 0.879384,
                "mrr_at_3": 0.923011,
                "mrr_at_5": 0.928946,
                "mrr_at_10": 0.928946,
                "mrr_at_20": 0.928946,
                "mrr_at_100": 0.928946,
                "mrr_at_1000": 0.928946,
                "nauc_ndcg_at_1_max": 0.764616,
                "nauc_ndcg_at_1_std": 0.654064,
                "nauc_ndcg_at_1_diff1": 0.851323,
                "nauc_ndcg_at_3_max": 0.79384,
                "nauc_ndcg_at_3_std": 0.684933,
                "nauc_ndcg_at_3_diff1": 0.83118,
                "nauc_ndcg_at_5_max": 0.77862,
                "nauc_ndcg_at_5_std": 0.669943,
                "nauc_ndcg_at_5_diff1": 0.84156,
                "nauc_ndcg_at_10_max": 0.77862,
                "nauc_ndcg_at_10_std": 0.669943,
                "nauc_ndcg_at_10_diff1": 0.84156,
                "nauc_ndcg_at_20_max": 0.77862,
                "nauc_ndcg_at_20_std": 0.669943,
                "nauc_ndcg_at_20_diff1": 0.84156,
                "nauc_ndcg_at_100_max": 0.77862,
                "nauc_ndcg_at_100_std": 0.669943,
                "nauc_ndcg_at_100_diff1": 0.84156,
                "nauc_ndcg_at_1000_max": 0.77862,
                "nauc_ndcg_at_1000_std": 0.669943,
                "nauc_ndcg_at_1000_diff1": 0.84156,
                "nauc_map_at_1_max": 0.764616,
                "nauc_map_at_1_std": 0.654064,
                "nauc_map_at_1_diff1": 0.851323,
                "nauc_map_at_3_max": 0.78468,
                "nauc_map_at_3_std": 0.675934,
                "nauc_map_at_3_diff1": 0.837338,
                "nauc_map_at_5_max": 0.777643,
                "nauc_map_at_5_std": 0.668901,
                "nauc_map_at_5_diff1": 0.842215,
                "nauc_map_at_10_max": 0.777643,
                "nauc_map_at_10_std": 0.668901,
                "nauc_map_at_10_diff1": 0.842215,
                "nauc_map_at_20_max": 0.777643,
                "nauc_map_at_20_std": 0.668901,
                "nauc_map_at_20_diff1": 0.842215,
                "nauc_map_at_100_max": 0.777643,
                "nauc_map_at_100_std": 0.668901,
                "nauc_map_at_100_diff1": 0.842215,
                "nauc_map_at_1000_max": 0.777643,
                "nauc_map_at_1000_std": 0.668901,
                "nauc_map_at_1000_diff1": 0.842215,
                "nauc_recall_at_1_max": 0.764616,
                "nauc_recall_at_1_std": 0.654064,
                "nauc_recall_at_1_diff1": 0.851323,
                "nauc_recall_at_3_max": 0.868294,
                "nauc_recall_at_3_std": 0.757107,
                "nauc_recall_at_3_diff1": 0.781355,
                "nauc_recall_at_5_max": NaN,
                "nauc_recall_at_5_std": NaN,
                "nauc_recall_at_5_diff1": NaN,
                "nauc_recall_at_10_max": NaN,
                "nauc_recall_at_10_std": NaN,
                "nauc_recall_at_10_diff1": NaN,
                "nauc_recall_at_20_max": NaN,
                "nauc_recall_at_20_std": NaN,
                "nauc_recall_at_20_diff1": NaN,
                "nauc_recall_at_100_max": NaN,
                "nauc_recall_at_100_std": NaN,
                "nauc_recall_at_100_diff1": NaN,
                "nauc_recall_at_1000_max": NaN,
                "nauc_recall_at_1000_std": NaN,
                "nauc_recall_at_1000_diff1": NaN,
                "nauc_precision_at_1_max": 0.764616,
                "nauc_precision_at_1_std": 0.654064,
                "nauc_precision_at_1_diff1": 0.851323,
                "nauc_precision_at_3_max": 0.868294,
                "nauc_precision_at_3_std": 0.757107,
                "nauc_precision_at_3_diff1": 0.781355,
                "nauc_precision_at_5_max": 1.0,
                "nauc_precision_at_5_std": 1.0,
                "nauc_precision_at_5_diff1": 1.0,
                "nauc_precision_at_10_max": 1.0,
                "nauc_precision_at_10_std": 1.0,
                "nauc_precision_at_10_diff1": 1.0,
                "nauc_precision_at_20_max": 1.0,
                "nauc_precision_at_20_std": 1.0,
                "nauc_precision_at_20_diff1": 1.0,
                "nauc_precision_at_100_max": 1.0,
                "nauc_precision_at_100_std": 1.0,
                "nauc_precision_at_100_diff1": 1.0,
                "nauc_precision_at_1000_max": 1.0,
                "nauc_precision_at_1000_std": 1.0,
                "nauc_precision_at_1000_diff1": 1.0,
                "nauc_mrr_at_1_max": 0.764616,
                "nauc_mrr_at_1_std": 0.654064,
                "nauc_mrr_at_1_diff1": 0.851323,
                "nauc_mrr_at_3_max": 0.78468,
                "nauc_mrr_at_3_std": 0.675934,
                "nauc_mrr_at_3_diff1": 0.837338,
                "nauc_mrr_at_5_max": 0.777643,
                "nauc_mrr_at_5_std": 0.668901,
                "nauc_mrr_at_5_diff1": 0.842215,
                "nauc_mrr_at_10_max": 0.777643,
                "nauc_mrr_at_10_std": 0.668901,
                "nauc_mrr_at_10_diff1": 0.842215,
                "nauc_mrr_at_20_max": 0.777643,
                "nauc_mrr_at_20_std": 0.668901,
                "nauc_mrr_at_20_diff1": 0.842215,
                "nauc_mrr_at_100_max": 0.777643,
                "nauc_mrr_at_100_std": 0.668901,
                "nauc_mrr_at_100_diff1": 0.842215,
                "nauc_mrr_at_1000_max": 0.777643,
                "nauc_mrr_at_1000_std": 0.668901,
                "nauc_mrr_at_1000_diff1": 0.842215,
                "cv_recall_at_1": 0.87938,
                "cv_recall_at_3": 0.97391,
                "cv_recall_at_5": 1.0,
                "cv_recall_at_10": 1.0,
                "cv_recall_at_20": 1.0,
                "cv_recall_at_100": 1.0,
                "cv_recall_at_1000": 1.0,
                "main_score": 0.92895,
                "hf_subset": "default",
                "languages": [
                    "slk-Latn"
                ]
            }
        ]
    },
    "evaluation_time": 123.52728033065796,
    "kg_co2_emissions": null
}
