{
    "dataset_revision": "3997eba1c60721e34f7b01db400f5b14a40218ea",
    "task_name": "SkQuadReranking",
    "mteb_version": "1.39.7",
    "scores": {
        "test": [
            {
                "ndcg_at_1": 0.69373,
                "ndcg_at_3": 0.72469,
                "ndcg_at_5": 0.75775,
                "ndcg_at_10": 0.81241,
                "ndcg_at_20": 0.82022,
                "ndcg_at_100": 0.82022,
                "ndcg_at_1000": 0.82022,
                "map_at_1": 0.53012,
                "map_at_3": 0.6598,
                "map_at_5": 0.68638,
                "map_at_10": 0.72224,
                "map_at_20": 0.72682,
                "map_at_100": 0.72682,
                "map_at_1000": 0.72682,
                "recall_at_1": 0.53012,
                "recall_at_3": 0.76854,
                "recall_at_5": 0.83768,
                "recall_at_10": 0.97808,
                "recall_at_20": 1.0,
                "recall_at_100": 1.0,
                "recall_at_1000": 1.0,
                "accuracy": 0.53012,
                "precision_at_1": 0.69373,
                "precision_at_3": 0.3504,
                "precision_at_5": 0.2376,
                "precision_at_10": 0.14784,
                "precision_at_20": 0.07643,
                "precision_at_100": 0.01529,
                "precision_at_1000": 0.00153,
                "mrr_at_1": 0.693733,
                "mrr_at_3": 0.804501,
                "mrr_at_5": 0.813548,
                "mrr_at_10": 0.817313,
                "mrr_at_20": 0.817313,
                "mrr_at_100": 0.817313,
                "mrr_at_1000": 0.817313,
                "nauc_ndcg_at_1_max": 0.235681,
                "nauc_ndcg_at_1_std": 0.109689,
                "nauc_ndcg_at_1_diff1": 0.423243,
                "nauc_ndcg_at_3_max": 0.117875,
                "nauc_ndcg_at_3_std": 0.111058,
                "nauc_ndcg_at_3_diff1": 0.292252,
                "nauc_ndcg_at_5_max": 0.127359,
                "nauc_ndcg_at_5_std": 0.118046,
                "nauc_ndcg_at_5_diff1": 0.287988,
                "nauc_ndcg_at_10_max": 0.152418,
                "nauc_ndcg_at_10_std": 0.121678,
                "nauc_ndcg_at_10_diff1": 0.314321,
                "nauc_ndcg_at_20_max": 0.171191,
                "nauc_ndcg_at_20_std": 0.130607,
                "nauc_ndcg_at_20_diff1": 0.322962,
                "nauc_ndcg_at_100_max": 0.171191,
                "nauc_ndcg_at_100_std": 0.130607,
                "nauc_ndcg_at_100_diff1": 0.322962,
                "nauc_ndcg_at_1000_max": 0.171191,
                "nauc_ndcg_at_1000_std": 0.130607,
                "nauc_ndcg_at_1000_diff1": 0.322962,
                "nauc_map_at_1_max": 0.085649,
                "nauc_map_at_1_std": 0.038389,
                "nauc_map_at_1_diff1": 0.338762,
                "nauc_map_at_3_max": 0.086606,
                "nauc_map_at_3_std": 0.082021,
                "nauc_map_at_3_diff1": 0.29149,
                "nauc_map_at_5_max": 0.100694,
                "nauc_map_at_5_std": 0.089386,
                "nauc_map_at_5_diff1": 0.286962,
                "nauc_map_at_10_max": 0.115358,
                "nauc_map_at_10_std": 0.095454,
                "nauc_map_at_10_diff1": 0.296403,
                "nauc_map_at_20_max": 0.122232,
                "nauc_map_at_20_std": 0.09844,
                "nauc_map_at_20_diff1": 0.299525,
                "nauc_map_at_100_max": 0.122232,
                "nauc_map_at_100_std": 0.09844,
                "nauc_map_at_100_diff1": 0.299525,
                "nauc_map_at_1000_max": 0.122232,
                "nauc_map_at_1000_std": 0.09844,
                "nauc_map_at_1000_diff1": 0.299525,
                "nauc_recall_at_1_max": 0.085649,
                "nauc_recall_at_1_std": 0.038389,
                "nauc_recall_at_1_diff1": 0.338762,
                "nauc_recall_at_3_max": 0.025407,
                "nauc_recall_at_3_std": 0.095637,
                "nauc_recall_at_3_diff1": 0.191164,
                "nauc_recall_at_5_max": 0.014046,
                "nauc_recall_at_5_std": 0.091377,
                "nauc_recall_at_5_diff1": 0.147764,
                "nauc_recall_at_10_max": -0.227505,
                "nauc_recall_at_10_std": -0.076021,
                "nauc_recall_at_10_diff1": 0.065144,
                "nauc_recall_at_20_max": NaN,
                "nauc_recall_at_20_std": NaN,
                "nauc_recall_at_20_diff1": NaN,
                "nauc_recall_at_100_max": NaN,
                "nauc_recall_at_100_std": NaN,
                "nauc_recall_at_100_diff1": NaN,
                "nauc_recall_at_1000_max": NaN,
                "nauc_recall_at_1000_std": NaN,
                "nauc_recall_at_1000_diff1": NaN,
                "nauc_precision_at_1_max": 0.235681,
                "nauc_precision_at_1_std": 0.109689,
                "nauc_precision_at_1_diff1": 0.423243,
                "nauc_precision_at_3_max": 0.193818,
                "nauc_precision_at_3_std": 0.184954,
                "nauc_precision_at_3_diff1": 0.037411,
                "nauc_precision_at_5_max": 0.160195,
                "nauc_precision_at_5_std": 0.139487,
                "nauc_precision_at_5_diff1": -0.067472,
                "nauc_precision_at_10_max": 0.130231,
                "nauc_precision_at_10_std": 0.077858,
                "nauc_precision_at_10_diff1": -0.127941,
                "nauc_precision_at_20_max": 0.145185,
                "nauc_precision_at_20_std": 0.080216,
                "nauc_precision_at_20_diff1": -0.12882,
                "nauc_precision_at_100_max": 0.145185,
                "nauc_precision_at_100_std": 0.080216,
                "nauc_precision_at_100_diff1": -0.12882,
                "nauc_precision_at_1000_max": 0.145185,
                "nauc_precision_at_1000_std": 0.080216,
                "nauc_precision_at_1000_diff1": -0.12882,
                "nauc_mrr_at_1_max": 0.235681,
                "nauc_mrr_at_1_std": 0.109689,
                "nauc_mrr_at_1_diff1": 0.423243,
                "nauc_mrr_at_3_max": 0.296904,
                "nauc_mrr_at_3_std": 0.204243,
                "nauc_mrr_at_3_diff1": 0.398375,
                "nauc_mrr_at_5_max": 0.28466,
                "nauc_mrr_at_5_std": 0.193215,
                "nauc_mrr_at_5_diff1": 0.397672,
                "nauc_mrr_at_10_max": 0.279343,
                "nauc_mrr_at_10_std": 0.180748,
                "nauc_mrr_at_10_diff1": 0.399812,
                "nauc_mrr_at_20_max": 0.279343,
                "nauc_mrr_at_20_std": 0.180748,
                "nauc_mrr_at_20_diff1": 0.399812,
                "nauc_mrr_at_100_max": 0.279343,
                "nauc_mrr_at_100_std": 0.180748,
                "nauc_mrr_at_100_diff1": 0.399812,
                "nauc_mrr_at_1000_max": 0.279343,
                "nauc_mrr_at_1000_std": 0.180748,
                "nauc_mrr_at_1000_diff1": 0.399812,
                "cv_recall_at_1": 0.69373,
                "cv_recall_at_3": 0.93204,
                "cv_recall_at_5": 0.97087,
                "cv_recall_at_10": 1.0,
                "cv_recall_at_20": 1.0,
                "cv_recall_at_100": 1.0,
                "cv_recall_at_1000": 1.0,
                "main_score": 0.72682,
                "hf_subset": "default",
                "languages": [
                    "slk-Latn"
                ]
            }
        ]
    },
    "evaluation_time": 71.71974682807922,
    "kg_co2_emissions": null
}
