{
    "dataset_revision": "79914f425b59d8b9fabb6d38c37f6d81f9723f46",
    "task_name": "SlovakNLI",
    "mteb_version": "1.39.7",
    "scores": {
        "test": [
            {
                "similarity_accuracy": 0.740838,
                "similarity_f1": 0.764444,
                "similarity_precision": 0.699187,
                "similarity_recall": 0.843137,
                "similarity_ap": 0.776467,
                "cosine_accuracy": 0.740838,
                "cosine_f1": 0.764444,
                "cosine_precision": 0.699187,
                "cosine_recall": 0.843137,
                "cosine_ap": 0.776467,
                "manhattan_accuracy": 0.73822,
                "manhattan_f1": 0.765376,
                "manhattan_precision": 0.714894,
                "manhattan_recall": 0.823529,
                "manhattan_ap": 0.775186,
                "euclidean_accuracy": 0.740838,
                "euclidean_f1": 0.762332,
                "euclidean_precision": 0.702479,
                "euclidean_recall": 0.833333,
                "euclidean_ap": 0.775435,
                "dot_accuracy": 0.693717,
                "dot_f1": 0.735729,
                "dot_precision": 0.64684,
                "dot_recall": 0.852941,
                "dot_ap": 0.750792,
                "max_accuracy": 0.740838,
                "max_f1": 0.765376,
                "max_precision": 0.714894,
                "max_recall": 0.852941,
                "max_ap": 0.776467,
                "main_score": 0.776467,
                "hf_subset": "default",
                "languages": [
                    "slk-Latn"
                ]
            }
        ]
    },
    "evaluation_time": 0.6833124160766602,
    "kg_co2_emissions": null
}
