{
    "dataset_revision": "faf73c5217c37e8a9ba297b8e29b25d1ccdeccae",
    "task_name": "SlovakPharmacyDrMaxReranking",
    "mteb_version": "1.39.7",
    "scores": {
        "test": [
            {
                "ndcg_at_1": 0.88216,
                "ndcg_at_3": 0.94376,
                "ndcg_at_5": 0.95008,
                "ndcg_at_10": 0.95008,
                "ndcg_at_20": 0.95008,
                "ndcg_at_100": 0.95008,
                "ndcg_at_1000": 0.95008,
                "map_at_1": 0.88216,
                "map_at_3": 0.92939,
                "map_at_5": 0.93298,
                "map_at_10": 0.93298,
                "map_at_20": 0.93298,
                "map_at_100": 0.93298,
                "map_at_1000": 0.93298,
                "recall_at_1": 0.88216,
                "recall_at_3": 0.98503,
                "recall_at_5": 1.0,
                "recall_at_10": 1.0,
                "recall_at_20": 1.0,
                "recall_at_100": 1.0,
                "recall_at_1000": 1.0,
                "accuracy": 0.88216,
                "precision_at_1": 0.88216,
                "precision_at_3": 0.32834,
                "precision_at_5": 0.2,
                "precision_at_10": 0.1,
                "precision_at_20": 0.05,
                "precision_at_100": 0.01,
                "precision_at_1000": 0.001,
                "mrr_at_1": 0.882164,
                "mrr_at_3": 0.929391,
                "mrr_at_5": 0.932984,
                "mrr_at_10": 0.932984,
                "mrr_at_20": 0.932984,
                "mrr_at_100": 0.932984,
                "mrr_at_1000": 0.932984,
                "nauc_ndcg_at_1_max": 0.760034,
                "nauc_ndcg_at_1_std": 0.703323,
                "nauc_ndcg_at_1_diff1": 0.870772,
                "nauc_ndcg_at_3_max": 0.77861,
                "nauc_ndcg_at_3_std": 0.734401,
                "nauc_ndcg_at_3_diff1": 0.85992,
                "nauc_ndcg_at_5_max": 0.769259,
                "nauc_ndcg_at_5_std": 0.720337,
                "nauc_ndcg_at_5_diff1": 0.865777,
                "nauc_ndcg_at_10_max": 0.769259,
                "nauc_ndcg_at_10_std": 0.720337,
                "nauc_ndcg_at_10_diff1": 0.865777,
                "nauc_ndcg_at_20_max": 0.769259,
                "nauc_ndcg_at_20_std": 0.720337,
                "nauc_ndcg_at_20_diff1": 0.865777,
                "nauc_ndcg_at_100_max": 0.769259,
                "nauc_ndcg_at_100_std": 0.720337,
                "nauc_ndcg_at_100_diff1": 0.865777,
                "nauc_ndcg_at_1000_max": 0.769259,
                "nauc_ndcg_at_1000_std": 0.720337,
                "nauc_ndcg_at_1000_diff1": 0.865777,
                "nauc_map_at_1_max": 0.760034,
                "nauc_map_at_1_std": 0.703323,
                "nauc_map_at_1_diff1": 0.870772,
                "nauc_map_at_3_max": 0.772884,
                "nauc_map_at_3_std": 0.725656,
                "nauc_map_at_3_diff1": 0.863364,
                "nauc_map_at_5_max": 0.768647,
                "nauc_map_at_5_std": 0.719256,
                "nauc_map_at_5_diff1": 0.866097,
                "nauc_map_at_10_max": 0.768647,
                "nauc_map_at_10_std": 0.719256,
                "nauc_map_at_10_diff1": 0.866097,
                "nauc_map_at_20_max": 0.768647,
                "nauc_map_at_20_std": 0.719256,
                "nauc_map_at_20_diff1": 0.866097,
                "nauc_map_at_100_max": 0.768647,
                "nauc_map_at_100_std": 0.719256,
                "nauc_map_at_100_diff1": 0.866097,
                "nauc_map_at_1000_max": 0.768647,
                "nauc_map_at_1000_std": 0.719256,
                "nauc_map_at_1000_diff1": 0.866097,
                "nauc_recall_at_1_max": 0.760034,
                "nauc_recall_at_1_std": 0.703323,
                "nauc_recall_at_1_diff1": 0.870772,
                "nauc_recall_at_3_max": 0.851971,
                "nauc_recall_at_3_std": 0.844353,
                "nauc_recall_at_3_diff1": 0.815555,
                "nauc_recall_at_5_max": NaN,
                "nauc_recall_at_5_std": NaN,
                "nauc_recall_at_5_diff1": NaN,
                "nauc_recall_at_10_max": NaN,
                "nauc_recall_at_10_std": NaN,
                "nauc_recall_at_10_diff1": NaN,
                "nauc_recall_at_20_max": NaN,
                "nauc_recall_at_20_std": NaN,
                "nauc_recall_at_20_diff1": NaN,
                "nauc_recall_at_100_max": NaN,
                "nauc_recall_at_100_std": NaN,
                "nauc_recall_at_100_diff1": NaN,
                "nauc_recall_at_1000_max": NaN,
                "nauc_recall_at_1000_std": NaN,
                "nauc_recall_at_1000_diff1": NaN,
                "nauc_precision_at_1_max": 0.760034,
                "nauc_precision_at_1_std": 0.703323,
                "nauc_precision_at_1_diff1": 0.870772,
                "nauc_precision_at_3_max": 0.851971,
                "nauc_precision_at_3_std": 0.844353,
                "nauc_precision_at_3_diff1": 0.815555,
                "nauc_precision_at_5_max": 1.0,
                "nauc_precision_at_5_std": 1.0,
                "nauc_precision_at_5_diff1": 1.0,
                "nauc_precision_at_10_max": 1.0,
                "nauc_precision_at_10_std": 1.0,
                "nauc_precision_at_10_diff1": 1.0,
                "nauc_precision_at_20_max": 1.0,
                "nauc_precision_at_20_std": 1.0,
                "nauc_precision_at_20_diff1": 1.0,
                "nauc_precision_at_100_max": 1.0,
                "nauc_precision_at_100_std": 1.0,
                "nauc_precision_at_100_diff1": 1.0,
                "nauc_precision_at_1000_max": 1.0,
                "nauc_precision_at_1000_std": 1.0,
                "nauc_precision_at_1000_diff1": 1.0,
                "nauc_mrr_at_1_max": 0.760034,
                "nauc_mrr_at_1_std": 0.703323,
                "nauc_mrr_at_1_diff1": 0.870772,
                "nauc_mrr_at_3_max": 0.772884,
                "nauc_mrr_at_3_std": 0.725656,
                "nauc_mrr_at_3_diff1": 0.863364,
                "nauc_mrr_at_5_max": 0.768647,
                "nauc_mrr_at_5_std": 0.719256,
                "nauc_mrr_at_5_diff1": 0.866097,
                "nauc_mrr_at_10_max": 0.768647,
                "nauc_mrr_at_10_std": 0.719256,
                "nauc_mrr_at_10_diff1": 0.866097,
                "nauc_mrr_at_20_max": 0.768647,
                "nauc_mrr_at_20_std": 0.719256,
                "nauc_mrr_at_20_diff1": 0.866097,
                "nauc_mrr_at_100_max": 0.768647,
                "nauc_mrr_at_100_std": 0.719256,
                "nauc_mrr_at_100_diff1": 0.866097,
                "nauc_mrr_at_1000_max": 0.768647,
                "nauc_mrr_at_1000_std": 0.719256,
                "nauc_mrr_at_1000_diff1": 0.866097,
                "cv_recall_at_1": 0.88216,
                "cv_recall_at_3": 0.98503,
                "cv_recall_at_5": 1.0,
                "cv_recall_at_10": 1.0,
                "cv_recall_at_20": 1.0,
                "cv_recall_at_100": 1.0,
                "cv_recall_at_1000": 1.0,
                "main_score": 0.93298,
                "hf_subset": "default",
                "languages": [
                    "slk-Latn"
                ]
            }
        ]
    },
    "evaluation_time": 123.76694679260254,
    "kg_co2_emissions": null
}
