{
    "dataset_revision": "85d6b32f2762313714618171b9d1a65eb7408835",
    "task_name": "SlovakSumRetrieval",
    "mteb_version": "1.39.7",
    "scores": {
        "test": [
            {
                "ndcg_at_1": 0.885,
                "ndcg_at_3": 0.91923,
                "ndcg_at_5": 0.92668,
                "ndcg_at_10": 0.92955,
                "ndcg_at_20": 0.93295,
                "ndcg_at_100": 0.93523,
                "ndcg_at_1000": 0.93605,
                "map_at_1": 0.885,
                "map_at_3": 0.91139,
                "map_at_5": 0.91547,
                "map_at_10": 0.91675,
                "map_at_20": 0.91771,
                "map_at_100": 0.91805,
                "map_at_1000": 0.91808,
                "recall_at_1": 0.885,
                "recall_at_3": 0.94167,
                "recall_at_5": 0.96,
                "recall_at_10": 0.96833,
                "recall_at_20": 0.98167,
                "recall_at_100": 0.99333,
                "recall_at_1000": 1.0,
                "accuracy": 0.885,
                "precision_at_1": 0.885,
                "precision_at_3": 0.31389,
                "precision_at_5": 0.192,
                "precision_at_10": 0.09683,
                "precision_at_20": 0.04908,
                "precision_at_100": 0.00993,
                "precision_at_1000": 0.001,
                "mrr_at_1": 0.885,
                "mrr_at_3": 0.911389,
                "mrr_at_5": 0.915472,
                "mrr_at_10": 0.916752,
                "mrr_at_20": 0.917706,
                "mrr_at_100": 0.918054,
                "mrr_at_1000": 0.91808,
                "nauc_ndcg_at_1_max": 0.86596,
                "nauc_ndcg_at_1_std": 0.314177,
                "nauc_ndcg_at_1_diff1": 0.940665,
                "nauc_ndcg_at_3_max": 0.909538,
                "nauc_ndcg_at_3_std": 0.460976,
                "nauc_ndcg_at_3_diff1": 0.941883,
                "nauc_ndcg_at_5_max": 0.901538,
                "nauc_ndcg_at_5_std": 0.436024,
                "nauc_ndcg_at_5_diff1": 0.940951,
                "nauc_ndcg_at_10_max": 0.898482,
                "nauc_ndcg_at_10_std": 0.446113,
                "nauc_ndcg_at_10_diff1": 0.94292,
                "nauc_ndcg_at_20_max": 0.896877,
                "nauc_ndcg_at_20_std": 0.454295,
                "nauc_ndcg_at_20_diff1": 0.943289,
                "nauc_ndcg_at_100_max": 0.893858,
                "nauc_ndcg_at_100_std": 0.436836,
                "nauc_ndcg_at_100_diff1": 0.942551,
                "nauc_ndcg_at_1000_max": 0.893693,
                "nauc_ndcg_at_1000_std": 0.429531,
                "nauc_ndcg_at_1000_diff1": 0.941806,
                "nauc_map_at_1_max": 0.86596,
                "nauc_map_at_1_std": 0.314177,
                "nauc_map_at_1_diff1": 0.940665,
                "nauc_map_at_3_max": 0.897218,
                "nauc_map_at_3_std": 0.422565,
                "nauc_map_at_3_diff1": 0.940754,
                "nauc_map_at_5_max": 0.892846,
                "nauc_map_at_5_std": 0.408801,
                "nauc_map_at_5_diff1": 0.940335,
                "nauc_map_at_10_max": 0.89151,
                "nauc_map_at_10_std": 0.412272,
                "nauc_map_at_10_diff1": 0.941054,
                "nauc_map_at_20_max": 0.891125,
                "nauc_map_at_20_std": 0.414349,
                "nauc_map_at_20_diff1": 0.941092,
                "nauc_map_at_100_max": 0.890726,
                "nauc_map_at_100_std": 0.412007,
                "nauc_map_at_100_diff1": 0.940974,
                "nauc_map_at_1000_max": 0.890713,
                "nauc_map_at_1000_std": 0.411817,
                "nauc_map_at_1000_diff1": 0.940955,
                "nauc_recall_at_1_max": 0.86596,
                "nauc_recall_at_1_std": 0.314177,
                "nauc_recall_at_1_diff1": 0.940665,
                "nauc_recall_at_3_max": 0.962185,
                "nauc_recall_at_3_std": 0.622996,
                "nauc_recall_at_3_diff1": 0.947246,
                "nauc_recall_at_5_max": 0.9503,
                "nauc_recall_at_5_std": 0.586057,
                "nauc_recall_at_5_diff1": 0.944853,
                "nauc_recall_at_10_max": 0.9441,
                "nauc_recall_at_10_std": 0.689248,
                "nauc_recall_at_10_diff1": 0.95872,
                "nauc_recall_at_20_max": 0.952466,
                "nauc_recall_at_20_std": 0.962864,
                "nauc_recall_at_20_diff1": 0.976233,
                "nauc_recall_at_100_max": 0.901961,
                "nauc_recall_at_100_std": 1.0,
                "nauc_recall_at_100_diff1": 1.0,
                "nauc_recall_at_1000_max": NaN,
                "nauc_recall_at_1000_std": NaN,
                "nauc_recall_at_1000_diff1": NaN,
                "nauc_precision_at_1_max": 0.86596,
                "nauc_precision_at_1_std": 0.314177,
                "nauc_precision_at_1_diff1": 0.940665,
                "nauc_precision_at_3_max": 0.962185,
                "nauc_precision_at_3_std": 0.622996,
                "nauc_precision_at_3_diff1": 0.947246,
                "nauc_precision_at_5_max": 0.9503,
                "nauc_precision_at_5_std": 0.586057,
                "nauc_precision_at_5_diff1": 0.944853,
                "nauc_precision_at_10_max": 0.9441,
                "nauc_precision_at_10_std": 0.689248,
                "nauc_precision_at_10_diff1": 0.95872,
                "nauc_precision_at_20_max": 0.952466,
                "nauc_precision_at_20_std": 0.962864,
                "nauc_precision_at_20_diff1": 0.976233,
                "nauc_precision_at_100_max": 0.901961,
                "nauc_precision_at_100_std": 1.0,
                "nauc_precision_at_100_diff1": 1.0,
                "nauc_precision_at_1000_max": 1.0,
                "nauc_precision_at_1000_std": 1.0,
                "nauc_precision_at_1000_diff1": 1.0,
                "nauc_mrr_at_1_max": 0.86596,
                "nauc_mrr_at_1_std": 0.314177,
                "nauc_mrr_at_1_diff1": 0.940665,
                "nauc_mrr_at_3_max": 0.897218,
                "nauc_mrr_at_3_std": 0.422565,
                "nauc_mrr_at_3_diff1": 0.940754,
                "nauc_mrr_at_5_max": 0.892846,
                "nauc_mrr_at_5_std": 0.408801,
                "nauc_mrr_at_5_diff1": 0.940335,
                "nauc_mrr_at_10_max": 0.89151,
                "nauc_mrr_at_10_std": 0.412272,
                "nauc_mrr_at_10_diff1": 0.941054,
                "nauc_mrr_at_20_max": 0.891125,
                "nauc_mrr_at_20_std": 0.414349,
                "nauc_mrr_at_20_diff1": 0.941092,
                "nauc_mrr_at_100_max": 0.890726,
                "nauc_mrr_at_100_std": 0.412007,
                "nauc_mrr_at_100_diff1": 0.940974,
                "nauc_mrr_at_1000_max": 0.890713,
                "nauc_mrr_at_1000_std": 0.411817,
                "nauc_mrr_at_1000_diff1": 0.940955,
                "cv_recall_at_1": 0.885,
                "cv_recall_at_3": 0.94167,
                "cv_recall_at_5": 0.96,
                "cv_recall_at_10": 0.96833,
                "cv_recall_at_20": 0.98167,
                "cv_recall_at_100": 0.99333,
                "cv_recall_at_1000": 1.0,
                "main_score": 0.92955,
                "hf_subset": "default",
                "languages": [
                    "slk-Latn"
                ]
            }
        ]
    },
    "evaluation_time": 5.616073846817017,
    "kg_co2_emissions": null
}
