{
    "dataset_revision": "6448ea012b1b7caa3d55cb747b58cda1d7edc714",
    "task_name": "SlovakPharmacyDrMaxReranking",
    "mteb_version": "1.39.7",
    "scores": {
        "test": [
            {
                "ndcg_at_1": 0.87917,
                "ndcg_at_3": 0.94268,
                "ndcg_at_5": 0.94898,
                "ndcg_at_10": 0.94898,
                "ndcg_at_20": 0.94898,
                "ndcg_at_100": 0.94898,
                "ndcg_at_1000": 0.94898,
                "map_at_1": 0.87917,
                "map_at_3": 0.92793,
                "map_at_5": 0.9315,
                "map_at_10": 0.9315,
                "map_at_20": 0.9315,
                "map_at_100": 0.9315,
                "map_at_1000": 0.9315,
                "recall_at_1": 0.87917,
                "recall_at_3": 0.98503,
                "recall_at_5": 1.0,
                "recall_at_10": 1.0,
                "recall_at_20": 1.0,
                "recall_at_100": 1.0,
                "recall_at_1000": 1.0,
                "accuracy": 0.87917,
                "precision_at_1": 0.87917,
                "precision_at_3": 0.32834,
                "precision_at_5": 0.2,
                "precision_at_10": 0.1,
                "precision_at_20": 0.05,
                "precision_at_100": 0.01,
                "precision_at_1000": 0.001,
                "mrr_at_1": 0.87917,
                "mrr_at_3": 0.92793,
                "mrr_at_5": 0.931501,
                "mrr_at_10": 0.931501,
                "mrr_at_20": 0.931501,
                "mrr_at_100": 0.931501,
                "mrr_at_1000": 0.931501,
                "nauc_ndcg_at_1_max": 0.764533,
                "nauc_ndcg_at_1_std": 0.692116,
                "nauc_ndcg_at_1_diff1": 0.872442,
                "nauc_ndcg_at_3_max": 0.782857,
                "nauc_ndcg_at_3_std": 0.72351,
                "nauc_ndcg_at_3_diff1": 0.863183,
                "nauc_ndcg_at_5_max": 0.773142,
                "nauc_ndcg_at_5_std": 0.708875,
                "nauc_ndcg_at_5_diff1": 0.867174,
                "nauc_ndcg_at_10_max": 0.773142,
                "nauc_ndcg_at_10_std": 0.708875,
                "nauc_ndcg_at_10_diff1": 0.867174,
                "nauc_ndcg_at_20_max": 0.773142,
                "nauc_ndcg_at_20_std": 0.708875,
                "nauc_ndcg_at_20_diff1": 0.867174,
                "nauc_ndcg_at_100_max": 0.773142,
                "nauc_ndcg_at_100_std": 0.708875,
                "nauc_ndcg_at_100_diff1": 0.867174,
                "nauc_ndcg_at_1000_max": 0.773142,
                "nauc_ndcg_at_1000_std": 0.708875,
                "nauc_ndcg_at_1000_diff1": 0.867174,
                "nauc_map_at_1_max": 0.764533,
                "nauc_map_at_1_std": 0.692116,
                "nauc_map_at_1_diff1": 0.872442,
                "nauc_map_at_3_max": 0.77704,
                "nauc_map_at_3_std": 0.714375,
                "nauc_map_at_3_diff1": 0.865616,
                "nauc_map_at_5_max": 0.772576,
                "nauc_map_at_5_std": 0.707783,
                "nauc_map_at_5_diff1": 0.867488,
                "nauc_map_at_10_max": 0.772576,
                "nauc_map_at_10_std": 0.707783,
                "nauc_map_at_10_diff1": 0.867488,
                "nauc_map_at_20_max": 0.772576,
                "nauc_map_at_20_std": 0.707783,
                "nauc_map_at_20_diff1": 0.867488,
                "nauc_map_at_100_max": 0.772576,
                "nauc_map_at_100_std": 0.707783,
                "nauc_map_at_100_diff1": 0.867488,
                "nauc_map_at_1000_max": 0.772576,
                "nauc_map_at_1000_std": 0.707783,
                "nauc_map_at_1000_diff1": 0.867488,
                "nauc_recall_at_1_max": 0.764533,
                "nauc_recall_at_1_std": 0.692116,
                "nauc_recall_at_1_diff1": 0.872442,
                "nauc_recall_at_3_max": 0.859107,
                "nauc_recall_at_3_std": 0.841185,
                "nauc_recall_at_3_diff1": 0.832548,
                "nauc_recall_at_5_max": NaN,
                "nauc_recall_at_5_std": NaN,
                "nauc_recall_at_5_diff1": NaN,
                "nauc_recall_at_10_max": NaN,
                "nauc_recall_at_10_std": NaN,
                "nauc_recall_at_10_diff1": NaN,
                "nauc_recall_at_20_max": NaN,
                "nauc_recall_at_20_std": NaN,
                "nauc_recall_at_20_diff1": NaN,
                "nauc_recall_at_100_max": NaN,
                "nauc_recall_at_100_std": NaN,
                "nauc_recall_at_100_diff1": NaN,
                "nauc_recall_at_1000_max": NaN,
                "nauc_recall_at_1000_std": NaN,
                "nauc_recall_at_1000_diff1": NaN,
                "nauc_precision_at_1_max": 0.764533,
                "nauc_precision_at_1_std": 0.692116,
                "nauc_precision_at_1_diff1": 0.872442,
                "nauc_precision_at_3_max": 0.859107,
                "nauc_precision_at_3_std": 0.841185,
                "nauc_precision_at_3_diff1": 0.832548,
                "nauc_precision_at_5_max": 1.0,
                "nauc_precision_at_5_std": 1.0,
                "nauc_precision_at_5_diff1": 1.0,
                "nauc_precision_at_10_max": 1.0,
                "nauc_precision_at_10_std": 1.0,
                "nauc_precision_at_10_diff1": 1.0,
                "nauc_precision_at_20_max": 1.0,
                "nauc_precision_at_20_std": 1.0,
                "nauc_precision_at_20_diff1": 1.0,
                "nauc_precision_at_100_max": 1.0,
                "nauc_precision_at_100_std": 1.0,
                "nauc_precision_at_100_diff1": 1.0,
                "nauc_precision_at_1000_max": 1.0,
                "nauc_precision_at_1000_std": 1.0,
                "nauc_precision_at_1000_diff1": 1.0,
                "nauc_mrr_at_1_max": 0.764533,
                "nauc_mrr_at_1_std": 0.692116,
                "nauc_mrr_at_1_diff1": 0.872442,
                "nauc_mrr_at_3_max": 0.77704,
                "nauc_mrr_at_3_std": 0.714375,
                "nauc_mrr_at_3_diff1": 0.865616,
                "nauc_mrr_at_5_max": 0.772576,
                "nauc_mrr_at_5_std": 0.707783,
                "nauc_mrr_at_5_diff1": 0.867488,
                "nauc_mrr_at_10_max": 0.772576,
                "nauc_mrr_at_10_std": 0.707783,
                "nauc_mrr_at_10_diff1": 0.867488,
                "nauc_mrr_at_20_max": 0.772576,
                "nauc_mrr_at_20_std": 0.707783,
                "nauc_mrr_at_20_diff1": 0.867488,
                "nauc_mrr_at_100_max": 0.772576,
                "nauc_mrr_at_100_std": 0.707783,
                "nauc_mrr_at_100_diff1": 0.867488,
                "nauc_mrr_at_1000_max": 0.772576,
                "nauc_mrr_at_1000_std": 0.707783,
                "nauc_mrr_at_1000_diff1": 0.867488,
                "cv_recall_at_1": 0.87917,
                "cv_recall_at_3": 0.98503,
                "cv_recall_at_5": 1.0,
                "cv_recall_at_10": 1.0,
                "cv_recall_at_20": 1.0,
                "cv_recall_at_100": 1.0,
                "cv_recall_at_1000": 1.0,
                "main_score": 0.9315,
                "hf_subset": "default",
                "languages": [
                    "slk-Latn"
                ]
            }
        ]
    },
    "evaluation_time": 124.54712963104248,
    "kg_co2_emissions": null
}
