{
    "dataset_revision": "79914f425b59d8b9fabb6d38c37f6d81f9723f46",
    "task_name": "SlovakNLI",
    "mteb_version": "1.39.7",
    "scores": {
        "test": [
            {
                "similarity_accuracy": 0.740838,
                "similarity_accuracy_threshold": 0.747074,
                "similarity_f1": 0.767241,
                "similarity_f1_threshold": 0.688338,
                "similarity_precision": 0.684615,
                "similarity_recall": 0.872549,
                "similarity_ap": 0.799186,
                "cosine_accuracy": 0.740838,
                "cosine_accuracy_threshold": 0.747074,
                "cosine_f1": 0.767241,
                "cosine_f1_threshold": 0.688338,
                "cosine_precision": 0.684615,
                "cosine_recall": 0.872549,
                "cosine_ap": 0.799186,
                "manhattan_accuracy": 0.743455,
                "manhattan_accuracy_threshold": 18.930771,
                "manhattan_f1": 0.772926,
                "manhattan_f1_threshold": 19.963518,
                "manhattan_precision": 0.69685,
                "manhattan_recall": 0.867647,
                "manhattan_ap": 0.798546,
                "euclidean_accuracy": 0.740838,
                "euclidean_accuracy_threshold": 0.711233,
                "euclidean_f1": 0.767241,
                "euclidean_f1_threshold": 0.789508,
                "euclidean_precision": 0.684615,
                "euclidean_recall": 0.872549,
                "euclidean_ap": 0.799186,
                "dot_accuracy": 0.740838,
                "dot_accuracy_threshold": 0.747074,
                "dot_f1": 0.767241,
                "dot_f1_threshold": 0.688338,
                "dot_precision": 0.684615,
                "dot_recall": 0.872549,
                "dot_ap": 0.799186,
                "max_accuracy": 0.743455,
                "max_f1": 0.772926,
                "max_precision": 0.69685,
                "max_recall": 0.872549,
                "max_ap": 0.799186,
                "main_score": 0.799186,
                "hf_subset": "default",
                "languages": [
                    "slk-Latn"
                ]
            }
        ]
    },
    "evaluation_time": 1.300703525543213,
    "kg_co2_emissions": null
}
