{
    "dataset_revision": "c3262adb1c32ac0c3ea8de6393a44366edaa62e1",
    "task_name": "WebFAQRetrieval",
    "mteb_version": "1.39.7",
    "scores": {
        "test": [
            {
                "ndcg_at_1": 0.75769,
                "ndcg_at_3": 0.83169,
                "ndcg_at_5": 0.84486,
                "ndcg_at_10": 0.85439,
                "ndcg_at_20": 0.86051,
                "ndcg_at_100": 0.8654,
                "ndcg_at_1000": 0.86631,
                "map_at_1": 0.75769,
                "map_at_3": 0.8142,
                "map_at_5": 0.82157,
                "map_at_10": 0.82556,
                "map_at_20": 0.82725,
                "map_at_100": 0.82797,
                "map_at_1000": 0.82801,
                "recall_at_1": 0.75769,
                "recall_at_3": 0.88202,
                "recall_at_5": 0.91373,
                "recall_at_10": 0.94291,
                "recall_at_20": 0.96702,
                "recall_at_100": 0.99271,
                "recall_at_1000": 0.99968,
                "precision_at_1": 0.75769,
                "precision_at_3": 0.29401,
                "precision_at_5": 0.18275,
                "precision_at_10": 0.09429,
                "precision_at_20": 0.04835,
                "precision_at_100": 0.00993,
                "precision_at_1000": 0.001,
                "mrr_at_1": 0.757374,
                "mrr_at_3": 0.81441,
                "mrr_at_5": 0.821942,
                "mrr_at_10": 0.825996,
                "mrr_at_20": 0.827594,
                "mrr_at_100": 0.828307,
                "mrr_at_1000": 0.828344,
                "nauc_ndcg_at_1_max": 0.440874,
                "nauc_ndcg_at_1_std": -0.155685,
                "nauc_ndcg_at_1_diff1": 0.849667,
                "nauc_ndcg_at_3_max": 0.449908,
                "nauc_ndcg_at_3_std": -0.207112,
                "nauc_ndcg_at_3_diff1": 0.826109,
                "nauc_ndcg_at_5_max": 0.441672,
                "nauc_ndcg_at_5_std": -0.220869,
                "nauc_ndcg_at_5_diff1": 0.826517,
                "nauc_ndcg_at_10_max": 0.439519,
                "nauc_ndcg_at_10_std": -0.22566,
                "nauc_ndcg_at_10_diff1": 0.831033,
                "nauc_ndcg_at_20_max": 0.434878,
                "nauc_ndcg_at_20_std": -0.219317,
                "nauc_ndcg_at_20_diff1": 0.833265,
                "nauc_ndcg_at_100_max": 0.438276,
                "nauc_ndcg_at_100_std": -0.206294,
                "nauc_ndcg_at_100_diff1": 0.833505,
                "nauc_ndcg_at_1000_max": 0.440228,
                "nauc_ndcg_at_1000_std": -0.205222,
                "nauc_ndcg_at_1000_diff1": 0.83397,
                "nauc_map_at_1_max": 0.440874,
                "nauc_map_at_1_std": -0.155685,
                "nauc_map_at_1_diff1": 0.849667,
                "nauc_map_at_3_max": 0.448292,
                "nauc_map_at_3_std": -0.191933,
                "nauc_map_at_3_diff1": 0.833263,
                "nauc_map_at_5_max": 0.444028,
                "nauc_map_at_5_std": -0.198181,
                "nauc_map_at_5_diff1": 0.833667,
                "nauc_map_at_10_max": 0.443124,
                "nauc_map_at_10_std": -0.199481,
                "nauc_map_at_10_diff1": 0.835402,
                "nauc_map_at_20_max": 0.442076,
                "nauc_map_at_20_std": -0.197615,
                "nauc_map_at_20_diff1": 0.835945,
                "nauc_map_at_100_max": 0.442455,
                "nauc_map_at_100_std": -0.196249,
                "nauc_map_at_100_diff1": 0.836014,
                "nauc_map_at_1000_max": 0.442504,
                "nauc_map_at_1000_std": -0.19623,
                "nauc_map_at_1000_diff1": 0.836024,
                "nauc_recall_at_1_max": 0.440874,
                "nauc_recall_at_1_std": -0.155685,
                "nauc_recall_at_1_diff1": 0.849667,
                "nauc_recall_at_3_max": 0.45612,
                "nauc_recall_at_3_std": -0.271739,
                "nauc_recall_at_3_diff1": 0.795523,
                "nauc_recall_at_5_max": 0.426039,
                "nauc_recall_at_5_std": -0.348607,
                "nauc_recall_at_5_diff1": 0.787486,
                "nauc_recall_at_10_max": 0.405308,
                "nauc_recall_at_10_std": -0.446186,
                "nauc_recall_at_10_diff1": 0.800769,
                "nauc_recall_at_20_max": 0.310205,
                "nauc_recall_at_20_std": -0.515126,
                "nauc_recall_at_20_diff1": 0.813314,
                "nauc_recall_at_100_max": 0.196304,
                "nauc_recall_at_100_std": -0.31107,
                "nauc_recall_at_100_diff1": 0.756827,
                "nauc_recall_at_1000_max": 1.0,
                "nauc_recall_at_1000_std": 1.0,
                "nauc_recall_at_1000_diff1": 0.554138,
                "nauc_precision_at_1_max": 0.440874,
                "nauc_precision_at_1_std": -0.155685,
                "nauc_precision_at_1_diff1": 0.849667,
                "nauc_precision_at_3_max": 0.45612,
                "nauc_precision_at_3_std": -0.271739,
                "nauc_precision_at_3_diff1": 0.795523,
                "nauc_precision_at_5_max": 0.426039,
                "nauc_precision_at_5_std": -0.348607,
                "nauc_precision_at_5_diff1": 0.787486,
                "nauc_precision_at_10_max": 0.405308,
                "nauc_precision_at_10_std": -0.446186,
                "nauc_precision_at_10_diff1": 0.800769,
                "nauc_precision_at_20_max": 0.310205,
                "nauc_precision_at_20_std": -0.515126,
                "nauc_precision_at_20_diff1": 0.813314,
                "nauc_precision_at_100_max": 0.196304,
                "nauc_precision_at_100_std": -0.31107,
                "nauc_precision_at_100_diff1": 0.756827,
                "nauc_precision_at_1000_max": 1.0,
                "nauc_precision_at_1000_std": 1.0,
                "nauc_precision_at_1000_diff1": 0.554138,
                "nauc_mrr_at_1_max": 0.446998,
                "nauc_mrr_at_1_std": -0.160041,
                "nauc_mrr_at_1_diff1": 0.85023,
                "nauc_mrr_at_3_max": 0.450691,
                "nauc_mrr_at_3_std": -0.193071,
                "nauc_mrr_at_3_diff1": 0.833037,
                "nauc_mrr_at_5_max": 0.446773,
                "nauc_mrr_at_5_std": -0.199668,
                "nauc_mrr_at_5_diff1": 0.833458,
                "nauc_mrr_at_10_max": 0.446202,
                "nauc_mrr_at_10_std": -0.200362,
                "nauc_mrr_at_10_diff1": 0.835151,
                "nauc_mrr_at_20_max": 0.445431,
                "nauc_mrr_at_20_std": -0.198552,
                "nauc_mrr_at_20_diff1": 0.835745,
                "nauc_mrr_at_100_max": 0.445795,
                "nauc_mrr_at_100_std": -0.197234,
                "nauc_mrr_at_100_diff1": 0.835784,
                "nauc_mrr_at_1000_max": 0.445845,
                "nauc_mrr_at_1000_std": -0.197215,
                "nauc_mrr_at_1000_diff1": 0.835795,
                "main_score": 0.85439,
                "hf_subset": "slk",
                "languages": [
                    "slk-Latn"
                ]
            }
        ]
    },
    "evaluation_time": 121.99765586853027,
    "kg_co2_emissions": null
}
