{
    "dataset_revision": "09f81f51dd5b8497da16d02c69c98d5cb5993ef2",
    "task_name": "SKQuadRetrieval",
    "mteb_version": "1.39.7",
    "scores": {
        "test": [
            {
                "ndcg_at_1": 0.51993,
                "ndcg_at_3": 0.59696,
                "ndcg_at_5": 0.62967,
                "ndcg_at_10": 0.65387,
                "ndcg_at_20": 0.67488,
                "ndcg_at_100": 0.69675,
                "ndcg_at_1000": 0.70273,
                "map_at_1": 0.34833,
                "map_at_3": 0.47947,
                "map_at_5": 0.50497,
                "map_at_10": 0.52213,
                "map_at_20": 0.53374,
                "map_at_100": 0.54066,
                "map_at_1000": 0.54118,
                "recall_at_1": 0.34833,
                "recall_at_3": 0.60816,
                "recall_at_5": 0.6873,
                "recall_at_10": 0.7569,
                "recall_at_20": 0.83281,
                "recall_at_100": 0.94631,
                "recall_at_1000": 0.99108,
                "accuracy": 0.34833,
                "precision_at_1": 0.53175,
                "precision_at_3": 0.31599,
                "precision_at_5": 0.22028,
                "precision_at_10": 0.12646,
                "precision_at_20": 0.07293,
                "precision_at_100": 0.01729,
                "precision_at_1000": 0.00183,
                "mrr_at_1": 0.531746,
                "mrr_at_3": 0.684597,
                "mrr_at_5": 0.700823,
                "mrr_at_10": 0.705047,
                "mrr_at_20": 0.706009,
                "mrr_at_100": 0.706454,
                "mrr_at_1000": 0.706471,
                "nauc_ndcg_at_1_max": 0.052986,
                "nauc_ndcg_at_1_std": -0.059231,
                "nauc_ndcg_at_1_diff1": 0.234315,
                "nauc_ndcg_at_3_max": 0.068525,
                "nauc_ndcg_at_3_std": -0.161798,
                "nauc_ndcg_at_3_diff1": 0.157892,
                "nauc_ndcg_at_5_max": 0.051973,
                "nauc_ndcg_at_5_std": -0.144831,
                "nauc_ndcg_at_5_diff1": 0.17318,
                "nauc_ndcg_at_10_max": 0.062944,
                "nauc_ndcg_at_10_std": -0.120142,
                "nauc_ndcg_at_10_diff1": 0.173599,
                "nauc_ndcg_at_20_max": 0.078747,
                "nauc_ndcg_at_20_std": -0.095161,
                "nauc_ndcg_at_20_diff1": 0.182795,
                "nauc_ndcg_at_100_max": 0.082969,
                "nauc_ndcg_at_100_std": -0.077949,
                "nauc_ndcg_at_100_diff1": 0.187889,
                "nauc_ndcg_at_1000_max": 0.084473,
                "nauc_ndcg_at_1000_std": -0.089525,
                "nauc_ndcg_at_1000_diff1": 0.18717,
                "nauc_map_at_1_max": -0.01331,
                "nauc_map_at_1_std": -0.107805,
                "nauc_map_at_1_diff1": 0.25613,
                "nauc_map_at_3_max": 0.000526,
                "nauc_map_at_3_std": -0.168679,
                "nauc_map_at_3_diff1": 0.184807,
                "nauc_map_at_5_max": -0.005379,
                "nauc_map_at_5_std": -0.163524,
                "nauc_map_at_5_diff1": 0.190819,
                "nauc_map_at_10_max": 0.008111,
                "nauc_map_at_10_std": -0.150561,
                "nauc_map_at_10_diff1": 0.190237,
                "nauc_map_at_20_max": 0.017301,
                "nauc_map_at_20_std": -0.139858,
                "nauc_map_at_20_diff1": 0.190035,
                "nauc_map_at_100_max": 0.020104,
                "nauc_map_at_100_std": -0.133008,
                "nauc_map_at_100_diff1": 0.191158,
                "nauc_map_at_1000_max": 0.02036,
                "nauc_map_at_1000_std": -0.133562,
                "nauc_map_at_1000_diff1": 0.191141,
                "nauc_recall_at_1_max": -0.01331,
                "nauc_recall_at_1_std": -0.107805,
                "nauc_recall_at_1_diff1": 0.25613,
                "nauc_recall_at_3_max": 0.006437,
                "nauc_recall_at_3_std": -0.207238,
                "nauc_recall_at_3_diff1": 0.091631,
                "nauc_recall_at_5_max": -0.041515,
                "nauc_recall_at_5_std": -0.167519,
                "nauc_recall_at_5_diff1": 0.096032,
                "nauc_recall_at_10_max": -0.017076,
                "nauc_recall_at_10_std": -0.107095,
                "nauc_recall_at_10_diff1": 0.083118,
                "nauc_recall_at_20_max": 0.036562,
                "nauc_recall_at_20_std": 0.00692,
                "nauc_recall_at_20_diff1": 0.092061,
                "nauc_recall_at_100_max": 0.067809,
                "nauc_recall_at_100_std": 0.404395,
                "nauc_recall_at_100_diff1": 0.139954,
                "nauc_recall_at_1000_max": 0.364186,
                "nauc_recall_at_1000_std": 0.648728,
                "nauc_recall_at_1000_diff1": 0.166455,
                "nauc_precision_at_1_max": 0.055157,
                "nauc_precision_at_1_std": -0.048937,
                "nauc_precision_at_1_diff1": 0.22521,
                "nauc_precision_at_3_max": 0.240745,
                "nauc_precision_at_3_std": -0.092383,
                "nauc_precision_at_3_diff1": -0.0699,
                "nauc_precision_at_5_max": 0.194196,
                "nauc_precision_at_5_std": 0.007034,
                "nauc_precision_at_5_diff1": -0.087035,
                "nauc_precision_at_10_max": 0.22155,
                "nauc_precision_at_10_std": 0.110137,
                "nauc_precision_at_10_diff1": -0.094685,
                "nauc_precision_at_20_max": 0.229205,
                "nauc_precision_at_20_std": 0.181636,
                "nauc_precision_at_20_diff1": -0.093737,
                "nauc_precision_at_100_max": 0.21383,
                "nauc_precision_at_100_std": 0.250414,
                "nauc_precision_at_100_diff1": -0.101448,
                "nauc_precision_at_1000_max": 0.210272,
                "nauc_precision_at_1000_std": 0.204163,
                "nauc_precision_at_1000_diff1": -0.116771,
                "nauc_mrr_at_1_max": 0.055157,
                "nauc_mrr_at_1_std": -0.048937,
                "nauc_mrr_at_1_diff1": 0.22521,
                "nauc_mrr_at_3_max": 0.145401,
                "nauc_mrr_at_3_std": -0.091221,
                "nauc_mrr_at_3_diff1": 0.17782,
                "nauc_mrr_at_5_max": 0.136953,
                "nauc_mrr_at_5_std": -0.072541,
                "nauc_mrr_at_5_diff1": 0.182382,
                "nauc_mrr_at_10_max": 0.133242,
                "nauc_mrr_at_10_std": -0.06661,
                "nauc_mrr_at_10_diff1": 0.182102,
                "nauc_mrr_at_20_max": 0.132672,
                "nauc_mrr_at_20_std": -0.064996,
                "nauc_mrr_at_20_diff1": 0.185606,
                "nauc_mrr_at_100_max": 0.130974,
                "nauc_mrr_at_100_std": -0.066773,
                "nauc_mrr_at_100_diff1": 0.185861,
                "nauc_mrr_at_1000_max": 0.130908,
                "nauc_mrr_at_1000_std": -0.066854,
                "nauc_mrr_at_1000_diff1": 0.185862,
                "cv_recall_at_1": 0.53175,
                "cv_recall_at_3": 0.86508,
                "cv_recall_at_5": 0.93563,
                "cv_recall_at_10": 0.96649,
                "cv_recall_at_20": 0.97972,
                "cv_recall_at_100": 0.99471,
                "cv_recall_at_1000": 0.99824,
                "main_score": 0.65387,
                "hf_subset": "default",
                "languages": [
                    "slk-Latn"
                ]
            }
        ]
    },
    "evaluation_time": 46.388142824172974,
    "kg_co2_emissions": null
}
