{
    "dataset_revision": "faf73c5217c37e8a9ba297b8e29b25d1ccdeccae",
    "task_name": "SlovakPharmacyDrMaxReranking",
    "mteb_version": "1.39.7",
    "scores": {
        "test": [
            {
                "ndcg_at_1": 0.88537,
                "ndcg_at_3": 0.94424,
                "ndcg_at_5": 0.95086,
                "ndcg_at_10": 0.95086,
                "ndcg_at_20": 0.95086,
                "ndcg_at_100": 0.95086,
                "ndcg_at_1000": 0.95086,
                "map_at_1": 0.88537,
                "map_at_3": 0.93035,
                "map_at_5": 0.93409,
                "map_at_10": 0.93409,
                "map_at_20": 0.93409,
                "map_at_100": 0.93409,
                "map_at_1000": 0.93409,
                "recall_at_1": 0.88537,
                "recall_at_3": 0.98417,
                "recall_at_5": 1.0,
                "recall_at_10": 1.0,
                "recall_at_20": 1.0,
                "recall_at_100": 1.0,
                "recall_at_1000": 1.0,
                "accuracy": 0.88537,
                "precision_at_1": 0.88537,
                "precision_at_3": 0.32806,
                "precision_at_5": 0.2,
                "precision_at_10": 0.1,
                "precision_at_20": 0.05,
                "precision_at_100": 0.01,
                "precision_at_1000": 0.001,
                "mrr_at_1": 0.885372,
                "mrr_at_3": 0.930354,
                "mrr_at_5": 0.934085,
                "mrr_at_10": 0.934085,
                "mrr_at_20": 0.934085,
                "mrr_at_100": 0.934085,
                "mrr_at_1000": 0.934085,
                "nauc_ndcg_at_1_max": 0.779245,
                "nauc_ndcg_at_1_std": 0.743085,
                "nauc_ndcg_at_1_diff1": 0.8811,
                "nauc_ndcg_at_3_max": 0.798776,
                "nauc_ndcg_at_3_std": 0.774645,
                "nauc_ndcg_at_3_diff1": 0.875871,
                "nauc_ndcg_at_5_max": 0.789422,
                "nauc_ndcg_at_5_std": 0.759211,
                "nauc_ndcg_at_5_diff1": 0.877659,
                "nauc_ndcg_at_10_max": 0.789422,
                "nauc_ndcg_at_10_std": 0.759211,
                "nauc_ndcg_at_10_diff1": 0.877659,
                "nauc_ndcg_at_20_max": 0.789422,
                "nauc_ndcg_at_20_std": 0.759211,
                "nauc_ndcg_at_20_diff1": 0.877659,
                "nauc_ndcg_at_100_max": 0.789422,
                "nauc_ndcg_at_100_std": 0.759211,
                "nauc_ndcg_at_100_diff1": 0.877659,
                "nauc_ndcg_at_1000_max": 0.789422,
                "nauc_ndcg_at_1000_std": 0.759211,
                "nauc_ndcg_at_1000_diff1": 0.877659,
                "nauc_map_at_1_max": 0.779245,
                "nauc_map_at_1_std": 0.743085,
                "nauc_map_at_1_diff1": 0.8811,
                "nauc_map_at_3_max": 0.793048,
                "nauc_map_at_3_std": 0.765165,
                "nauc_map_at_3_diff1": 0.877101,
                "nauc_map_at_5_max": 0.788769,
                "nauc_map_at_5_std": 0.758155,
                "nauc_map_at_5_diff1": 0.877876,
                "nauc_map_at_10_max": 0.788769,
                "nauc_map_at_10_std": 0.758155,
                "nauc_map_at_10_diff1": 0.877876,
                "nauc_map_at_20_max": 0.788769,
                "nauc_map_at_20_std": 0.758155,
                "nauc_map_at_20_diff1": 0.877876,
                "nauc_map_at_100_max": 0.788769,
                "nauc_map_at_100_std": 0.758155,
                "nauc_map_at_100_diff1": 0.877876,
                "nauc_map_at_1000_max": 0.788769,
                "nauc_map_at_1000_std": 0.758155,
                "nauc_map_at_1000_diff1": 0.877876,
                "nauc_recall_at_1_max": 0.779245,
                "nauc_recall_at_1_std": 0.743085,
                "nauc_recall_at_1_diff1": 0.8811,
                "nauc_recall_at_3_max": 0.866942,
                "nauc_recall_at_3_std": 0.888002,
                "nauc_recall_at_3_diff1": 0.861963,
                "nauc_recall_at_5_max": NaN,
                "nauc_recall_at_5_std": NaN,
                "nauc_recall_at_5_diff1": NaN,
                "nauc_recall_at_10_max": NaN,
                "nauc_recall_at_10_std": NaN,
                "nauc_recall_at_10_diff1": NaN,
                "nauc_recall_at_20_max": NaN,
                "nauc_recall_at_20_std": NaN,
                "nauc_recall_at_20_diff1": NaN,
                "nauc_recall_at_100_max": NaN,
                "nauc_recall_at_100_std": NaN,
                "nauc_recall_at_100_diff1": NaN,
                "nauc_recall_at_1000_max": NaN,
                "nauc_recall_at_1000_std": NaN,
                "nauc_recall_at_1000_diff1": NaN,
                "nauc_precision_at_1_max": 0.779245,
                "nauc_precision_at_1_std": 0.743085,
                "nauc_precision_at_1_diff1": 0.8811,
                "nauc_precision_at_3_max": 0.866942,
                "nauc_precision_at_3_std": 0.888002,
                "nauc_precision_at_3_diff1": 0.861963,
                "nauc_precision_at_5_max": 1.0,
                "nauc_precision_at_5_std": 1.0,
                "nauc_precision_at_5_diff1": 1.0,
                "nauc_precision_at_10_max": 1.0,
                "nauc_precision_at_10_std": 1.0,
                "nauc_precision_at_10_diff1": 1.0,
                "nauc_precision_at_20_max": 1.0,
                "nauc_precision_at_20_std": 1.0,
                "nauc_precision_at_20_diff1": 1.0,
                "nauc_precision_at_100_max": 1.0,
                "nauc_precision_at_100_std": 1.0,
                "nauc_precision_at_100_diff1": 1.0,
                "nauc_precision_at_1000_max": 1.0,
                "nauc_precision_at_1000_std": 1.0,
                "nauc_precision_at_1000_diff1": 1.0,
                "nauc_mrr_at_1_max": 0.779245,
                "nauc_mrr_at_1_std": 0.743085,
                "nauc_mrr_at_1_diff1": 0.8811,
                "nauc_mrr_at_3_max": 0.793048,
                "nauc_mrr_at_3_std": 0.765165,
                "nauc_mrr_at_3_diff1": 0.877101,
                "nauc_mrr_at_5_max": 0.788769,
                "nauc_mrr_at_5_std": 0.758155,
                "nauc_mrr_at_5_diff1": 0.877876,
                "nauc_mrr_at_10_max": 0.788769,
                "nauc_mrr_at_10_std": 0.758155,
                "nauc_mrr_at_10_diff1": 0.877876,
                "nauc_mrr_at_20_max": 0.788769,
                "nauc_mrr_at_20_std": 0.758155,
                "nauc_mrr_at_20_diff1": 0.877876,
                "nauc_mrr_at_100_max": 0.788769,
                "nauc_mrr_at_100_std": 0.758155,
                "nauc_mrr_at_100_diff1": 0.877876,
                "nauc_mrr_at_1000_max": 0.788769,
                "nauc_mrr_at_1000_std": 0.758155,
                "nauc_mrr_at_1000_diff1": 0.877876,
                "cv_recall_at_1": 0.88537,
                "cv_recall_at_3": 0.98417,
                "cv_recall_at_5": 1.0,
                "cv_recall_at_10": 1.0,
                "cv_recall_at_20": 1.0,
                "cv_recall_at_100": 1.0,
                "cv_recall_at_1000": 1.0,
                "main_score": 0.93409,
                "hf_subset": "default",
                "languages": [
                    "slk-Latn"
                ]
            }
        ]
    },
    "evaluation_time": 122.97221279144287,
    "kg_co2_emissions": null
}
