{
    "dataset_revision": "6448ea012b1b7caa3d55cb747b58cda1d7edc714",
    "task_name": "SlovakPharmacyDrMaxReranking",
    "mteb_version": "1.39.7",
    "scores": {
        "test": [
            {
                "ndcg_at_1": 0.88494,
                "ndcg_at_3": 0.94387,
                "ndcg_at_5": 0.95067,
                "ndcg_at_10": 0.95067,
                "ndcg_at_20": 0.95067,
                "ndcg_at_100": 0.95067,
                "ndcg_at_1000": 0.95067,
                "map_at_1": 0.88494,
                "map_at_3": 0.93,
                "map_at_5": 0.93384,
                "map_at_10": 0.93384,
                "map_at_20": 0.93384,
                "map_at_100": 0.93384,
                "map_at_1000": 0.93384,
                "recall_at_1": 0.88494,
                "recall_at_3": 0.98375,
                "recall_at_5": 1.0,
                "recall_at_10": 1.0,
                "recall_at_20": 1.0,
                "recall_at_100": 1.0,
                "recall_at_1000": 1.0,
                "accuracy": 0.88494,
                "precision_at_1": 0.88494,
                "precision_at_3": 0.32792,
                "precision_at_5": 0.2,
                "precision_at_10": 0.1,
                "precision_at_20": 0.05,
                "precision_at_100": 0.01,
                "precision_at_1000": 0.001,
                "mrr_at_1": 0.884944,
                "mrr_at_3": 0.929997,
                "mrr_at_5": 0.933836,
                "mrr_at_10": 0.933836,
                "mrr_at_20": 0.933836,
                "mrr_at_100": 0.933836,
                "mrr_at_1000": 0.933836,
                "nauc_ndcg_at_1_max": 0.782929,
                "nauc_ndcg_at_1_std": 0.746784,
                "nauc_ndcg_at_1_diff1": 0.878131,
                "nauc_ndcg_at_3_max": 0.803223,
                "nauc_ndcg_at_3_std": 0.775859,
                "nauc_ndcg_at_3_diff1": 0.873175,
                "nauc_ndcg_at_5_max": 0.793217,
                "nauc_ndcg_at_5_std": 0.762232,
                "nauc_ndcg_at_5_diff1": 0.874578,
                "nauc_ndcg_at_10_max": 0.793217,
                "nauc_ndcg_at_10_std": 0.762232,
                "nauc_ndcg_at_10_diff1": 0.874578,
                "nauc_ndcg_at_20_max": 0.793217,
                "nauc_ndcg_at_20_std": 0.762232,
                "nauc_ndcg_at_20_diff1": 0.874578,
                "nauc_ndcg_at_100_max": 0.793217,
                "nauc_ndcg_at_100_std": 0.762232,
                "nauc_ndcg_at_100_diff1": 0.874578,
                "nauc_ndcg_at_1000_max": 0.793217,
                "nauc_ndcg_at_1000_std": 0.762232,
                "nauc_ndcg_at_1000_diff1": 0.874578,
                "nauc_map_at_1_max": 0.782929,
                "nauc_map_at_1_std": 0.746784,
                "nauc_map_at_1_diff1": 0.878131,
                "nauc_map_at_3_max": 0.797125,
                "nauc_map_at_3_std": 0.767427,
                "nauc_map_at_3_diff1": 0.874192,
                "nauc_map_at_5_max": 0.792548,
                "nauc_map_at_5_std": 0.761233,
                "nauc_map_at_5_diff1": 0.874795,
                "nauc_map_at_10_max": 0.792548,
                "nauc_map_at_10_std": 0.761233,
                "nauc_map_at_10_diff1": 0.874795,
                "nauc_map_at_20_max": 0.792548,
                "nauc_map_at_20_std": 0.761233,
                "nauc_map_at_20_diff1": 0.874795,
                "nauc_map_at_100_max": 0.792548,
                "nauc_map_at_100_std": 0.761233,
                "nauc_map_at_100_diff1": 0.874795,
                "nauc_map_at_1000_max": 0.792548,
                "nauc_map_at_1000_std": 0.761233,
                "nauc_map_at_1000_diff1": 0.874795,
                "nauc_recall_at_1_max": 0.782929,
                "nauc_recall_at_1_std": 0.746784,
                "nauc_recall_at_1_diff1": 0.878131,
                "nauc_recall_at_3_max": 0.87459,
                "nauc_recall_at_3_std": 0.873841,
                "nauc_recall_at_3_diff1": 0.862371,
                "nauc_recall_at_5_max": NaN,
                "nauc_recall_at_5_std": NaN,
                "nauc_recall_at_5_diff1": NaN,
                "nauc_recall_at_10_max": NaN,
                "nauc_recall_at_10_std": NaN,
                "nauc_recall_at_10_diff1": NaN,
                "nauc_recall_at_20_max": NaN,
                "nauc_recall_at_20_std": NaN,
                "nauc_recall_at_20_diff1": NaN,
                "nauc_recall_at_100_max": NaN,
                "nauc_recall_at_100_std": NaN,
                "nauc_recall_at_100_diff1": NaN,
                "nauc_recall_at_1000_max": NaN,
                "nauc_recall_at_1000_std": NaN,
                "nauc_recall_at_1000_diff1": NaN,
                "nauc_precision_at_1_max": 0.782929,
                "nauc_precision_at_1_std": 0.746784,
                "nauc_precision_at_1_diff1": 0.878131,
                "nauc_precision_at_3_max": 0.87459,
                "nauc_precision_at_3_std": 0.873841,
                "nauc_precision_at_3_diff1": 0.862371,
                "nauc_precision_at_5_max": 1.0,
                "nauc_precision_at_5_std": 1.0,
                "nauc_precision_at_5_diff1": 1.0,
                "nauc_precision_at_10_max": 1.0,
                "nauc_precision_at_10_std": 1.0,
                "nauc_precision_at_10_diff1": 1.0,
                "nauc_precision_at_20_max": 1.0,
                "nauc_precision_at_20_std": 1.0,
                "nauc_precision_at_20_diff1": 1.0,
                "nauc_precision_at_100_max": 1.0,
                "nauc_precision_at_100_std": 1.0,
                "nauc_precision_at_100_diff1": 1.0,
                "nauc_precision_at_1000_max": 1.0,
                "nauc_precision_at_1000_std": 1.0,
                "nauc_precision_at_1000_diff1": 1.0,
                "nauc_mrr_at_1_max": 0.782929,
                "nauc_mrr_at_1_std": 0.746784,
                "nauc_mrr_at_1_diff1": 0.878131,
                "nauc_mrr_at_3_max": 0.797125,
                "nauc_mrr_at_3_std": 0.767427,
                "nauc_mrr_at_3_diff1": 0.874192,
                "nauc_mrr_at_5_max": 0.792548,
                "nauc_mrr_at_5_std": 0.761233,
                "nauc_mrr_at_5_diff1": 0.874795,
                "nauc_mrr_at_10_max": 0.792548,
                "nauc_mrr_at_10_std": 0.761233,
                "nauc_mrr_at_10_diff1": 0.874795,
                "nauc_mrr_at_20_max": 0.792548,
                "nauc_mrr_at_20_std": 0.761233,
                "nauc_mrr_at_20_diff1": 0.874795,
                "nauc_mrr_at_100_max": 0.792548,
                "nauc_mrr_at_100_std": 0.761233,
                "nauc_mrr_at_100_diff1": 0.874795,
                "nauc_mrr_at_1000_max": 0.792548,
                "nauc_mrr_at_1000_std": 0.761233,
                "nauc_mrr_at_1000_diff1": 0.874795,
                "cv_recall_at_1": 0.88494,
                "cv_recall_at_3": 0.98375,
                "cv_recall_at_5": 1.0,
                "cv_recall_at_10": 1.0,
                "cv_recall_at_20": 1.0,
                "cv_recall_at_100": 1.0,
                "cv_recall_at_1000": 1.0,
                "main_score": 0.93384,
                "hf_subset": "default",
                "languages": [
                    "slk-Latn"
                ]
            }
        ]
    },
    "evaluation_time": 125.11822056770325,
    "kg_co2_emissions": null
}
