{
    "dataset_revision": "962818770efbb0395130a3abb04dcae3b4ef7c30",
    "task_name": "SlovakPharmacyMojaLekarenReranking",
    "mteb_version": "1.39.7",
    "scores": {
        "test": [
            {
                "ndcg_at_1": 0.93225,
                "ndcg_at_3": 0.97016,
                "ndcg_at_5": 0.97237,
                "ndcg_at_10": 0.97237,
                "ndcg_at_20": 0.97237,
                "ndcg_at_100": 0.97237,
                "ndcg_at_1000": 0.97237,
                "map_at_1": 0.93225,
                "map_at_3": 0.96161,
                "map_at_5": 0.96283,
                "map_at_10": 0.96283,
                "map_at_20": 0.96283,
                "map_at_100": 0.96283,
                "map_at_1000": 0.96283,
                "recall_at_1": 0.93225,
                "recall_at_3": 0.99458,
                "recall_at_5": 1.0,
                "recall_at_10": 1.0,
                "recall_at_20": 1.0,
                "recall_at_100": 1.0,
                "recall_at_1000": 1.0,
                "accuracy": 0.93225,
                "precision_at_1": 0.93225,
                "precision_at_3": 0.33153,
                "precision_at_5": 0.2,
                "precision_at_10": 0.1,
                "precision_at_20": 0.05,
                "precision_at_100": 0.01,
                "precision_at_1000": 0.001,
                "mrr_at_1": 0.932249,
                "mrr_at_3": 0.961608,
                "mrr_at_5": 0.962827,
                "mrr_at_10": 0.962827,
                "mrr_at_20": 0.962827,
                "mrr_at_100": 0.962827,
                "mrr_at_1000": 0.962827,
                "nauc_ndcg_at_1_max": 0.590629,
                "nauc_ndcg_at_1_std": 0.665257,
                "nauc_ndcg_at_1_diff1": 0.908019,
                "nauc_ndcg_at_3_max": 0.639469,
                "nauc_ndcg_at_3_std": 0.706422,
                "nauc_ndcg_at_3_diff1": 0.91576,
                "nauc_ndcg_at_5_max": 0.61332,
                "nauc_ndcg_at_5_std": 0.68288,
                "nauc_ndcg_at_5_diff1": 0.911486,
                "nauc_ndcg_at_10_max": 0.61332,
                "nauc_ndcg_at_10_std": 0.68288,
                "nauc_ndcg_at_10_diff1": 0.911486,
                "nauc_ndcg_at_20_max": 0.61332,
                "nauc_ndcg_at_20_std": 0.68288,
                "nauc_ndcg_at_20_diff1": 0.911486,
                "nauc_ndcg_at_100_max": 0.61332,
                "nauc_ndcg_at_100_std": 0.68288,
                "nauc_ndcg_at_100_diff1": 0.911486,
                "nauc_ndcg_at_1000_max": 0.61332,
                "nauc_ndcg_at_1000_std": 0.68288,
                "nauc_ndcg_at_1000_diff1": 0.911486,
                "nauc_map_at_1_max": 0.590629,
                "nauc_map_at_1_std": 0.665257,
                "nauc_map_at_1_diff1": 0.908019,
                "nauc_map_at_3_max": 0.622836,
                "nauc_map_at_3_std": 0.691665,
                "nauc_map_at_3_diff1": 0.913141,
                "nauc_map_at_5_max": 0.611654,
                "nauc_map_at_5_std": 0.681549,
                "nauc_map_at_5_diff1": 0.911245,
                "nauc_map_at_10_max": 0.611654,
                "nauc_map_at_10_std": 0.681549,
                "nauc_map_at_10_diff1": 0.911245,
                "nauc_map_at_20_max": 0.611654,
                "nauc_map_at_20_std": 0.681549,
                "nauc_map_at_20_diff1": 0.911245,
                "nauc_map_at_100_max": 0.611654,
                "nauc_map_at_100_std": 0.681549,
                "nauc_map_at_100_diff1": 0.911245,
                "nauc_map_at_1000_max": 0.611654,
                "nauc_map_at_1000_std": 0.681549,
                "nauc_map_at_1000_diff1": 0.911245,
                "nauc_recall_at_1_max": 0.590629,
                "nauc_recall_at_1_std": 0.665257,
                "nauc_recall_at_1_diff1": 0.908019,
                "nauc_recall_at_3_max": 0.96731,
                "nauc_recall_at_3_std": 1.0,
                "nauc_recall_at_3_diff1": 0.96731,
                "nauc_recall_at_5_max": NaN,
                "nauc_recall_at_5_std": NaN,
                "nauc_recall_at_5_diff1": NaN,
                "nauc_recall_at_10_max": NaN,
                "nauc_recall_at_10_std": NaN,
                "nauc_recall_at_10_diff1": NaN,
                "nauc_recall_at_20_max": NaN,
                "nauc_recall_at_20_std": NaN,
                "nauc_recall_at_20_diff1": NaN,
                "nauc_recall_at_100_max": NaN,
                "nauc_recall_at_100_std": NaN,
                "nauc_recall_at_100_diff1": NaN,
                "nauc_recall_at_1000_max": NaN,
                "nauc_recall_at_1000_std": NaN,
                "nauc_recall_at_1000_diff1": NaN,
                "nauc_precision_at_1_max": 0.590629,
                "nauc_precision_at_1_std": 0.665257,
                "nauc_precision_at_1_diff1": 0.908019,
                "nauc_precision_at_3_max": 0.96731,
                "nauc_precision_at_3_std": 1.0,
                "nauc_precision_at_3_diff1": 0.96731,
                "nauc_precision_at_5_max": NaN,
                "nauc_precision_at_5_std": NaN,
                "nauc_precision_at_5_diff1": NaN,
                "nauc_precision_at_10_max": NaN,
                "nauc_precision_at_10_std": NaN,
                "nauc_precision_at_10_diff1": NaN,
                "nauc_precision_at_20_max": NaN,
                "nauc_precision_at_20_std": NaN,
                "nauc_precision_at_20_diff1": NaN,
                "nauc_precision_at_100_max": NaN,
                "nauc_precision_at_100_std": NaN,
                "nauc_precision_at_100_diff1": NaN,
                "nauc_precision_at_1000_max": 1.0,
                "nauc_precision_at_1000_std": 1.0,
                "nauc_precision_at_1000_diff1": 1.0,
                "nauc_mrr_at_1_max": 0.590629,
                "nauc_mrr_at_1_std": 0.665257,
                "nauc_mrr_at_1_diff1": 0.908019,
                "nauc_mrr_at_3_max": 0.622836,
                "nauc_mrr_at_3_std": 0.691665,
                "nauc_mrr_at_3_diff1": 0.913141,
                "nauc_mrr_at_5_max": 0.611654,
                "nauc_mrr_at_5_std": 0.681549,
                "nauc_mrr_at_5_diff1": 0.911245,
                "nauc_mrr_at_10_max": 0.611654,
                "nauc_mrr_at_10_std": 0.681549,
                "nauc_mrr_at_10_diff1": 0.911245,
                "nauc_mrr_at_20_max": 0.611654,
                "nauc_mrr_at_20_std": 0.681549,
                "nauc_mrr_at_20_diff1": 0.911245,
                "nauc_mrr_at_100_max": 0.611654,
                "nauc_mrr_at_100_std": 0.681549,
                "nauc_mrr_at_100_diff1": 0.911245,
                "nauc_mrr_at_1000_max": 0.611654,
                "nauc_mrr_at_1000_std": 0.681549,
                "nauc_mrr_at_1000_diff1": 0.911245,
                "cv_recall_at_1": 0.93225,
                "cv_recall_at_3": 0.99458,
                "cv_recall_at_5": 1.0,
                "cv_recall_at_10": 1.0,
                "cv_recall_at_20": 1.0,
                "cv_recall_at_100": 1.0,
                "cv_recall_at_1000": 1.0,
                "main_score": 0.96283,
                "hf_subset": "default",
                "languages": [
                    "slk-Latn"
                ]
            }
        ]
    },
    "evaluation_time": 22.417608737945557,
    "kg_co2_emissions": null
}
