{
    "dataset_revision": "c5a6521a4ddce3450fb04ba218623681a9189c6d",
    "task_name": "SMESumRetrieval",
    "mteb_version": "1.39.7",
    "scores": {
        "test": [
            {
                "ndcg_at_1": 0.75,
                "ndcg_at_3": 0.82016,
                "ndcg_at_5": 0.83106,
                "ndcg_at_10": 0.84536,
                "ndcg_at_20": 0.85334,
                "ndcg_at_100": 0.85806,
                "ndcg_at_1000": 0.85917,
                "map_at_1": 0.75,
                "map_at_3": 0.80444,
                "map_at_5": 0.81044,
                "map_at_10": 0.81651,
                "map_at_20": 0.81869,
                "map_at_100": 0.81937,
                "map_at_1000": 0.81941,
                "recall_at_1": 0.75,
                "recall_at_3": 0.865,
                "recall_at_5": 0.89167,
                "recall_at_10": 0.935,
                "recall_at_20": 0.96667,
                "recall_at_100": 0.99167,
                "recall_at_1000": 1.0,
                "accuracy": 0.75,
                "precision_at_1": 0.75,
                "precision_at_3": 0.28833,
                "precision_at_5": 0.17833,
                "precision_at_10": 0.0935,
                "precision_at_20": 0.04833,
                "precision_at_100": 0.00992,
                "precision_at_1000": 0.001,
                "mrr_at_1": 0.75,
                "mrr_at_3": 0.804444,
                "mrr_at_5": 0.810444,
                "mrr_at_10": 0.816512,
                "mrr_at_20": 0.818688,
                "mrr_at_100": 0.819367,
                "mrr_at_1000": 0.819415,
                "nauc_ndcg_at_1_max": 0.703558,
                "nauc_ndcg_at_1_std": 0.116239,
                "nauc_ndcg_at_1_diff1": 0.865547,
                "nauc_ndcg_at_3_max": 0.715862,
                "nauc_ndcg_at_3_std": 0.111393,
                "nauc_ndcg_at_3_diff1": 0.83268,
                "nauc_ndcg_at_5_max": 0.723128,
                "nauc_ndcg_at_5_std": 0.125811,
                "nauc_ndcg_at_5_diff1": 0.832627,
                "nauc_ndcg_at_10_max": 0.722711,
                "nauc_ndcg_at_10_std": 0.130346,
                "nauc_ndcg_at_10_diff1": 0.834203,
                "nauc_ndcg_at_20_max": 0.72164,
                "nauc_ndcg_at_20_std": 0.124988,
                "nauc_ndcg_at_20_diff1": 0.839996,
                "nauc_ndcg_at_100_max": 0.720688,
                "nauc_ndcg_at_100_std": 0.126177,
                "nauc_ndcg_at_100_diff1": 0.842426,
                "nauc_ndcg_at_1000_max": 0.71876,
                "nauc_ndcg_at_1000_std": 0.123088,
                "nauc_ndcg_at_1000_diff1": 0.841579,
                "nauc_map_at_1_max": 0.703558,
                "nauc_map_at_1_std": 0.116239,
                "nauc_map_at_1_diff1": 0.865547,
                "nauc_map_at_3_max": 0.712653,
                "nauc_map_at_3_std": 0.111927,
                "nauc_map_at_3_diff1": 0.841562,
                "nauc_map_at_5_max": 0.716063,
                "nauc_map_at_5_std": 0.119121,
                "nauc_map_at_5_diff1": 0.841607,
                "nauc_map_at_10_max": 0.715413,
                "nauc_map_at_10_std": 0.119629,
                "nauc_map_at_10_diff1": 0.842353,
                "nauc_map_at_20_max": 0.715133,
                "nauc_map_at_20_std": 0.118512,
                "nauc_map_at_20_diff1": 0.843788,
                "nauc_map_at_100_max": 0.715287,
                "nauc_map_at_100_std": 0.119011,
                "nauc_map_at_100_diff1": 0.844066,
                "nauc_map_at_1000_max": 0.715223,
                "nauc_map_at_1000_std": 0.118937,
                "nauc_map_at_1000_diff1": 0.844042,
                "nauc_recall_at_1_max": 0.703558,
                "nauc_recall_at_1_std": 0.116239,
                "nauc_recall_at_1_diff1": 0.865547,
                "nauc_recall_at_3_max": 0.728329,
                "nauc_recall_at_3_std": 0.109795,
                "nauc_recall_at_3_diff1": 0.79798,
                "nauc_recall_at_5_max": 0.757781,
                "nauc_recall_at_5_std": 0.161061,
                "nauc_recall_at_5_diff1": 0.791598,
                "nauc_recall_at_10_max": 0.780794,
                "nauc_recall_at_10_std": 0.226448,
                "nauc_recall_at_10_diff1": 0.777239,
                "nauc_recall_at_20_max": 0.81669,
                "nauc_recall_at_20_std": 0.224043,
                "nauc_recall_at_20_diff1": 0.814659,
                "nauc_recall_at_100_max": 0.947712,
                "nauc_recall_at_100_std": 0.514099,
                "nauc_recall_at_100_diff1": 0.944444,
                "nauc_recall_at_1000_max": NaN,
                "nauc_recall_at_1000_std": NaN,
                "nauc_recall_at_1000_diff1": NaN,
                "nauc_precision_at_1_max": 0.703558,
                "nauc_precision_at_1_std": 0.116239,
                "nauc_precision_at_1_diff1": 0.865547,
                "nauc_precision_at_3_max": 0.728329,
                "nauc_precision_at_3_std": 0.109795,
                "nauc_precision_at_3_diff1": 0.79798,
                "nauc_precision_at_5_max": 0.757781,
                "nauc_precision_at_5_std": 0.161061,
                "nauc_precision_at_5_diff1": 0.791598,
                "nauc_precision_at_10_max": 0.780794,
                "nauc_precision_at_10_std": 0.226448,
                "nauc_precision_at_10_diff1": 0.777239,
                "nauc_precision_at_20_max": 0.81669,
                "nauc_precision_at_20_std": 0.224043,
                "nauc_precision_at_20_diff1": 0.814659,
                "nauc_precision_at_100_max": 0.947712,
                "nauc_precision_at_100_std": 0.514099,
                "nauc_precision_at_100_diff1": 0.944444,
                "nauc_precision_at_1000_max": 1.0,
                "nauc_precision_at_1000_std": 1.0,
                "nauc_precision_at_1000_diff1": 1.0,
                "nauc_mrr_at_1_max": 0.703558,
                "nauc_mrr_at_1_std": 0.116239,
                "nauc_mrr_at_1_diff1": 0.865547,
                "nauc_mrr_at_3_max": 0.712653,
                "nauc_mrr_at_3_std": 0.111927,
                "nauc_mrr_at_3_diff1": 0.841562,
                "nauc_mrr_at_5_max": 0.716063,
                "nauc_mrr_at_5_std": 0.119121,
                "nauc_mrr_at_5_diff1": 0.841607,
                "nauc_mrr_at_10_max": 0.715413,
                "nauc_mrr_at_10_std": 0.119629,
                "nauc_mrr_at_10_diff1": 0.842353,
                "nauc_mrr_at_20_max": 0.715133,
                "nauc_mrr_at_20_std": 0.118512,
                "nauc_mrr_at_20_diff1": 0.843788,
                "nauc_mrr_at_100_max": 0.715287,
                "nauc_mrr_at_100_std": 0.119011,
                "nauc_mrr_at_100_diff1": 0.844066,
                "nauc_mrr_at_1000_max": 0.715223,
                "nauc_mrr_at_1000_std": 0.118937,
                "nauc_mrr_at_1000_diff1": 0.844042,
                "cv_recall_at_1": 0.75,
                "cv_recall_at_3": 0.865,
                "cv_recall_at_5": 0.89167,
                "cv_recall_at_10": 0.935,
                "cv_recall_at_20": 0.96667,
                "cv_recall_at_100": 0.99167,
                "cv_recall_at_1000": 1.0,
                "main_score": 0.84536,
                "hf_subset": "default",
                "languages": [
                    "slk-Latn"
                ]
            }
        ]
    },
    "evaluation_time": 5.355402231216431,
    "kg_co2_emissions": null
}
