{
    "dataset_revision": "09f81f51dd5b8497da16d02c69c98d5cb5993ef2",
    "task_name": "SKQuadRetrieval",
    "mteb_version": "1.39.7",
    "scores": {
        "test": [
            {
                "ndcg_at_1": 0.54727,
                "ndcg_at_3": 0.60638,
                "ndcg_at_5": 0.63359,
                "ndcg_at_10": 0.65652,
                "ndcg_at_20": 0.6734,
                "ndcg_at_100": 0.69514,
                "ndcg_at_1000": 0.70478,
                "map_at_1": 0.37463,
                "map_at_3": 0.49318,
                "map_at_5": 0.51454,
                "map_at_10": 0.53071,
                "map_at_20": 0.53975,
                "map_at_100": 0.54633,
                "map_at_1000": 0.54706,
                "recall_at_1": 0.37463,
                "recall_at_3": 0.60458,
                "recall_at_5": 0.66853,
                "recall_at_10": 0.73465,
                "recall_at_20": 0.79549,
                "recall_at_100": 0.90512,
                "recall_at_1000": 0.98047,
                "accuracy": 0.37463,
                "precision_at_1": 0.55732,
                "precision_at_3": 0.31364,
                "precision_at_5": 0.21517,
                "precision_at_10": 0.12249,
                "precision_at_20": 0.06869,
                "precision_at_100": 0.01636,
                "precision_at_1000": 0.00181,
                "mrr_at_1": 0.557319,
                "mrr_at_3": 0.696649,
                "mrr_at_5": 0.710847,
                "mrr_at_10": 0.715534,
                "mrr_at_20": 0.716786,
                "mrr_at_100": 0.717411,
                "mrr_at_1000": 0.717455,
                "nauc_ndcg_at_1_max": 0.105584,
                "nauc_ndcg_at_1_std": -0.037766,
                "nauc_ndcg_at_1_diff1": 0.41348,
                "nauc_ndcg_at_3_max": 0.143204,
                "nauc_ndcg_at_3_std": -0.060444,
                "nauc_ndcg_at_3_diff1": 0.30261,
                "nauc_ndcg_at_5_max": 0.141072,
                "nauc_ndcg_at_5_std": -0.0571,
                "nauc_ndcg_at_5_diff1": 0.304643,
                "nauc_ndcg_at_10_max": 0.154053,
                "nauc_ndcg_at_10_std": -0.033695,
                "nauc_ndcg_at_10_diff1": 0.321115,
                "nauc_ndcg_at_20_max": 0.164953,
                "nauc_ndcg_at_20_std": -0.003976,
                "nauc_ndcg_at_20_diff1": 0.319752,
                "nauc_ndcg_at_100_max": 0.169551,
                "nauc_ndcg_at_100_std": 0.01004,
                "nauc_ndcg_at_100_diff1": 0.321714,
                "nauc_ndcg_at_1000_max": 0.16456,
                "nauc_ndcg_at_1000_std": -0.005221,
                "nauc_ndcg_at_1000_diff1": 0.328479,
                "nauc_map_at_1_max": 0.039238,
                "nauc_map_at_1_std": -0.079735,
                "nauc_map_at_1_diff1": 0.363271,
                "nauc_map_at_3_max": 0.07649,
                "nauc_map_at_3_std": -0.086342,
                "nauc_map_at_3_diff1": 0.295502,
                "nauc_map_at_5_max": 0.081016,
                "nauc_map_at_5_std": -0.085491,
                "nauc_map_at_5_diff1": 0.29418,
                "nauc_map_at_10_max": 0.090433,
                "nauc_map_at_10_std": -0.073147,
                "nauc_map_at_10_diff1": 0.302676,
                "nauc_map_at_20_max": 0.098758,
                "nauc_map_at_20_std": -0.060581,
                "nauc_map_at_20_diff1": 0.302418,
                "nauc_map_at_100_max": 0.100854,
                "nauc_map_at_100_std": -0.055593,
                "nauc_map_at_100_diff1": 0.301453,
                "nauc_map_at_1000_max": 0.10063,
                "nauc_map_at_1000_std": -0.056196,
                "nauc_map_at_1000_diff1": 0.301721,
                "nauc_recall_at_1_max": 0.039238,
                "nauc_recall_at_1_std": -0.079735,
                "nauc_recall_at_1_diff1": 0.363271,
                "nauc_recall_at_3_max": 0.088777,
                "nauc_recall_at_3_std": -0.078563,
                "nauc_recall_at_3_diff1": 0.174449,
                "nauc_recall_at_5_max": 0.081554,
                "nauc_recall_at_5_std": -0.07463,
                "nauc_recall_at_5_diff1": 0.150242,
                "nauc_recall_at_10_max": 0.11104,
                "nauc_recall_at_10_std": -0.007792,
                "nauc_recall_at_10_diff1": 0.166418,
                "nauc_recall_at_20_max": 0.157811,
                "nauc_recall_at_20_std": 0.127527,
                "nauc_recall_at_20_diff1": 0.13019,
                "nauc_recall_at_100_max": 0.258135,
                "nauc_recall_at_100_std": 0.401608,
                "nauc_recall_at_100_diff1": 0.078056,
                "nauc_recall_at_1000_max": 0.362932,
                "nauc_recall_at_1000_std": 0.56073,
                "nauc_recall_at_1000_diff1": 0.14128,
                "nauc_precision_at_1_max": 0.10798,
                "nauc_precision_at_1_std": -0.042177,
                "nauc_precision_at_1_diff1": 0.406709,
                "nauc_precision_at_3_max": 0.266479,
                "nauc_precision_at_3_std": 0.015521,
                "nauc_precision_at_3_diff1": 0.102974,
                "nauc_precision_at_5_max": 0.24784,
                "nauc_precision_at_5_std": 0.051529,
                "nauc_precision_at_5_diff1": 0.016886,
                "nauc_precision_at_10_max": 0.225409,
                "nauc_precision_at_10_std": 0.123,
                "nauc_precision_at_10_diff1": -0.000317,
                "nauc_precision_at_20_max": 0.231103,
                "nauc_precision_at_20_std": 0.206573,
                "nauc_precision_at_20_diff1": -0.038944,
                "nauc_precision_at_100_max": 0.196696,
                "nauc_precision_at_100_std": 0.235971,
                "nauc_precision_at_100_diff1": -0.07479,
                "nauc_precision_at_1000_max": 0.146668,
                "nauc_precision_at_1000_std": 0.154175,
                "nauc_precision_at_1000_diff1": -0.079758,
                "nauc_mrr_at_1_max": 0.10798,
                "nauc_mrr_at_1_std": -0.042177,
                "nauc_mrr_at_1_diff1": 0.406709,
                "nauc_mrr_at_3_max": 0.206938,
                "nauc_mrr_at_3_std": -0.020031,
                "nauc_mrr_at_3_diff1": 0.36874,
                "nauc_mrr_at_5_max": 0.202773,
                "nauc_mrr_at_5_std": -0.017921,
                "nauc_mrr_at_5_diff1": 0.372195,
                "nauc_mrr_at_10_max": 0.20316,
                "nauc_mrr_at_10_std": -0.01456,
                "nauc_mrr_at_10_diff1": 0.379929,
                "nauc_mrr_at_20_max": 0.201078,
                "nauc_mrr_at_20_std": -0.012517,
                "nauc_mrr_at_20_diff1": 0.37905,
                "nauc_mrr_at_100_max": 0.199134,
                "nauc_mrr_at_100_std": -0.014122,
                "nauc_mrr_at_100_diff1": 0.379023,
                "nauc_mrr_at_1000_max": 0.198996,
                "nauc_mrr_at_1000_std": -0.014305,
                "nauc_mrr_at_1000_diff1": 0.379038,
                "cv_recall_at_1": 0.55732,
                "cv_recall_at_3": 0.85626,
                "cv_recall_at_5": 0.91711,
                "cv_recall_at_10": 0.94885,
                "cv_recall_at_20": 0.96561,
                "cv_recall_at_100": 0.98677,
                "cv_recall_at_1000": 0.99647,
                "main_score": 0.65652,
                "hf_subset": "default",
                "languages": [
                    "slk-Latn"
                ]
            }
        ]
    },
    "evaluation_time": 19.19282579421997,
    "kg_co2_emissions": null
}
