{
    "dataset_revision": "3997eba1c60721e34f7b01db400f5b14a40218ea",
    "task_name": "SkQuadReranking",
    "mteb_version": "1.39.7",
    "scores": {
        "test": [
            {
                "ndcg_at_1": 0.60724,
                "ndcg_at_3": 0.6575,
                "ndcg_at_5": 0.70461,
                "ndcg_at_10": 0.76625,
                "ndcg_at_20": 0.7763,
                "ndcg_at_100": 0.7763,
                "ndcg_at_1000": 0.7763,
                "map_at_1": 0.45956,
                "map_at_3": 0.5932,
                "map_at_5": 0.62783,
                "map_at_10": 0.66615,
                "map_at_20": 0.67185,
                "map_at_100": 0.67185,
                "map_at_1000": 0.67185,
                "recall_at_1": 0.45956,
                "recall_at_3": 0.7097,
                "recall_at_5": 0.81065,
                "recall_at_10": 0.97124,
                "recall_at_20": 1.0,
                "recall_at_100": 1.0,
                "recall_at_1000": 1.0,
                "accuracy": 0.45956,
                "precision_at_1": 0.60724,
                "precision_at_3": 0.32627,
                "precision_at_5": 0.23124,
                "precision_at_10": 0.1466,
                "precision_at_20": 0.07643,
                "precision_at_100": 0.01529,
                "precision_at_1000": 0.00153,
                "mrr_at_1": 0.607237,
                "mrr_at_3": 0.726243,
                "mrr_at_5": 0.742571,
                "mrr_at_10": 0.750953,
                "mrr_at_20": 0.751194,
                "mrr_at_100": 0.751194,
                "mrr_at_1000": 0.751194,
                "nauc_ndcg_at_1_max": 0.234984,
                "nauc_ndcg_at_1_std": 0.10667,
                "nauc_ndcg_at_1_diff1": 0.37099,
                "nauc_ndcg_at_3_max": 0.174369,
                "nauc_ndcg_at_3_std": 0.163707,
                "nauc_ndcg_at_3_diff1": 0.259039,
                "nauc_ndcg_at_5_max": 0.170304,
                "nauc_ndcg_at_5_std": 0.164469,
                "nauc_ndcg_at_5_diff1": 0.288099,
                "nauc_ndcg_at_10_max": 0.184043,
                "nauc_ndcg_at_10_std": 0.136063,
                "nauc_ndcg_at_10_diff1": 0.302984,
                "nauc_ndcg_at_20_max": 0.206414,
                "nauc_ndcg_at_20_std": 0.151121,
                "nauc_ndcg_at_20_diff1": 0.300339,
                "nauc_ndcg_at_100_max": 0.206414,
                "nauc_ndcg_at_100_std": 0.151121,
                "nauc_ndcg_at_100_diff1": 0.300339,
                "nauc_ndcg_at_1000_max": 0.206414,
                "nauc_ndcg_at_1000_std": 0.151121,
                "nauc_ndcg_at_1000_diff1": 0.300339,
                "nauc_map_at_1_max": 0.131925,
                "nauc_map_at_1_std": 0.062956,
                "nauc_map_at_1_diff1": 0.326092,
                "nauc_map_at_3_max": 0.148605,
                "nauc_map_at_3_std": 0.132545,
                "nauc_map_at_3_diff1": 0.26525,
                "nauc_map_at_5_max": 0.150217,
                "nauc_map_at_5_std": 0.133605,
                "nauc_map_at_5_diff1": 0.283495,
                "nauc_map_at_10_max": 0.162381,
                "nauc_map_at_10_std": 0.123578,
                "nauc_map_at_10_diff1": 0.287895,
                "nauc_map_at_20_max": 0.170637,
                "nauc_map_at_20_std": 0.129814,
                "nauc_map_at_20_diff1": 0.286204,
                "nauc_map_at_100_max": 0.170637,
                "nauc_map_at_100_std": 0.129814,
                "nauc_map_at_100_diff1": 0.286204,
                "nauc_map_at_1000_max": 0.170637,
                "nauc_map_at_1000_std": 0.129814,
                "nauc_map_at_1000_diff1": 0.286204,
                "nauc_recall_at_1_max": 0.131925,
                "nauc_recall_at_1_std": 0.062956,
                "nauc_recall_at_1_diff1": 0.326092,
                "nauc_recall_at_3_max": 0.11478,
                "nauc_recall_at_3_std": 0.189435,
                "nauc_recall_at_3_diff1": 0.167224,
                "nauc_recall_at_5_max": 0.068636,
                "nauc_recall_at_5_std": 0.18639,
                "nauc_recall_at_5_diff1": 0.204794,
                "nauc_recall_at_10_max": -0.24013,
                "nauc_recall_at_10_std": -0.137007,
                "nauc_recall_at_10_diff1": 0.251797,
                "nauc_recall_at_20_max": NaN,
                "nauc_recall_at_20_std": NaN,
                "nauc_recall_at_20_diff1": NaN,
                "nauc_recall_at_100_max": NaN,
                "nauc_recall_at_100_std": NaN,
                "nauc_recall_at_100_diff1": NaN,
                "nauc_recall_at_1000_max": NaN,
                "nauc_recall_at_1000_std": NaN,
                "nauc_recall_at_1000_diff1": NaN,
                "nauc_precision_at_1_max": 0.234984,
                "nauc_precision_at_1_std": 0.10667,
                "nauc_precision_at_1_diff1": 0.37099,
                "nauc_precision_at_3_max": 0.209449,
                "nauc_precision_at_3_std": 0.209464,
                "nauc_precision_at_3_diff1": 0.05729,
                "nauc_precision_at_5_max": 0.135991,
                "nauc_precision_at_5_std": 0.136537,
                "nauc_precision_at_5_diff1": 0.013747,
                "nauc_precision_at_10_max": 0.089233,
                "nauc_precision_at_10_std": 0.013732,
                "nauc_precision_at_10_diff1": -0.088218,
                "nauc_precision_at_20_max": 0.110757,
                "nauc_precision_at_20_std": 0.032873,
                "nauc_precision_at_20_diff1": -0.115097,
                "nauc_precision_at_100_max": 0.110757,
                "nauc_precision_at_100_std": 0.032873,
                "nauc_precision_at_100_diff1": -0.115097,
                "nauc_precision_at_1000_max": 0.110757,
                "nauc_precision_at_1000_std": 0.032873,
                "nauc_precision_at_1000_diff1": -0.115097,
                "nauc_mrr_at_1_max": 0.234984,
                "nauc_mrr_at_1_std": 0.10667,
                "nauc_mrr_at_1_diff1": 0.37099,
                "nauc_mrr_at_3_max": 0.282482,
                "nauc_mrr_at_3_std": 0.201785,
                "nauc_mrr_at_3_diff1": 0.33379,
                "nauc_mrr_at_5_max": 0.275875,
                "nauc_mrr_at_5_std": 0.192866,
                "nauc_mrr_at_5_diff1": 0.34111,
                "nauc_mrr_at_10_max": 0.270597,
                "nauc_mrr_at_10_std": 0.178436,
                "nauc_mrr_at_10_diff1": 0.344149,
                "nauc_mrr_at_20_max": 0.270925,
                "nauc_mrr_at_20_std": 0.177683,
                "nauc_mrr_at_20_diff1": 0.343948,
                "nauc_mrr_at_100_max": 0.270925,
                "nauc_mrr_at_100_std": 0.177683,
                "nauc_mrr_at_100_diff1": 0.343948,
                "nauc_mrr_at_1000_max": 0.270925,
                "nauc_mrr_at_1000_std": 0.177683,
                "nauc_mrr_at_1000_diff1": 0.343948,
                "cv_recall_at_1": 0.60724,
                "cv_recall_at_3": 0.86761,
                "cv_recall_at_5": 0.93733,
                "cv_recall_at_10": 0.99735,
                "cv_recall_at_20": 1.0,
                "cv_recall_at_100": 1.0,
                "cv_recall_at_1000": 1.0,
                "main_score": 0.67185,
                "hf_subset": "default",
                "languages": [
                    "slk-Latn"
                ]
            }
        ]
    },
    "evaluation_time": 18.183679342269897,
    "kg_co2_emissions": null
}
