{
    "dataset_revision": "82320d7f1d6561a12516605ec24f5d61aceb915c",
    "task_name": "SlovakPharmacyMojaLekarenReranking",
    "mteb_version": "1.39.7",
    "scores": {
        "test": [
            {
                "ndcg_at_1": 0.90515,
                "ndcg_at_3": 0.95703,
                "ndcg_at_5": 0.96041,
                "ndcg_at_10": 0.96041,
                "ndcg_at_20": 0.96041,
                "ndcg_at_100": 0.96041,
                "ndcg_at_1000": 0.96041,
                "map_at_1": 0.90515,
                "map_at_3": 0.9449,
                "map_at_5": 0.94679,
                "map_at_10": 0.94679,
                "map_at_20": 0.94679,
                "map_at_100": 0.94679,
                "map_at_1000": 0.94679,
                "recall_at_1": 0.90515,
                "recall_at_3": 0.99187,
                "recall_at_5": 1.0,
                "recall_at_10": 1.0,
                "recall_at_20": 1.0,
                "recall_at_100": 1.0,
                "recall_at_1000": 1.0,
                "accuracy": 0.90515,
                "precision_at_1": 0.90515,
                "precision_at_3": 0.33062,
                "precision_at_5": 0.2,
                "precision_at_10": 0.1,
                "precision_at_20": 0.05,
                "precision_at_100": 0.01,
                "precision_at_1000": 0.001,
                "mrr_at_1": 0.905149,
                "mrr_at_3": 0.944896,
                "mrr_at_5": 0.946793,
                "mrr_at_10": 0.946793,
                "mrr_at_20": 0.946793,
                "mrr_at_100": 0.946793,
                "mrr_at_1000": 0.946793,
                "nauc_ndcg_at_1_max": 0.564882,
                "nauc_ndcg_at_1_std": 0.520428,
                "nauc_ndcg_at_1_diff1": 0.863153,
                "nauc_ndcg_at_3_max": 0.630458,
                "nauc_ndcg_at_3_std": 0.595529,
                "nauc_ndcg_at_3_diff1": 0.857587,
                "nauc_ndcg_at_5_max": 0.600616,
                "nauc_ndcg_at_5_std": 0.562899,
                "nauc_ndcg_at_5_diff1": 0.858857,
                "nauc_ndcg_at_10_max": 0.600616,
                "nauc_ndcg_at_10_std": 0.562899,
                "nauc_ndcg_at_10_diff1": 0.858857,
                "nauc_ndcg_at_20_max": 0.600616,
                "nauc_ndcg_at_20_std": 0.562899,
                "nauc_ndcg_at_20_diff1": 0.858857,
                "nauc_ndcg_at_100_max": 0.600616,
                "nauc_ndcg_at_100_std": 0.562899,
                "nauc_ndcg_at_100_diff1": 0.858857,
                "nauc_ndcg_at_1000_max": 0.600616,
                "nauc_ndcg_at_1000_std": 0.562899,
                "nauc_ndcg_at_1000_diff1": 0.858857,
                "nauc_map_at_1_max": 0.564882,
                "nauc_map_at_1_std": 0.520428,
                "nauc_map_at_1_diff1": 0.863153,
                "nauc_map_at_3_max": 0.611497,
                "nauc_map_at_3_std": 0.574511,
                "nauc_map_at_3_diff1": 0.858852,
                "nauc_map_at_5_max": 0.598311,
                "nauc_map_at_5_std": 0.560173,
                "nauc_map_at_5_diff1": 0.859171,
                "nauc_map_at_10_max": 0.598311,
                "nauc_map_at_10_std": 0.560173,
                "nauc_map_at_10_diff1": 0.859171,
                "nauc_map_at_20_max": 0.598311,
                "nauc_map_at_20_std": 0.560173,
                "nauc_map_at_20_diff1": 0.859171,
                "nauc_map_at_100_max": 0.598311,
                "nauc_map_at_100_std": 0.560173,
                "nauc_map_at_100_diff1": 0.859171,
                "nauc_map_at_1000_max": 0.598311,
                "nauc_map_at_1000_std": 0.560173,
                "nauc_map_at_1000_diff1": 0.859171,
                "nauc_recall_at_1_max": 0.564882,
                "nauc_recall_at_1_std": 0.520428,
                "nauc_recall_at_1_diff1": 0.863153,
                "nauc_recall_at_3_max": 0.978207,
                "nauc_recall_at_3_std": 0.978207,
                "nauc_recall_at_3_diff1": 0.835785,
                "nauc_recall_at_5_max": NaN,
                "nauc_recall_at_5_std": NaN,
                "nauc_recall_at_5_diff1": NaN,
                "nauc_recall_at_10_max": NaN,
                "nauc_recall_at_10_std": NaN,
                "nauc_recall_at_10_diff1": NaN,
                "nauc_recall_at_20_max": NaN,
                "nauc_recall_at_20_std": NaN,
                "nauc_recall_at_20_diff1": NaN,
                "nauc_recall_at_100_max": NaN,
                "nauc_recall_at_100_std": NaN,
                "nauc_recall_at_100_diff1": NaN,
                "nauc_recall_at_1000_max": NaN,
                "nauc_recall_at_1000_std": NaN,
                "nauc_recall_at_1000_diff1": NaN,
                "nauc_precision_at_1_max": 0.564882,
                "nauc_precision_at_1_std": 0.520428,
                "nauc_precision_at_1_diff1": 0.863153,
                "nauc_precision_at_3_max": 0.978207,
                "nauc_precision_at_3_std": 0.978207,
                "nauc_precision_at_3_diff1": 0.835785,
                "nauc_precision_at_5_max": NaN,
                "nauc_precision_at_5_std": NaN,
                "nauc_precision_at_5_diff1": NaN,
                "nauc_precision_at_10_max": NaN,
                "nauc_precision_at_10_std": NaN,
                "nauc_precision_at_10_diff1": NaN,
                "nauc_precision_at_20_max": NaN,
                "nauc_precision_at_20_std": NaN,
                "nauc_precision_at_20_diff1": NaN,
                "nauc_precision_at_100_max": NaN,
                "nauc_precision_at_100_std": NaN,
                "nauc_precision_at_100_diff1": NaN,
                "nauc_precision_at_1000_max": 1.0,
                "nauc_precision_at_1000_std": 1.0,
                "nauc_precision_at_1000_diff1": 1.0,
                "nauc_mrr_at_1_max": 0.564882,
                "nauc_mrr_at_1_std": 0.520428,
                "nauc_mrr_at_1_diff1": 0.863153,
                "nauc_mrr_at_3_max": 0.611497,
                "nauc_mrr_at_3_std": 0.574511,
                "nauc_mrr_at_3_diff1": 0.858852,
                "nauc_mrr_at_5_max": 0.598311,
                "nauc_mrr_at_5_std": 0.560173,
                "nauc_mrr_at_5_diff1": 0.859171,
                "nauc_mrr_at_10_max": 0.598311,
                "nauc_mrr_at_10_std": 0.560173,
                "nauc_mrr_at_10_diff1": 0.859171,
                "nauc_mrr_at_20_max": 0.598311,
                "nauc_mrr_at_20_std": 0.560173,
                "nauc_mrr_at_20_diff1": 0.859171,
                "nauc_mrr_at_100_max": 0.598311,
                "nauc_mrr_at_100_std": 0.560173,
                "nauc_mrr_at_100_diff1": 0.859171,
                "nauc_mrr_at_1000_max": 0.598311,
                "nauc_mrr_at_1000_std": 0.560173,
                "nauc_mrr_at_1000_diff1": 0.859171,
                "cv_recall_at_1": 0.90515,
                "cv_recall_at_3": 0.99187,
                "cv_recall_at_5": 1.0,
                "cv_recall_at_10": 1.0,
                "cv_recall_at_20": 1.0,
                "cv_recall_at_100": 1.0,
                "cv_recall_at_1000": 1.0,
                "main_score": 0.94679,
                "hf_subset": "default",
                "languages": [
                    "slk-Latn"
                ]
            }
        ]
    },
    "evaluation_time": 4.945451259613037,
    "kg_co2_emissions": null
}
