{
    "dataset_revision": "85d6b32f2762313714618171b9d1a65eb7408835",
    "task_name": "SlovakSumRetrieval",
    "mteb_version": "1.39.7",
    "scores": {
        "test": [
            {
                "ndcg_at_1": 0.81667,
                "ndcg_at_3": 0.86891,
                "ndcg_at_5": 0.87708,
                "ndcg_at_10": 0.88474,
                "ndcg_at_20": 0.8878,
                "ndcg_at_100": 0.8921,
                "ndcg_at_1000": 0.89416,
                "map_at_1": 0.81667,
                "map_at_3": 0.85639,
                "map_at_5": 0.86089,
                "map_at_10": 0.86412,
                "map_at_20": 0.86502,
                "map_at_100": 0.8656,
                "map_at_1000": 0.86566,
                "recall_at_1": 0.81667,
                "recall_at_3": 0.905,
                "recall_at_5": 0.925,
                "recall_at_10": 0.94833,
                "recall_at_20": 0.96,
                "recall_at_100": 0.98333,
                "recall_at_1000": 1.0,
                "accuracy": 0.81667,
                "precision_at_1": 0.81667,
                "precision_at_3": 0.30167,
                "precision_at_5": 0.185,
                "precision_at_10": 0.09483,
                "precision_at_20": 0.048,
                "precision_at_100": 0.00983,
                "precision_at_1000": 0.001,
                "mrr_at_1": 0.816667,
                "mrr_at_3": 0.856389,
                "mrr_at_5": 0.860889,
                "mrr_at_10": 0.864122,
                "mrr_at_20": 0.86502,
                "mrr_at_100": 0.865598,
                "mrr_at_1000": 0.865663,
                "nauc_ndcg_at_1_max": 0.791206,
                "nauc_ndcg_at_1_std": 0.177308,
                "nauc_ndcg_at_1_diff1": 0.904481,
                "nauc_ndcg_at_3_max": 0.804602,
                "nauc_ndcg_at_3_std": 0.276486,
                "nauc_ndcg_at_3_diff1": 0.884864,
                "nauc_ndcg_at_5_max": 0.806306,
                "nauc_ndcg_at_5_std": 0.283979,
                "nauc_ndcg_at_5_diff1": 0.881439,
                "nauc_ndcg_at_10_max": 0.803294,
                "nauc_ndcg_at_10_std": 0.284702,
                "nauc_ndcg_at_10_diff1": 0.889021,
                "nauc_ndcg_at_20_max": 0.801843,
                "nauc_ndcg_at_20_std": 0.284938,
                "nauc_ndcg_at_20_diff1": 0.889163,
                "nauc_ndcg_at_100_max": 0.804785,
                "nauc_ndcg_at_100_std": 0.282289,
                "nauc_ndcg_at_100_diff1": 0.890455,
                "nauc_ndcg_at_1000_max": 0.803159,
                "nauc_ndcg_at_1000_std": 0.268852,
                "nauc_ndcg_at_1000_diff1": 0.890589,
                "nauc_map_at_1_max": 0.791206,
                "nauc_map_at_1_std": 0.177308,
                "nauc_map_at_1_diff1": 0.904481,
                "nauc_map_at_3_max": 0.801956,
                "nauc_map_at_3_std": 0.248312,
                "nauc_map_at_3_diff1": 0.890347,
                "nauc_map_at_5_max": 0.802586,
                "nauc_map_at_5_std": 0.250737,
                "nauc_map_at_5_diff1": 0.888809,
                "nauc_map_at_10_max": 0.801322,
                "nauc_map_at_10_std": 0.249813,
                "nauc_map_at_10_diff1": 0.891685,
                "nauc_map_at_20_max": 0.801009,
                "nauc_map_at_20_std": 0.249677,
                "nauc_map_at_20_diff1": 0.891728,
                "nauc_map_at_100_max": 0.801495,
                "nauc_map_at_100_std": 0.249705,
                "nauc_map_at_100_diff1": 0.89195,
                "nauc_map_at_1000_max": 0.801445,
                "nauc_map_at_1000_std": 0.249352,
                "nauc_map_at_1000_diff1": 0.891967,
                "nauc_recall_at_1_max": 0.791206,
                "nauc_recall_at_1_std": 0.177308,
                "nauc_recall_at_1_diff1": 0.904481,
                "nauc_recall_at_3_max": 0.814831,
                "nauc_recall_at_3_std": 0.393263,
                "nauc_recall_at_3_diff1": 0.862196,
                "nauc_recall_at_5_max": 0.824992,
                "nauc_recall_at_5_std": 0.455535,
                "nauc_recall_at_5_diff1": 0.843241,
                "nauc_recall_at_10_max": 0.81493,
                "nauc_recall_at_10_std": 0.542408,
                "nauc_recall_at_10_diff1": 0.875983,
                "nauc_recall_at_20_max": 0.801996,
                "nauc_recall_at_20_std": 0.619087,
                "nauc_recall_at_20_diff1": 0.873852,
                "nauc_recall_at_100_max": 0.881886,
                "nauc_recall_at_100_std": 0.942344,
                "nauc_recall_at_100_diff1": 0.888422,
                "nauc_recall_at_1000_max": NaN,
                "nauc_recall_at_1000_std": NaN,
                "nauc_recall_at_1000_diff1": NaN,
                "nauc_precision_at_1_max": 0.791206,
                "nauc_precision_at_1_std": 0.177308,
                "nauc_precision_at_1_diff1": 0.904481,
                "nauc_precision_at_3_max": 0.814831,
                "nauc_precision_at_3_std": 0.393263,
                "nauc_precision_at_3_diff1": 0.862196,
                "nauc_precision_at_5_max": 0.824992,
                "nauc_precision_at_5_std": 0.455535,
                "nauc_precision_at_5_diff1": 0.843241,
                "nauc_precision_at_10_max": 0.81493,
                "nauc_precision_at_10_std": 0.542408,
                "nauc_precision_at_10_diff1": 0.875983,
                "nauc_precision_at_20_max": 0.801996,
                "nauc_precision_at_20_std": 0.619087,
                "nauc_precision_at_20_diff1": 0.873852,
                "nauc_precision_at_100_max": 0.881886,
                "nauc_precision_at_100_std": 0.942344,
                "nauc_precision_at_100_diff1": 0.888422,
                "nauc_precision_at_1000_max": 1.0,
                "nauc_precision_at_1000_std": 1.0,
                "nauc_precision_at_1000_diff1": 1.0,
                "nauc_mrr_at_1_max": 0.791206,
                "nauc_mrr_at_1_std": 0.177308,
                "nauc_mrr_at_1_diff1": 0.904481,
                "nauc_mrr_at_3_max": 0.801956,
                "nauc_mrr_at_3_std": 0.248312,
                "nauc_mrr_at_3_diff1": 0.890347,
                "nauc_mrr_at_5_max": 0.802586,
                "nauc_mrr_at_5_std": 0.250737,
                "nauc_mrr_at_5_diff1": 0.888809,
                "nauc_mrr_at_10_max": 0.801322,
                "nauc_mrr_at_10_std": 0.249813,
                "nauc_mrr_at_10_diff1": 0.891685,
                "nauc_mrr_at_20_max": 0.801009,
                "nauc_mrr_at_20_std": 0.249677,
                "nauc_mrr_at_20_diff1": 0.891728,
                "nauc_mrr_at_100_max": 0.801495,
                "nauc_mrr_at_100_std": 0.249705,
                "nauc_mrr_at_100_diff1": 0.89195,
                "nauc_mrr_at_1000_max": 0.801445,
                "nauc_mrr_at_1000_std": 0.249352,
                "nauc_mrr_at_1000_diff1": 0.891967,
                "cv_recall_at_1": 0.81667,
                "cv_recall_at_3": 0.905,
                "cv_recall_at_5": 0.925,
                "cv_recall_at_10": 0.94833,
                "cv_recall_at_20": 0.96,
                "cv_recall_at_100": 0.98333,
                "cv_recall_at_1000": 1.0,
                "main_score": 0.88474,
                "hf_subset": "default",
                "languages": [
                    "slk-Latn"
                ]
            }
        ]
    },
    "evaluation_time": 1.9880003929138184,
    "kg_co2_emissions": null
}
