{
    "dataset_revision": "faf73c5217c37e8a9ba297b8e29b25d1ccdeccae",
    "task_name": "SlovakPharmacyDrMaxReranking",
    "mteb_version": "1.39.7",
    "scores": {
        "test": [
            {
                "ndcg_at_1": 0.81715,
                "ndcg_at_3": 0.90959,
                "ndcg_at_5": 0.92105,
                "ndcg_at_10": 0.92105,
                "ndcg_at_20": 0.92105,
                "ndcg_at_100": 0.92105,
                "ndcg_at_1000": 0.92105,
                "map_at_1": 0.81715,
                "map_at_3": 0.88769,
                "map_at_5": 0.89416,
                "map_at_10": 0.89416,
                "map_at_20": 0.89416,
                "map_at_100": 0.89416,
                "map_at_1000": 0.89416,
                "recall_at_1": 0.81715,
                "recall_at_3": 0.97263,
                "recall_at_5": 1.0,
                "recall_at_10": 1.0,
                "recall_at_20": 1.0,
                "recall_at_100": 1.0,
                "recall_at_1000": 1.0,
                "accuracy": 0.81715,
                "precision_at_1": 0.81715,
                "precision_at_3": 0.32421,
                "precision_at_5": 0.2,
                "precision_at_10": 0.1,
                "precision_at_20": 0.05,
                "precision_at_100": 0.01,
                "precision_at_1000": 0.001,
                "mrr_at_1": 0.817151,
                "mrr_at_3": 0.887689,
                "mrr_at_5": 0.894158,
                "mrr_at_10": 0.894158,
                "mrr_at_20": 0.894158,
                "mrr_at_100": 0.894158,
                "mrr_at_1000": 0.894158,
                "nauc_ndcg_at_1_max": 0.609823,
                "nauc_ndcg_at_1_std": 0.590098,
                "nauc_ndcg_at_1_diff1": 0.781911,
                "nauc_ndcg_at_3_max": 0.633135,
                "nauc_ndcg_at_3_std": 0.637954,
                "nauc_ndcg_at_3_diff1": 0.769459,
                "nauc_ndcg_at_5_max": 0.619303,
                "nauc_ndcg_at_5_std": 0.610084,
                "nauc_ndcg_at_5_diff1": 0.772252,
                "nauc_ndcg_at_10_max": 0.619303,
                "nauc_ndcg_at_10_std": 0.610084,
                "nauc_ndcg_at_10_diff1": 0.772252,
                "nauc_ndcg_at_20_max": 0.619303,
                "nauc_ndcg_at_20_std": 0.610084,
                "nauc_ndcg_at_20_diff1": 0.772252,
                "nauc_ndcg_at_100_max": 0.619303,
                "nauc_ndcg_at_100_std": 0.610084,
                "nauc_ndcg_at_100_diff1": 0.772252,
                "nauc_ndcg_at_1000_max": 0.619303,
                "nauc_ndcg_at_1000_std": 0.610084,
                "nauc_ndcg_at_1000_diff1": 0.772252,
                "nauc_map_at_1_max": 0.609823,
                "nauc_map_at_1_std": 0.590098,
                "nauc_map_at_1_diff1": 0.781911,
                "nauc_map_at_3_max": 0.624983,
                "nauc_map_at_3_std": 0.621398,
                "nauc_map_at_3_diff1": 0.771704,
                "nauc_map_at_5_max": 0.618628,
                "nauc_map_at_5_std": 0.608661,
                "nauc_map_at_5_diff1": 0.772837,
                "nauc_map_at_10_max": 0.618628,
                "nauc_map_at_10_std": 0.608661,
                "nauc_map_at_10_diff1": 0.772837,
                "nauc_map_at_20_max": 0.618628,
                "nauc_map_at_20_std": 0.608661,
                "nauc_map_at_20_diff1": 0.772837,
                "nauc_map_at_100_max": 0.618628,
                "nauc_map_at_100_std": 0.608661,
                "nauc_map_at_100_diff1": 0.772837,
                "nauc_map_at_1000_max": 0.618628,
                "nauc_map_at_1000_std": 0.608661,
                "nauc_map_at_1000_diff1": 0.772837,
                "nauc_recall_at_1_max": 0.609823,
                "nauc_recall_at_1_std": 0.590098,
                "nauc_recall_at_1_diff1": 0.781911,
                "nauc_recall_at_3_max": 0.723564,
                "nauc_recall_at_3_std": 0.821285,
                "nauc_recall_at_3_diff1": 0.748325,
                "nauc_recall_at_5_max": NaN,
                "nauc_recall_at_5_std": NaN,
                "nauc_recall_at_5_diff1": NaN,
                "nauc_recall_at_10_max": NaN,
                "nauc_recall_at_10_std": NaN,
                "nauc_recall_at_10_diff1": NaN,
                "nauc_recall_at_20_max": NaN,
                "nauc_recall_at_20_std": NaN,
                "nauc_recall_at_20_diff1": NaN,
                "nauc_recall_at_100_max": NaN,
                "nauc_recall_at_100_std": NaN,
                "nauc_recall_at_100_diff1": NaN,
                "nauc_recall_at_1000_max": NaN,
                "nauc_recall_at_1000_std": NaN,
                "nauc_recall_at_1000_diff1": NaN,
                "nauc_precision_at_1_max": 0.609823,
                "nauc_precision_at_1_std": 0.590098,
                "nauc_precision_at_1_diff1": 0.781911,
                "nauc_precision_at_3_max": 0.723564,
                "nauc_precision_at_3_std": 0.821285,
                "nauc_precision_at_3_diff1": 0.748325,
                "nauc_precision_at_5_max": 1.0,
                "nauc_precision_at_5_std": 1.0,
                "nauc_precision_at_5_diff1": 1.0,
                "nauc_precision_at_10_max": 1.0,
                "nauc_precision_at_10_std": 1.0,
                "nauc_precision_at_10_diff1": 1.0,
                "nauc_precision_at_20_max": 1.0,
                "nauc_precision_at_20_std": 1.0,
                "nauc_precision_at_20_diff1": 1.0,
                "nauc_precision_at_100_max": 1.0,
                "nauc_precision_at_100_std": 1.0,
                "nauc_precision_at_100_diff1": 1.0,
                "nauc_precision_at_1000_max": 1.0,
                "nauc_precision_at_1000_std": 1.0,
                "nauc_precision_at_1000_diff1": 1.0,
                "nauc_mrr_at_1_max": 0.609823,
                "nauc_mrr_at_1_std": 0.590098,
                "nauc_mrr_at_1_diff1": 0.781911,
                "nauc_mrr_at_3_max": 0.624983,
                "nauc_mrr_at_3_std": 0.621398,
                "nauc_mrr_at_3_diff1": 0.771704,
                "nauc_mrr_at_5_max": 0.618628,
                "nauc_mrr_at_5_std": 0.608661,
                "nauc_mrr_at_5_diff1": 0.772837,
                "nauc_mrr_at_10_max": 0.618628,
                "nauc_mrr_at_10_std": 0.608661,
                "nauc_mrr_at_10_diff1": 0.772837,
                "nauc_mrr_at_20_max": 0.618628,
                "nauc_mrr_at_20_std": 0.608661,
                "nauc_mrr_at_20_diff1": 0.772837,
                "nauc_mrr_at_100_max": 0.618628,
                "nauc_mrr_at_100_std": 0.608661,
                "nauc_mrr_at_100_diff1": 0.772837,
                "nauc_mrr_at_1000_max": 0.618628,
                "nauc_mrr_at_1000_std": 0.608661,
                "nauc_mrr_at_1000_diff1": 0.772837,
                "cv_recall_at_1": 0.81715,
                "cv_recall_at_3": 0.97263,
                "cv_recall_at_5": 1.0,
                "cv_recall_at_10": 1.0,
                "cv_recall_at_20": 1.0,
                "cv_recall_at_100": 1.0,
                "cv_recall_at_1000": 1.0,
                "main_score": 0.89416,
                "hf_subset": "default",
                "languages": [
                    "slk-Latn"
                ]
            }
        ]
    },
    "evaluation_time": 20.744205474853516,
    "kg_co2_emissions": null
}
