{
    "dataset_revision": "c5a6521a4ddce3450fb04ba218623681a9189c6d",
    "task_name": "SMESumRetrieval",
    "mteb_version": "1.39.7",
    "scores": {
        "test": [
            {
                "ndcg_at_1": 0.70333,
                "ndcg_at_3": 0.78309,
                "ndcg_at_5": 0.79493,
                "ndcg_at_10": 0.80648,
                "ndcg_at_20": 0.81565,
                "ndcg_at_100": 0.82392,
                "ndcg_at_1000": 0.82647,
                "map_at_1": 0.70333,
                "map_at_3": 0.76444,
                "map_at_5": 0.77111,
                "map_at_10": 0.77601,
                "map_at_20": 0.77848,
                "map_at_100": 0.7797,
                "map_at_1000": 0.77979,
                "recall_at_1": 0.70333,
                "recall_at_3": 0.83667,
                "recall_at_5": 0.865,
                "recall_at_10": 0.9,
                "recall_at_20": 0.93667,
                "recall_at_100": 0.98,
                "recall_at_1000": 1.0,
                "accuracy": 0.70333,
                "precision_at_1": 0.70333,
                "precision_at_3": 0.27889,
                "precision_at_5": 0.173,
                "precision_at_10": 0.09,
                "precision_at_20": 0.04683,
                "precision_at_100": 0.0098,
                "precision_at_1000": 0.001,
                "mrr_at_1": 0.703333,
                "mrr_at_3": 0.764444,
                "mrr_at_5": 0.771111,
                "mrr_at_10": 0.776009,
                "mrr_at_20": 0.778475,
                "mrr_at_100": 0.779702,
                "mrr_at_1000": 0.779794,
                "nauc_ndcg_at_1_max": 0.682079,
                "nauc_ndcg_at_1_std": 0.268976,
                "nauc_ndcg_at_1_diff1": 0.8193,
                "nauc_ndcg_at_3_max": 0.704365,
                "nauc_ndcg_at_3_std": 0.363943,
                "nauc_ndcg_at_3_diff1": 0.796342,
                "nauc_ndcg_at_5_max": 0.700255,
                "nauc_ndcg_at_5_std": 0.359137,
                "nauc_ndcg_at_5_diff1": 0.787548,
                "nauc_ndcg_at_10_max": 0.700311,
                "nauc_ndcg_at_10_std": 0.359268,
                "nauc_ndcg_at_10_diff1": 0.784375,
                "nauc_ndcg_at_20_max": 0.703411,
                "nauc_ndcg_at_20_std": 0.372596,
                "nauc_ndcg_at_20_diff1": 0.78986,
                "nauc_ndcg_at_100_max": 0.701024,
                "nauc_ndcg_at_100_std": 0.356496,
                "nauc_ndcg_at_100_diff1": 0.795468,
                "nauc_ndcg_at_1000_max": 0.699752,
                "nauc_ndcg_at_1000_std": 0.348946,
                "nauc_ndcg_at_1000_diff1": 0.795516,
                "nauc_map_at_1_max": 0.682079,
                "nauc_map_at_1_std": 0.268976,
                "nauc_map_at_1_diff1": 0.8193,
                "nauc_map_at_3_max": 0.700141,
                "nauc_map_at_3_std": 0.338111,
                "nauc_map_at_3_diff1": 0.802916,
                "nauc_map_at_5_max": 0.698071,
                "nauc_map_at_5_std": 0.334883,
                "nauc_map_at_5_diff1": 0.798685,
                "nauc_map_at_10_max": 0.697684,
                "nauc_map_at_10_std": 0.334272,
                "nauc_map_at_10_diff1": 0.797353,
                "nauc_map_at_20_max": 0.698467,
                "nauc_map_at_20_std": 0.33718,
                "nauc_map_at_20_diff1": 0.798826,
                "nauc_map_at_100_max": 0.697994,
                "nauc_map_at_100_std": 0.334846,
                "nauc_map_at_100_diff1": 0.799607,
                "nauc_map_at_1000_max": 0.69795,
                "nauc_map_at_1000_std": 0.334636,
                "nauc_map_at_1000_diff1": 0.799599,
                "nauc_recall_at_1_max": 0.682079,
                "nauc_recall_at_1_std": 0.268976,
                "nauc_recall_at_1_diff1": 0.8193,
                "nauc_recall_at_3_max": 0.71963,
                "nauc_recall_at_3_std": 0.46409,
                "nauc_recall_at_3_diff1": 0.770655,
                "nauc_recall_at_5_max": 0.707485,
                "nauc_recall_at_5_std": 0.466848,
                "nauc_recall_at_5_diff1": 0.73525,
                "nauc_recall_at_10_max": 0.713741,
                "nauc_recall_at_10_std": 0.501673,
                "nauc_recall_at_10_diff1": 0.706505,
                "nauc_recall_at_20_max": 0.75156,
                "nauc_recall_at_20_std": 0.72006,
                "nauc_recall_at_20_diff1": 0.717529,
                "nauc_recall_at_100_max": 0.776727,
                "nauc_recall_at_100_std": 0.827264,
                "nauc_recall_at_100_diff1": 0.787776,
                "nauc_recall_at_1000_max": NaN,
                "nauc_recall_at_1000_std": NaN,
                "nauc_recall_at_1000_diff1": NaN,
                "nauc_precision_at_1_max": 0.682079,
                "nauc_precision_at_1_std": 0.268976,
                "nauc_precision_at_1_diff1": 0.8193,
                "nauc_precision_at_3_max": 0.71963,
                "nauc_precision_at_3_std": 0.46409,
                "nauc_precision_at_3_diff1": 0.770655,
                "nauc_precision_at_5_max": 0.707485,
                "nauc_precision_at_5_std": 0.466848,
                "nauc_precision_at_5_diff1": 0.73525,
                "nauc_precision_at_10_max": 0.713741,
                "nauc_precision_at_10_std": 0.501673,
                "nauc_precision_at_10_diff1": 0.706505,
                "nauc_precision_at_20_max": 0.75156,
                "nauc_precision_at_20_std": 0.72006,
                "nauc_precision_at_20_diff1": 0.717529,
                "nauc_precision_at_100_max": 0.776727,
                "nauc_precision_at_100_std": 0.827264,
                "nauc_precision_at_100_diff1": 0.787776,
                "nauc_precision_at_1000_max": 1.0,
                "nauc_precision_at_1000_std": 1.0,
                "nauc_precision_at_1000_diff1": 1.0,
                "nauc_mrr_at_1_max": 0.682079,
                "nauc_mrr_at_1_std": 0.268976,
                "nauc_mrr_at_1_diff1": 0.8193,
                "nauc_mrr_at_3_max": 0.700141,
                "nauc_mrr_at_3_std": 0.338111,
                "nauc_mrr_at_3_diff1": 0.802916,
                "nauc_mrr_at_5_max": 0.698071,
                "nauc_mrr_at_5_std": 0.334883,
                "nauc_mrr_at_5_diff1": 0.798685,
                "nauc_mrr_at_10_max": 0.697684,
                "nauc_mrr_at_10_std": 0.334272,
                "nauc_mrr_at_10_diff1": 0.797353,
                "nauc_mrr_at_20_max": 0.698467,
                "nauc_mrr_at_20_std": 0.33718,
                "nauc_mrr_at_20_diff1": 0.798826,
                "nauc_mrr_at_100_max": 0.697994,
                "nauc_mrr_at_100_std": 0.334846,
                "nauc_mrr_at_100_diff1": 0.799607,
                "nauc_mrr_at_1000_max": 0.69795,
                "nauc_mrr_at_1000_std": 0.334636,
                "nauc_mrr_at_1000_diff1": 0.799599,
                "cv_recall_at_1": 0.70333,
                "cv_recall_at_3": 0.83667,
                "cv_recall_at_5": 0.865,
                "cv_recall_at_10": 0.9,
                "cv_recall_at_20": 0.93667,
                "cv_recall_at_100": 0.98,
                "cv_recall_at_1000": 1.0,
                "main_score": 0.80648,
                "hf_subset": "default",
                "languages": [
                    "slk-Latn"
                ]
            }
        ]
    },
    "evaluation_time": 1.933600902557373,
    "kg_co2_emissions": null
}
