{
    "dataset_revision": "f64f483ad0f31d2e78209d524c14a4a867965959",
    "task_name": "WebFAQRetrieval",
    "mteb_version": "1.39.7",
    "scores": {
        "test": [
            {
                "ndcg_at_1": 0.65969,
                "ndcg_at_3": 0.73666,
                "ndcg_at_5": 0.75278,
                "ndcg_at_10": 0.76779,
                "ndcg_at_20": 0.77665,
                "ndcg_at_100": 0.78622,
                "ndcg_at_1000": 0.79072,
                "map_at_1": 0.65969,
                "map_at_3": 0.71873,
                "map_at_5": 0.72771,
                "map_at_10": 0.73399,
                "map_at_20": 0.7364,
                "map_at_100": 0.73774,
                "map_at_1000": 0.73791,
                "recall_at_1": 0.65969,
                "recall_at_3": 0.78814,
                "recall_at_5": 0.82715,
                "recall_at_10": 0.87314,
                "recall_at_20": 0.90834,
                "recall_at_100": 0.95972,
                "recall_at_1000": 0.99524,
                "accuracy": 0.65969,
                "precision_at_1": 0.65969,
                "precision_at_3": 0.26271,
                "precision_at_5": 0.16543,
                "precision_at_10": 0.08731,
                "precision_at_20": 0.04542,
                "precision_at_100": 0.0096,
                "precision_at_1000": 0.001,
                "mrr_at_1": 0.659055,
                "mrr_at_3": 0.718363,
                "mrr_at_5": 0.727418,
                "mrr_at_10": 0.733679,
                "mrr_at_20": 0.736098,
                "mrr_at_100": 0.737434,
                "mrr_at_1000": 0.737603,
                "nauc_ndcg_at_1_max": 0.52747,
                "nauc_ndcg_at_1_std": -0.001378,
                "nauc_ndcg_at_1_diff1": 0.807094,
                "nauc_ndcg_at_3_max": 0.529627,
                "nauc_ndcg_at_3_std": -0.012959,
                "nauc_ndcg_at_3_diff1": 0.768115,
                "nauc_ndcg_at_5_max": 0.532119,
                "nauc_ndcg_at_5_std": -0.011691,
                "nauc_ndcg_at_5_diff1": 0.767319,
                "nauc_ndcg_at_10_max": 0.528314,
                "nauc_ndcg_at_10_std": -0.01034,
                "nauc_ndcg_at_10_diff1": 0.767285,
                "nauc_ndcg_at_20_max": 0.525441,
                "nauc_ndcg_at_20_std": -0.008275,
                "nauc_ndcg_at_20_diff1": 0.766812,
                "nauc_ndcg_at_100_max": 0.527059,
                "nauc_ndcg_at_100_std": -0.001486,
                "nauc_ndcg_at_100_diff1": 0.768632,
                "nauc_ndcg_at_1000_max": 0.528028,
                "nauc_ndcg_at_1000_std": -0.005302,
                "nauc_ndcg_at_1000_diff1": 0.772371,
                "nauc_map_at_1_max": 0.52747,
                "nauc_map_at_1_std": -0.001378,
                "nauc_map_at_1_diff1": 0.807094,
                "nauc_map_at_3_max": 0.529636,
                "nauc_map_at_3_std": -0.009163,
                "nauc_map_at_3_diff1": 0.778137,
                "nauc_map_at_5_max": 0.53095,
                "nauc_map_at_5_std": -0.00829,
                "nauc_map_at_5_diff1": 0.778026,
                "nauc_map_at_10_max": 0.529462,
                "nauc_map_at_10_std": -0.007611,
                "nauc_map_at_10_diff1": 0.778256,
                "nauc_map_at_20_max": 0.528669,
                "nauc_map_at_20_std": -0.007212,
                "nauc_map_at_20_diff1": 0.77819,
                "nauc_map_at_100_max": 0.528769,
                "nauc_map_at_100_std": -0.006484,
                "nauc_map_at_100_diff1": 0.778454,
                "nauc_map_at_1000_max": 0.528767,
                "nauc_map_at_1000_std": -0.006638,
                "nauc_map_at_1000_diff1": 0.778579,
                "nauc_recall_at_1_max": 0.52747,
                "nauc_recall_at_1_std": -0.001378,
                "nauc_recall_at_1_diff1": 0.807094,
                "nauc_recall_at_3_max": 0.52928,
                "nauc_recall_at_3_std": -0.026815,
                "nauc_recall_at_3_diff1": 0.73274,
                "nauc_recall_at_5_max": 0.537031,
                "nauc_recall_at_5_std": -0.026075,
                "nauc_recall_at_5_diff1": 0.723304,
                "nauc_recall_at_10_max": 0.519796,
                "nauc_recall_at_10_std": -0.024875,
                "nauc_recall_at_10_diff1": 0.708973,
                "nauc_recall_at_20_max": 0.494886,
                "nauc_recall_at_20_std": -0.010487,
                "nauc_recall_at_20_diff1": 0.685914,
                "nauc_recall_at_100_max": 0.505014,
                "nauc_recall_at_100_std": 0.161868,
                "nauc_recall_at_100_diff1": 0.628972,
                "nauc_recall_at_1000_max": 0.701092,
                "nauc_recall_at_1000_std": 0.284308,
                "nauc_recall_at_1000_diff1": 0.697361,
                "nauc_precision_at_1_max": 0.52747,
                "nauc_precision_at_1_std": -0.001378,
                "nauc_precision_at_1_diff1": 0.807094,
                "nauc_precision_at_3_max": 0.52928,
                "nauc_precision_at_3_std": -0.026815,
                "nauc_precision_at_3_diff1": 0.73274,
                "nauc_precision_at_5_max": 0.537031,
                "nauc_precision_at_5_std": -0.026075,
                "nauc_precision_at_5_diff1": 0.723304,
                "nauc_precision_at_10_max": 0.519796,
                "nauc_precision_at_10_std": -0.024875,
                "nauc_precision_at_10_diff1": 0.708973,
                "nauc_precision_at_20_max": 0.494886,
                "nauc_precision_at_20_std": -0.010487,
                "nauc_precision_at_20_diff1": 0.685914,
                "nauc_precision_at_100_max": 0.505014,
                "nauc_precision_at_100_std": 0.161868,
                "nauc_precision_at_100_diff1": 0.628972,
                "nauc_precision_at_1000_max": 0.701092,
                "nauc_precision_at_1000_std": 0.284308,
                "nauc_precision_at_1000_diff1": 0.697361,
                "nauc_mrr_at_1_max": 0.528248,
                "nauc_mrr_at_1_std": -0.005292,
                "nauc_mrr_at_1_diff1": 0.808338,
                "nauc_mrr_at_3_max": 0.530595,
                "nauc_mrr_at_3_std": -0.011541,
                "nauc_mrr_at_3_diff1": 0.778977,
                "nauc_mrr_at_5_max": 0.531451,
                "nauc_mrr_at_5_std": -0.011404,
                "nauc_mrr_at_5_diff1": 0.77871,
                "nauc_mrr_at_10_max": 0.530068,
                "nauc_mrr_at_10_std": -0.010714,
                "nauc_mrr_at_10_diff1": 0.778996,
                "nauc_mrr_at_20_max": 0.52924,
                "nauc_mrr_at_20_std": -0.010292,
                "nauc_mrr_at_20_diff1": 0.778934,
                "nauc_mrr_at_100_max": 0.529361,
                "nauc_mrr_at_100_std": -0.009618,
                "nauc_mrr_at_100_diff1": 0.779214,
                "nauc_mrr_at_1000_max": 0.52936,
                "nauc_mrr_at_1000_std": -0.009774,
                "nauc_mrr_at_1000_diff1": 0.77934,
                "cv_recall_at_1": 0.65905,
                "cv_recall_at_3": 0.78782,
                "cv_recall_at_5": 0.82715,
                "cv_recall_at_10": 0.87314,
                "cv_recall_at_20": 0.90834,
                "cv_recall_at_100": 0.95972,
                "cv_recall_at_1000": 0.99524,
                "main_score": 0.76779,
                "hf_subset": "slk",
                "languages": [
                    "slk-Latn"
                ]
            }
        ]
    },
    "evaluation_time": 19.6379497051239,
    "kg_co2_emissions": null
}
