{
    "dataset_revision": "09f81f51dd5b8497da16d02c69c98d5cb5993ef2",
    "task_name": "SKQuadRetrieval",
    "mteb_version": "1.39.7",
    "scores": {
        "test": [
            {
                "ndcg_at_1": 0.58571,
                "ndcg_at_3": 0.63833,
                "ndcg_at_5": 0.66038,
                "ndcg_at_10": 0.68061,
                "ndcg_at_20": 0.70159,
                "ndcg_at_100": 0.72249,
                "ndcg_at_1000": 0.7294,
                "map_at_1": 0.39963,
                "map_at_3": 0.52063,
                "map_at_5": 0.53964,
                "map_at_10": 0.55384,
                "map_at_20": 0.56527,
                "map_at_100": 0.57215,
                "map_at_1000": 0.57275,
                "recall_at_1": 0.39963,
                "recall_at_3": 0.63456,
                "recall_at_5": 0.69189,
                "recall_at_10": 0.75046,
                "recall_at_20": 0.82751,
                "recall_at_100": 0.93536,
                "recall_at_1000": 0.98843,
                "accuracy": 0.39963,
                "precision_at_1": 0.59612,
                "precision_at_3": 0.32951,
                "precision_at_5": 0.22046,
                "precision_at_10": 0.12363,
                "precision_at_20": 0.07152,
                "precision_at_100": 0.01702,
                "precision_at_1000": 0.00183,
                "mrr_at_1": 0.59612,
                "mrr_at_3": 0.733392,
                "mrr_at_5": 0.743754,
                "mrr_at_10": 0.747804,
                "mrr_at_20": 0.748793,
                "mrr_at_100": 0.74901,
                "mrr_at_1000": 0.749032,
                "nauc_ndcg_at_1_max": 0.100172,
                "nauc_ndcg_at_1_std": -0.13928,
                "nauc_ndcg_at_1_diff1": 0.419755,
                "nauc_ndcg_at_3_max": 0.096114,
                "nauc_ndcg_at_3_std": -0.148382,
                "nauc_ndcg_at_3_diff1": 0.26575,
                "nauc_ndcg_at_5_max": 0.085745,
                "nauc_ndcg_at_5_std": -0.151646,
                "nauc_ndcg_at_5_diff1": 0.28414,
                "nauc_ndcg_at_10_max": 0.08326,
                "nauc_ndcg_at_10_std": -0.141766,
                "nauc_ndcg_at_10_diff1": 0.292566,
                "nauc_ndcg_at_20_max": 0.096763,
                "nauc_ndcg_at_20_std": -0.104964,
                "nauc_ndcg_at_20_diff1": 0.299419,
                "nauc_ndcg_at_100_max": 0.112468,
                "nauc_ndcg_at_100_std": -0.092833,
                "nauc_ndcg_at_100_diff1": 0.307341,
                "nauc_ndcg_at_1000_max": 0.111814,
                "nauc_ndcg_at_1000_std": -0.106076,
                "nauc_ndcg_at_1000_diff1": 0.309856,
                "nauc_map_at_1_max": -0.000851,
                "nauc_map_at_1_std": -0.162638,
                "nauc_map_at_1_diff1": 0.359744,
                "nauc_map_at_3_max": 0.022335,
                "nauc_map_at_3_std": -0.171406,
                "nauc_map_at_3_diff1": 0.266596,
                "nauc_map_at_5_max": 0.022836,
                "nauc_map_at_5_std": -0.170016,
                "nauc_map_at_5_diff1": 0.274855,
                "nauc_map_at_10_max": 0.029439,
                "nauc_map_at_10_std": -0.163758,
                "nauc_map_at_10_diff1": 0.27878,
                "nauc_map_at_20_max": 0.038218,
                "nauc_map_at_20_std": -0.148663,
                "nauc_map_at_20_diff1": 0.280515,
                "nauc_map_at_100_max": 0.043305,
                "nauc_map_at_100_std": -0.143848,
                "nauc_map_at_100_diff1": 0.282155,
                "nauc_map_at_1000_max": 0.043205,
                "nauc_map_at_1000_std": -0.144508,
                "nauc_map_at_1000_diff1": 0.282191,
                "nauc_recall_at_1_max": -0.000851,
                "nauc_recall_at_1_std": -0.162638,
                "nauc_recall_at_1_diff1": 0.359744,
                "nauc_recall_at_3_max": 0.017189,
                "nauc_recall_at_3_std": -0.149209,
                "nauc_recall_at_3_diff1": 0.114575,
                "nauc_recall_at_5_max": -0.011026,
                "nauc_recall_at_5_std": -0.141075,
                "nauc_recall_at_5_diff1": 0.118408,
                "nauc_recall_at_10_max": -0.032839,
                "nauc_recall_at_10_std": -0.113788,
                "nauc_recall_at_10_diff1": 0.108368,
                "nauc_recall_at_20_max": -0.01119,
                "nauc_recall_at_20_std": 0.052932,
                "nauc_recall_at_20_diff1": 0.091743,
                "nauc_recall_at_100_max": 0.124062,
                "nauc_recall_at_100_std": 0.384463,
                "nauc_recall_at_100_diff1": 0.070329,
                "nauc_recall_at_1000_max": 0.315398,
                "nauc_recall_at_1000_std": 0.726174,
                "nauc_recall_at_1000_diff1": -0.103088,
                "nauc_precision_at_1_max": 0.108343,
                "nauc_precision_at_1_std": -0.139571,
                "nauc_precision_at_1_diff1": 0.406276,
                "nauc_precision_at_3_max": 0.253794,
                "nauc_precision_at_3_std": 0.001737,
                "nauc_precision_at_3_diff1": -0.025845,
                "nauc_precision_at_5_max": 0.209918,
                "nauc_precision_at_5_std": 0.044962,
                "nauc_precision_at_5_diff1": -0.042426,
                "nauc_precision_at_10_max": 0.188788,
                "nauc_precision_at_10_std": 0.106256,
                "nauc_precision_at_10_diff1": -0.049782,
                "nauc_precision_at_20_max": 0.192551,
                "nauc_precision_at_20_std": 0.220589,
                "nauc_precision_at_20_diff1": -0.065993,
                "nauc_precision_at_100_max": 0.197623,
                "nauc_precision_at_100_std": 0.249823,
                "nauc_precision_at_100_diff1": -0.091012,
                "nauc_precision_at_1000_max": 0.177762,
                "nauc_precision_at_1000_std": 0.194743,
                "nauc_precision_at_1000_diff1": -0.106542,
                "nauc_mrr_at_1_max": 0.108343,
                "nauc_mrr_at_1_std": -0.139571,
                "nauc_mrr_at_1_diff1": 0.406276,
                "nauc_mrr_at_3_max": 0.185153,
                "nauc_mrr_at_3_std": -0.123491,
                "nauc_mrr_at_3_diff1": 0.344055,
                "nauc_mrr_at_5_max": 0.181998,
                "nauc_mrr_at_5_std": -0.125963,
                "nauc_mrr_at_5_diff1": 0.356989,
                "nauc_mrr_at_10_max": 0.176845,
                "nauc_mrr_at_10_std": -0.125476,
                "nauc_mrr_at_10_diff1": 0.362114,
                "nauc_mrr_at_20_max": 0.175572,
                "nauc_mrr_at_20_std": -0.123829,
                "nauc_mrr_at_20_diff1": 0.362532,
                "nauc_mrr_at_100_max": 0.174764,
                "nauc_mrr_at_100_std": -0.124475,
                "nauc_mrr_at_100_diff1": 0.362681,
                "nauc_mrr_at_1000_max": 0.174679,
                "nauc_mrr_at_1000_std": -0.124585,
                "nauc_mrr_at_1000_diff1": 0.362654,
                "cv_recall_at_1": 0.59612,
                "cv_recall_at_3": 0.89594,
                "cv_recall_at_5": 0.9418,
                "cv_recall_at_10": 0.97178,
                "cv_recall_at_20": 0.98677,
                "cv_recall_at_100": 0.99559,
                "cv_recall_at_1000": 0.99912,
                "main_score": 0.68061,
                "hf_subset": "default",
                "languages": [
                    "slk-Latn"
                ]
            }
        ]
    },
    "evaluation_time": 26.909647703170776,
    "kg_co2_emissions": null
}
