{
    "dataset_revision": "09f81f51dd5b8497da16d02c69c98d5cb5993ef2",
    "task_name": "SKQuadRetrieval",
    "mteb_version": "1.39.7",
    "scores": {
        "test": [
            {
                "ndcg_at_1": 0.58765,
                "ndcg_at_3": 0.6381,
                "ndcg_at_5": 0.65944,
                "ndcg_at_10": 0.68194,
                "ndcg_at_20": 0.70054,
                "ndcg_at_100": 0.72212,
                "ndcg_at_1000": 0.72984,
                "map_at_1": 0.40313,
                "map_at_3": 0.52173,
                "map_at_5": 0.54021,
                "map_at_10": 0.55613,
                "map_at_20": 0.56632,
                "map_at_100": 0.5735,
                "map_at_1000": 0.57419,
                "recall_at_1": 0.40313,
                "recall_at_3": 0.63376,
                "recall_at_5": 0.6887,
                "recall_at_10": 0.75524,
                "recall_at_20": 0.82211,
                "recall_at_100": 0.93083,
                "recall_at_1000": 0.9899,
                "accuracy": 0.40313,
                "precision_at_1": 0.597,
                "precision_at_3": 0.32981,
                "precision_at_5": 0.22011,
                "precision_at_10": 0.12451,
                "precision_at_20": 0.07103,
                "precision_at_100": 0.01694,
                "precision_at_1000": 0.00183,
                "mrr_at_1": 0.597002,
                "mrr_at_3": 0.731188,
                "mrr_at_5": 0.741505,
                "mrr_at_10": 0.745623,
                "mrr_at_20": 0.746774,
                "mrr_at_100": 0.74705,
                "mrr_at_1000": 0.747075,
                "nauc_ndcg_at_1_max": 0.141302,
                "nauc_ndcg_at_1_std": -0.125762,
                "nauc_ndcg_at_1_diff1": 0.37131,
                "nauc_ndcg_at_3_max": 0.11887,
                "nauc_ndcg_at_3_std": -0.130749,
                "nauc_ndcg_at_3_diff1": 0.242446,
                "nauc_ndcg_at_5_max": 0.106583,
                "nauc_ndcg_at_5_std": -0.136278,
                "nauc_ndcg_at_5_diff1": 0.247953,
                "nauc_ndcg_at_10_max": 0.096352,
                "nauc_ndcg_at_10_std": -0.132091,
                "nauc_ndcg_at_10_diff1": 0.251551,
                "nauc_ndcg_at_20_max": 0.115879,
                "nauc_ndcg_at_20_std": -0.096339,
                "nauc_ndcg_at_20_diff1": 0.258774,
                "nauc_ndcg_at_100_max": 0.128713,
                "nauc_ndcg_at_100_std": -0.083438,
                "nauc_ndcg_at_100_diff1": 0.264198,
                "nauc_ndcg_at_1000_max": 0.129452,
                "nauc_ndcg_at_1000_std": -0.095552,
                "nauc_ndcg_at_1000_diff1": 0.269661,
                "nauc_map_at_1_max": 0.014348,
                "nauc_map_at_1_std": -0.151861,
                "nauc_map_at_1_diff1": 0.321833,
                "nauc_map_at_3_max": 0.037222,
                "nauc_map_at_3_std": -0.151681,
                "nauc_map_at_3_diff1": 0.240571,
                "nauc_map_at_5_max": 0.035267,
                "nauc_map_at_5_std": -0.153235,
                "nauc_map_at_5_diff1": 0.243059,
                "nauc_map_at_10_max": 0.037186,
                "nauc_map_at_10_std": -0.147271,
                "nauc_map_at_10_diff1": 0.244372,
                "nauc_map_at_20_max": 0.047081,
                "nauc_map_at_20_std": -0.133784,
                "nauc_map_at_20_diff1": 0.246883,
                "nauc_map_at_100_max": 0.051052,
                "nauc_map_at_100_std": -0.127608,
                "nauc_map_at_100_diff1": 0.247258,
                "nauc_map_at_1000_max": 0.051134,
                "nauc_map_at_1000_std": -0.128119,
                "nauc_map_at_1000_diff1": 0.247587,
                "nauc_recall_at_1_max": 0.014348,
                "nauc_recall_at_1_std": -0.151861,
                "nauc_recall_at_1_diff1": 0.321833,
                "nauc_recall_at_3_max": 0.031298,
                "nauc_recall_at_3_std": -0.123266,
                "nauc_recall_at_3_diff1": 0.118402,
                "nauc_recall_at_5_max": 0.006022,
                "nauc_recall_at_5_std": -0.122412,
                "nauc_recall_at_5_diff1": 0.102341,
                "nauc_recall_at_10_max": -0.044919,
                "nauc_recall_at_10_std": -0.106055,
                "nauc_recall_at_10_diff1": 0.073571,
                "nauc_recall_at_20_max": 0.007395,
                "nauc_recall_at_20_std": 0.054288,
                "nauc_recall_at_20_diff1": 0.059187,
                "nauc_recall_at_100_max": 0.093515,
                "nauc_recall_at_100_std": 0.327697,
                "nauc_recall_at_100_diff1": 0.004114,
                "nauc_recall_at_1000_max": 0.3216,
                "nauc_recall_at_1000_std": 0.756566,
                "nauc_recall_at_1000_diff1": -0.114898,
                "nauc_precision_at_1_max": 0.142881,
                "nauc_precision_at_1_std": -0.125512,
                "nauc_precision_at_1_diff1": 0.357078,
                "nauc_precision_at_3_max": 0.275435,
                "nauc_precision_at_3_std": 0.03704,
                "nauc_precision_at_3_diff1": -0.012114,
                "nauc_precision_at_5_max": 0.226184,
                "nauc_precision_at_5_std": 0.073761,
                "nauc_precision_at_5_diff1": -0.060778,
                "nauc_precision_at_10_max": 0.177236,
                "nauc_precision_at_10_std": 0.119648,
                "nauc_precision_at_10_diff1": -0.071892,
                "nauc_precision_at_20_max": 0.202721,
                "nauc_precision_at_20_std": 0.2229,
                "nauc_precision_at_20_diff1": -0.076653,
                "nauc_precision_at_100_max": 0.195862,
                "nauc_precision_at_100_std": 0.247228,
                "nauc_precision_at_100_diff1": -0.097842,
                "nauc_precision_at_1000_max": 0.182149,
                "nauc_precision_at_1000_std": 0.198889,
                "nauc_precision_at_1000_diff1": -0.104502,
                "nauc_mrr_at_1_max": 0.142881,
                "nauc_mrr_at_1_std": -0.125512,
                "nauc_mrr_at_1_diff1": 0.357078,
                "nauc_mrr_at_3_max": 0.211465,
                "nauc_mrr_at_3_std": -0.119364,
                "nauc_mrr_at_3_diff1": 0.306044,
                "nauc_mrr_at_5_max": 0.209843,
                "nauc_mrr_at_5_std": -0.119749,
                "nauc_mrr_at_5_diff1": 0.312531,
                "nauc_mrr_at_10_max": 0.202721,
                "nauc_mrr_at_10_std": -0.121268,
                "nauc_mrr_at_10_diff1": 0.314348,
                "nauc_mrr_at_20_max": 0.201955,
                "nauc_mrr_at_20_std": -0.118083,
                "nauc_mrr_at_20_diff1": 0.314464,
                "nauc_mrr_at_100_max": 0.200986,
                "nauc_mrr_at_100_std": -0.119345,
                "nauc_mrr_at_100_diff1": 0.315183,
                "nauc_mrr_at_1000_max": 0.200892,
                "nauc_mrr_at_1000_std": -0.119464,
                "nauc_mrr_at_1000_diff1": 0.31518,
                "cv_recall_at_1": 0.597,
                "cv_recall_at_3": 0.8933,
                "cv_recall_at_5": 0.93827,
                "cv_recall_at_10": 0.96914,
                "cv_recall_at_20": 0.98501,
                "cv_recall_at_100": 0.99471,
                "cv_recall_at_1000": 0.99912,
                "main_score": 0.68194,
                "hf_subset": "default",
                "languages": [
                    "slk-Latn"
                ]
            }
        ]
    },
    "evaluation_time": 28.720389127731323,
    "kg_co2_emissions": null
}
