{
    "dataset_revision": "6448ea012b1b7caa3d55cb747b58cda1d7edc714",
    "task_name": "SlovakPharmacyDrMaxReranking",
    "mteb_version": "1.39.7",
    "scores": {
        "test": [
            {
                "ndcg_at_1": 0.83533,
                "ndcg_at_3": 0.91767,
                "ndcg_at_5": 0.92858,
                "ndcg_at_10": 0.92858,
                "ndcg_at_20": 0.92858,
                "ndcg_at_100": 0.92858,
                "ndcg_at_1000": 0.92858,
                "map_at_1": 0.83533,
                "map_at_3": 0.89813,
                "map_at_5": 0.90428,
                "map_at_10": 0.90428,
                "map_at_20": 0.90428,
                "map_at_100": 0.90428,
                "map_at_1000": 0.90428,
                "recall_at_1": 0.83533,
                "recall_at_3": 0.97391,
                "recall_at_5": 1.0,
                "recall_at_10": 1.0,
                "recall_at_20": 1.0,
                "recall_at_100": 1.0,
                "recall_at_1000": 1.0,
                "accuracy": 0.83533,
                "precision_at_1": 0.83533,
                "precision_at_3": 0.32464,
                "precision_at_5": 0.2,
                "precision_at_10": 0.1,
                "precision_at_20": 0.05,
                "precision_at_100": 0.01,
                "precision_at_1000": 0.001,
                "mrr_at_1": 0.835329,
                "mrr_at_3": 0.898132,
                "mrr_at_5": 0.904281,
                "mrr_at_10": 0.904281,
                "mrr_at_20": 0.904281,
                "mrr_at_100": 0.904281,
                "mrr_at_1000": 0.904281,
                "nauc_ndcg_at_1_max": 0.661286,
                "nauc_ndcg_at_1_std": 0.641298,
                "nauc_ndcg_at_1_diff1": 0.833115,
                "nauc_ndcg_at_3_max": 0.681547,
                "nauc_ndcg_at_3_std": 0.696616,
                "nauc_ndcg_at_3_diff1": 0.818189,
                "nauc_ndcg_at_5_max": 0.66902,
                "nauc_ndcg_at_5_std": 0.667221,
                "nauc_ndcg_at_5_diff1": 0.825366,
                "nauc_ndcg_at_10_max": 0.66902,
                "nauc_ndcg_at_10_std": 0.667221,
                "nauc_ndcg_at_10_diff1": 0.825366,
                "nauc_ndcg_at_20_max": 0.66902,
                "nauc_ndcg_at_20_std": 0.667221,
                "nauc_ndcg_at_20_diff1": 0.825366,
                "nauc_ndcg_at_100_max": 0.66902,
                "nauc_ndcg_at_100_std": 0.667221,
                "nauc_ndcg_at_100_diff1": 0.825366,
                "nauc_ndcg_at_1000_max": 0.66902,
                "nauc_ndcg_at_1000_std": 0.667221,
                "nauc_ndcg_at_1000_diff1": 0.825366,
                "nauc_map_at_1_max": 0.661286,
                "nauc_map_at_1_std": 0.641298,
                "nauc_map_at_1_diff1": 0.833115,
                "nauc_map_at_3_max": 0.674176,
                "nauc_map_at_3_std": 0.67894,
                "nauc_map_at_3_diff1": 0.8226,
                "nauc_map_at_5_max": 0.668443,
                "nauc_map_at_5_std": 0.665464,
                "nauc_map_at_5_diff1": 0.825874,
                "nauc_map_at_10_max": 0.668443,
                "nauc_map_at_10_std": 0.665464,
                "nauc_map_at_10_diff1": 0.825874,
                "nauc_map_at_20_max": 0.668443,
                "nauc_map_at_20_std": 0.665464,
                "nauc_map_at_20_diff1": 0.825874,
                "nauc_map_at_100_max": 0.668443,
                "nauc_map_at_100_std": 0.665464,
                "nauc_map_at_100_diff1": 0.825874,
                "nauc_map_at_1000_max": 0.668443,
                "nauc_map_at_1000_std": 0.665464,
                "nauc_map_at_1000_diff1": 0.825874,
                "nauc_recall_at_1_max": 0.661286,
                "nauc_recall_at_1_std": 0.641298,
                "nauc_recall_at_1_diff1": 0.833115,
                "nauc_recall_at_3_max": 0.760464,
                "nauc_recall_at_3_std": 0.881852,
                "nauc_recall_at_3_diff1": 0.77264,
                "nauc_recall_at_5_max": NaN,
                "nauc_recall_at_5_std": NaN,
                "nauc_recall_at_5_diff1": NaN,
                "nauc_recall_at_10_max": NaN,
                "nauc_recall_at_10_std": NaN,
                "nauc_recall_at_10_diff1": NaN,
                "nauc_recall_at_20_max": NaN,
                "nauc_recall_at_20_std": NaN,
                "nauc_recall_at_20_diff1": NaN,
                "nauc_recall_at_100_max": NaN,
                "nauc_recall_at_100_std": NaN,
                "nauc_recall_at_100_diff1": NaN,
                "nauc_recall_at_1000_max": NaN,
                "nauc_recall_at_1000_std": NaN,
                "nauc_recall_at_1000_diff1": NaN,
                "nauc_precision_at_1_max": 0.661286,
                "nauc_precision_at_1_std": 0.641298,
                "nauc_precision_at_1_diff1": 0.833115,
                "nauc_precision_at_3_max": 0.760464,
                "nauc_precision_at_3_std": 0.881852,
                "nauc_precision_at_3_diff1": 0.77264,
                "nauc_precision_at_5_max": 1.0,
                "nauc_precision_at_5_std": 1.0,
                "nauc_precision_at_5_diff1": 1.0,
                "nauc_precision_at_10_max": 1.0,
                "nauc_precision_at_10_std": 1.0,
                "nauc_precision_at_10_diff1": 1.0,
                "nauc_precision_at_20_max": 1.0,
                "nauc_precision_at_20_std": 1.0,
                "nauc_precision_at_20_diff1": 1.0,
                "nauc_precision_at_100_max": 1.0,
                "nauc_precision_at_100_std": 1.0,
                "nauc_precision_at_100_diff1": 1.0,
                "nauc_precision_at_1000_max": 1.0,
                "nauc_precision_at_1000_std": 1.0,
                "nauc_precision_at_1000_diff1": 1.0,
                "nauc_mrr_at_1_max": 0.661286,
                "nauc_mrr_at_1_std": 0.641298,
                "nauc_mrr_at_1_diff1": 0.833115,
                "nauc_mrr_at_3_max": 0.674176,
                "nauc_mrr_at_3_std": 0.67894,
                "nauc_mrr_at_3_diff1": 0.8226,
                "nauc_mrr_at_5_max": 0.668443,
                "nauc_mrr_at_5_std": 0.665464,
                "nauc_mrr_at_5_diff1": 0.825874,
                "nauc_mrr_at_10_max": 0.668443,
                "nauc_mrr_at_10_std": 0.665464,
                "nauc_mrr_at_10_diff1": 0.825874,
                "nauc_mrr_at_20_max": 0.668443,
                "nauc_mrr_at_20_std": 0.665464,
                "nauc_mrr_at_20_diff1": 0.825874,
                "nauc_mrr_at_100_max": 0.668443,
                "nauc_mrr_at_100_std": 0.665464,
                "nauc_mrr_at_100_diff1": 0.825874,
                "nauc_mrr_at_1000_max": 0.668443,
                "nauc_mrr_at_1000_std": 0.665464,
                "nauc_mrr_at_1000_diff1": 0.825874,
                "cv_recall_at_1": 0.83533,
                "cv_recall_at_3": 0.97391,
                "cv_recall_at_5": 1.0,
                "cv_recall_at_10": 1.0,
                "cv_recall_at_20": 1.0,
                "cv_recall_at_100": 1.0,
                "cv_recall_at_1000": 1.0,
                "main_score": 0.90428,
                "hf_subset": "default",
                "languages": [
                    "slk-Latn"
                ]
            }
        ]
    },
    "evaluation_time": 44.12056803703308,
    "kg_co2_emissions": null
}
