{
    "dataset_revision": "85d6b32f2762313714618171b9d1a65eb7408835",
    "task_name": "SlovakSumRetrieval",
    "mteb_version": "1.39.7",
    "scores": {
        "test": [
            {
                "ndcg_at_1": 0.85167,
                "ndcg_at_3": 0.89303,
                "ndcg_at_5": 0.90078,
                "ndcg_at_10": 0.90702,
                "ndcg_at_20": 0.90985,
                "ndcg_at_100": 0.91432,
                "ndcg_at_1000": 0.91535,
                "map_at_1": 0.85167,
                "map_at_3": 0.88361,
                "map_at_5": 0.88803,
                "map_at_10": 0.89078,
                "map_at_20": 0.89149,
                "map_at_100": 0.89218,
                "map_at_1000": 0.89221,
                "recall_at_1": 0.85167,
                "recall_at_3": 0.92,
                "recall_at_5": 0.93833,
                "recall_at_10": 0.95667,
                "recall_at_20": 0.96833,
                "recall_at_100": 0.99167,
                "recall_at_1000": 1.0,
                "accuracy": 0.85167,
                "precision_at_1": 0.85167,
                "precision_at_3": 0.30667,
                "precision_at_5": 0.18767,
                "precision_at_10": 0.09567,
                "precision_at_20": 0.04842,
                "precision_at_100": 0.00992,
                "precision_at_1000": 0.001,
                "mrr_at_1": 0.851667,
                "mrr_at_3": 0.883611,
                "mrr_at_5": 0.888028,
                "mrr_at_10": 0.890776,
                "mrr_at_20": 0.891493,
                "mrr_at_100": 0.892177,
                "mrr_at_1000": 0.892209,
                "nauc_ndcg_at_1_max": 0.815613,
                "nauc_ndcg_at_1_std": 0.336274,
                "nauc_ndcg_at_1_diff1": 0.923871,
                "nauc_ndcg_at_3_max": 0.84782,
                "nauc_ndcg_at_3_std": 0.468677,
                "nauc_ndcg_at_3_diff1": 0.914071,
                "nauc_ndcg_at_5_max": 0.850024,
                "nauc_ndcg_at_5_std": 0.465842,
                "nauc_ndcg_at_5_diff1": 0.920334,
                "nauc_ndcg_at_10_max": 0.845301,
                "nauc_ndcg_at_10_std": 0.464762,
                "nauc_ndcg_at_10_diff1": 0.920673,
                "nauc_ndcg_at_20_max": 0.84577,
                "nauc_ndcg_at_20_std": 0.459554,
                "nauc_ndcg_at_20_diff1": 0.919933,
                "nauc_ndcg_at_100_max": 0.841221,
                "nauc_ndcg_at_100_std": 0.450376,
                "nauc_ndcg_at_100_diff1": 0.920554,
                "nauc_ndcg_at_1000_max": 0.840506,
                "nauc_ndcg_at_1000_std": 0.444307,
                "nauc_ndcg_at_1000_diff1": 0.919564,
                "nauc_map_at_1_max": 0.815613,
                "nauc_map_at_1_std": 0.336274,
                "nauc_map_at_1_diff1": 0.923871,
                "nauc_map_at_3_max": 0.839118,
                "nauc_map_at_3_std": 0.434117,
                "nauc_map_at_3_diff1": 0.91613,
                "nauc_map_at_5_max": 0.839728,
                "nauc_map_at_5_std": 0.430509,
                "nauc_map_at_5_diff1": 0.919347,
                "nauc_map_at_10_max": 0.837652,
                "nauc_map_at_10_std": 0.42939,
                "nauc_map_at_10_diff1": 0.919446,
                "nauc_map_at_20_max": 0.837634,
                "nauc_map_at_20_std": 0.428158,
                "nauc_map_at_20_diff1": 0.919287,
                "nauc_map_at_100_max": 0.837021,
                "nauc_map_at_100_std": 0.427293,
                "nauc_map_at_100_diff1": 0.919272,
                "nauc_map_at_1000_max": 0.836997,
                "nauc_map_at_1000_std": 0.427145,
                "nauc_map_at_1000_diff1": 0.919247,
                "nauc_recall_at_1_max": 0.815613,
                "nauc_recall_at_1_std": 0.336274,
                "nauc_recall_at_1_diff1": 0.923871,
                "nauc_recall_at_3_max": 0.882752,
                "nauc_recall_at_3_std": 0.606627,
                "nauc_recall_at_3_diff1": 0.906192,
                "nauc_recall_at_5_max": 0.902465,
                "nauc_recall_at_5_std": 0.642706,
                "nauc_recall_at_5_diff1": 0.927448,
                "nauc_recall_at_10_max": 0.895946,
                "nauc_recall_at_10_std": 0.708378,
                "nauc_recall_at_10_diff1": 0.932576,
                "nauc_recall_at_20_max": 0.921741,
                "nauc_recall_at_20_std": 0.735933,
                "nauc_recall_at_20_diff1": 0.928375,
                "nauc_recall_at_100_max": 0.895425,
                "nauc_recall_at_100_std": 0.944444,
                "nauc_recall_at_100_diff1": 1.0,
                "nauc_recall_at_1000_max": NaN,
                "nauc_recall_at_1000_std": NaN,
                "nauc_recall_at_1000_diff1": NaN,
                "nauc_precision_at_1_max": 0.815613,
                "nauc_precision_at_1_std": 0.336274,
                "nauc_precision_at_1_diff1": 0.923871,
                "nauc_precision_at_3_max": 0.882752,
                "nauc_precision_at_3_std": 0.606627,
                "nauc_precision_at_3_diff1": 0.906192,
                "nauc_precision_at_5_max": 0.902465,
                "nauc_precision_at_5_std": 0.642706,
                "nauc_precision_at_5_diff1": 0.927448,
                "nauc_precision_at_10_max": 0.895946,
                "nauc_precision_at_10_std": 0.708378,
                "nauc_precision_at_10_diff1": 0.932576,
                "nauc_precision_at_20_max": 0.921741,
                "nauc_precision_at_20_std": 0.735933,
                "nauc_precision_at_20_diff1": 0.928375,
                "nauc_precision_at_100_max": 0.895425,
                "nauc_precision_at_100_std": 0.944444,
                "nauc_precision_at_100_diff1": 1.0,
                "nauc_precision_at_1000_max": 1.0,
                "nauc_precision_at_1000_std": 1.0,
                "nauc_precision_at_1000_diff1": 1.0,
                "nauc_mrr_at_1_max": 0.815613,
                "nauc_mrr_at_1_std": 0.336274,
                "nauc_mrr_at_1_diff1": 0.923871,
                "nauc_mrr_at_3_max": 0.839118,
                "nauc_mrr_at_3_std": 0.434117,
                "nauc_mrr_at_3_diff1": 0.91613,
                "nauc_mrr_at_5_max": 0.839728,
                "nauc_mrr_at_5_std": 0.430509,
                "nauc_mrr_at_5_diff1": 0.919347,
                "nauc_mrr_at_10_max": 0.837652,
                "nauc_mrr_at_10_std": 0.42939,
                "nauc_mrr_at_10_diff1": 0.919446,
                "nauc_mrr_at_20_max": 0.837634,
                "nauc_mrr_at_20_std": 0.428158,
                "nauc_mrr_at_20_diff1": 0.919287,
                "nauc_mrr_at_100_max": 0.837021,
                "nauc_mrr_at_100_std": 0.427293,
                "nauc_mrr_at_100_diff1": 0.919272,
                "nauc_mrr_at_1000_max": 0.836997,
                "nauc_mrr_at_1000_std": 0.427145,
                "nauc_mrr_at_1000_diff1": 0.919247,
                "cv_recall_at_1": 0.85167,
                "cv_recall_at_3": 0.92,
                "cv_recall_at_5": 0.93833,
                "cv_recall_at_10": 0.95667,
                "cv_recall_at_20": 0.96833,
                "cv_recall_at_100": 0.99167,
                "cv_recall_at_1000": 1.0,
                "main_score": 0.90702,
                "hf_subset": "default",
                "languages": [
                    "slk-Latn"
                ]
            }
        ]
    },
    "evaluation_time": 2.750056743621826,
    "kg_co2_emissions": null
}
