{
    "dataset_revision": "faf73c5217c37e8a9ba297b8e29b25d1ccdeccae",
    "task_name": "SlovakPharmacyDrMaxReranking",
    "mteb_version": "1.39.7",
    "scores": {
        "test": [
            {
                "ndcg_at_1": 0.83212,
                "ndcg_at_3": 0.91776,
                "ndcg_at_5": 0.92745,
                "ndcg_at_10": 0.92745,
                "ndcg_at_20": 0.92745,
                "ndcg_at_100": 0.92745,
                "ndcg_at_1000": 0.92745,
                "map_at_1": 0.83212,
                "map_at_3": 0.89731,
                "map_at_5": 0.90274,
                "map_at_10": 0.90274,
                "map_at_20": 0.90274,
                "map_at_100": 0.90274,
                "map_at_1000": 0.90274,
                "recall_at_1": 0.83212,
                "recall_at_3": 0.97669,
                "recall_at_5": 1.0,
                "recall_at_10": 1.0,
                "recall_at_20": 1.0,
                "recall_at_100": 1.0,
                "recall_at_1000": 1.0,
                "accuracy": 0.83212,
                "precision_at_1": 0.83212,
                "precision_at_3": 0.32556,
                "precision_at_5": 0.2,
                "precision_at_10": 0.1,
                "precision_at_20": 0.05,
                "precision_at_100": 0.01,
                "precision_at_1000": 0.001,
                "mrr_at_1": 0.832121,
                "mrr_at_3": 0.897313,
                "mrr_at_5": 0.902745,
                "mrr_at_10": 0.902745,
                "mrr_at_20": 0.902745,
                "mrr_at_100": 0.902745,
                "mrr_at_1000": 0.902745,
                "nauc_ndcg_at_1_max": 0.638171,
                "nauc_ndcg_at_1_std": 0.611055,
                "nauc_ndcg_at_1_diff1": 0.828521,
                "nauc_ndcg_at_3_max": 0.654661,
                "nauc_ndcg_at_3_std": 0.664521,
                "nauc_ndcg_at_3_diff1": 0.815003,
                "nauc_ndcg_at_5_max": 0.646629,
                "nauc_ndcg_at_5_std": 0.637611,
                "nauc_ndcg_at_5_diff1": 0.821791,
                "nauc_ndcg_at_10_max": 0.646629,
                "nauc_ndcg_at_10_std": 0.637611,
                "nauc_ndcg_at_10_diff1": 0.821791,
                "nauc_ndcg_at_20_max": 0.646629,
                "nauc_ndcg_at_20_std": 0.637611,
                "nauc_ndcg_at_20_diff1": 0.821791,
                "nauc_ndcg_at_100_max": 0.646629,
                "nauc_ndcg_at_100_std": 0.637611,
                "nauc_ndcg_at_100_diff1": 0.821791,
                "nauc_ndcg_at_1000_max": 0.646629,
                "nauc_ndcg_at_1000_std": 0.637611,
                "nauc_ndcg_at_1000_diff1": 0.821791,
                "nauc_map_at_1_max": 0.638171,
                "nauc_map_at_1_std": 0.611055,
                "nauc_map_at_1_diff1": 0.828521,
                "nauc_map_at_3_max": 0.649703,
                "nauc_map_at_3_std": 0.647952,
                "nauc_map_at_3_diff1": 0.819281,
                "nauc_map_at_5_max": 0.646073,
                "nauc_map_at_5_std": 0.635832,
                "nauc_map_at_5_diff1": 0.822262,
                "nauc_map_at_10_max": 0.646073,
                "nauc_map_at_10_std": 0.635832,
                "nauc_map_at_10_diff1": 0.822262,
                "nauc_map_at_20_max": 0.646073,
                "nauc_map_at_20_std": 0.635832,
                "nauc_map_at_20_diff1": 0.822262,
                "nauc_map_at_100_max": 0.646073,
                "nauc_map_at_100_std": 0.635832,
                "nauc_map_at_100_diff1": 0.822262,
                "nauc_map_at_1000_max": 0.646073,
                "nauc_map_at_1000_std": 0.635832,
                "nauc_map_at_1000_diff1": 0.822262,
                "nauc_recall_at_1_max": 0.638171,
                "nauc_recall_at_1_std": 0.611055,
                "nauc_recall_at_1_diff1": 0.828521,
                "nauc_recall_at_3_max": 0.712387,
                "nauc_recall_at_3_std": 0.858592,
                "nauc_recall_at_3_diff1": 0.764714,
                "nauc_recall_at_5_max": NaN,
                "nauc_recall_at_5_std": NaN,
                "nauc_recall_at_5_diff1": NaN,
                "nauc_recall_at_10_max": NaN,
                "nauc_recall_at_10_std": NaN,
                "nauc_recall_at_10_diff1": NaN,
                "nauc_recall_at_20_max": NaN,
                "nauc_recall_at_20_std": NaN,
                "nauc_recall_at_20_diff1": NaN,
                "nauc_recall_at_100_max": NaN,
                "nauc_recall_at_100_std": NaN,
                "nauc_recall_at_100_diff1": NaN,
                "nauc_recall_at_1000_max": NaN,
                "nauc_recall_at_1000_std": NaN,
                "nauc_recall_at_1000_diff1": NaN,
                "nauc_precision_at_1_max": 0.638171,
                "nauc_precision_at_1_std": 0.611055,
                "nauc_precision_at_1_diff1": 0.828521,
                "nauc_precision_at_3_max": 0.712387,
                "nauc_precision_at_3_std": 0.858592,
                "nauc_precision_at_3_diff1": 0.764714,
                "nauc_precision_at_5_max": 1.0,
                "nauc_precision_at_5_std": 1.0,
                "nauc_precision_at_5_diff1": 1.0,
                "nauc_precision_at_10_max": 1.0,
                "nauc_precision_at_10_std": 1.0,
                "nauc_precision_at_10_diff1": 1.0,
                "nauc_precision_at_20_max": 1.0,
                "nauc_precision_at_20_std": 1.0,
                "nauc_precision_at_20_diff1": 1.0,
                "nauc_precision_at_100_max": 1.0,
                "nauc_precision_at_100_std": 1.0,
                "nauc_precision_at_100_diff1": 1.0,
                "nauc_precision_at_1000_max": 1.0,
                "nauc_precision_at_1000_std": 1.0,
                "nauc_precision_at_1000_diff1": 1.0,
                "nauc_mrr_at_1_max": 0.638171,
                "nauc_mrr_at_1_std": 0.611055,
                "nauc_mrr_at_1_diff1": 0.828521,
                "nauc_mrr_at_3_max": 0.649703,
                "nauc_mrr_at_3_std": 0.647952,
                "nauc_mrr_at_3_diff1": 0.819281,
                "nauc_mrr_at_5_max": 0.646073,
                "nauc_mrr_at_5_std": 0.635832,
                "nauc_mrr_at_5_diff1": 0.822262,
                "nauc_mrr_at_10_max": 0.646073,
                "nauc_mrr_at_10_std": 0.635832,
                "nauc_mrr_at_10_diff1": 0.822262,
                "nauc_mrr_at_20_max": 0.646073,
                "nauc_mrr_at_20_std": 0.635832,
                "nauc_mrr_at_20_diff1": 0.822262,
                "nauc_mrr_at_100_max": 0.646073,
                "nauc_mrr_at_100_std": 0.635832,
                "nauc_mrr_at_100_diff1": 0.822262,
                "nauc_mrr_at_1000_max": 0.646073,
                "nauc_mrr_at_1000_std": 0.635832,
                "nauc_mrr_at_1000_diff1": 0.822262,
                "cv_recall_at_1": 0.83212,
                "cv_recall_at_3": 0.97669,
                "cv_recall_at_5": 1.0,
                "cv_recall_at_10": 1.0,
                "cv_recall_at_20": 1.0,
                "cv_recall_at_100": 1.0,
                "cv_recall_at_1000": 1.0,
                "main_score": 0.90274,
                "hf_subset": "default",
                "languages": [
                    "slk-Latn"
                ]
            }
        ]
    },
    "evaluation_time": 41.86198115348816,
    "kg_co2_emissions": null
}
