{
    "dataset_revision": "6448ea012b1b7caa3d55cb747b58cda1d7edc714",
    "task_name": "SlovakPharmacyDrMaxReranking",
    "mteb_version": "1.39.7",
    "scores": {
        "test": [
            {
                "ndcg_at_1": 0.83148,
                "ndcg_at_3": 0.91713,
                "ndcg_at_5": 0.92733,
                "ndcg_at_10": 0.92733,
                "ndcg_at_20": 0.92733,
                "ndcg_at_100": 0.92733,
                "ndcg_at_1000": 0.92733,
                "map_at_1": 0.83148,
                "map_at_3": 0.89681,
                "map_at_5": 0.90257,
                "map_at_10": 0.90257,
                "map_at_20": 0.90257,
                "map_at_100": 0.90257,
                "map_at_1000": 0.90257,
                "recall_at_1": 0.83148,
                "recall_at_3": 0.97562,
                "recall_at_5": 1.0,
                "recall_at_10": 1.0,
                "recall_at_20": 1.0,
                "recall_at_100": 1.0,
                "recall_at_1000": 1.0,
                "accuracy": 0.83148,
                "precision_at_1": 0.83148,
                "precision_at_3": 0.32521,
                "precision_at_5": 0.2,
                "precision_at_10": 0.1,
                "precision_at_20": 0.05,
                "precision_at_100": 0.01,
                "precision_at_1000": 0.001,
                "mrr_at_1": 0.83148,
                "mrr_at_3": 0.896814,
                "mrr_at_5": 0.902566,
                "mrr_at_10": 0.902566,
                "mrr_at_20": 0.902566,
                "mrr_at_100": 0.902566,
                "mrr_at_1000": 0.902566,
                "nauc_ndcg_at_1_max": 0.632013,
                "nauc_ndcg_at_1_std": 0.607783,
                "nauc_ndcg_at_1_diff1": 0.826906,
                "nauc_ndcg_at_3_max": 0.64977,
                "nauc_ndcg_at_3_std": 0.660934,
                "nauc_ndcg_at_3_diff1": 0.812372,
                "nauc_ndcg_at_5_max": 0.639669,
                "nauc_ndcg_at_5_std": 0.632592,
                "nauc_ndcg_at_5_diff1": 0.819396,
                "nauc_ndcg_at_10_max": 0.639669,
                "nauc_ndcg_at_10_std": 0.632592,
                "nauc_ndcg_at_10_diff1": 0.819396,
                "nauc_ndcg_at_20_max": 0.639669,
                "nauc_ndcg_at_20_std": 0.632592,
                "nauc_ndcg_at_20_diff1": 0.819396,
                "nauc_ndcg_at_100_max": 0.639669,
                "nauc_ndcg_at_100_std": 0.632592,
                "nauc_ndcg_at_100_diff1": 0.819396,
                "nauc_ndcg_at_1000_max": 0.639669,
                "nauc_ndcg_at_1000_std": 0.632592,
                "nauc_ndcg_at_1000_diff1": 0.819396,
                "nauc_map_at_1_max": 0.632013,
                "nauc_map_at_1_std": 0.607783,
                "nauc_map_at_1_diff1": 0.826906,
                "nauc_map_at_3_max": 0.643675,
                "nauc_map_at_3_std": 0.643841,
                "nauc_map_at_3_diff1": 0.816815,
                "nauc_map_at_5_max": 0.639118,
                "nauc_map_at_5_std": 0.630913,
                "nauc_map_at_5_diff1": 0.819913,
                "nauc_map_at_10_max": 0.639118,
                "nauc_map_at_10_std": 0.630913,
                "nauc_map_at_10_diff1": 0.819913,
                "nauc_map_at_20_max": 0.639118,
                "nauc_map_at_20_std": 0.630913,
                "nauc_map_at_20_diff1": 0.819913,
                "nauc_map_at_100_max": 0.639118,
                "nauc_map_at_100_std": 0.630913,
                "nauc_map_at_100_diff1": 0.819913,
                "nauc_map_at_1000_max": 0.639118,
                "nauc_map_at_1000_std": 0.630913,
                "nauc_map_at_1000_diff1": 0.819913,
                "nauc_recall_at_1_max": 0.632013,
                "nauc_recall_at_1_std": 0.607783,
                "nauc_recall_at_1_diff1": 0.826906,
                "nauc_recall_at_3_max": 0.719616,
                "nauc_recall_at_3_std": 0.854592,
                "nauc_recall_at_3_diff1": 0.762506,
                "nauc_recall_at_5_max": NaN,
                "nauc_recall_at_5_std": NaN,
                "nauc_recall_at_5_diff1": NaN,
                "nauc_recall_at_10_max": NaN,
                "nauc_recall_at_10_std": NaN,
                "nauc_recall_at_10_diff1": NaN,
                "nauc_recall_at_20_max": NaN,
                "nauc_recall_at_20_std": NaN,
                "nauc_recall_at_20_diff1": NaN,
                "nauc_recall_at_100_max": NaN,
                "nauc_recall_at_100_std": NaN,
                "nauc_recall_at_100_diff1": NaN,
                "nauc_recall_at_1000_max": NaN,
                "nauc_recall_at_1000_std": NaN,
                "nauc_recall_at_1000_diff1": NaN,
                "nauc_precision_at_1_max": 0.632013,
                "nauc_precision_at_1_std": 0.607783,
                "nauc_precision_at_1_diff1": 0.826906,
                "nauc_precision_at_3_max": 0.719616,
                "nauc_precision_at_3_std": 0.854592,
                "nauc_precision_at_3_diff1": 0.762506,
                "nauc_precision_at_5_max": 1.0,
                "nauc_precision_at_5_std": 1.0,
                "nauc_precision_at_5_diff1": 1.0,
                "nauc_precision_at_10_max": 1.0,
                "nauc_precision_at_10_std": 1.0,
                "nauc_precision_at_10_diff1": 1.0,
                "nauc_precision_at_20_max": 1.0,
                "nauc_precision_at_20_std": 1.0,
                "nauc_precision_at_20_diff1": 1.0,
                "nauc_precision_at_100_max": 1.0,
                "nauc_precision_at_100_std": 1.0,
                "nauc_precision_at_100_diff1": 1.0,
                "nauc_precision_at_1000_max": 1.0,
                "nauc_precision_at_1000_std": 1.0,
                "nauc_precision_at_1000_diff1": 1.0,
                "nauc_mrr_at_1_max": 0.632013,
                "nauc_mrr_at_1_std": 0.607783,
                "nauc_mrr_at_1_diff1": 0.826906,
                "nauc_mrr_at_3_max": 0.643675,
                "nauc_mrr_at_3_std": 0.643841,
                "nauc_mrr_at_3_diff1": 0.816815,
                "nauc_mrr_at_5_max": 0.639118,
                "nauc_mrr_at_5_std": 0.630913,
                "nauc_mrr_at_5_diff1": 0.819913,
                "nauc_mrr_at_10_max": 0.639118,
                "nauc_mrr_at_10_std": 0.630913,
                "nauc_mrr_at_10_diff1": 0.819913,
                "nauc_mrr_at_20_max": 0.639118,
                "nauc_mrr_at_20_std": 0.630913,
                "nauc_mrr_at_20_diff1": 0.819913,
                "nauc_mrr_at_100_max": 0.639118,
                "nauc_mrr_at_100_std": 0.630913,
                "nauc_mrr_at_100_diff1": 0.819913,
                "nauc_mrr_at_1000_max": 0.639118,
                "nauc_mrr_at_1000_std": 0.630913,
                "nauc_mrr_at_1000_diff1": 0.819913,
                "cv_recall_at_1": 0.83148,
                "cv_recall_at_3": 0.97562,
                "cv_recall_at_5": 1.0,
                "cv_recall_at_10": 1.0,
                "cv_recall_at_20": 1.0,
                "cv_recall_at_100": 1.0,
                "cv_recall_at_1000": 1.0,
                "main_score": 0.90257,
                "hf_subset": "default",
                "languages": [
                    "slk-Latn"
                ]
            }
        ]
    },
    "evaluation_time": 43.55664658546448,
    "kg_co2_emissions": null
}
