{
    "dataset_revision": "85d6b32f2762313714618171b9d1a65eb7408835",
    "task_name": "SlovakSumRetrieval",
    "mteb_version": "1.39.7",
    "scores": {
        "test": [
            {
                "ndcg_at_1": 0.845,
                "ndcg_at_3": 0.89093,
                "ndcg_at_5": 0.89624,
                "ndcg_at_10": 0.90265,
                "ndcg_at_20": 0.90481,
                "ndcg_at_100": 0.90988,
                "ndcg_at_1000": 0.9109,
                "map_at_1": 0.845,
                "map_at_3": 0.87972,
                "map_at_5": 0.88256,
                "map_at_10": 0.88517,
                "map_at_20": 0.88579,
                "map_at_100": 0.88653,
                "map_at_1000": 0.88656,
                "recall_at_1": 0.845,
                "recall_at_3": 0.92333,
                "recall_at_5": 0.93667,
                "recall_at_10": 0.95667,
                "recall_at_20": 0.965,
                "recall_at_100": 0.99167,
                "recall_at_1000": 1.0,
                "accuracy": 0.845,
                "precision_at_1": 0.845,
                "precision_at_3": 0.30778,
                "precision_at_5": 0.18733,
                "precision_at_10": 0.09567,
                "precision_at_20": 0.04825,
                "precision_at_100": 0.00992,
                "precision_at_1000": 0.001,
                "mrr_at_1": 0.845,
                "mrr_at_3": 0.879722,
                "mrr_at_5": 0.882556,
                "mrr_at_10": 0.885173,
                "mrr_at_20": 0.88579,
                "mrr_at_100": 0.886531,
                "mrr_at_1000": 0.886561,
                "nauc_ndcg_at_1_max": 0.815367,
                "nauc_ndcg_at_1_std": 0.249603,
                "nauc_ndcg_at_1_diff1": 0.922118,
                "nauc_ndcg_at_3_max": 0.84117,
                "nauc_ndcg_at_3_std": 0.35064,
                "nauc_ndcg_at_3_diff1": 0.909283,
                "nauc_ndcg_at_5_max": 0.843536,
                "nauc_ndcg_at_5_std": 0.364962,
                "nauc_ndcg_at_5_diff1": 0.913717,
                "nauc_ndcg_at_10_max": 0.842181,
                "nauc_ndcg_at_10_std": 0.376122,
                "nauc_ndcg_at_10_diff1": 0.912006,
                "nauc_ndcg_at_20_max": 0.840224,
                "nauc_ndcg_at_20_std": 0.371613,
                "nauc_ndcg_at_20_diff1": 0.91115,
                "nauc_ndcg_at_100_max": 0.838469,
                "nauc_ndcg_at_100_std": 0.354582,
                "nauc_ndcg_at_100_diff1": 0.913046,
                "nauc_ndcg_at_1000_max": 0.837479,
                "nauc_ndcg_at_1000_std": 0.347584,
                "nauc_ndcg_at_1000_diff1": 0.91265,
                "nauc_map_at_1_max": 0.815367,
                "nauc_map_at_1_std": 0.249603,
                "nauc_map_at_1_diff1": 0.922118,
                "nauc_map_at_3_max": 0.834752,
                "nauc_map_at_3_std": 0.324079,
                "nauc_map_at_3_diff1": 0.911628,
                "nauc_map_at_5_max": 0.83573,
                "nauc_map_at_5_std": 0.329877,
                "nauc_map_at_5_diff1": 0.913761,
                "nauc_map_at_10_max": 0.8351,
                "nauc_map_at_10_std": 0.332783,
                "nauc_map_at_10_diff1": 0.9133,
                "nauc_map_at_20_max": 0.83451,
                "nauc_map_at_20_std": 0.331578,
                "nauc_map_at_20_diff1": 0.913089,
                "nauc_map_at_100_max": 0.834341,
                "nauc_map_at_100_std": 0.329528,
                "nauc_map_at_100_diff1": 0.913286,
                "nauc_map_at_1000_max": 0.834316,
                "nauc_map_at_1000_std": 0.329355,
                "nauc_map_at_1000_diff1": 0.913273,
                "nauc_recall_at_1_max": 0.815367,
                "nauc_recall_at_1_std": 0.249603,
                "nauc_recall_at_1_diff1": 0.922118,
                "nauc_recall_at_3_max": 0.868418,
                "nauc_recall_at_3_std": 0.464509,
                "nauc_recall_at_3_diff1": 0.899982,
                "nauc_recall_at_5_max": 0.883532,
                "nauc_recall_at_5_std": 0.548418,
                "nauc_recall_at_5_diff1": 0.916028,
                "nauc_recall_at_10_max": 0.892354,
                "nauc_recall_at_10_std": 0.710533,
                "nauc_recall_at_10_diff1": 0.903667,
                "nauc_recall_at_20_max": 0.886177,
                "nauc_recall_at_20_std": 0.741185,
                "nauc_recall_at_20_diff1": 0.893179,
                "nauc_recall_at_100_max": 0.921569,
                "nauc_recall_at_100_std": 0.947712,
                "nauc_recall_at_100_diff1": 0.944444,
                "nauc_recall_at_1000_max": NaN,
                "nauc_recall_at_1000_std": NaN,
                "nauc_recall_at_1000_diff1": NaN,
                "nauc_precision_at_1_max": 0.815367,
                "nauc_precision_at_1_std": 0.249603,
                "nauc_precision_at_1_diff1": 0.922118,
                "nauc_precision_at_3_max": 0.868418,
                "nauc_precision_at_3_std": 0.464509,
                "nauc_precision_at_3_diff1": 0.899982,
                "nauc_precision_at_5_max": 0.883532,
                "nauc_precision_at_5_std": 0.548418,
                "nauc_precision_at_5_diff1": 0.916028,
                "nauc_precision_at_10_max": 0.892354,
                "nauc_precision_at_10_std": 0.710533,
                "nauc_precision_at_10_diff1": 0.903667,
                "nauc_precision_at_20_max": 0.886177,
                "nauc_precision_at_20_std": 0.741185,
                "nauc_precision_at_20_diff1": 0.893179,
                "nauc_precision_at_100_max": 0.921569,
                "nauc_precision_at_100_std": 0.947712,
                "nauc_precision_at_100_diff1": 0.944444,
                "nauc_precision_at_1000_max": 1.0,
                "nauc_precision_at_1000_std": 1.0,
                "nauc_precision_at_1000_diff1": 1.0,
                "nauc_mrr_at_1_max": 0.815367,
                "nauc_mrr_at_1_std": 0.249603,
                "nauc_mrr_at_1_diff1": 0.922118,
                "nauc_mrr_at_3_max": 0.834752,
                "nauc_mrr_at_3_std": 0.324079,
                "nauc_mrr_at_3_diff1": 0.911628,
                "nauc_mrr_at_5_max": 0.83573,
                "nauc_mrr_at_5_std": 0.329877,
                "nauc_mrr_at_5_diff1": 0.913761,
                "nauc_mrr_at_10_max": 0.8351,
                "nauc_mrr_at_10_std": 0.332783,
                "nauc_mrr_at_10_diff1": 0.9133,
                "nauc_mrr_at_20_max": 0.83451,
                "nauc_mrr_at_20_std": 0.331578,
                "nauc_mrr_at_20_diff1": 0.913089,
                "nauc_mrr_at_100_max": 0.834341,
                "nauc_mrr_at_100_std": 0.329528,
                "nauc_mrr_at_100_diff1": 0.913286,
                "nauc_mrr_at_1000_max": 0.834316,
                "nauc_mrr_at_1000_std": 0.329355,
                "nauc_mrr_at_1000_diff1": 0.913273,
                "cv_recall_at_1": 0.845,
                "cv_recall_at_3": 0.92333,
                "cv_recall_at_5": 0.93667,
                "cv_recall_at_10": 0.95667,
                "cv_recall_at_20": 0.965,
                "cv_recall_at_100": 0.99167,
                "cv_recall_at_1000": 1.0,
                "main_score": 0.90265,
                "hf_subset": "default",
                "languages": [
                    "slk-Latn"
                ]
            }
        ]
    },
    "evaluation_time": 2.705665349960327,
    "kg_co2_emissions": null
}
