{
    "dataset_revision": "c5a6521a4ddce3450fb04ba218623681a9189c6d",
    "task_name": "SMESumRetrieval",
    "mteb_version": "1.39.7",
    "scores": {
        "test": [
            {
                "ndcg_at_1": 0.72333,
                "ndcg_at_3": 0.79276,
                "ndcg_at_5": 0.80502,
                "ndcg_at_10": 0.82038,
                "ndcg_at_20": 0.82772,
                "ndcg_at_100": 0.83643,
                "ndcg_at_1000": 0.83736,
                "map_at_1": 0.72333,
                "map_at_3": 0.77583,
                "map_at_5": 0.78258,
                "map_at_10": 0.78908,
                "map_at_20": 0.79119,
                "map_at_100": 0.79241,
                "map_at_1000": 0.79246,
                "recall_at_1": 0.72333,
                "recall_at_3": 0.84167,
                "recall_at_5": 0.87167,
                "recall_at_10": 0.91833,
                "recall_at_20": 0.94667,
                "recall_at_100": 0.99333,
                "recall_at_1000": 1.0,
                "accuracy": 0.72333,
                "precision_at_1": 0.72333,
                "precision_at_3": 0.28056,
                "precision_at_5": 0.17433,
                "precision_at_10": 0.09183,
                "precision_at_20": 0.04733,
                "precision_at_100": 0.00993,
                "precision_at_1000": 0.001,
                "mrr_at_1": 0.723333,
                "mrr_at_3": 0.775833,
                "mrr_at_5": 0.782583,
                "mrr_at_10": 0.789083,
                "mrr_at_20": 0.791192,
                "mrr_at_100": 0.792414,
                "mrr_at_1000": 0.792462,
                "nauc_ndcg_at_1_max": 0.73346,
                "nauc_ndcg_at_1_std": 0.343813,
                "nauc_ndcg_at_1_diff1": 0.877949,
                "nauc_ndcg_at_3_max": 0.738941,
                "nauc_ndcg_at_3_std": 0.38335,
                "nauc_ndcg_at_3_diff1": 0.854776,
                "nauc_ndcg_at_5_max": 0.750178,
                "nauc_ndcg_at_5_std": 0.383735,
                "nauc_ndcg_at_5_diff1": 0.856328,
                "nauc_ndcg_at_10_max": 0.745839,
                "nauc_ndcg_at_10_std": 0.389699,
                "nauc_ndcg_at_10_diff1": 0.860491,
                "nauc_ndcg_at_20_max": 0.747227,
                "nauc_ndcg_at_20_std": 0.389804,
                "nauc_ndcg_at_20_diff1": 0.861613,
                "nauc_ndcg_at_100_max": 0.741911,
                "nauc_ndcg_at_100_std": 0.376381,
                "nauc_ndcg_at_100_diff1": 0.860677,
                "nauc_ndcg_at_1000_max": 0.741623,
                "nauc_ndcg_at_1000_std": 0.376019,
                "nauc_ndcg_at_1000_diff1": 0.861604,
                "nauc_map_at_1_max": 0.73346,
                "nauc_map_at_1_std": 0.343813,
                "nauc_map_at_1_diff1": 0.877949,
                "nauc_map_at_3_max": 0.735142,
                "nauc_map_at_3_std": 0.369734,
                "nauc_map_at_3_diff1": 0.860089,
                "nauc_map_at_5_max": 0.740783,
                "nauc_map_at_5_std": 0.369242,
                "nauc_map_at_5_diff1": 0.860951,
                "nauc_map_at_10_max": 0.739082,
                "nauc_map_at_10_std": 0.370893,
                "nauc_map_at_10_diff1": 0.862628,
                "nauc_map_at_20_max": 0.739339,
                "nauc_map_at_20_std": 0.370786,
                "nauc_map_at_20_diff1": 0.862957,
                "nauc_map_at_100_max": 0.738737,
                "nauc_map_at_100_std": 0.36911,
                "nauc_map_at_100_diff1": 0.862897,
                "nauc_map_at_1000_max": 0.738724,
                "nauc_map_at_1000_std": 0.369124,
                "nauc_map_at_1000_diff1": 0.862931,
                "nauc_recall_at_1_max": 0.73346,
                "nauc_recall_at_1_std": 0.343813,
                "nauc_recall_at_1_diff1": 0.877949,
                "nauc_recall_at_3_max": 0.754887,
                "nauc_recall_at_3_std": 0.437312,
                "nauc_recall_at_3_diff1": 0.834958,
                "nauc_recall_at_5_max": 0.796684,
                "nauc_recall_at_5_std": 0.451765,
                "nauc_recall_at_5_diff1": 0.836721,
                "nauc_recall_at_10_max": 0.792641,
                "nauc_recall_at_10_std": 0.525363,
                "nauc_recall_at_10_diff1": 0.85176,
                "nauc_recall_at_20_max": 0.833319,
                "nauc_recall_at_20_std": 0.596624,
                "nauc_recall_at_20_diff1": 0.858937,
                "nauc_recall_at_100_max": 0.786415,
                "nauc_recall_at_100_std": 0.462068,
                "nauc_recall_at_100_diff1": 0.711251,
                "nauc_recall_at_1000_max": NaN,
                "nauc_recall_at_1000_std": NaN,
                "nauc_recall_at_1000_diff1": NaN,
                "nauc_precision_at_1_max": 0.73346,
                "nauc_precision_at_1_std": 0.343813,
                "nauc_precision_at_1_diff1": 0.877949,
                "nauc_precision_at_3_max": 0.754887,
                "nauc_precision_at_3_std": 0.437312,
                "nauc_precision_at_3_diff1": 0.834958,
                "nauc_precision_at_5_max": 0.796684,
                "nauc_precision_at_5_std": 0.451765,
                "nauc_precision_at_5_diff1": 0.836721,
                "nauc_precision_at_10_max": 0.792641,
                "nauc_precision_at_10_std": 0.525363,
                "nauc_precision_at_10_diff1": 0.85176,
                "nauc_precision_at_20_max": 0.833319,
                "nauc_precision_at_20_std": 0.596624,
                "nauc_precision_at_20_diff1": 0.858937,
                "nauc_precision_at_100_max": 0.786415,
                "nauc_precision_at_100_std": 0.462068,
                "nauc_precision_at_100_diff1": 0.711251,
                "nauc_precision_at_1000_max": 1.0,
                "nauc_precision_at_1000_std": 1.0,
                "nauc_precision_at_1000_diff1": 1.0,
                "nauc_mrr_at_1_max": 0.73346,
                "nauc_mrr_at_1_std": 0.343813,
                "nauc_mrr_at_1_diff1": 0.877949,
                "nauc_mrr_at_3_max": 0.735142,
                "nauc_mrr_at_3_std": 0.369734,
                "nauc_mrr_at_3_diff1": 0.860089,
                "nauc_mrr_at_5_max": 0.740783,
                "nauc_mrr_at_5_std": 0.369242,
                "nauc_mrr_at_5_diff1": 0.860951,
                "nauc_mrr_at_10_max": 0.739082,
                "nauc_mrr_at_10_std": 0.370893,
                "nauc_mrr_at_10_diff1": 0.862628,
                "nauc_mrr_at_20_max": 0.739339,
                "nauc_mrr_at_20_std": 0.370786,
                "nauc_mrr_at_20_diff1": 0.862957,
                "nauc_mrr_at_100_max": 0.738737,
                "nauc_mrr_at_100_std": 0.36911,
                "nauc_mrr_at_100_diff1": 0.862897,
                "nauc_mrr_at_1000_max": 0.738724,
                "nauc_mrr_at_1000_std": 0.369124,
                "nauc_mrr_at_1000_diff1": 0.862931,
                "cv_recall_at_1": 0.72333,
                "cv_recall_at_3": 0.84167,
                "cv_recall_at_5": 0.87167,
                "cv_recall_at_10": 0.91833,
                "cv_recall_at_20": 0.94667,
                "cv_recall_at_100": 0.99333,
                "cv_recall_at_1000": 1.0,
                "main_score": 0.82038,
                "hf_subset": "default",
                "languages": [
                    "slk-Latn"
                ]
            }
        ]
    },
    "evaluation_time": 2.578932523727417,
    "kg_co2_emissions": null
}
