{
    "dataset_revision": "c5a6521a4ddce3450fb04ba218623681a9189c6d",
    "task_name": "SMESumRetrieval",
    "mteb_version": "1.39.7",
    "scores": {
        "test": [
            {
                "ndcg_at_1": 0.72333,
                "ndcg_at_3": 0.78877,
                "ndcg_at_5": 0.80247,
                "ndcg_at_10": 0.81638,
                "ndcg_at_20": 0.82437,
                "ndcg_at_100": 0.83357,
                "ndcg_at_1000": 0.83469,
                "map_at_1": 0.72333,
                "map_at_3": 0.77278,
                "map_at_5": 0.78036,
                "map_at_10": 0.78604,
                "map_at_20": 0.78823,
                "map_at_100": 0.78958,
                "map_at_1000": 0.78963,
                "recall_at_1": 0.72333,
                "recall_at_3": 0.835,
                "recall_at_5": 0.86833,
                "recall_at_10": 0.91167,
                "recall_at_20": 0.94333,
                "recall_at_100": 0.99167,
                "recall_at_1000": 1.0,
                "accuracy": 0.72333,
                "precision_at_1": 0.72333,
                "precision_at_3": 0.27833,
                "precision_at_5": 0.17367,
                "precision_at_10": 0.09117,
                "precision_at_20": 0.04717,
                "precision_at_100": 0.00992,
                "precision_at_1000": 0.001,
                "mrr_at_1": 0.723333,
                "mrr_at_3": 0.772778,
                "mrr_at_5": 0.780361,
                "mrr_at_10": 0.786041,
                "mrr_at_20": 0.788226,
                "mrr_at_100": 0.78958,
                "mrr_at_1000": 0.78963,
                "nauc_ndcg_at_1_max": 0.748874,
                "nauc_ndcg_at_1_std": 0.256222,
                "nauc_ndcg_at_1_diff1": 0.881276,
                "nauc_ndcg_at_3_max": 0.763418,
                "nauc_ndcg_at_3_std": 0.319944,
                "nauc_ndcg_at_3_diff1": 0.851263,
                "nauc_ndcg_at_5_max": 0.766832,
                "nauc_ndcg_at_5_std": 0.319937,
                "nauc_ndcg_at_5_diff1": 0.84523,
                "nauc_ndcg_at_10_max": 0.77221,
                "nauc_ndcg_at_10_std": 0.326079,
                "nauc_ndcg_at_10_diff1": 0.848471,
                "nauc_ndcg_at_20_max": 0.76846,
                "nauc_ndcg_at_20_std": 0.317834,
                "nauc_ndcg_at_20_diff1": 0.853161,
                "nauc_ndcg_at_100_max": 0.765512,
                "nauc_ndcg_at_100_std": 0.307903,
                "nauc_ndcg_at_100_diff1": 0.856213,
                "nauc_ndcg_at_1000_max": 0.764765,
                "nauc_ndcg_at_1000_std": 0.306157,
                "nauc_ndcg_at_1000_diff1": 0.857004,
                "nauc_map_at_1_max": 0.748874,
                "nauc_map_at_1_std": 0.256222,
                "nauc_map_at_1_diff1": 0.881276,
                "nauc_map_at_3_max": 0.759525,
                "nauc_map_at_3_std": 0.300753,
                "nauc_map_at_3_diff1": 0.859906,
                "nauc_map_at_5_max": 0.761443,
                "nauc_map_at_5_std": 0.300718,
                "nauc_map_at_5_diff1": 0.857349,
                "nauc_map_at_10_max": 0.763285,
                "nauc_map_at_10_std": 0.302485,
                "nauc_map_at_10_diff1": 0.858954,
                "nauc_map_at_20_max": 0.762355,
                "nauc_map_at_20_std": 0.299718,
                "nauc_map_at_20_diff1": 0.860168,
                "nauc_map_at_100_max": 0.761979,
                "nauc_map_at_100_std": 0.298404,
                "nauc_map_at_100_diff1": 0.86061,
                "nauc_map_at_1000_max": 0.761949,
                "nauc_map_at_1000_std": 0.298342,
                "nauc_map_at_1000_diff1": 0.860636,
                "nauc_recall_at_1_max": 0.748874,
                "nauc_recall_at_1_std": 0.256222,
                "nauc_recall_at_1_diff1": 0.881276,
                "nauc_recall_at_3_max": 0.777988,
                "nauc_recall_at_3_std": 0.392994,
                "nauc_recall_at_3_diff1": 0.818567,
                "nauc_recall_at_5_max": 0.790955,
                "nauc_recall_at_5_std": 0.405655,
                "nauc_recall_at_5_diff1": 0.789082,
                "nauc_recall_at_10_max": 0.83269,
                "nauc_recall_at_10_std": 0.479088,
                "nauc_recall_at_10_diff1": 0.781777,
                "nauc_recall_at_20_max": 0.823708,
                "nauc_recall_at_20_std": 0.488027,
                "nauc_recall_at_20_diff1": 0.796521,
                "nauc_recall_at_100_max": 0.862745,
                "nauc_recall_at_100_std": 0.543511,
                "nauc_recall_at_100_diff1": 0.747432,
                "nauc_recall_at_1000_max": NaN,
                "nauc_recall_at_1000_std": NaN,
                "nauc_recall_at_1000_diff1": NaN,
                "nauc_precision_at_1_max": 0.748874,
                "nauc_precision_at_1_std": 0.256222,
                "nauc_precision_at_1_diff1": 0.881276,
                "nauc_precision_at_3_max": 0.777988,
                "nauc_precision_at_3_std": 0.392994,
                "nauc_precision_at_3_diff1": 0.818567,
                "nauc_precision_at_5_max": 0.790955,
                "nauc_precision_at_5_std": 0.405655,
                "nauc_precision_at_5_diff1": 0.789082,
                "nauc_precision_at_10_max": 0.83269,
                "nauc_precision_at_10_std": 0.479088,
                "nauc_precision_at_10_diff1": 0.781777,
                "nauc_precision_at_20_max": 0.823708,
                "nauc_precision_at_20_std": 0.488027,
                "nauc_precision_at_20_diff1": 0.796521,
                "nauc_precision_at_100_max": 0.862745,
                "nauc_precision_at_100_std": 0.543511,
                "nauc_precision_at_100_diff1": 0.747432,
                "nauc_precision_at_1000_max": 1.0,
                "nauc_precision_at_1000_std": 1.0,
                "nauc_precision_at_1000_diff1": 1.0,
                "nauc_mrr_at_1_max": 0.748874,
                "nauc_mrr_at_1_std": 0.256222,
                "nauc_mrr_at_1_diff1": 0.881276,
                "nauc_mrr_at_3_max": 0.759525,
                "nauc_mrr_at_3_std": 0.300753,
                "nauc_mrr_at_3_diff1": 0.859906,
                "nauc_mrr_at_5_max": 0.761443,
                "nauc_mrr_at_5_std": 0.300718,
                "nauc_mrr_at_5_diff1": 0.857349,
                "nauc_mrr_at_10_max": 0.763285,
                "nauc_mrr_at_10_std": 0.302485,
                "nauc_mrr_at_10_diff1": 0.858954,
                "nauc_mrr_at_20_max": 0.762355,
                "nauc_mrr_at_20_std": 0.299718,
                "nauc_mrr_at_20_diff1": 0.860168,
                "nauc_mrr_at_100_max": 0.761979,
                "nauc_mrr_at_100_std": 0.298404,
                "nauc_mrr_at_100_diff1": 0.86061,
                "nauc_mrr_at_1000_max": 0.761949,
                "nauc_mrr_at_1000_std": 0.298342,
                "nauc_mrr_at_1000_diff1": 0.860636,
                "cv_recall_at_1": 0.72333,
                "cv_recall_at_3": 0.835,
                "cv_recall_at_5": 0.86833,
                "cv_recall_at_10": 0.91167,
                "cv_recall_at_20": 0.94333,
                "cv_recall_at_100": 0.99167,
                "cv_recall_at_1000": 1.0,
                "main_score": 0.81638,
                "hf_subset": "default",
                "languages": [
                    "slk-Latn"
                ]
            }
        ]
    },
    "evaluation_time": 2.550006866455078,
    "kg_co2_emissions": null
}
