{
    "dataset_revision": "f64f483ad0f31d2e78209d524c14a4a867965959",
    "task_name": "WebFAQRetrieval",
    "mteb_version": "1.39.7",
    "scores": {
        "test": [
            {
                "ndcg_at_1": 0.73454,
                "ndcg_at_3": 0.80364,
                "ndcg_at_5": 0.81608,
                "ndcg_at_10": 0.82862,
                "ndcg_at_20": 0.83525,
                "ndcg_at_100": 0.84214,
                "ndcg_at_1000": 0.84422,
                "map_at_1": 0.73454,
                "map_at_3": 0.78703,
                "map_at_5": 0.79402,
                "map_at_10": 0.79933,
                "map_at_20": 0.80114,
                "map_at_100": 0.80209,
                "map_at_1000": 0.80217,
                "recall_at_1": 0.73454,
                "recall_at_3": 0.85157,
                "recall_at_5": 0.88138,
                "recall_at_10": 0.91944,
                "recall_at_20": 0.94577,
                "recall_at_100": 0.98287,
                "recall_at_1000": 0.99905,
                "accuracy": 0.73454,
                "precision_at_1": 0.73454,
                "precision_at_3": 0.28386,
                "precision_at_5": 0.17628,
                "precision_at_10": 0.09194,
                "precision_at_20": 0.04729,
                "precision_at_100": 0.00983,
                "precision_at_1000": 0.001,
                "mrr_at_1": 0.734539,
                "mrr_at_3": 0.787451,
                "mrr_at_5": 0.794127,
                "mrr_at_10": 0.799583,
                "mrr_at_20": 0.801387,
                "mrr_at_100": 0.802347,
                "mrr_at_1000": 0.802427,
                "nauc_ndcg_at_1_max": 0.506074,
                "nauc_ndcg_at_1_std": -0.085437,
                "nauc_ndcg_at_1_diff1": 0.825971,
                "nauc_ndcg_at_3_max": 0.506863,
                "nauc_ndcg_at_3_std": -0.145508,
                "nauc_ndcg_at_3_diff1": 0.799762,
                "nauc_ndcg_at_5_max": 0.510074,
                "nauc_ndcg_at_5_std": -0.136428,
                "nauc_ndcg_at_5_diff1": 0.79625,
                "nauc_ndcg_at_10_max": 0.507283,
                "nauc_ndcg_at_10_std": -0.138583,
                "nauc_ndcg_at_10_diff1": 0.801363,
                "nauc_ndcg_at_20_max": 0.506059,
                "nauc_ndcg_at_20_std": -0.134408,
                "nauc_ndcg_at_20_diff1": 0.804256,
                "nauc_ndcg_at_100_max": 0.5051,
                "nauc_ndcg_at_100_std": -0.128543,
                "nauc_ndcg_at_100_diff1": 0.80502,
                "nauc_ndcg_at_1000_max": 0.506632,
                "nauc_ndcg_at_1000_std": -0.127547,
                "nauc_ndcg_at_1000_diff1": 0.805526,
                "nauc_map_at_1_max": 0.506074,
                "nauc_map_at_1_std": -0.085437,
                "nauc_map_at_1_diff1": 0.825971,
                "nauc_map_at_3_max": 0.506816,
                "nauc_map_at_3_std": -0.128805,
                "nauc_map_at_3_diff1": 0.806338,
                "nauc_map_at_5_max": 0.508546,
                "nauc_map_at_5_std": -0.123595,
                "nauc_map_at_5_diff1": 0.804815,
                "nauc_map_at_10_max": 0.507275,
                "nauc_map_at_10_std": -0.124158,
                "nauc_map_at_10_diff1": 0.806827,
                "nauc_map_at_20_max": 0.506939,
                "nauc_map_at_20_std": -0.123206,
                "nauc_map_at_20_diff1": 0.807498,
                "nauc_map_at_100_max": 0.506756,
                "nauc_map_at_100_std": -0.122669,
                "nauc_map_at_100_diff1": 0.807645,
                "nauc_map_at_1000_max": 0.506816,
                "nauc_map_at_1000_std": -0.122611,
                "nauc_map_at_1000_diff1": 0.80766,
                "nauc_recall_at_1_max": 0.506074,
                "nauc_recall_at_1_std": -0.085437,
                "nauc_recall_at_1_diff1": 0.825971,
                "nauc_recall_at_3_max": 0.506947,
                "nauc_recall_at_3_std": -0.210639,
                "nauc_recall_at_3_diff1": 0.774539,
                "nauc_recall_at_5_max": 0.517521,
                "nauc_recall_at_5_std": -0.193772,
                "nauc_recall_at_5_diff1": 0.756306,
                "nauc_recall_at_10_max": 0.506613,
                "nauc_recall_at_10_std": -0.230569,
                "nauc_recall_at_10_diff1": 0.770079,
                "nauc_recall_at_20_max": 0.494191,
                "nauc_recall_at_20_std": -0.225507,
                "nauc_recall_at_20_diff1": 0.787968,
                "nauc_recall_at_100_max": 0.43618,
                "nauc_recall_at_100_std": -0.131788,
                "nauc_recall_at_100_diff1": 0.780306,
                "nauc_recall_at_1000_max": 0.912863,
                "nauc_recall_at_1000_std": 0.702759,
                "nauc_recall_at_1000_diff1": 0.956432,
                "nauc_precision_at_1_max": 0.506074,
                "nauc_precision_at_1_std": -0.085437,
                "nauc_precision_at_1_diff1": 0.825971,
                "nauc_precision_at_3_max": 0.506947,
                "nauc_precision_at_3_std": -0.210639,
                "nauc_precision_at_3_diff1": 0.774539,
                "nauc_precision_at_5_max": 0.517521,
                "nauc_precision_at_5_std": -0.193772,
                "nauc_precision_at_5_diff1": 0.756306,
                "nauc_precision_at_10_max": 0.506613,
                "nauc_precision_at_10_std": -0.230569,
                "nauc_precision_at_10_diff1": 0.770079,
                "nauc_precision_at_20_max": 0.494191,
                "nauc_precision_at_20_std": -0.225507,
                "nauc_precision_at_20_diff1": 0.787968,
                "nauc_precision_at_100_max": 0.43618,
                "nauc_precision_at_100_std": -0.131788,
                "nauc_precision_at_100_diff1": 0.780306,
                "nauc_precision_at_1000_max": 0.912863,
                "nauc_precision_at_1000_std": 0.702759,
                "nauc_precision_at_1000_diff1": 0.956432,
                "nauc_mrr_at_1_max": 0.506501,
                "nauc_mrr_at_1_std": -0.08411,
                "nauc_mrr_at_1_diff1": 0.825971,
                "nauc_mrr_at_3_max": 0.507246,
                "nauc_mrr_at_3_std": -0.126486,
                "nauc_mrr_at_3_diff1": 0.805719,
                "nauc_mrr_at_5_max": 0.509148,
                "nauc_mrr_at_5_std": -0.123792,
                "nauc_mrr_at_5_diff1": 0.804682,
                "nauc_mrr_at_10_max": 0.508036,
                "nauc_mrr_at_10_std": -0.122925,
                "nauc_mrr_at_10_diff1": 0.806482,
                "nauc_mrr_at_20_max": 0.507559,
                "nauc_mrr_at_20_std": -0.122062,
                "nauc_mrr_at_20_diff1": 0.807188,
                "nauc_mrr_at_100_max": 0.507455,
                "nauc_mrr_at_100_std": -0.121332,
                "nauc_mrr_at_100_diff1": 0.807295,
                "nauc_mrr_at_1000_max": 0.507515,
                "nauc_mrr_at_1000_std": -0.121274,
                "nauc_mrr_at_1000_diff1": 0.80731,
                "cv_recall_at_1": 0.73454,
                "cv_recall_at_3": 0.8522,
                "cv_recall_at_5": 0.88075,
                "cv_recall_at_10": 0.91976,
                "cv_recall_at_20": 0.94608,
                "cv_recall_at_100": 0.98287,
                "cv_recall_at_1000": 0.99905,
                "main_score": 0.82862,
                "hf_subset": "slk",
                "languages": [
                    "slk-Latn"
                ]
            }
        ]
    },
    "evaluation_time": 34.77817726135254,
    "kg_co2_emissions": null
}
