{
    "dataset_revision": "79914f425b59d8b9fabb6d38c37f6d81f9723f46",
    "task_name": "SlovakNLI",
    "mteb_version": "1.39.7",
    "scores": {
        "test": [
            {
                "similarity_accuracy": 0.735602,
                "similarity_accuracy_threshold": 0.913718,
                "similarity_f1": 0.761261,
                "similarity_f1_threshold": 0.903561,
                "similarity_precision": 0.704167,
                "similarity_recall": 0.828431,
                "similarity_ap": 0.77337,
                "cosine_accuracy": 0.735602,
                "cosine_accuracy_threshold": 0.913718,
                "cosine_f1": 0.761261,
                "cosine_f1_threshold": 0.903561,
                "cosine_precision": 0.704167,
                "cosine_recall": 0.828431,
                "cosine_ap": 0.77337,
                "manhattan_accuracy": 0.730366,
                "manhattan_accuracy_threshold": 10.855827,
                "manhattan_f1": 0.756501,
                "manhattan_f1_threshold": 10.903854,
                "manhattan_precision": 0.730594,
                "manhattan_recall": 0.784314,
                "manhattan_ap": 0.772792,
                "euclidean_accuracy": 0.735602,
                "euclidean_accuracy_threshold": 0.415409,
                "euclidean_f1": 0.761261,
                "euclidean_f1_threshold": 0.439178,
                "euclidean_precision": 0.704167,
                "euclidean_recall": 0.828431,
                "euclidean_ap": 0.77337,
                "dot_accuracy": 0.735602,
                "dot_accuracy_threshold": 0.913718,
                "dot_f1": 0.761261,
                "dot_f1_threshold": 0.903561,
                "dot_precision": 0.704167,
                "dot_recall": 0.828431,
                "dot_ap": 0.77337,
                "max_accuracy": 0.735602,
                "max_f1": 0.761261,
                "max_precision": 0.730594,
                "max_recall": 0.828431,
                "max_ap": 0.77337,
                "main_score": 0.77337,
                "hf_subset": "default",
                "languages": [
                    "slk-Latn"
                ]
            }
        ]
    },
    "evaluation_time": 0.48226475715637207,
    "kg_co2_emissions": null
}
