{
    "dataset_revision": "c3262adb1c32ac0c3ea8de6393a44366edaa62e1",
    "task_name": "WebFAQRetrieval",
    "mteb_version": "1.39.7",
    "scores": {
        "test": [
            {
                "ndcg_at_1": 0.77101,
                "ndcg_at_3": 0.83454,
                "ndcg_at_5": 0.84862,
                "ndcg_at_10": 0.85928,
                "ndcg_at_20": 0.86536,
                "ndcg_at_100": 0.86957,
                "ndcg_at_1000": 0.8707,
                "map_at_1": 0.77101,
                "map_at_3": 0.81938,
                "map_at_5": 0.82726,
                "map_at_10": 0.83172,
                "map_at_20": 0.83338,
                "map_at_100": 0.83398,
                "map_at_1000": 0.83402,
                "recall_at_1": 0.77101,
                "recall_at_3": 0.87821,
                "recall_at_5": 0.91215,
                "recall_at_10": 0.94481,
                "recall_at_20": 0.96892,
                "recall_at_100": 0.99144,
                "recall_at_1000": 1.0,
                "precision_at_1": 0.77101,
                "precision_at_3": 0.29274,
                "precision_at_5": 0.18243,
                "precision_at_10": 0.09448,
                "precision_at_20": 0.04845,
                "precision_at_100": 0.00991,
                "precision_at_1000": 0.001,
                "mrr_at_1": 0.771646,
                "mrr_at_3": 0.820488,
                "mrr_at_5": 0.828084,
                "mrr_at_10": 0.832551,
                "mrr_at_20": 0.834132,
                "mrr_at_100": 0.83478,
                "mrr_at_1000": 0.834828,
                "nauc_ndcg_at_1_max": 0.50816,
                "nauc_ndcg_at_1_std": -0.142776,
                "nauc_ndcg_at_1_diff1": 0.870947,
                "nauc_ndcg_at_3_max": 0.523129,
                "nauc_ndcg_at_3_std": -0.19832,
                "nauc_ndcg_at_3_diff1": 0.854897,
                "nauc_ndcg_at_5_max": 0.518813,
                "nauc_ndcg_at_5_std": -0.18195,
                "nauc_ndcg_at_5_diff1": 0.850357,
                "nauc_ndcg_at_10_max": 0.513613,
                "nauc_ndcg_at_10_std": -0.196365,
                "nauc_ndcg_at_10_diff1": 0.853352,
                "nauc_ndcg_at_20_max": 0.514551,
                "nauc_ndcg_at_20_std": -0.186496,
                "nauc_ndcg_at_20_diff1": 0.854936,
                "nauc_ndcg_at_100_max": 0.5154,
                "nauc_ndcg_at_100_std": -0.178118,
                "nauc_ndcg_at_100_diff1": 0.856197,
                "nauc_ndcg_at_1000_max": 0.515421,
                "nauc_ndcg_at_1000_std": -0.179456,
                "nauc_ndcg_at_1000_diff1": 0.856832,
                "nauc_map_at_1_max": 0.50816,
                "nauc_map_at_1_std": -0.142776,
                "nauc_map_at_1_diff1": 0.870947,
                "nauc_map_at_3_max": 0.51884,
                "nauc_map_at_3_std": -0.182284,
                "nauc_map_at_3_diff1": 0.859364,
                "nauc_map_at_5_max": 0.516394,
                "nauc_map_at_5_std": -0.173691,
                "nauc_map_at_5_diff1": 0.857181,
                "nauc_map_at_10_max": 0.514433,
                "nauc_map_at_10_std": -0.178644,
                "nauc_map_at_10_diff1": 0.858269,
                "nauc_map_at_20_max": 0.514683,
                "nauc_map_at_20_std": -0.176072,
                "nauc_map_at_20_diff1": 0.858687,
                "nauc_map_at_100_max": 0.514871,
                "nauc_map_at_100_std": -0.175073,
                "nauc_map_at_100_diff1": 0.858861,
                "nauc_map_at_1000_max": 0.514881,
                "nauc_map_at_1000_std": -0.17509,
                "nauc_map_at_1000_diff1": 0.858889,
                "nauc_recall_at_1_max": 0.50816,
                "nauc_recall_at_1_std": -0.142776,
                "nauc_recall_at_1_diff1": 0.870947,
                "nauc_recall_at_3_max": 0.540504,
                "nauc_recall_at_3_std": -0.263354,
                "nauc_recall_at_3_diff1": 0.836881,
                "nauc_recall_at_5_max": 0.530657,
                "nauc_recall_at_5_std": -0.220606,
                "nauc_recall_at_5_diff1": 0.81377,
                "nauc_recall_at_10_max": 0.500529,
                "nauc_recall_at_10_std": -0.347335,
                "nauc_recall_at_10_diff1": 0.816478,
                "nauc_recall_at_20_max": 0.504401,
                "nauc_recall_at_20_std": -0.312662,
                "nauc_recall_at_20_diff1": 0.812729,
                "nauc_recall_at_100_max": 0.520058,
                "nauc_recall_at_100_std": -0.007574,
                "nauc_recall_at_100_diff1": 0.793569,
                "nauc_recall_at_1000_max": NaN,
                "nauc_recall_at_1000_std": NaN,
                "nauc_recall_at_1000_diff1": NaN,
                "nauc_precision_at_1_max": 0.50816,
                "nauc_precision_at_1_std": -0.142776,
                "nauc_precision_at_1_diff1": 0.870947,
                "nauc_precision_at_3_max": 0.540504,
                "nauc_precision_at_3_std": -0.263354,
                "nauc_precision_at_3_diff1": 0.836881,
                "nauc_precision_at_5_max": 0.530657,
                "nauc_precision_at_5_std": -0.220606,
                "nauc_precision_at_5_diff1": 0.81377,
                "nauc_precision_at_10_max": 0.500529,
                "nauc_precision_at_10_std": -0.347335,
                "nauc_precision_at_10_diff1": 0.816478,
                "nauc_precision_at_20_max": 0.504401,
                "nauc_precision_at_20_std": -0.312662,
                "nauc_precision_at_20_diff1": 0.812729,
                "nauc_precision_at_100_max": 0.520058,
                "nauc_precision_at_100_std": -0.007574,
                "nauc_precision_at_100_diff1": 0.793569,
                "nauc_precision_at_1000_max": NaN,
                "nauc_precision_at_1000_std": NaN,
                "nauc_precision_at_1000_diff1": NaN,
                "nauc_mrr_at_1_max": 0.510164,
                "nauc_mrr_at_1_std": -0.141128,
                "nauc_mrr_at_1_diff1": 0.869812,
                "nauc_mrr_at_3_max": 0.518761,
                "nauc_mrr_at_3_std": -0.175331,
                "nauc_mrr_at_3_diff1": 0.857614,
                "nauc_mrr_at_5_max": 0.517393,
                "nauc_mrr_at_5_std": -0.169225,
                "nauc_mrr_at_5_diff1": 0.85563,
                "nauc_mrr_at_10_max": 0.515293,
                "nauc_mrr_at_10_std": -0.174011,
                "nauc_mrr_at_10_diff1": 0.856669,
                "nauc_mrr_at_20_max": 0.515522,
                "nauc_mrr_at_20_std": -0.172204,
                "nauc_mrr_at_20_diff1": 0.857045,
                "nauc_mrr_at_100_max": 0.515731,
                "nauc_mrr_at_100_std": -0.170681,
                "nauc_mrr_at_100_diff1": 0.857277,
                "nauc_mrr_at_1000_max": 0.515742,
                "nauc_mrr_at_1000_std": -0.170697,
                "nauc_mrr_at_1000_diff1": 0.857305,
                "main_score": 0.85928,
                "hf_subset": "slk",
                "languages": [
                    "slk-Latn"
                ]
            }
        ]
    },
    "evaluation_time": 80.37383770942688,
    "kg_co2_emissions": null
}
