{
    "dataset_revision": "09f81f51dd5b8497da16d02c69c98d5cb5993ef2",
    "task_name": "SKQuadRetrieval",
    "mteb_version": "1.39.7",
    "scores": {
        "test": [
            {
                "ndcg_at_1": 0.49436,
                "ndcg_at_3": 0.57463,
                "ndcg_at_5": 0.60576,
                "ndcg_at_10": 0.634,
                "ndcg_at_20": 0.65607,
                "ndcg_at_100": 0.67939,
                "ndcg_at_1000": 0.68614,
                "map_at_1": 0.33871,
                "map_at_3": 0.46317,
                "map_at_5": 0.48589,
                "map_at_10": 0.50522,
                "map_at_20": 0.51667,
                "map_at_100": 0.52429,
                "map_at_1000": 0.52484,
                "recall_at_1": 0.33871,
                "recall_at_3": 0.58981,
                "recall_at_5": 0.66466,
                "recall_at_10": 0.7432,
                "recall_at_20": 0.8246,
                "recall_at_100": 0.9417,
                "recall_at_1000": 0.99359,
                "accuracy": 0.33871,
                "precision_at_1": 0.50529,
                "precision_at_3": 0.30747,
                "precision_at_5": 0.21305,
                "precision_at_10": 0.1246,
                "precision_at_20": 0.07183,
                "precision_at_100": 0.01725,
                "precision_at_1000": 0.00184,
                "mrr_at_1": 0.505291,
                "mrr_at_3": 0.651969,
                "mrr_at_5": 0.670267,
                "mrr_at_10": 0.676151,
                "mrr_at_20": 0.677947,
                "mrr_at_100": 0.678308,
                "mrr_at_1000": 0.678341,
                "nauc_ndcg_at_1_max": 0.007672,
                "nauc_ndcg_at_1_std": -0.10803,
                "nauc_ndcg_at_1_diff1": 0.295704,
                "nauc_ndcg_at_3_max": 0.070372,
                "nauc_ndcg_at_3_std": -0.149112,
                "nauc_ndcg_at_3_diff1": 0.172431,
                "nauc_ndcg_at_5_max": 0.065528,
                "nauc_ndcg_at_5_std": -0.135189,
                "nauc_ndcg_at_5_diff1": 0.177635,
                "nauc_ndcg_at_10_max": 0.073511,
                "nauc_ndcg_at_10_std": -0.119834,
                "nauc_ndcg_at_10_diff1": 0.185974,
                "nauc_ndcg_at_20_max": 0.075979,
                "nauc_ndcg_at_20_std": -0.09569,
                "nauc_ndcg_at_20_diff1": 0.201817,
                "nauc_ndcg_at_100_max": 0.077821,
                "nauc_ndcg_at_100_std": -0.076534,
                "nauc_ndcg_at_100_diff1": 0.20786,
                "nauc_ndcg_at_1000_max": 0.075949,
                "nauc_ndcg_at_1000_std": -0.093367,
                "nauc_ndcg_at_1000_diff1": 0.209757,
                "nauc_map_at_1_max": -0.051869,
                "nauc_map_at_1_std": -0.121248,
                "nauc_map_at_1_diff1": 0.252195,
                "nauc_map_at_3_max": 0.004358,
                "nauc_map_at_3_std": -0.15371,
                "nauc_map_at_3_diff1": 0.176563,
                "nauc_map_at_5_max": 0.007719,
                "nauc_map_at_5_std": -0.148069,
                "nauc_map_at_5_diff1": 0.178724,
                "nauc_map_at_10_max": 0.017393,
                "nauc_map_at_10_std": -0.1386,
                "nauc_map_at_10_diff1": 0.182267,
                "nauc_map_at_20_max": 0.021736,
                "nauc_map_at_20_std": -0.129046,
                "nauc_map_at_20_diff1": 0.188093,
                "nauc_map_at_100_max": 0.023628,
                "nauc_map_at_100_std": -0.122156,
                "nauc_map_at_100_diff1": 0.189777,
                "nauc_map_at_1000_max": 0.023833,
                "nauc_map_at_1000_std": -0.122952,
                "nauc_map_at_1000_diff1": 0.18988,
                "nauc_recall_at_1_max": -0.051869,
                "nauc_recall_at_1_std": -0.121248,
                "nauc_recall_at_1_diff1": 0.252195,
                "nauc_recall_at_3_max": 0.060557,
                "nauc_recall_at_3_std": -0.154457,
                "nauc_recall_at_3_diff1": 0.0512,
                "nauc_recall_at_5_max": 0.047929,
                "nauc_recall_at_5_std": -0.127241,
                "nauc_recall_at_5_diff1": 0.035383,
                "nauc_recall_at_10_max": 0.08025,
                "nauc_recall_at_10_std": -0.077846,
                "nauc_recall_at_10_diff1": 0.027839,
                "nauc_recall_at_20_max": 0.101468,
                "nauc_recall_at_20_std": 0.046321,
                "nauc_recall_at_20_diff1": 0.074983,
                "nauc_recall_at_100_max": 0.180296,
                "nauc_recall_at_100_std": 0.501548,
                "nauc_recall_at_100_diff1": 0.088793,
                "nauc_recall_at_1000_max": 0.712299,
                "nauc_recall_at_1000_std": 0.867632,
                "nauc_recall_at_1000_diff1": 0.243448,
                "nauc_precision_at_1_max": 0.019245,
                "nauc_precision_at_1_std": -0.10194,
                "nauc_precision_at_1_diff1": 0.288162,
                "nauc_precision_at_3_max": 0.233901,
                "nauc_precision_at_3_std": -0.083733,
                "nauc_precision_at_3_diff1": -0.004742,
                "nauc_precision_at_5_max": 0.244115,
                "nauc_precision_at_5_std": 0.023821,
                "nauc_precision_at_5_diff1": -0.041163,
                "nauc_precision_at_10_max": 0.223033,
                "nauc_precision_at_10_std": 0.090431,
                "nauc_precision_at_10_diff1": -0.050414,
                "nauc_precision_at_20_max": 0.205371,
                "nauc_precision_at_20_std": 0.161451,
                "nauc_precision_at_20_diff1": -0.018825,
                "nauc_precision_at_100_max": 0.173293,
                "nauc_precision_at_100_std": 0.224011,
                "nauc_precision_at_100_diff1": -0.043742,
                "nauc_precision_at_1000_max": 0.165253,
                "nauc_precision_at_1000_std": 0.157905,
                "nauc_precision_at_1000_diff1": -0.053116,
                "nauc_mrr_at_1_max": 0.019245,
                "nauc_mrr_at_1_std": -0.10194,
                "nauc_mrr_at_1_diff1": 0.288162,
                "nauc_mrr_at_3_max": 0.117937,
                "nauc_mrr_at_3_std": -0.118005,
                "nauc_mrr_at_3_diff1": 0.220874,
                "nauc_mrr_at_5_max": 0.111041,
                "nauc_mrr_at_5_std": -0.105159,
                "nauc_mrr_at_5_diff1": 0.228991,
                "nauc_mrr_at_10_max": 0.108617,
                "nauc_mrr_at_10_std": -0.104451,
                "nauc_mrr_at_10_diff1": 0.235042,
                "nauc_mrr_at_20_max": 0.105257,
                "nauc_mrr_at_20_std": -0.101862,
                "nauc_mrr_at_20_diff1": 0.236528,
                "nauc_mrr_at_100_max": 0.104501,
                "nauc_mrr_at_100_std": -0.10251,
                "nauc_mrr_at_100_diff1": 0.237032,
                "nauc_mrr_at_1000_max": 0.104382,
                "nauc_mrr_at_1000_std": -0.102656,
                "nauc_mrr_at_1000_diff1": 0.237078,
                "cv_recall_at_1": 0.50529,
                "cv_recall_at_3": 0.83245,
                "cv_recall_at_5": 0.91182,
                "cv_recall_at_10": 0.95238,
                "cv_recall_at_20": 0.97619,
                "cv_recall_at_100": 0.9903,
                "cv_recall_at_1000": 0.99824,
                "main_score": 0.634,
                "hf_subset": "default",
                "languages": [
                    "slk-Latn"
                ]
            }
        ]
    },
    "evaluation_time": 32.30992889404297,
    "kg_co2_emissions": null
}
