{
    "dataset_revision": "85d6b32f2762313714618171b9d1a65eb7408835",
    "task_name": "SlovakSumRetrieval",
    "mteb_version": "1.39.7",
    "scores": {
        "test": [
            {
                "ndcg_at_1": 0.83,
                "ndcg_at_3": 0.87641,
                "ndcg_at_5": 0.88911,
                "ndcg_at_10": 0.89378,
                "ndcg_at_20": 0.89896,
                "ndcg_at_100": 0.90224,
                "ndcg_at_1000": 0.9037,
                "map_at_1": 0.83,
                "map_at_3": 0.86583,
                "map_at_5": 0.87308,
                "map_at_10": 0.87491,
                "map_at_20": 0.8764,
                "map_at_100": 0.87692,
                "map_at_1000": 0.87697,
                "recall_at_1": 0.83,
                "recall_at_3": 0.90667,
                "recall_at_5": 0.93667,
                "recall_at_10": 0.95167,
                "recall_at_20": 0.97167,
                "recall_at_100": 0.98833,
                "recall_at_1000": 1.0,
                "accuracy": 0.83,
                "precision_at_1": 0.83,
                "precision_at_3": 0.30222,
                "precision_at_5": 0.18733,
                "precision_at_10": 0.09517,
                "precision_at_20": 0.04858,
                "precision_at_100": 0.00988,
                "precision_at_1000": 0.001,
                "mrr_at_1": 0.83,
                "mrr_at_3": 0.865833,
                "mrr_at_5": 0.873083,
                "mrr_at_10": 0.874909,
                "mrr_at_20": 0.876396,
                "mrr_at_100": 0.876917,
                "mrr_at_1000": 0.876967,
                "nauc_ndcg_at_1_max": 0.74897,
                "nauc_ndcg_at_1_std": 0.104376,
                "nauc_ndcg_at_1_diff1": 0.880841,
                "nauc_ndcg_at_3_max": 0.785375,
                "nauc_ndcg_at_3_std": 0.206418,
                "nauc_ndcg_at_3_diff1": 0.861655,
                "nauc_ndcg_at_5_max": 0.800968,
                "nauc_ndcg_at_5_std": 0.225255,
                "nauc_ndcg_at_5_diff1": 0.870268,
                "nauc_ndcg_at_10_max": 0.795942,
                "nauc_ndcg_at_10_std": 0.212078,
                "nauc_ndcg_at_10_diff1": 0.871337,
                "nauc_ndcg_at_20_max": 0.79255,
                "nauc_ndcg_at_20_std": 0.207497,
                "nauc_ndcg_at_20_diff1": 0.869467,
                "nauc_ndcg_at_100_max": 0.789143,
                "nauc_ndcg_at_100_std": 0.20543,
                "nauc_ndcg_at_100_diff1": 0.871595,
                "nauc_ndcg_at_1000_max": 0.786444,
                "nauc_ndcg_at_1000_std": 0.195967,
                "nauc_ndcg_at_1000_diff1": 0.871183,
                "nauc_map_at_1_max": 0.74897,
                "nauc_map_at_1_std": 0.104376,
                "nauc_map_at_1_diff1": 0.880841,
                "nauc_map_at_3_max": 0.776304,
                "nauc_map_at_3_std": 0.180588,
                "nauc_map_at_3_diff1": 0.86652,
                "nauc_map_at_5_max": 0.78375,
                "nauc_map_at_5_std": 0.188684,
                "nauc_map_at_5_diff1": 0.87115,
                "nauc_map_at_10_max": 0.781766,
                "nauc_map_at_10_std": 0.183591,
                "nauc_map_at_10_diff1": 0.871539,
                "nauc_map_at_20_max": 0.780895,
                "nauc_map_at_20_std": 0.182509,
                "nauc_map_at_20_diff1": 0.871112,
                "nauc_map_at_100_max": 0.780364,
                "nauc_map_at_100_std": 0.18175,
                "nauc_map_at_100_diff1": 0.871469,
                "nauc_map_at_1000_max": 0.780292,
                "nauc_map_at_1000_std": 0.181507,
                "nauc_map_at_1000_diff1": 0.871466,
                "nauc_recall_at_1_max": 0.74897,
                "nauc_recall_at_1_std": 0.104376,
                "nauc_recall_at_1_diff1": 0.880841,
                "nauc_recall_at_3_max": 0.82062,
                "nauc_recall_at_3_std": 0.307048,
                "nauc_recall_at_3_diff1": 0.842695,
                "nauc_recall_at_5_max": 0.898459,
                "nauc_recall_at_5_std": 0.428719,
                "nauc_recall_at_5_diff1": 0.868052,
                "nauc_recall_at_10_max": 0.895119,
                "nauc_recall_at_10_std": 0.404086,
                "nauc_recall_at_10_diff1": 0.874433,
                "nauc_recall_at_20_max": 0.91679,
                "nauc_recall_at_20_std": 0.467595,
                "nauc_recall_at_20_diff1": 0.851431,
                "nauc_recall_at_100_max": 0.962652,
                "nauc_recall_at_100_std": 0.816593,
                "nauc_recall_at_100_diff1": 0.901961,
                "nauc_recall_at_1000_max": NaN,
                "nauc_recall_at_1000_std": NaN,
                "nauc_recall_at_1000_diff1": NaN,
                "nauc_precision_at_1_max": 0.74897,
                "nauc_precision_at_1_std": 0.104376,
                "nauc_precision_at_1_diff1": 0.880841,
                "nauc_precision_at_3_max": 0.82062,
                "nauc_precision_at_3_std": 0.307048,
                "nauc_precision_at_3_diff1": 0.842695,
                "nauc_precision_at_5_max": 0.898459,
                "nauc_precision_at_5_std": 0.428719,
                "nauc_precision_at_5_diff1": 0.868052,
                "nauc_precision_at_10_max": 0.895119,
                "nauc_precision_at_10_std": 0.404086,
                "nauc_precision_at_10_diff1": 0.874433,
                "nauc_precision_at_20_max": 0.91679,
                "nauc_precision_at_20_std": 0.467595,
                "nauc_precision_at_20_diff1": 0.851431,
                "nauc_precision_at_100_max": 0.962652,
                "nauc_precision_at_100_std": 0.816593,
                "nauc_precision_at_100_diff1": 0.901961,
                "nauc_precision_at_1000_max": 1.0,
                "nauc_precision_at_1000_std": 1.0,
                "nauc_precision_at_1000_diff1": 1.0,
                "nauc_mrr_at_1_max": 0.74897,
                "nauc_mrr_at_1_std": 0.104376,
                "nauc_mrr_at_1_diff1": 0.880841,
                "nauc_mrr_at_3_max": 0.776304,
                "nauc_mrr_at_3_std": 0.180588,
                "nauc_mrr_at_3_diff1": 0.86652,
                "nauc_mrr_at_5_max": 0.78375,
                "nauc_mrr_at_5_std": 0.188684,
                "nauc_mrr_at_5_diff1": 0.87115,
                "nauc_mrr_at_10_max": 0.781766,
                "nauc_mrr_at_10_std": 0.183591,
                "nauc_mrr_at_10_diff1": 0.871539,
                "nauc_mrr_at_20_max": 0.780895,
                "nauc_mrr_at_20_std": 0.182509,
                "nauc_mrr_at_20_diff1": 0.871112,
                "nauc_mrr_at_100_max": 0.780364,
                "nauc_mrr_at_100_std": 0.18175,
                "nauc_mrr_at_100_diff1": 0.871469,
                "nauc_mrr_at_1000_max": 0.780292,
                "nauc_mrr_at_1000_std": 0.181507,
                "nauc_mrr_at_1000_diff1": 0.871466,
                "cv_recall_at_1": 0.83,
                "cv_recall_at_3": 0.90667,
                "cv_recall_at_5": 0.93667,
                "cv_recall_at_10": 0.95167,
                "cv_recall_at_20": 0.97167,
                "cv_recall_at_100": 0.98833,
                "cv_recall_at_1000": 1.0,
                "main_score": 0.89378,
                "hf_subset": "default",
                "languages": [
                    "slk-Latn"
                ]
            }
        ]
    },
    "evaluation_time": 2.8795316219329834,
    "kg_co2_emissions": null
}
