{
    "dataset_revision": "962818770efbb0395130a3abb04dcae3b4ef7c30",
    "task_name": "SlovakPharmacyMojaLekarenReranking",
    "mteb_version": "1.39.7",
    "scores": {
        "test": [
            {
                "ndcg_at_1": 0.89295,
                "ndcg_at_3": 0.95302,
                "ndcg_at_5": 0.95576,
                "ndcg_at_10": 0.95576,
                "ndcg_at_20": 0.95576,
                "ndcg_at_100": 0.95576,
                "ndcg_at_1000": 0.95576,
                "map_at_1": 0.89295,
                "map_at_3": 0.93902,
                "map_at_5": 0.94051,
                "map_at_10": 0.94051,
                "map_at_20": 0.94051,
                "map_at_100": 0.94051,
                "map_at_1000": 0.94051,
                "recall_at_1": 0.89295,
                "recall_at_3": 0.99322,
                "recall_at_5": 1.0,
                "recall_at_10": 1.0,
                "recall_at_20": 1.0,
                "recall_at_100": 1.0,
                "recall_at_1000": 1.0,
                "accuracy": 0.89295,
                "precision_at_1": 0.89295,
                "precision_at_3": 0.33107,
                "precision_at_5": 0.2,
                "precision_at_10": 0.1,
                "precision_at_20": 0.05,
                "precision_at_100": 0.01,
                "precision_at_1000": 0.001,
                "mrr_at_1": 0.892954,
                "mrr_at_3": 0.939024,
                "mrr_at_5": 0.940515,
                "mrr_at_10": 0.940515,
                "mrr_at_20": 0.940515,
                "mrr_at_100": 0.940515,
                "mrr_at_1000": 0.940515,
                "nauc_ndcg_at_1_max": 0.358218,
                "nauc_ndcg_at_1_std": 0.403888,
                "nauc_ndcg_at_1_diff1": 0.85441,
                "nauc_ndcg_at_3_max": 0.435015,
                "nauc_ndcg_at_3_std": 0.475106,
                "nauc_ndcg_at_3_diff1": 0.852728,
                "nauc_ndcg_at_5_max": 0.401323,
                "nauc_ndcg_at_5_std": 0.442355,
                "nauc_ndcg_at_5_diff1": 0.854324,
                "nauc_ndcg_at_10_max": 0.401323,
                "nauc_ndcg_at_10_std": 0.442355,
                "nauc_ndcg_at_10_diff1": 0.854324,
                "nauc_ndcg_at_20_max": 0.401323,
                "nauc_ndcg_at_20_std": 0.442355,
                "nauc_ndcg_at_20_diff1": 0.854324,
                "nauc_ndcg_at_100_max": 0.401323,
                "nauc_ndcg_at_100_std": 0.442355,
                "nauc_ndcg_at_100_diff1": 0.854324,
                "nauc_ndcg_at_1000_max": 0.401323,
                "nauc_ndcg_at_1000_std": 0.442355,
                "nauc_ndcg_at_1000_diff1": 0.854324,
                "nauc_map_at_1_max": 0.358218,
                "nauc_map_at_1_std": 0.403888,
                "nauc_map_at_1_diff1": 0.85441,
                "nauc_map_at_3_max": 0.412666,
                "nauc_map_at_3_std": 0.453526,
                "nauc_map_at_3_diff1": 0.853951,
                "nauc_map_at_5_max": 0.398439,
                "nauc_map_at_5_std": 0.439731,
                "nauc_map_at_5_diff1": 0.85441,
                "nauc_map_at_10_max": 0.398439,
                "nauc_map_at_10_std": 0.439731,
                "nauc_map_at_10_diff1": 0.85441,
                "nauc_map_at_20_max": 0.398439,
                "nauc_map_at_20_std": 0.439731,
                "nauc_map_at_20_diff1": 0.85441,
                "nauc_map_at_100_max": 0.398439,
                "nauc_map_at_100_std": 0.439731,
                "nauc_map_at_100_diff1": 0.85441,
                "nauc_map_at_1000_max": 0.398439,
                "nauc_map_at_1000_std": 0.439731,
                "nauc_map_at_1000_diff1": 0.85441,
                "nauc_recall_at_1_max": 0.358218,
                "nauc_recall_at_1_std": 0.403888,
                "nauc_recall_at_1_diff1": 0.85441,
                "nauc_recall_at_3_max": 0.973848,
                "nauc_recall_at_3_std": 1.0,
                "nauc_recall_at_3_diff1": 0.819328,
                "nauc_recall_at_5_max": NaN,
                "nauc_recall_at_5_std": NaN,
                "nauc_recall_at_5_diff1": NaN,
                "nauc_recall_at_10_max": NaN,
                "nauc_recall_at_10_std": NaN,
                "nauc_recall_at_10_diff1": NaN,
                "nauc_recall_at_20_max": NaN,
                "nauc_recall_at_20_std": NaN,
                "nauc_recall_at_20_diff1": NaN,
                "nauc_recall_at_100_max": NaN,
                "nauc_recall_at_100_std": NaN,
                "nauc_recall_at_100_diff1": NaN,
                "nauc_recall_at_1000_max": NaN,
                "nauc_recall_at_1000_std": NaN,
                "nauc_recall_at_1000_diff1": NaN,
                "nauc_precision_at_1_max": 0.358218,
                "nauc_precision_at_1_std": 0.403888,
                "nauc_precision_at_1_diff1": 0.85441,
                "nauc_precision_at_3_max": 0.973848,
                "nauc_precision_at_3_std": 1.0,
                "nauc_precision_at_3_diff1": 0.819328,
                "nauc_precision_at_5_max": NaN,
                "nauc_precision_at_5_std": NaN,
                "nauc_precision_at_5_diff1": NaN,
                "nauc_precision_at_10_max": NaN,
                "nauc_precision_at_10_std": NaN,
                "nauc_precision_at_10_diff1": NaN,
                "nauc_precision_at_20_max": NaN,
                "nauc_precision_at_20_std": NaN,
                "nauc_precision_at_20_diff1": NaN,
                "nauc_precision_at_100_max": NaN,
                "nauc_precision_at_100_std": NaN,
                "nauc_precision_at_100_diff1": NaN,
                "nauc_precision_at_1000_max": 1.0,
                "nauc_precision_at_1000_std": 1.0,
                "nauc_precision_at_1000_diff1": 1.0,
                "nauc_mrr_at_1_max": 0.358218,
                "nauc_mrr_at_1_std": 0.403888,
                "nauc_mrr_at_1_diff1": 0.85441,
                "nauc_mrr_at_3_max": 0.412666,
                "nauc_mrr_at_3_std": 0.453526,
                "nauc_mrr_at_3_diff1": 0.853951,
                "nauc_mrr_at_5_max": 0.398439,
                "nauc_mrr_at_5_std": 0.439731,
                "nauc_mrr_at_5_diff1": 0.85441,
                "nauc_mrr_at_10_max": 0.398439,
                "nauc_mrr_at_10_std": 0.439731,
                "nauc_mrr_at_10_diff1": 0.85441,
                "nauc_mrr_at_20_max": 0.398439,
                "nauc_mrr_at_20_std": 0.439731,
                "nauc_mrr_at_20_diff1": 0.85441,
                "nauc_mrr_at_100_max": 0.398439,
                "nauc_mrr_at_100_std": 0.439731,
                "nauc_mrr_at_100_diff1": 0.85441,
                "nauc_mrr_at_1000_max": 0.398439,
                "nauc_mrr_at_1000_std": 0.439731,
                "nauc_mrr_at_1000_diff1": 0.85441,
                "cv_recall_at_1": 0.89295,
                "cv_recall_at_3": 0.99322,
                "cv_recall_at_5": 1.0,
                "cv_recall_at_10": 1.0,
                "cv_recall_at_20": 1.0,
                "cv_recall_at_100": 1.0,
                "cv_recall_at_1000": 1.0,
                "main_score": 0.94051,
                "hf_subset": "default",
                "languages": [
                    "slk-Latn"
                ]
            }
        ]
    },
    "evaluation_time": 7.985976696014404,
    "kg_co2_emissions": null
}
