{
    "dataset_revision": "82320d7f1d6561a12516605ec24f5d61aceb915c",
    "task_name": "SlovakPharmacyMojaLekarenReranking",
    "mteb_version": "1.39.7",
    "scores": {
        "test": [
            {
                "ndcg_at_1": 0.89566,
                "ndcg_at_3": 0.9547,
                "ndcg_at_5": 0.95692,
                "ndcg_at_10": 0.95692,
                "ndcg_at_20": 0.95692,
                "ndcg_at_100": 0.95692,
                "ndcg_at_1000": 0.95692,
                "map_at_1": 0.89566,
                "map_at_3": 0.94083,
                "map_at_5": 0.94205,
                "map_at_10": 0.94205,
                "map_at_20": 0.94205,
                "map_at_100": 0.94205,
                "map_at_1000": 0.94205,
                "recall_at_1": 0.89566,
                "recall_at_3": 0.99458,
                "recall_at_5": 1.0,
                "recall_at_10": 1.0,
                "recall_at_20": 1.0,
                "recall_at_100": 1.0,
                "recall_at_1000": 1.0,
                "accuracy": 0.89566,
                "precision_at_1": 0.89566,
                "precision_at_3": 0.33153,
                "precision_at_5": 0.2,
                "precision_at_10": 0.1,
                "precision_at_20": 0.05,
                "precision_at_100": 0.01,
                "precision_at_1000": 0.001,
                "mrr_at_1": 0.895664,
                "mrr_at_3": 0.940831,
                "mrr_at_5": 0.942051,
                "mrr_at_10": 0.942051,
                "mrr_at_20": 0.942051,
                "mrr_at_100": 0.942051,
                "mrr_at_1000": 0.942051,
                "nauc_ndcg_at_1_max": 0.349092,
                "nauc_ndcg_at_1_std": 0.383136,
                "nauc_ndcg_at_1_diff1": 0.841449,
                "nauc_ndcg_at_3_max": 0.421295,
                "nauc_ndcg_at_3_std": 0.452512,
                "nauc_ndcg_at_3_diff1": 0.852052,
                "nauc_ndcg_at_5_max": 0.391398,
                "nauc_ndcg_at_5_std": 0.424228,
                "nauc_ndcg_at_5_diff1": 0.847605,
                "nauc_ndcg_at_10_max": 0.391398,
                "nauc_ndcg_at_10_std": 0.424228,
                "nauc_ndcg_at_10_diff1": 0.847605,
                "nauc_ndcg_at_20_max": 0.391398,
                "nauc_ndcg_at_20_std": 0.424228,
                "nauc_ndcg_at_20_diff1": 0.847605,
                "nauc_ndcg_at_100_max": 0.391398,
                "nauc_ndcg_at_100_std": 0.424228,
                "nauc_ndcg_at_100_diff1": 0.847605,
                "nauc_ndcg_at_1000_max": 0.391398,
                "nauc_ndcg_at_1000_std": 0.424228,
                "nauc_ndcg_at_1000_diff1": 0.847605,
                "nauc_map_at_1_max": 0.349092,
                "nauc_map_at_1_std": 0.383136,
                "nauc_map_at_1_diff1": 0.841449,
                "nauc_map_at_3_max": 0.40131,
                "nauc_map_at_3_std": 0.433549,
                "nauc_map_at_3_diff1": 0.849184,
                "nauc_map_at_5_max": 0.388653,
                "nauc_map_at_5_std": 0.421573,
                "nauc_map_at_5_diff1": 0.847225,
                "nauc_map_at_10_max": 0.388653,
                "nauc_map_at_10_std": 0.421573,
                "nauc_map_at_10_diff1": 0.847225,
                "nauc_map_at_20_max": 0.388653,
                "nauc_map_at_20_std": 0.421573,
                "nauc_map_at_20_diff1": 0.847225,
                "nauc_map_at_100_max": 0.388653,
                "nauc_map_at_100_std": 0.421573,
                "nauc_map_at_100_diff1": 0.847225,
                "nauc_map_at_1000_max": 0.388653,
                "nauc_map_at_1000_std": 0.421573,
                "nauc_map_at_1000_diff1": 0.847225,
                "nauc_recall_at_1_max": 0.349092,
                "nauc_recall_at_1_std": 0.383136,
                "nauc_recall_at_1_diff1": 0.841449,
                "nauc_recall_at_3_max": 1.0,
                "nauc_recall_at_3_std": 1.0,
                "nauc_recall_at_3_diff1": 0.934621,
                "nauc_recall_at_5_max": NaN,
                "nauc_recall_at_5_std": NaN,
                "nauc_recall_at_5_diff1": NaN,
                "nauc_recall_at_10_max": NaN,
                "nauc_recall_at_10_std": NaN,
                "nauc_recall_at_10_diff1": NaN,
                "nauc_recall_at_20_max": NaN,
                "nauc_recall_at_20_std": NaN,
                "nauc_recall_at_20_diff1": NaN,
                "nauc_recall_at_100_max": NaN,
                "nauc_recall_at_100_std": NaN,
                "nauc_recall_at_100_diff1": NaN,
                "nauc_recall_at_1000_max": NaN,
                "nauc_recall_at_1000_std": NaN,
                "nauc_recall_at_1000_diff1": NaN,
                "nauc_precision_at_1_max": 0.349092,
                "nauc_precision_at_1_std": 0.383136,
                "nauc_precision_at_1_diff1": 0.841449,
                "nauc_precision_at_3_max": 1.0,
                "nauc_precision_at_3_std": 1.0,
                "nauc_precision_at_3_diff1": 0.934621,
                "nauc_precision_at_5_max": NaN,
                "nauc_precision_at_5_std": NaN,
                "nauc_precision_at_5_diff1": NaN,
                "nauc_precision_at_10_max": NaN,
                "nauc_precision_at_10_std": NaN,
                "nauc_precision_at_10_diff1": NaN,
                "nauc_precision_at_20_max": NaN,
                "nauc_precision_at_20_std": NaN,
                "nauc_precision_at_20_diff1": NaN,
                "nauc_precision_at_100_max": NaN,
                "nauc_precision_at_100_std": NaN,
                "nauc_precision_at_100_diff1": NaN,
                "nauc_precision_at_1000_max": 1.0,
                "nauc_precision_at_1000_std": 1.0,
                "nauc_precision_at_1000_diff1": 1.0,
                "nauc_mrr_at_1_max": 0.349092,
                "nauc_mrr_at_1_std": 0.383136,
                "nauc_mrr_at_1_diff1": 0.841449,
                "nauc_mrr_at_3_max": 0.40131,
                "nauc_mrr_at_3_std": 0.433549,
                "nauc_mrr_at_3_diff1": 0.849184,
                "nauc_mrr_at_5_max": 0.388653,
                "nauc_mrr_at_5_std": 0.421573,
                "nauc_mrr_at_5_diff1": 0.847225,
                "nauc_mrr_at_10_max": 0.388653,
                "nauc_mrr_at_10_std": 0.421573,
                "nauc_mrr_at_10_diff1": 0.847225,
                "nauc_mrr_at_20_max": 0.388653,
                "nauc_mrr_at_20_std": 0.421573,
                "nauc_mrr_at_20_diff1": 0.847225,
                "nauc_mrr_at_100_max": 0.388653,
                "nauc_mrr_at_100_std": 0.421573,
                "nauc_mrr_at_100_diff1": 0.847225,
                "nauc_mrr_at_1000_max": 0.388653,
                "nauc_mrr_at_1000_std": 0.421573,
                "nauc_mrr_at_1000_diff1": 0.847225,
                "cv_recall_at_1": 0.89566,
                "cv_recall_at_3": 0.99458,
                "cv_recall_at_5": 1.0,
                "cv_recall_at_10": 1.0,
                "cv_recall_at_20": 1.0,
                "cv_recall_at_100": 1.0,
                "cv_recall_at_1000": 1.0,
                "main_score": 0.94205,
                "hf_subset": "default",
                "languages": [
                    "slk-Latn"
                ]
            }
        ]
    },
    "evaluation_time": 8.01409101486206,
    "kg_co2_emissions": null
}
