{
    "dataset_revision": "79914f425b59d8b9fabb6d38c37f6d81f9723f46",
    "task_name": "SlovakNLI",
    "mteb_version": "1.39.7",
    "scores": {
        "test": [
            {
                "similarity_accuracy": 0.625654,
                "similarity_f1": 0.714571,
                "similarity_precision": 0.602694,
                "similarity_recall": 0.877451,
                "similarity_ap": 0.658744,
                "cosine_accuracy": 0.625654,
                "cosine_f1": 0.714571,
                "cosine_precision": 0.602694,
                "cosine_recall": 0.877451,
                "cosine_ap": 0.658744,
                "manhattan_accuracy": 0.612565,
                "manhattan_f1": 0.702804,
                "manhattan_precision": 0.567976,
                "manhattan_recall": 0.921569,
                "manhattan_ap": 0.669728,
                "euclidean_accuracy": 0.617801,
                "euclidean_f1": 0.705441,
                "euclidean_precision": 0.571429,
                "euclidean_recall": 0.921569,
                "euclidean_ap": 0.669117,
                "dot_accuracy": 0.581152,
                "dot_f1": 0.705455,
                "dot_precision": 0.560694,
                "dot_recall": 0.95098,
                "dot_ap": 0.583886,
                "max_accuracy": 0.625654,
                "max_f1": 0.714571,
                "max_precision": 0.602694,
                "max_recall": 0.95098,
                "max_ap": 0.669728,
                "main_score": 0.669728,
                "hf_subset": "default",
                "languages": [
                    "slk-Latn"
                ]
            }
        ]
    },
    "evaluation_time": 0.27222180366516113,
    "kg_co2_emissions": null
}
