{
    "dataset_revision": "c5a6521a4ddce3450fb04ba218623681a9189c6d",
    "task_name": "SMESumRetrieval",
    "mteb_version": "1.39.7",
    "scores": {
        "test": [
            {
                "ndcg_at_1": 0.68,
                "ndcg_at_3": 0.74859,
                "ndcg_at_5": 0.76616,
                "ndcg_at_10": 0.78377,
                "ndcg_at_20": 0.79384,
                "ndcg_at_100": 0.80304,
                "ndcg_at_1000": 0.80558,
                "map_at_1": 0.68,
                "map_at_3": 0.73194,
                "map_at_5": 0.74153,
                "map_at_10": 0.74901,
                "map_at_20": 0.75176,
                "map_at_100": 0.75311,
                "map_at_1000": 0.75323,
                "recall_at_1": 0.68,
                "recall_at_3": 0.79667,
                "recall_at_5": 0.84,
                "recall_at_10": 0.89333,
                "recall_at_20": 0.93333,
                "recall_at_100": 0.98167,
                "recall_at_1000": 1.0,
                "accuracy": 0.68,
                "precision_at_1": 0.68,
                "precision_at_3": 0.26556,
                "precision_at_5": 0.168,
                "precision_at_10": 0.08933,
                "precision_at_20": 0.04667,
                "precision_at_100": 0.00982,
                "precision_at_1000": 0.001,
                "mrr_at_1": 0.68,
                "mrr_at_3": 0.731944,
                "mrr_at_5": 0.741528,
                "mrr_at_10": 0.749011,
                "mrr_at_20": 0.751756,
                "mrr_at_100": 0.753106,
                "mrr_at_1000": 0.753233,
                "nauc_ndcg_at_1_max": 0.695506,
                "nauc_ndcg_at_1_std": 0.17504,
                "nauc_ndcg_at_1_diff1": 0.844828,
                "nauc_ndcg_at_3_max": 0.699944,
                "nauc_ndcg_at_3_std": 0.166749,
                "nauc_ndcg_at_3_diff1": 0.818951,
                "nauc_ndcg_at_5_max": 0.727887,
                "nauc_ndcg_at_5_std": 0.212004,
                "nauc_ndcg_at_5_diff1": 0.817571,
                "nauc_ndcg_at_10_max": 0.731711,
                "nauc_ndcg_at_10_std": 0.211374,
                "nauc_ndcg_at_10_diff1": 0.825419,
                "nauc_ndcg_at_20_max": 0.723675,
                "nauc_ndcg_at_20_std": 0.196825,
                "nauc_ndcg_at_20_diff1": 0.825277,
                "nauc_ndcg_at_100_max": 0.719397,
                "nauc_ndcg_at_100_std": 0.196233,
                "nauc_ndcg_at_100_diff1": 0.82596,
                "nauc_ndcg_at_1000_max": 0.716762,
                "nauc_ndcg_at_1000_std": 0.191317,
                "nauc_ndcg_at_1000_diff1": 0.827021,
                "nauc_map_at_1_max": 0.695506,
                "nauc_map_at_1_std": 0.17504,
                "nauc_map_at_1_diff1": 0.844828,
                "nauc_map_at_3_max": 0.699795,
                "nauc_map_at_3_std": 0.168293,
                "nauc_map_at_3_diff1": 0.827259,
                "nauc_map_at_5_max": 0.714026,
                "nauc_map_at_5_std": 0.190788,
                "nauc_map_at_5_diff1": 0.826921,
                "nauc_map_at_10_max": 0.714513,
                "nauc_map_at_10_std": 0.189335,
                "nauc_map_at_10_diff1": 0.829766,
                "nauc_map_at_20_max": 0.71237,
                "nauc_map_at_20_std": 0.185502,
                "nauc_map_at_20_diff1": 0.829663,
                "nauc_map_at_100_max": 0.711815,
                "nauc_map_at_100_std": 0.185315,
                "nauc_map_at_100_diff1": 0.829748,
                "nauc_map_at_1000_max": 0.711709,
                "nauc_map_at_1000_std": 0.185131,
                "nauc_map_at_1000_diff1": 0.829798,
                "nauc_recall_at_1_max": 0.695506,
                "nauc_recall_at_1_std": 0.17504,
                "nauc_recall_at_1_diff1": 0.844828,
                "nauc_recall_at_3_max": 0.699923,
                "nauc_recall_at_3_std": 0.161626,
                "nauc_recall_at_3_diff1": 0.788702,
                "nauc_recall_at_5_max": 0.792582,
                "nauc_recall_at_5_std": 0.314254,
                "nauc_recall_at_5_diff1": 0.776341,
                "nauc_recall_at_10_max": 0.847802,
                "nauc_recall_at_10_std": 0.361923,
                "nauc_recall_at_10_diff1": 0.805469,
                "nauc_recall_at_20_max": 0.830719,
                "nauc_recall_at_20_std": 0.297958,
                "nauc_recall_at_20_diff1": 0.79511,
                "nauc_recall_at_100_max": 0.898565,
                "nauc_recall_at_100_std": 0.536627,
                "nauc_recall_at_100_diff1": 0.7566,
                "nauc_recall_at_1000_max": NaN,
                "nauc_recall_at_1000_std": NaN,
                "nauc_recall_at_1000_diff1": NaN,
                "nauc_precision_at_1_max": 0.695506,
                "nauc_precision_at_1_std": 0.17504,
                "nauc_precision_at_1_diff1": 0.844828,
                "nauc_precision_at_3_max": 0.699923,
                "nauc_precision_at_3_std": 0.161626,
                "nauc_precision_at_3_diff1": 0.788702,
                "nauc_precision_at_5_max": 0.792582,
                "nauc_precision_at_5_std": 0.314254,
                "nauc_precision_at_5_diff1": 0.776341,
                "nauc_precision_at_10_max": 0.847802,
                "nauc_precision_at_10_std": 0.361923,
                "nauc_precision_at_10_diff1": 0.805469,
                "nauc_precision_at_20_max": 0.830719,
                "nauc_precision_at_20_std": 0.297958,
                "nauc_precision_at_20_diff1": 0.79511,
                "nauc_precision_at_100_max": 0.898565,
                "nauc_precision_at_100_std": 0.536627,
                "nauc_precision_at_100_diff1": 0.7566,
                "nauc_precision_at_1000_max": 1.0,
                "nauc_precision_at_1000_std": 1.0,
                "nauc_precision_at_1000_diff1": 1.0,
                "nauc_mrr_at_1_max": 0.695506,
                "nauc_mrr_at_1_std": 0.17504,
                "nauc_mrr_at_1_diff1": 0.844828,
                "nauc_mrr_at_3_max": 0.699795,
                "nauc_mrr_at_3_std": 0.168293,
                "nauc_mrr_at_3_diff1": 0.827259,
                "nauc_mrr_at_5_max": 0.714026,
                "nauc_mrr_at_5_std": 0.190788,
                "nauc_mrr_at_5_diff1": 0.826921,
                "nauc_mrr_at_10_max": 0.714513,
                "nauc_mrr_at_10_std": 0.189335,
                "nauc_mrr_at_10_diff1": 0.829766,
                "nauc_mrr_at_20_max": 0.71237,
                "nauc_mrr_at_20_std": 0.185502,
                "nauc_mrr_at_20_diff1": 0.829663,
                "nauc_mrr_at_100_max": 0.711815,
                "nauc_mrr_at_100_std": 0.185315,
                "nauc_mrr_at_100_diff1": 0.829748,
                "nauc_mrr_at_1000_max": 0.711709,
                "nauc_mrr_at_1000_std": 0.185131,
                "nauc_mrr_at_1000_diff1": 0.829798,
                "cv_recall_at_1": 0.68,
                "cv_recall_at_3": 0.79667,
                "cv_recall_at_5": 0.84,
                "cv_recall_at_10": 0.89333,
                "cv_recall_at_20": 0.93333,
                "cv_recall_at_100": 0.98167,
                "cv_recall_at_1000": 1.0,
                "main_score": 0.78377,
                "hf_subset": "default",
                "languages": [
                    "slk-Latn"
                ]
            }
        ]
    },
    "evaluation_time": 2.48895001411438,
    "kg_co2_emissions": null
}
