{
    "dataset_revision": "7cfcb122006b33d150b485caac5aa41939b3ba37",
    "task_name": "SkQuadReranking",
    "mteb_version": "1.39.7",
    "scores": {
        "test": [
            {
                "map": 0.570145,
                "mrr": 0.630722,
                "recall_at_10": 0.974587,
                "nAUC_map_max": -0.039362,
                "nAUC_map_std": 0.064925,
                "nAUC_map_diff1": 0.240233,
                "nAUC_mrr_max": -0.020164,
                "nAUC_mrr_std": 0.101796,
                "nAUC_mrr_diff1": 0.267629,
                "nAUC_recall_at_10_max": -0.123845,
                "nAUC_recall_at_10_std": 0.154156,
                "nAUC_recall_at_10_diff1": -0.087511,
                "main_score": 0.570145,
                "hf_subset": "default",
                "languages": [
                    "slk-Latn"
                ]
            }
        ]
    },
    "evaluation_time": 4.249260187149048,
    "kg_co2_emissions": null
}
