{
    "dataset_revision": "c3262adb1c32ac0c3ea8de6393a44366edaa62e1",
    "task_name": "WebFAQRetrieval",
    "mteb_version": "1.39.7",
    "scores": {
        "test": [
            {
                "ndcg_at_1": 0.35173,
                "ndcg_at_3": 0.41737,
                "ndcg_at_5": 0.4362,
                "ndcg_at_10": 0.45624,
                "ndcg_at_20": 0.47199,
                "ndcg_at_100": 0.49712,
                "ndcg_at_1000": 0.51429,
                "map_at_1": 0.35173,
                "map_at_3": 0.40115,
                "map_at_5": 0.41162,
                "map_at_10": 0.41997,
                "map_at_20": 0.42431,
                "map_at_100": 0.42771,
                "map_at_1000": 0.4283,
                "recall_at_1": 0.35173,
                "recall_at_3": 0.46432,
                "recall_at_5": 0.50999,
                "recall_at_10": 0.57152,
                "recall_at_20": 0.63368,
                "recall_at_100": 0.77038,
                "recall_at_1000": 0.90898,
                "precision_at_1": 0.35173,
                "precision_at_3": 0.15477,
                "precision_at_5": 0.102,
                "precision_at_10": 0.05715,
                "precision_at_20": 0.03168,
                "precision_at_100": 0.0077,
                "precision_at_1000": 0.00091,
                "mrr_at_1": 0.351094,
                "mrr_at_3": 0.401258,
                "mrr_at_5": 0.411629,
                "mrr_at_10": 0.419845,
                "mrr_at_20": 0.42415,
                "mrr_at_100": 0.427576,
                "mrr_at_1000": 0.428164,
                "nauc_ndcg_at_1_max": 0.537029,
                "nauc_ndcg_at_1_std": 0.129054,
                "nauc_ndcg_at_1_diff1": 0.666445,
                "nauc_ndcg_at_3_max": 0.518241,
                "nauc_ndcg_at_3_std": 0.112466,
                "nauc_ndcg_at_3_diff1": 0.610132,
                "nauc_ndcg_at_5_max": 0.512098,
                "nauc_ndcg_at_5_std": 0.106566,
                "nauc_ndcg_at_5_diff1": 0.599272,
                "nauc_ndcg_at_10_max": 0.507176,
                "nauc_ndcg_at_10_std": 0.107305,
                "nauc_ndcg_at_10_diff1": 0.591682,
                "nauc_ndcg_at_20_max": 0.506196,
                "nauc_ndcg_at_20_std": 0.112728,
                "nauc_ndcg_at_20_diff1": 0.585699,
                "nauc_ndcg_at_100_max": 0.507984,
                "nauc_ndcg_at_100_std": 0.119036,
                "nauc_ndcg_at_100_diff1": 0.585167,
                "nauc_ndcg_at_1000_max": 0.511714,
                "nauc_ndcg_at_1000_std": 0.120837,
                "nauc_ndcg_at_1000_diff1": 0.591791,
                "nauc_map_at_1_max": 0.537029,
                "nauc_map_at_1_std": 0.129054,
                "nauc_map_at_1_diff1": 0.666445,
                "nauc_map_at_3_max": 0.522215,
                "nauc_map_at_3_std": 0.115953,
                "nauc_map_at_3_diff1": 0.623106,
                "nauc_map_at_5_max": 0.518841,
                "nauc_map_at_5_std": 0.112769,
                "nauc_map_at_5_diff1": 0.617161,
                "nauc_map_at_10_max": 0.516939,
                "nauc_map_at_10_std": 0.113295,
                "nauc_map_at_10_diff1": 0.614079,
                "nauc_map_at_20_max": 0.516738,
                "nauc_map_at_20_std": 0.114664,
                "nauc_map_at_20_diff1": 0.612642,
                "nauc_map_at_100_max": 0.516902,
                "nauc_map_at_100_std": 0.115425,
                "nauc_map_at_100_diff1": 0.61268,
                "nauc_map_at_1000_max": 0.517017,
                "nauc_map_at_1000_std": 0.115452,
                "nauc_map_at_1000_diff1": 0.612892,
                "nauc_recall_at_1_max": 0.537029,
                "nauc_recall_at_1_std": 0.129054,
                "nauc_recall_at_1_diff1": 0.666445,
                "nauc_recall_at_3_max": 0.506977,
                "nauc_recall_at_3_std": 0.102592,
                "nauc_recall_at_3_diff1": 0.572854,
                "nauc_recall_at_5_max": 0.491579,
                "nauc_recall_at_5_std": 0.087579,
                "nauc_recall_at_5_diff1": 0.545281,
                "nauc_recall_at_10_max": 0.47383,
                "nauc_recall_at_10_std": 0.087781,
                "nauc_recall_at_10_diff1": 0.517579,
                "nauc_recall_at_20_max": 0.466082,
                "nauc_recall_at_20_std": 0.111272,
                "nauc_recall_at_20_diff1": 0.483129,
                "nauc_recall_at_100_max": 0.467049,
                "nauc_recall_at_100_std": 0.164661,
                "nauc_recall_at_100_diff1": 0.436785,
                "nauc_recall_at_1000_max": 0.514616,
                "nauc_recall_at_1000_std": 0.271961,
                "nauc_recall_at_1000_diff1": 0.429514,
                "nauc_precision_at_1_max": 0.537029,
                "nauc_precision_at_1_std": 0.129054,
                "nauc_precision_at_1_diff1": 0.666445,
                "nauc_precision_at_3_max": 0.506977,
                "nauc_precision_at_3_std": 0.102592,
                "nauc_precision_at_3_diff1": 0.572854,
                "nauc_precision_at_5_max": 0.491579,
                "nauc_precision_at_5_std": 0.087579,
                "nauc_precision_at_5_diff1": 0.545281,
                "nauc_precision_at_10_max": 0.47383,
                "nauc_precision_at_10_std": 0.087781,
                "nauc_precision_at_10_diff1": 0.517579,
                "nauc_precision_at_20_max": 0.466082,
                "nauc_precision_at_20_std": 0.111272,
                "nauc_precision_at_20_diff1": 0.483129,
                "nauc_precision_at_100_max": 0.467049,
                "nauc_precision_at_100_std": 0.164661,
                "nauc_precision_at_100_diff1": 0.436785,
                "nauc_precision_at_1000_max": 0.514616,
                "nauc_precision_at_1000_std": 0.271961,
                "nauc_precision_at_1000_diff1": 0.429514,
                "nauc_mrr_at_1_max": 0.53795,
                "nauc_mrr_at_1_std": 0.129577,
                "nauc_mrr_at_1_diff1": 0.66844,
                "nauc_mrr_at_3_max": 0.521177,
                "nauc_mrr_at_3_std": 0.114443,
                "nauc_mrr_at_3_diff1": 0.623974,
                "nauc_mrr_at_5_max": 0.518108,
                "nauc_mrr_at_5_std": 0.111461,
                "nauc_mrr_at_5_diff1": 0.618323,
                "nauc_mrr_at_10_max": 0.51655,
                "nauc_mrr_at_10_std": 0.112469,
                "nauc_mrr_at_10_diff1": 0.615118,
                "nauc_mrr_at_20_max": 0.51629,
                "nauc_mrr_at_20_std": 0.11366,
                "nauc_mrr_at_20_diff1": 0.613808,
                "nauc_mrr_at_100_max": 0.516534,
                "nauc_mrr_at_100_std": 0.114581,
                "nauc_mrr_at_100_diff1": 0.613797,
                "nauc_mrr_at_1000_max": 0.516649,
                "nauc_mrr_at_1000_std": 0.114607,
                "nauc_mrr_at_1000_diff1": 0.614011,
                "main_score": 0.45624,
                "hf_subset": "slk",
                "languages": [
                    "slk-Latn"
                ]
            }
        ]
    },
    "evaluation_time": 9.659136533737183,
    "kg_co2_emissions": null
}
