{
    "dataset_revision": "c3262adb1c32ac0c3ea8de6393a44366edaa62e1",
    "task_name": "WebFAQRetrieval",
    "mteb_version": "1.39.7",
    "scores": {
        "test": [
            {
                "ndcg_at_1": 0.62131,
                "ndcg_at_3": 0.69878,
                "ndcg_at_5": 0.71614,
                "ndcg_at_10": 0.73205,
                "ndcg_at_20": 0.74185,
                "ndcg_at_100": 0.75354,
                "ndcg_at_1000": 0.75873,
                "map_at_1": 0.62131,
                "map_at_3": 0.67983,
                "map_at_5": 0.68953,
                "map_at_10": 0.69629,
                "map_at_20": 0.69899,
                "map_at_100": 0.7006,
                "map_at_1000": 0.70079,
                "recall_at_1": 0.62131,
                "recall_at_3": 0.75357,
                "recall_at_5": 0.79543,
                "recall_at_10": 0.84364,
                "recall_at_20": 0.88233,
                "recall_at_100": 0.94545,
                "recall_at_1000": 0.98668,
                "precision_at_1": 0.62131,
                "precision_at_3": 0.25119,
                "precision_at_5": 0.15909,
                "precision_at_10": 0.08436,
                "precision_at_20": 0.04412,
                "precision_at_100": 0.00945,
                "precision_at_1000": 0.00099,
                "mrr_at_1": 0.621313,
                "mrr_at_3": 0.679987,
                "mrr_at_5": 0.689645,
                "mrr_at_10": 0.69648,
                "mrr_at_20": 0.699102,
                "mrr_at_100": 0.70074,
                "mrr_at_1000": 0.700929,
                "nauc_ndcg_at_1_max": 0.628388,
                "nauc_ndcg_at_1_std": 0.055984,
                "nauc_ndcg_at_1_diff1": 0.795441,
                "nauc_ndcg_at_3_max": 0.639179,
                "nauc_ndcg_at_3_std": 0.051037,
                "nauc_ndcg_at_3_diff1": 0.759292,
                "nauc_ndcg_at_5_max": 0.639552,
                "nauc_ndcg_at_5_std": 0.045906,
                "nauc_ndcg_at_5_diff1": 0.753775,
                "nauc_ndcg_at_10_max": 0.640437,
                "nauc_ndcg_at_10_std": 0.05001,
                "nauc_ndcg_at_10_diff1": 0.756681,
                "nauc_ndcg_at_20_max": 0.637078,
                "nauc_ndcg_at_20_std": 0.049153,
                "nauc_ndcg_at_20_diff1": 0.755379,
                "nauc_ndcg_at_100_max": 0.636455,
                "nauc_ndcg_at_100_std": 0.058535,
                "nauc_ndcg_at_100_diff1": 0.759063,
                "nauc_ndcg_at_1000_max": 0.637109,
                "nauc_ndcg_at_1000_std": 0.055774,
                "nauc_ndcg_at_1000_diff1": 0.761116,
                "nauc_map_at_1_max": 0.628388,
                "nauc_map_at_1_std": 0.055984,
                "nauc_map_at_1_diff1": 0.795441,
                "nauc_map_at_3_max": 0.636285,
                "nauc_map_at_3_std": 0.051994,
                "nauc_map_at_3_diff1": 0.768022,
                "nauc_map_at_5_max": 0.636509,
                "nauc_map_at_5_std": 0.049222,
                "nauc_map_at_5_diff1": 0.76539,
                "nauc_map_at_10_max": 0.636791,
                "nauc_map_at_10_std": 0.050861,
                "nauc_map_at_10_diff1": 0.766827,
                "nauc_map_at_20_max": 0.63596,
                "nauc_map_at_20_std": 0.050543,
                "nauc_map_at_20_diff1": 0.766603,
                "nauc_map_at_100_max": 0.635717,
                "nauc_map_at_100_std": 0.051604,
                "nauc_map_at_100_diff1": 0.767021,
                "nauc_map_at_1000_max": 0.635739,
                "nauc_map_at_1000_std": 0.051512,
                "nauc_map_at_1000_diff1": 0.767097,
                "nauc_recall_at_1_max": 0.628388,
                "nauc_recall_at_1_std": 0.055984,
                "nauc_recall_at_1_diff1": 0.795441,
                "nauc_recall_at_3_max": 0.649269,
                "nauc_recall_at_3_std": 0.04789,
                "nauc_recall_at_3_diff1": 0.729346,
                "nauc_recall_at_5_max": 0.651413,
                "nauc_recall_at_5_std": 0.032305,
                "nauc_recall_at_5_diff1": 0.707566,
                "nauc_recall_at_10_max": 0.658704,
                "nauc_recall_at_10_std": 0.047731,
                "nauc_recall_at_10_diff1": 0.707753,
                "nauc_recall_at_20_max": 0.638482,
                "nauc_recall_at_20_std": 0.042493,
                "nauc_recall_at_20_diff1": 0.68376,
                "nauc_recall_at_100_max": 0.638595,
                "nauc_recall_at_100_std": 0.231678,
                "nauc_recall_at_100_diff1": 0.686477,
                "nauc_recall_at_1000_max": 0.724051,
                "nauc_recall_at_1000_std": 0.434947,
                "nauc_recall_at_1000_diff1": 0.700272,
                "nauc_precision_at_1_max": 0.628388,
                "nauc_precision_at_1_std": 0.055984,
                "nauc_precision_at_1_diff1": 0.795441,
                "nauc_precision_at_3_max": 0.649269,
                "nauc_precision_at_3_std": 0.04789,
                "nauc_precision_at_3_diff1": 0.729346,
                "nauc_precision_at_5_max": 0.651413,
                "nauc_precision_at_5_std": 0.032305,
                "nauc_precision_at_5_diff1": 0.707566,
                "nauc_precision_at_10_max": 0.658704,
                "nauc_precision_at_10_std": 0.047731,
                "nauc_precision_at_10_diff1": 0.707753,
                "nauc_precision_at_20_max": 0.638482,
                "nauc_precision_at_20_std": 0.042493,
                "nauc_precision_at_20_diff1": 0.68376,
                "nauc_precision_at_100_max": 0.638595,
                "nauc_precision_at_100_std": 0.231678,
                "nauc_precision_at_100_diff1": 0.686477,
                "nauc_precision_at_1000_max": 0.724051,
                "nauc_precision_at_1000_std": 0.434947,
                "nauc_precision_at_1000_diff1": 0.700272,
                "nauc_mrr_at_1_max": 0.63147,
                "nauc_mrr_at_1_std": 0.055533,
                "nauc_mrr_at_1_diff1": 0.795441,
                "nauc_mrr_at_3_max": 0.639224,
                "nauc_mrr_at_3_std": 0.050693,
                "nauc_mrr_at_3_diff1": 0.767593,
                "nauc_mrr_at_5_max": 0.639339,
                "nauc_mrr_at_5_std": 0.048311,
                "nauc_mrr_at_5_diff1": 0.765114,
                "nauc_mrr_at_10_max": 0.639299,
                "nauc_mrr_at_10_std": 0.049646,
                "nauc_mrr_at_10_diff1": 0.76652,
                "nauc_mrr_at_20_max": 0.63846,
                "nauc_mrr_at_20_std": 0.049107,
                "nauc_mrr_at_20_diff1": 0.766251,
                "nauc_mrr_at_100_max": 0.638272,
                "nauc_mrr_at_100_std": 0.050363,
                "nauc_mrr_at_100_diff1": 0.766674,
                "nauc_mrr_at_1000_max": 0.638296,
                "nauc_mrr_at_1000_std": 0.05027,
                "nauc_mrr_at_1000_diff1": 0.766751,
                "main_score": 0.73205,
                "hf_subset": "slk",
                "languages": [
                    "slk-Latn"
                ]
            }
        ]
    },
    "evaluation_time": 29.386584043502808,
    "kg_co2_emissions": null
}
