{
    "dataset_revision": "f64f483ad0f31d2e78209d524c14a4a867965959",
    "task_name": "WebFAQRetrieval",
    "mteb_version": "1.39.7",
    "scores": {
        "test": [
            {
                "ndcg_at_1": 0.75833,
                "ndcg_at_3": 0.83208,
                "ndcg_at_5": 0.84539,
                "ndcg_at_10": 0.85492,
                "ndcg_at_20": 0.8611,
                "ndcg_at_100": 0.8658,
                "ndcg_at_1000": 0.86671,
                "map_at_1": 0.75833,
                "map_at_3": 0.81462,
                "map_at_5": 0.82207,
                "map_at_10": 0.82606,
                "map_at_20": 0.82776,
                "map_at_100": 0.82845,
                "map_at_1000": 0.82849,
                "recall_at_1": 0.75833,
                "recall_at_3": 0.88233,
                "recall_at_5": 0.91437,
                "recall_at_10": 0.94355,
                "recall_at_20": 0.96797,
                "recall_at_100": 0.99271,
                "recall_at_1000": 0.99968,
                "accuracy": 0.75833,
                "precision_at_1": 0.75833,
                "precision_at_3": 0.29411,
                "precision_at_5": 0.18287,
                "precision_at_10": 0.09435,
                "precision_at_20": 0.0484,
                "precision_at_100": 0.00993,
                "precision_at_1000": 0.001,
                "mrr_at_1": 0.758325,
                "mrr_at_3": 0.814568,
                "mrr_at_5": 0.821958,
                "mrr_at_10": 0.826027,
                "mrr_at_20": 0.827733,
                "mrr_at_100": 0.828416,
                "mrr_at_1000": 0.828453,
                "nauc_ndcg_at_1_max": 0.443507,
                "nauc_ndcg_at_1_std": -0.152649,
                "nauc_ndcg_at_1_diff1": 0.848538,
                "nauc_ndcg_at_3_max": 0.451473,
                "nauc_ndcg_at_3_std": -0.204038,
                "nauc_ndcg_at_3_diff1": 0.825222,
                "nauc_ndcg_at_5_max": 0.442754,
                "nauc_ndcg_at_5_std": -0.216153,
                "nauc_ndcg_at_5_diff1": 0.825493,
                "nauc_ndcg_at_10_max": 0.44067,
                "nauc_ndcg_at_10_std": -0.220628,
                "nauc_ndcg_at_10_diff1": 0.829952,
                "nauc_ndcg_at_20_max": 0.436264,
                "nauc_ndcg_at_20_std": -0.2132,
                "nauc_ndcg_at_20_diff1": 0.832129,
                "nauc_ndcg_at_100_max": 0.4398,
                "nauc_ndcg_at_100_std": -0.202363,
                "nauc_ndcg_at_100_diff1": 0.832523,
                "nauc_ndcg_at_1000_max": 0.441769,
                "nauc_ndcg_at_1000_std": -0.201259,
                "nauc_ndcg_at_1000_diff1": 0.832982,
                "nauc_map_at_1_max": 0.443507,
                "nauc_map_at_1_std": -0.152649,
                "nauc_map_at_1_diff1": 0.848538,
                "nauc_map_at_3_max": 0.450142,
                "nauc_map_at_3_std": -0.189085,
                "nauc_map_at_3_diff1": 0.832355,
                "nauc_map_at_5_max": 0.445656,
                "nauc_map_at_5_std": -0.194494,
                "nauc_map_at_5_diff1": 0.832694,
                "nauc_map_at_10_max": 0.44479,
                "nauc_map_at_10_std": -0.195706,
                "nauc_map_at_10_diff1": 0.834409,
                "nauc_map_at_20_max": 0.443802,
                "nauc_map_at_20_std": -0.193666,
                "nauc_map_at_20_diff1": 0.834945,
                "nauc_map_at_100_max": 0.444188,
                "nauc_map_at_100_std": -0.19262,
                "nauc_map_at_100_diff1": 0.835036,
                "nauc_map_at_1000_max": 0.444237,
                "nauc_map_at_1000_std": -0.1926,
                "nauc_map_at_1000_diff1": 0.835047,
                "nauc_recall_at_1_max": 0.443507,
                "nauc_recall_at_1_std": -0.152649,
                "nauc_recall_at_1_diff1": 0.848538,
                "nauc_recall_at_3_max": 0.456496,
                "nauc_recall_at_3_std": -0.267603,
                "nauc_recall_at_3_diff1": 0.794675,
                "nauc_recall_at_5_max": 0.423923,
                "nauc_recall_at_5_std": -0.338299,
                "nauc_recall_at_5_diff1": 0.785912,
                "nauc_recall_at_10_max": 0.401865,
                "nauc_recall_at_10_std": -0.431648,
                "nauc_recall_at_10_diff1": 0.79853,
                "nauc_recall_at_20_max": 0.304109,
                "nauc_recall_at_20_std": -0.478741,
                "nauc_recall_at_20_diff1": 0.809063,
                "nauc_recall_at_100_max": 0.196304,
                "nauc_recall_at_100_std": -0.31107,
                "nauc_recall_at_100_diff1": 0.756827,
                "nauc_recall_at_1000_max": 1.0,
                "nauc_recall_at_1000_std": 1.0,
                "nauc_recall_at_1000_diff1": 0.554138,
                "nauc_precision_at_1_max": 0.443507,
                "nauc_precision_at_1_std": -0.152649,
                "nauc_precision_at_1_diff1": 0.848538,
                "nauc_precision_at_3_max": 0.456496,
                "nauc_precision_at_3_std": -0.267603,
                "nauc_precision_at_3_diff1": 0.794675,
                "nauc_precision_at_5_max": 0.423923,
                "nauc_precision_at_5_std": -0.338299,
                "nauc_precision_at_5_diff1": 0.785912,
                "nauc_precision_at_10_max": 0.401865,
                "nauc_precision_at_10_std": -0.431648,
                "nauc_precision_at_10_diff1": 0.79853,
                "nauc_precision_at_20_max": 0.304109,
                "nauc_precision_at_20_std": -0.478741,
                "nauc_precision_at_20_diff1": 0.809063,
                "nauc_precision_at_100_max": 0.196304,
                "nauc_precision_at_100_std": -0.31107,
                "nauc_precision_at_100_diff1": 0.756827,
                "nauc_precision_at_1000_max": 1.0,
                "nauc_precision_at_1000_std": 1.0,
                "nauc_precision_at_1000_diff1": 0.554138,
                "nauc_mrr_at_1_max": 0.451133,
                "nauc_mrr_at_1_std": -0.151789,
                "nauc_mrr_at_1_diff1": 0.848538,
                "nauc_mrr_at_3_max": 0.457302,
                "nauc_mrr_at_3_std": -0.186245,
                "nauc_mrr_at_3_diff1": 0.832183,
                "nauc_mrr_at_5_max": 0.452394,
                "nauc_mrr_at_5_std": -0.19456,
                "nauc_mrr_at_5_diff1": 0.832724,
                "nauc_mrr_at_10_max": 0.451712,
                "nauc_mrr_at_10_std": -0.195498,
                "nauc_mrr_at_10_diff1": 0.834353,
                "nauc_mrr_at_20_max": 0.450796,
                "nauc_mrr_at_20_std": -0.193005,
                "nauc_mrr_at_20_diff1": 0.834847,
                "nauc_mrr_at_100_max": 0.451268,
                "nauc_mrr_at_100_std": -0.191831,
                "nauc_mrr_at_100_diff1": 0.834905,
                "nauc_mrr_at_1000_max": 0.45132,
                "nauc_mrr_at_1000_std": -0.191811,
                "nauc_mrr_at_1000_diff1": 0.834916,
                "cv_recall_at_1": 0.75833,
                "cv_recall_at_3": 0.88202,
                "cv_recall_at_5": 0.91373,
                "cv_recall_at_10": 0.94355,
                "cv_recall_at_20": 0.96797,
                "cv_recall_at_100": 0.99271,
                "cv_recall_at_1000": 0.99968,
                "main_score": 0.85492,
                "hf_subset": "slk",
                "languages": [
                    "slk-Latn"
                ]
            }
        ]
    },
    "evaluation_time": 299.53199076652527,
    "kg_co2_emissions": null
}
