{
    "dataset_revision": "09f81f51dd5b8497da16d02c69c98d5cb5993ef2",
    "task_name": "SKQuadRetrieval",
    "mteb_version": "1.39.7",
    "scores": {
        "test": [
            {
                "ndcg_at_1": 0.51781,
                "ndcg_at_3": 0.58521,
                "ndcg_at_5": 0.61485,
                "ndcg_at_10": 0.6412,
                "ndcg_at_20": 0.6641,
                "ndcg_at_100": 0.68712,
                "ndcg_at_1000": 0.69463,
                "map_at_1": 0.35503,
                "map_at_3": 0.47477,
                "map_at_5": 0.49715,
                "map_at_10": 0.51536,
                "map_at_20": 0.52709,
                "map_at_100": 0.53445,
                "map_at_1000": 0.53506,
                "recall_at_1": 0.35503,
                "recall_at_3": 0.58873,
                "recall_at_5": 0.65875,
                "recall_at_10": 0.73573,
                "recall_at_20": 0.81861,
                "recall_at_100": 0.93633,
                "recall_at_1000": 0.99134,
                "accuracy": 0.35503,
                "precision_at_1": 0.52822,
                "precision_at_3": 0.30805,
                "precision_at_5": 0.21129,
                "precision_at_10": 0.12284,
                "precision_at_20": 0.07138,
                "precision_at_100": 0.0172,
                "precision_at_1000": 0.00183,
                "mrr_at_1": 0.528219,
                "mrr_at_3": 0.6699,
                "mrr_at_5": 0.685553,
                "mrr_at_10": 0.691555,
                "mrr_at_20": 0.693206,
                "mrr_at_100": 0.693608,
                "mrr_at_1000": 0.693693,
                "nauc_ndcg_at_1_max": 0.220199,
                "nauc_ndcg_at_1_std": 0.047468,
                "nauc_ndcg_at_1_diff1": 0.423089,
                "nauc_ndcg_at_3_max": 0.23145,
                "nauc_ndcg_at_3_std": -0.023624,
                "nauc_ndcg_at_3_diff1": 0.266925,
                "nauc_ndcg_at_5_max": 0.227568,
                "nauc_ndcg_at_5_std": -0.024749,
                "nauc_ndcg_at_5_diff1": 0.26303,
                "nauc_ndcg_at_10_max": 0.23088,
                "nauc_ndcg_at_10_std": 0.000481,
                "nauc_ndcg_at_10_diff1": 0.274747,
                "nauc_ndcg_at_20_max": 0.238319,
                "nauc_ndcg_at_20_std": 0.019097,
                "nauc_ndcg_at_20_diff1": 0.28424,
                "nauc_ndcg_at_100_max": 0.255086,
                "nauc_ndcg_at_100_std": 0.042919,
                "nauc_ndcg_at_100_diff1": 0.294275,
                "nauc_ndcg_at_1000_max": 0.249416,
                "nauc_ndcg_at_1000_std": 0.029372,
                "nauc_ndcg_at_1000_diff1": 0.297895,
                "nauc_map_at_1_max": 0.133674,
                "nauc_map_at_1_std": -0.044935,
                "nauc_map_at_1_diff1": 0.336208,
                "nauc_map_at_3_max": 0.157689,
                "nauc_map_at_3_std": -0.067365,
                "nauc_map_at_3_diff1": 0.248565,
                "nauc_map_at_5_max": 0.156078,
                "nauc_map_at_5_std": -0.068631,
                "nauc_map_at_5_diff1": 0.242029,
                "nauc_map_at_10_max": 0.161859,
                "nauc_map_at_10_std": -0.058236,
                "nauc_map_at_10_diff1": 0.249066,
                "nauc_map_at_20_max": 0.167977,
                "nauc_map_at_20_std": -0.049391,
                "nauc_map_at_20_diff1": 0.25305,
                "nauc_map_at_100_max": 0.172731,
                "nauc_map_at_100_std": -0.041566,
                "nauc_map_at_100_diff1": 0.255168,
                "nauc_map_at_1000_max": 0.172565,
                "nauc_map_at_1000_std": -0.042166,
                "nauc_map_at_1000_diff1": 0.25536,
                "nauc_recall_at_1_max": 0.133674,
                "nauc_recall_at_1_std": -0.044935,
                "nauc_recall_at_1_diff1": 0.336208,
                "nauc_recall_at_3_max": 0.145021,
                "nauc_recall_at_3_std": -0.100847,
                "nauc_recall_at_3_diff1": 0.122709,
                "nauc_recall_at_5_max": 0.121404,
                "nauc_recall_at_5_std": -0.103146,
                "nauc_recall_at_5_diff1": 0.081235,
                "nauc_recall_at_10_max": 0.104501,
                "nauc_recall_at_10_std": -0.040374,
                "nauc_recall_at_10_diff1": 0.076079,
                "nauc_recall_at_20_max": 0.108431,
                "nauc_recall_at_20_std": 0.036063,
                "nauc_recall_at_20_diff1": 0.064977,
                "nauc_recall_at_100_max": 0.354087,
                "nauc_recall_at_100_std": 0.433431,
                "nauc_recall_at_100_diff1": 0.05626,
                "nauc_recall_at_1000_max": 0.467852,
                "nauc_recall_at_1000_std": 0.675882,
                "nauc_recall_at_1000_diff1": -0.134422,
                "nauc_precision_at_1_max": 0.224558,
                "nauc_precision_at_1_std": 0.049106,
                "nauc_precision_at_1_diff1": 0.41764,
                "nauc_precision_at_3_max": 0.297599,
                "nauc_precision_at_3_std": 0.053472,
                "nauc_precision_at_3_diff1": 0.058188,
                "nauc_precision_at_5_max": 0.243525,
                "nauc_precision_at_5_std": 0.070185,
                "nauc_precision_at_5_diff1": -0.015008,
                "nauc_precision_at_10_max": 0.192488,
                "nauc_precision_at_10_std": 0.139143,
                "nauc_precision_at_10_diff1": -0.015866,
                "nauc_precision_at_20_max": 0.161561,
                "nauc_precision_at_20_std": 0.188952,
                "nauc_precision_at_20_diff1": -0.03248,
                "nauc_precision_at_100_max": 0.159665,
                "nauc_precision_at_100_std": 0.248714,
                "nauc_precision_at_100_diff1": -0.049227,
                "nauc_precision_at_1000_max": 0.122528,
                "nauc_precision_at_1000_std": 0.19928,
                "nauc_precision_at_1000_diff1": -0.057029,
                "nauc_mrr_at_1_max": 0.224558,
                "nauc_mrr_at_1_std": 0.049106,
                "nauc_mrr_at_1_diff1": 0.41764,
                "nauc_mrr_at_3_max": 0.309578,
                "nauc_mrr_at_3_std": 0.040856,
                "nauc_mrr_at_3_diff1": 0.358378,
                "nauc_mrr_at_5_max": 0.312294,
                "nauc_mrr_at_5_std": 0.051643,
                "nauc_mrr_at_5_diff1": 0.366293,
                "nauc_mrr_at_10_max": 0.308338,
                "nauc_mrr_at_10_std": 0.059553,
                "nauc_mrr_at_10_diff1": 0.369165,
                "nauc_mrr_at_20_max": 0.305729,
                "nauc_mrr_at_20_std": 0.059179,
                "nauc_mrr_at_20_diff1": 0.37012,
                "nauc_mrr_at_100_max": 0.305058,
                "nauc_mrr_at_100_std": 0.058553,
                "nauc_mrr_at_100_diff1": 0.370496,
                "nauc_mrr_at_1000_max": 0.304826,
                "nauc_mrr_at_1000_std": 0.058318,
                "nauc_mrr_at_1000_diff1": 0.37048,
                "cv_recall_at_1": 0.52822,
                "cv_recall_at_3": 0.8351,
                "cv_recall_at_5": 0.903,
                "cv_recall_at_10": 0.94621,
                "cv_recall_at_20": 0.96914,
                "cv_recall_at_100": 0.98413,
                "cv_recall_at_1000": 0.99824,
                "main_score": 0.6412,
                "hf_subset": "default",
                "languages": [
                    "slk-Latn"
                ]
            }
        ]
    },
    "evaluation_time": 46.10395646095276,
    "kg_co2_emissions": null
}
