{
    "dataset_revision": "faf73c5217c37e8a9ba297b8e29b25d1ccdeccae",
    "task_name": "SlovakPharmacyDrMaxReranking",
    "mteb_version": "1.39.7",
    "scores": {
        "test": [
            {
                "ndcg_at_1": 0.8843,
                "ndcg_at_3": 0.94356,
                "ndcg_at_5": 0.95052,
                "ndcg_at_10": 0.95052,
                "ndcg_at_20": 0.95052,
                "ndcg_at_100": 0.95052,
                "ndcg_at_1000": 0.95052,
                "map_at_1": 0.8843,
                "map_at_3": 0.92971,
                "map_at_5": 0.93364,
                "map_at_10": 0.93364,
                "map_at_20": 0.93364,
                "map_at_100": 0.93364,
                "map_at_1000": 0.93364,
                "recall_at_1": 0.8843,
                "recall_at_3": 0.98332,
                "recall_at_5": 1.0,
                "recall_at_10": 1.0,
                "recall_at_20": 1.0,
                "recall_at_100": 1.0,
                "recall_at_1000": 1.0,
                "accuracy": 0.8843,
                "precision_at_1": 0.8843,
                "precision_at_3": 0.32777,
                "precision_at_5": 0.2,
                "precision_at_10": 0.1,
                "precision_at_20": 0.05,
                "precision_at_100": 0.01,
                "precision_at_1000": 0.001,
                "mrr_at_1": 0.884303,
                "mrr_at_3": 0.929712,
                "mrr_at_5": 0.933636,
                "mrr_at_10": 0.933636,
                "mrr_at_20": 0.933636,
                "mrr_at_100": 0.933636,
                "mrr_at_1000": 0.933636,
                "nauc_ndcg_at_1_max": 0.752502,
                "nauc_ndcg_at_1_std": 0.640279,
                "nauc_ndcg_at_1_diff1": 0.86744,
                "nauc_ndcg_at_3_max": 0.778277,
                "nauc_ndcg_at_3_std": 0.677747,
                "nauc_ndcg_at_3_diff1": 0.863808,
                "nauc_ndcg_at_5_max": 0.764438,
                "nauc_ndcg_at_5_std": 0.661411,
                "nauc_ndcg_at_5_diff1": 0.864211,
                "nauc_ndcg_at_10_max": 0.764438,
                "nauc_ndcg_at_10_std": 0.661411,
                "nauc_ndcg_at_10_diff1": 0.864211,
                "nauc_ndcg_at_20_max": 0.764438,
                "nauc_ndcg_at_20_std": 0.661411,
                "nauc_ndcg_at_20_diff1": 0.864211,
                "nauc_ndcg_at_100_max": 0.764438,
                "nauc_ndcg_at_100_std": 0.661411,
                "nauc_ndcg_at_100_diff1": 0.864211,
                "nauc_ndcg_at_1000_max": 0.764438,
                "nauc_ndcg_at_1000_std": 0.661411,
                "nauc_ndcg_at_1000_diff1": 0.864211,
                "nauc_map_at_1_max": 0.752502,
                "nauc_map_at_1_std": 0.640279,
                "nauc_map_at_1_diff1": 0.86744,
                "nauc_map_at_3_max": 0.76992,
                "nauc_map_at_3_std": 0.6673,
                "nauc_map_at_3_diff1": 0.864073,
                "nauc_map_at_5_max": 0.763621,
                "nauc_map_at_5_std": 0.660026,
                "nauc_map_at_5_diff1": 0.86436,
                "nauc_map_at_10_max": 0.763621,
                "nauc_map_at_10_std": 0.660026,
                "nauc_map_at_10_diff1": 0.86436,
                "nauc_map_at_20_max": 0.763621,
                "nauc_map_at_20_std": 0.660026,
                "nauc_map_at_20_diff1": 0.86436,
                "nauc_map_at_100_max": 0.763621,
                "nauc_map_at_100_std": 0.660026,
                "nauc_map_at_100_diff1": 0.86436,
                "nauc_map_at_1000_max": 0.763621,
                "nauc_map_at_1000_std": 0.660026,
                "nauc_map_at_1000_diff1": 0.86436,
                "nauc_recall_at_1_max": 0.752502,
                "nauc_recall_at_1_std": 0.640279,
                "nauc_recall_at_1_diff1": 0.86744,
                "nauc_recall_at_3_max": 0.875252,
                "nauc_recall_at_3_std": 0.795419,
                "nauc_recall_at_3_diff1": 0.86264,
                "nauc_recall_at_5_max": NaN,
                "nauc_recall_at_5_std": NaN,
                "nauc_recall_at_5_diff1": NaN,
                "nauc_recall_at_10_max": NaN,
                "nauc_recall_at_10_std": NaN,
                "nauc_recall_at_10_diff1": NaN,
                "nauc_recall_at_20_max": NaN,
                "nauc_recall_at_20_std": NaN,
                "nauc_recall_at_20_diff1": NaN,
                "nauc_recall_at_100_max": NaN,
                "nauc_recall_at_100_std": NaN,
                "nauc_recall_at_100_diff1": NaN,
                "nauc_recall_at_1000_max": NaN,
                "nauc_recall_at_1000_std": NaN,
                "nauc_recall_at_1000_diff1": NaN,
                "nauc_precision_at_1_max": 0.752502,
                "nauc_precision_at_1_std": 0.640279,
                "nauc_precision_at_1_diff1": 0.86744,
                "nauc_precision_at_3_max": 0.875252,
                "nauc_precision_at_3_std": 0.795419,
                "nauc_precision_at_3_diff1": 0.86264,
                "nauc_precision_at_5_max": 1.0,
                "nauc_precision_at_5_std": 1.0,
                "nauc_precision_at_5_diff1": 1.0,
                "nauc_precision_at_10_max": 1.0,
                "nauc_precision_at_10_std": 1.0,
                "nauc_precision_at_10_diff1": 1.0,
                "nauc_precision_at_20_max": 1.0,
                "nauc_precision_at_20_std": 1.0,
                "nauc_precision_at_20_diff1": 1.0,
                "nauc_precision_at_100_max": 1.0,
                "nauc_precision_at_100_std": 1.0,
                "nauc_precision_at_100_diff1": 1.0,
                "nauc_precision_at_1000_max": 1.0,
                "nauc_precision_at_1000_std": 1.0,
                "nauc_precision_at_1000_diff1": 1.0,
                "nauc_mrr_at_1_max": 0.752502,
                "nauc_mrr_at_1_std": 0.640279,
                "nauc_mrr_at_1_diff1": 0.86744,
                "nauc_mrr_at_3_max": 0.76992,
                "nauc_mrr_at_3_std": 0.6673,
                "nauc_mrr_at_3_diff1": 0.864073,
                "nauc_mrr_at_5_max": 0.763621,
                "nauc_mrr_at_5_std": 0.660026,
                "nauc_mrr_at_5_diff1": 0.86436,
                "nauc_mrr_at_10_max": 0.763621,
                "nauc_mrr_at_10_std": 0.660026,
                "nauc_mrr_at_10_diff1": 0.86436,
                "nauc_mrr_at_20_max": 0.763621,
                "nauc_mrr_at_20_std": 0.660026,
                "nauc_mrr_at_20_diff1": 0.86436,
                "nauc_mrr_at_100_max": 0.763621,
                "nauc_mrr_at_100_std": 0.660026,
                "nauc_mrr_at_100_diff1": 0.86436,
                "nauc_mrr_at_1000_max": 0.763621,
                "nauc_mrr_at_1000_std": 0.660026,
                "nauc_mrr_at_1000_diff1": 0.86436,
                "cv_recall_at_1": 0.8843,
                "cv_recall_at_3": 0.98332,
                "cv_recall_at_5": 1.0,
                "cv_recall_at_10": 1.0,
                "cv_recall_at_20": 1.0,
                "cv_recall_at_100": 1.0,
                "cv_recall_at_1000": 1.0,
                "main_score": 0.93364,
                "hf_subset": "default",
                "languages": [
                    "slk-Latn"
                ]
            }
        ]
    },
    "evaluation_time": 122.14554786682129,
    "kg_co2_emissions": null
}
