{
    "dataset_revision": "6448ea012b1b7caa3d55cb747b58cda1d7edc714",
    "task_name": "SlovakPharmacyDrMaxReranking",
    "mteb_version": "1.39.7",
    "scores": {
        "test": [
            {
                "ndcg_at_1": 0.88152,
                "ndcg_at_3": 0.94051,
                "ndcg_at_5": 0.94888,
                "ndcg_at_10": 0.94888,
                "ndcg_at_20": 0.94888,
                "ndcg_at_100": 0.94888,
                "ndcg_at_1000": 0.94888,
                "map_at_1": 0.88152,
                "map_at_3": 0.92679,
                "map_at_5": 0.93148,
                "map_at_10": 0.93148,
                "map_at_20": 0.93148,
                "map_at_100": 0.93148,
                "map_at_1000": 0.93148,
                "recall_at_1": 0.88152,
                "recall_at_3": 0.9799,
                "recall_at_5": 1.0,
                "recall_at_10": 1.0,
                "recall_at_20": 1.0,
                "recall_at_100": 1.0,
                "recall_at_1000": 1.0,
                "accuracy": 0.88152,
                "precision_at_1": 0.88152,
                "precision_at_3": 0.32663,
                "precision_at_5": 0.2,
                "precision_at_10": 0.1,
                "precision_at_20": 0.05,
                "precision_at_100": 0.01,
                "precision_at_1000": 0.001,
                "mrr_at_1": 0.881523,
                "mrr_at_3": 0.926789,
                "mrr_at_5": 0.931483,
                "mrr_at_10": 0.931483,
                "mrr_at_20": 0.931483,
                "mrr_at_100": 0.931483,
                "mrr_at_1000": 0.931483,
                "nauc_ndcg_at_1_max": 0.748923,
                "nauc_ndcg_at_1_std": 0.638552,
                "nauc_ndcg_at_1_diff1": 0.860649,
                "nauc_ndcg_at_3_max": 0.779332,
                "nauc_ndcg_at_3_std": 0.672509,
                "nauc_ndcg_at_3_diff1": 0.852883,
                "nauc_ndcg_at_5_max": 0.761836,
                "nauc_ndcg_at_5_std": 0.658356,
                "nauc_ndcg_at_5_diff1": 0.856083,
                "nauc_ndcg_at_10_max": 0.761836,
                "nauc_ndcg_at_10_std": 0.658356,
                "nauc_ndcg_at_10_diff1": 0.856083,
                "nauc_ndcg_at_20_max": 0.761836,
                "nauc_ndcg_at_20_std": 0.658356,
                "nauc_ndcg_at_20_diff1": 0.856083,
                "nauc_ndcg_at_100_max": 0.761836,
                "nauc_ndcg_at_100_std": 0.658356,
                "nauc_ndcg_at_100_diff1": 0.856083,
                "nauc_ndcg_at_1000_max": 0.761836,
                "nauc_ndcg_at_1000_std": 0.658356,
                "nauc_ndcg_at_1000_diff1": 0.856083,
                "nauc_map_at_1_max": 0.748923,
                "nauc_map_at_1_std": 0.638552,
                "nauc_map_at_1_diff1": 0.860649,
                "nauc_map_at_3_max": 0.768894,
                "nauc_map_at_3_std": 0.6634,
                "nauc_map_at_3_diff1": 0.854757,
                "nauc_map_at_5_max": 0.760899,
                "nauc_map_at_5_std": 0.657065,
                "nauc_map_at_5_diff1": 0.856338,
                "nauc_map_at_10_max": 0.760899,
                "nauc_map_at_10_std": 0.657065,
                "nauc_map_at_10_diff1": 0.856338,
                "nauc_map_at_20_max": 0.760899,
                "nauc_map_at_20_std": 0.657065,
                "nauc_map_at_20_diff1": 0.856338,
                "nauc_map_at_100_max": 0.760899,
                "nauc_map_at_100_std": 0.657065,
                "nauc_map_at_100_diff1": 0.856338,
                "nauc_map_at_1000_max": 0.760899,
                "nauc_map_at_1000_std": 0.657065,
                "nauc_map_at_1000_diff1": 0.856338,
                "nauc_recall_at_1_max": 0.748923,
                "nauc_recall_at_1_std": 0.638552,
                "nauc_recall_at_1_diff1": 0.860649,
                "nauc_recall_at_3_max": 0.885186,
                "nauc_recall_at_3_std": 0.760618,
                "nauc_recall_at_3_diff1": 0.835206,
                "nauc_recall_at_5_max": NaN,
                "nauc_recall_at_5_std": NaN,
                "nauc_recall_at_5_diff1": NaN,
                "nauc_recall_at_10_max": NaN,
                "nauc_recall_at_10_std": NaN,
                "nauc_recall_at_10_diff1": NaN,
                "nauc_recall_at_20_max": NaN,
                "nauc_recall_at_20_std": NaN,
                "nauc_recall_at_20_diff1": NaN,
                "nauc_recall_at_100_max": NaN,
                "nauc_recall_at_100_std": NaN,
                "nauc_recall_at_100_diff1": NaN,
                "nauc_recall_at_1000_max": NaN,
                "nauc_recall_at_1000_std": NaN,
                "nauc_recall_at_1000_diff1": NaN,
                "nauc_precision_at_1_max": 0.748923,
                "nauc_precision_at_1_std": 0.638552,
                "nauc_precision_at_1_diff1": 0.860649,
                "nauc_precision_at_3_max": 0.885186,
                "nauc_precision_at_3_std": 0.760618,
                "nauc_precision_at_3_diff1": 0.835206,
                "nauc_precision_at_5_max": 1.0,
                "nauc_precision_at_5_std": 1.0,
                "nauc_precision_at_5_diff1": 1.0,
                "nauc_precision_at_10_max": 1.0,
                "nauc_precision_at_10_std": 1.0,
                "nauc_precision_at_10_diff1": 1.0,
                "nauc_precision_at_20_max": 1.0,
                "nauc_precision_at_20_std": 1.0,
                "nauc_precision_at_20_diff1": 1.0,
                "nauc_precision_at_100_max": 1.0,
                "nauc_precision_at_100_std": 1.0,
                "nauc_precision_at_100_diff1": 1.0,
                "nauc_precision_at_1000_max": 1.0,
                "nauc_precision_at_1000_std": 1.0,
                "nauc_precision_at_1000_diff1": 1.0,
                "nauc_mrr_at_1_max": 0.748923,
                "nauc_mrr_at_1_std": 0.638552,
                "nauc_mrr_at_1_diff1": 0.860649,
                "nauc_mrr_at_3_max": 0.768894,
                "nauc_mrr_at_3_std": 0.6634,
                "nauc_mrr_at_3_diff1": 0.854757,
                "nauc_mrr_at_5_max": 0.760899,
                "nauc_mrr_at_5_std": 0.657065,
                "nauc_mrr_at_5_diff1": 0.856338,
                "nauc_mrr_at_10_max": 0.760899,
                "nauc_mrr_at_10_std": 0.657065,
                "nauc_mrr_at_10_diff1": 0.856338,
                "nauc_mrr_at_20_max": 0.760899,
                "nauc_mrr_at_20_std": 0.657065,
                "nauc_mrr_at_20_diff1": 0.856338,
                "nauc_mrr_at_100_max": 0.760899,
                "nauc_mrr_at_100_std": 0.657065,
                "nauc_mrr_at_100_diff1": 0.856338,
                "nauc_mrr_at_1000_max": 0.760899,
                "nauc_mrr_at_1000_std": 0.657065,
                "nauc_mrr_at_1000_diff1": 0.856338,
                "cv_recall_at_1": 0.88152,
                "cv_recall_at_3": 0.9799,
                "cv_recall_at_5": 1.0,
                "cv_recall_at_10": 1.0,
                "cv_recall_at_20": 1.0,
                "cv_recall_at_100": 1.0,
                "cv_recall_at_1000": 1.0,
                "main_score": 0.93148,
                "hf_subset": "default",
                "languages": [
                    "slk-Latn"
                ]
            }
        ]
    },
    "evaluation_time": 125.01633167266846,
    "kg_co2_emissions": null
}
