{
    "dataset_revision": "85d6b32f2762313714618171b9d1a65eb7408835",
    "task_name": "SlovakSumRetrieval",
    "mteb_version": "1.39.7",
    "scores": {
        "test": [
            {
                "ndcg_at_1": 0.875,
                "ndcg_at_3": 0.91974,
                "ndcg_at_5": 0.92519,
                "ndcg_at_10": 0.92788,
                "ndcg_at_20": 0.9305,
                "ndcg_at_100": 0.93315,
                "ndcg_at_1000": 0.93396,
                "map_at_1": 0.875,
                "map_at_3": 0.90972,
                "map_at_5": 0.91272,
                "map_at_10": 0.91383,
                "map_at_20": 0.91459,
                "map_at_100": 0.91503,
                "map_at_1000": 0.91506,
                "recall_at_1": 0.875,
                "recall_at_3": 0.94833,
                "recall_at_5": 0.96167,
                "recall_at_10": 0.97,
                "recall_at_20": 0.98,
                "recall_at_100": 0.99333,
                "recall_at_1000": 1.0,
                "accuracy": 0.875,
                "precision_at_1": 0.875,
                "precision_at_3": 0.31611,
                "precision_at_5": 0.19233,
                "precision_at_10": 0.097,
                "precision_at_20": 0.049,
                "precision_at_100": 0.00993,
                "precision_at_1000": 0.001,
                "mrr_at_1": 0.875,
                "mrr_at_3": 0.909722,
                "mrr_at_5": 0.912722,
                "mrr_at_10": 0.913828,
                "mrr_at_20": 0.914594,
                "mrr_at_100": 0.915034,
                "mrr_at_1000": 0.915059,
                "nauc_ndcg_at_1_max": 0.822422,
                "nauc_ndcg_at_1_std": 0.032055,
                "nauc_ndcg_at_1_diff1": 0.930329,
                "nauc_ndcg_at_3_max": 0.870154,
                "nauc_ndcg_at_3_std": 0.134092,
                "nauc_ndcg_at_3_diff1": 0.926686,
                "nauc_ndcg_at_5_max": 0.869219,
                "nauc_ndcg_at_5_std": 0.148671,
                "nauc_ndcg_at_5_diff1": 0.922532,
                "nauc_ndcg_at_10_max": 0.866438,
                "nauc_ndcg_at_10_std": 0.159783,
                "nauc_ndcg_at_10_diff1": 0.922569,
                "nauc_ndcg_at_20_max": 0.862178,
                "nauc_ndcg_at_20_std": 0.160968,
                "nauc_ndcg_at_20_diff1": 0.9241,
                "nauc_ndcg_at_100_max": 0.860377,
                "nauc_ndcg_at_100_std": 0.143074,
                "nauc_ndcg_at_100_diff1": 0.925171,
                "nauc_ndcg_at_1000_max": 0.858639,
                "nauc_ndcg_at_1000_std": 0.132406,
                "nauc_ndcg_at_1000_diff1": 0.925389,
                "nauc_map_at_1_max": 0.822422,
                "nauc_map_at_1_std": 0.032055,
                "nauc_map_at_1_diff1": 0.930329,
                "nauc_map_at_3_max": 0.856834,
                "nauc_map_at_3_std": 0.105458,
                "nauc_map_at_3_diff1": 0.927694,
                "nauc_map_at_5_max": 0.856087,
                "nauc_map_at_5_std": 0.111708,
                "nauc_map_at_5_diff1": 0.925797,
                "nauc_map_at_10_max": 0.854987,
                "nauc_map_at_10_std": 0.114398,
                "nauc_map_at_10_diff1": 0.925849,
                "nauc_map_at_20_max": 0.853878,
                "nauc_map_at_20_std": 0.114829,
                "nauc_map_at_20_diff1": 0.926235,
                "nauc_map_at_100_max": 0.853617,
                "nauc_map_at_100_std": 0.112157,
                "nauc_map_at_100_diff1": 0.926415,
                "nauc_map_at_1000_max": 0.853574,
                "nauc_map_at_1000_std": 0.111893,
                "nauc_map_at_1000_diff1": 0.926412,
                "nauc_recall_at_1_max": 0.822422,
                "nauc_recall_at_1_std": 0.032055,
                "nauc_recall_at_1_diff1": 0.930329,
                "nauc_recall_at_3_max": 0.934339,
                "nauc_recall_at_3_std": 0.272206,
                "nauc_recall_at_3_diff1": 0.92184,
                "nauc_recall_at_5_max": 0.950777,
                "nauc_recall_at_5_std": 0.385438,
                "nauc_recall_at_5_diff1": 0.900337,
                "nauc_recall_at_10_max": 0.952537,
                "nauc_recall_at_10_std": 0.542484,
                "nauc_recall_at_10_diff1": 0.894439,
                "nauc_recall_at_20_max": 0.939698,
                "nauc_recall_at_20_std": 0.732649,
                "nauc_recall_at_20_diff1": 0.900599,
                "nauc_recall_at_100_max": 1.0,
                "nauc_recall_at_100_std": 1.0,
                "nauc_recall_at_100_diff1": 0.901961,
                "nauc_recall_at_1000_max": NaN,
                "nauc_recall_at_1000_std": NaN,
                "nauc_recall_at_1000_diff1": NaN,
                "nauc_precision_at_1_max": 0.822422,
                "nauc_precision_at_1_std": 0.032055,
                "nauc_precision_at_1_diff1": 0.930329,
                "nauc_precision_at_3_max": 0.934339,
                "nauc_precision_at_3_std": 0.272206,
                "nauc_precision_at_3_diff1": 0.92184,
                "nauc_precision_at_5_max": 0.950777,
                "nauc_precision_at_5_std": 0.385438,
                "nauc_precision_at_5_diff1": 0.900337,
                "nauc_precision_at_10_max": 0.952537,
                "nauc_precision_at_10_std": 0.542484,
                "nauc_precision_at_10_diff1": 0.894439,
                "nauc_precision_at_20_max": 0.939698,
                "nauc_precision_at_20_std": 0.732649,
                "nauc_precision_at_20_diff1": 0.900599,
                "nauc_precision_at_100_max": 1.0,
                "nauc_precision_at_100_std": 1.0,
                "nauc_precision_at_100_diff1": 0.901961,
                "nauc_precision_at_1000_max": 1.0,
                "nauc_precision_at_1000_std": 1.0,
                "nauc_precision_at_1000_diff1": 1.0,
                "nauc_mrr_at_1_max": 0.822422,
                "nauc_mrr_at_1_std": 0.032055,
                "nauc_mrr_at_1_diff1": 0.930329,
                "nauc_mrr_at_3_max": 0.856834,
                "nauc_mrr_at_3_std": 0.105458,
                "nauc_mrr_at_3_diff1": 0.927694,
                "nauc_mrr_at_5_max": 0.856087,
                "nauc_mrr_at_5_std": 0.111708,
                "nauc_mrr_at_5_diff1": 0.925797,
                "nauc_mrr_at_10_max": 0.854987,
                "nauc_mrr_at_10_std": 0.114398,
                "nauc_mrr_at_10_diff1": 0.925849,
                "nauc_mrr_at_20_max": 0.853878,
                "nauc_mrr_at_20_std": 0.114829,
                "nauc_mrr_at_20_diff1": 0.926235,
                "nauc_mrr_at_100_max": 0.853617,
                "nauc_mrr_at_100_std": 0.112157,
                "nauc_mrr_at_100_diff1": 0.926415,
                "nauc_mrr_at_1000_max": 0.853574,
                "nauc_mrr_at_1000_std": 0.111893,
                "nauc_mrr_at_1000_diff1": 0.926412,
                "cv_recall_at_1": 0.875,
                "cv_recall_at_3": 0.94833,
                "cv_recall_at_5": 0.96167,
                "cv_recall_at_10": 0.97,
                "cv_recall_at_20": 0.98,
                "cv_recall_at_100": 0.99333,
                "cv_recall_at_1000": 1.0,
                "main_score": 0.92788,
                "hf_subset": "default",
                "languages": [
                    "slk-Latn"
                ]
            }
        ]
    },
    "evaluation_time": 5.686369895935059,
    "kg_co2_emissions": null
}
