{
    "dataset_revision": "82320d7f1d6561a12516605ec24f5d61aceb915c",
    "task_name": "SlovakPharmacyMojaLekarenReranking",
    "mteb_version": "1.39.7",
    "scores": {
        "test": [
            {
                "ndcg_at_1": 0.93496,
                "ndcg_at_3": 0.97148,
                "ndcg_at_5": 0.97317,
                "ndcg_at_10": 0.97317,
                "ndcg_at_20": 0.97317,
                "ndcg_at_100": 0.97317,
                "ndcg_at_1000": 0.97317,
                "map_at_1": 0.93496,
                "map_at_3": 0.96296,
                "map_at_5": 0.96391,
                "map_at_10": 0.96391,
                "map_at_20": 0.96391,
                "map_at_100": 0.96391,
                "map_at_1000": 0.96391,
                "recall_at_1": 0.93496,
                "recall_at_3": 0.99593,
                "recall_at_5": 1.0,
                "recall_at_10": 1.0,
                "recall_at_20": 1.0,
                "recall_at_100": 1.0,
                "recall_at_1000": 1.0,
                "accuracy": 0.93496,
                "precision_at_1": 0.93496,
                "precision_at_3": 0.33198,
                "precision_at_5": 0.2,
                "precision_at_10": 0.1,
                "precision_at_20": 0.05,
                "precision_at_100": 0.01,
                "precision_at_1000": 0.001,
                "mrr_at_1": 0.934959,
                "mrr_at_3": 0.962963,
                "mrr_at_5": 0.963911,
                "mrr_at_10": 0.963911,
                "mrr_at_20": 0.963911,
                "mrr_at_100": 0.963911,
                "mrr_at_1000": 0.963911,
                "nauc_ndcg_at_1_max": 0.604746,
                "nauc_ndcg_at_1_std": 0.52096,
                "nauc_ndcg_at_1_diff1": 0.955389,
                "nauc_ndcg_at_3_max": 0.632515,
                "nauc_ndcg_at_3_std": 0.571226,
                "nauc_ndcg_at_3_diff1": 0.957369,
                "nauc_ndcg_at_5_max": 0.615394,
                "nauc_ndcg_at_5_std": 0.544196,
                "nauc_ndcg_at_5_diff1": 0.954681,
                "nauc_ndcg_at_10_max": 0.615394,
                "nauc_ndcg_at_10_std": 0.544196,
                "nauc_ndcg_at_10_diff1": 0.954681,
                "nauc_ndcg_at_20_max": 0.615394,
                "nauc_ndcg_at_20_std": 0.544196,
                "nauc_ndcg_at_20_diff1": 0.954681,
                "nauc_ndcg_at_100_max": 0.615394,
                "nauc_ndcg_at_100_std": 0.544196,
                "nauc_ndcg_at_100_diff1": 0.954681,
                "nauc_ndcg_at_1000_max": 0.615394,
                "nauc_ndcg_at_1000_std": 0.544196,
                "nauc_ndcg_at_1000_diff1": 0.954681,
                "nauc_map_at_1_max": 0.604746,
                "nauc_map_at_1_std": 0.52096,
                "nauc_map_at_1_diff1": 0.955389,
                "nauc_map_at_3_max": 0.621898,
                "nauc_map_at_3_std": 0.554295,
                "nauc_map_at_3_diff1": 0.955845,
                "nauc_map_at_5_max": 0.614569,
                "nauc_map_at_5_std": 0.542581,
                "nauc_map_at_5_diff1": 0.954685,
                "nauc_map_at_10_max": 0.614569,
                "nauc_map_at_10_std": 0.542581,
                "nauc_map_at_10_diff1": 0.954685,
                "nauc_map_at_20_max": 0.614569,
                "nauc_map_at_20_std": 0.542581,
                "nauc_map_at_20_diff1": 0.954685,
                "nauc_map_at_100_max": 0.614569,
                "nauc_map_at_100_std": 0.542581,
                "nauc_map_at_100_diff1": 0.954685,
                "nauc_map_at_1000_max": 0.614569,
                "nauc_map_at_1000_std": 0.542581,
                "nauc_map_at_1000_diff1": 0.954685,
                "nauc_recall_at_1_max": 0.604746,
                "nauc_recall_at_1_std": 0.52096,
                "nauc_recall_at_1_diff1": 0.955389,
                "nauc_recall_at_3_max": 0.907361,
                "nauc_recall_at_3_std": 1.0,
                "nauc_recall_at_3_diff1": 1.0,
                "nauc_recall_at_5_max": NaN,
                "nauc_recall_at_5_std": NaN,
                "nauc_recall_at_5_diff1": NaN,
                "nauc_recall_at_10_max": NaN,
                "nauc_recall_at_10_std": NaN,
                "nauc_recall_at_10_diff1": NaN,
                "nauc_recall_at_20_max": NaN,
                "nauc_recall_at_20_std": NaN,
                "nauc_recall_at_20_diff1": NaN,
                "nauc_recall_at_100_max": NaN,
                "nauc_recall_at_100_std": NaN,
                "nauc_recall_at_100_diff1": NaN,
                "nauc_recall_at_1000_max": NaN,
                "nauc_recall_at_1000_std": NaN,
                "nauc_recall_at_1000_diff1": NaN,
                "nauc_precision_at_1_max": 0.604746,
                "nauc_precision_at_1_std": 0.52096,
                "nauc_precision_at_1_diff1": 0.955389,
                "nauc_precision_at_3_max": 0.907361,
                "nauc_precision_at_3_std": 1.0,
                "nauc_precision_at_3_diff1": 1.0,
                "nauc_precision_at_5_max": NaN,
                "nauc_precision_at_5_std": NaN,
                "nauc_precision_at_5_diff1": NaN,
                "nauc_precision_at_10_max": NaN,
                "nauc_precision_at_10_std": NaN,
                "nauc_precision_at_10_diff1": NaN,
                "nauc_precision_at_20_max": NaN,
                "nauc_precision_at_20_std": NaN,
                "nauc_precision_at_20_diff1": NaN,
                "nauc_precision_at_100_max": NaN,
                "nauc_precision_at_100_std": NaN,
                "nauc_precision_at_100_diff1": NaN,
                "nauc_precision_at_1000_max": 1.0,
                "nauc_precision_at_1000_std": 1.0,
                "nauc_precision_at_1000_diff1": 1.0,
                "nauc_mrr_at_1_max": 0.604746,
                "nauc_mrr_at_1_std": 0.52096,
                "nauc_mrr_at_1_diff1": 0.955389,
                "nauc_mrr_at_3_max": 0.621898,
                "nauc_mrr_at_3_std": 0.554295,
                "nauc_mrr_at_3_diff1": 0.955845,
                "nauc_mrr_at_5_max": 0.614569,
                "nauc_mrr_at_5_std": 0.542581,
                "nauc_mrr_at_5_diff1": 0.954685,
                "nauc_mrr_at_10_max": 0.614569,
                "nauc_mrr_at_10_std": 0.542581,
                "nauc_mrr_at_10_diff1": 0.954685,
                "nauc_mrr_at_20_max": 0.614569,
                "nauc_mrr_at_20_std": 0.542581,
                "nauc_mrr_at_20_diff1": 0.954685,
                "nauc_mrr_at_100_max": 0.614569,
                "nauc_mrr_at_100_std": 0.542581,
                "nauc_mrr_at_100_diff1": 0.954685,
                "nauc_mrr_at_1000_max": 0.614569,
                "nauc_mrr_at_1000_std": 0.542581,
                "nauc_mrr_at_1000_diff1": 0.954685,
                "cv_recall_at_1": 0.93496,
                "cv_recall_at_3": 0.99593,
                "cv_recall_at_5": 1.0,
                "cv_recall_at_10": 1.0,
                "cv_recall_at_20": 1.0,
                "cv_recall_at_100": 1.0,
                "cv_recall_at_1000": 1.0,
                "main_score": 0.96391,
                "hf_subset": "default",
                "languages": [
                    "slk-Latn"
                ]
            }
        ]
    },
    "evaluation_time": 22.68809199333191,
    "kg_co2_emissions": null
}
