{
    "dataset_revision": "f64f483ad0f31d2e78209d524c14a4a867965959",
    "task_name": "WebFAQRetrieval",
    "mteb_version": "1.39.7",
    "scores": {
        "test": [
            {
                "ndcg_at_1": 0.719,
                "ndcg_at_3": 0.79869,
                "ndcg_at_5": 0.81383,
                "ndcg_at_10": 0.8246,
                "ndcg_at_20": 0.83228,
                "ndcg_at_100": 0.83796,
                "ndcg_at_1000": 0.84006,
                "map_at_1": 0.719,
                "map_at_3": 0.77968,
                "map_at_5": 0.78807,
                "map_at_10": 0.79258,
                "map_at_20": 0.79472,
                "map_at_100": 0.79554,
                "map_at_1000": 0.79563,
                "recall_at_1": 0.719,
                "recall_at_3": 0.85347,
                "recall_at_5": 0.89026,
                "recall_at_10": 0.92325,
                "recall_at_20": 0.95338,
                "recall_at_100": 0.98351,
                "recall_at_1000": 0.99937,
                "accuracy": 0.719,
                "precision_at_1": 0.719,
                "precision_at_3": 0.28449,
                "precision_at_5": 0.17805,
                "precision_at_10": 0.09232,
                "precision_at_20": 0.04767,
                "precision_at_100": 0.00984,
                "precision_at_1000": 0.001,
                "mrr_at_1": 0.718363,
                "mrr_at_3": 0.779416,
                "mrr_at_5": 0.787726,
                "mrr_at_10": 0.79233,
                "mrr_at_20": 0.794438,
                "mrr_at_100": 0.795272,
                "mrr_at_1000": 0.795364,
                "nauc_ndcg_at_1_max": 0.507433,
                "nauc_ndcg_at_1_std": -0.056156,
                "nauc_ndcg_at_1_diff1": 0.817046,
                "nauc_ndcg_at_3_max": 0.498098,
                "nauc_ndcg_at_3_std": -0.100279,
                "nauc_ndcg_at_3_diff1": 0.791985,
                "nauc_ndcg_at_5_max": 0.491819,
                "nauc_ndcg_at_5_std": -0.111963,
                "nauc_ndcg_at_5_diff1": 0.789492,
                "nauc_ndcg_at_10_max": 0.487099,
                "nauc_ndcg_at_10_std": -0.11473,
                "nauc_ndcg_at_10_diff1": 0.789423,
                "nauc_ndcg_at_20_max": 0.490456,
                "nauc_ndcg_at_20_std": -0.113215,
                "nauc_ndcg_at_20_diff1": 0.792805,
                "nauc_ndcg_at_100_max": 0.492736,
                "nauc_ndcg_at_100_std": -0.099902,
                "nauc_ndcg_at_100_diff1": 0.794039,
                "nauc_ndcg_at_1000_max": 0.493774,
                "nauc_ndcg_at_1000_std": -0.099307,
                "nauc_ndcg_at_1000_diff1": 0.79517,
                "nauc_map_at_1_max": 0.507433,
                "nauc_map_at_1_std": -0.056156,
                "nauc_map_at_1_diff1": 0.817046,
                "nauc_map_at_3_max": 0.49986,
                "nauc_map_at_3_std": -0.088886,
                "nauc_map_at_3_diff1": 0.798966,
                "nauc_map_at_5_max": 0.497025,
                "nauc_map_at_5_std": -0.094133,
                "nauc_map_at_5_diff1": 0.798107,
                "nauc_map_at_10_max": 0.495475,
                "nauc_map_at_10_std": -0.09448,
                "nauc_map_at_10_diff1": 0.798053,
                "nauc_map_at_20_max": 0.496093,
                "nauc_map_at_20_std": -0.093985,
                "nauc_map_at_20_diff1": 0.798808,
                "nauc_map_at_100_max": 0.496359,
                "nauc_map_at_100_std": -0.092449,
                "nauc_map_at_100_diff1": 0.798933,
                "nauc_map_at_1000_max": 0.496396,
                "nauc_map_at_1000_std": -0.092421,
                "nauc_map_at_1000_diff1": 0.79897,
                "nauc_recall_at_1_max": 0.507433,
                "nauc_recall_at_1_std": -0.056156,
                "nauc_recall_at_1_diff1": 0.817046,
                "nauc_recall_at_3_max": 0.4915,
                "nauc_recall_at_3_std": -0.14576,
                "nauc_recall_at_3_diff1": 0.763774,
                "nauc_recall_at_5_max": 0.464104,
                "nauc_recall_at_5_std": -0.20447,
                "nauc_recall_at_5_diff1": 0.745159,
                "nauc_recall_at_10_max": 0.422103,
                "nauc_recall_at_10_std": -0.263362,
                "nauc_recall_at_10_diff1": 0.729253,
                "nauc_recall_at_20_max": 0.430881,
                "nauc_recall_at_20_std": -0.337036,
                "nauc_recall_at_20_diff1": 0.737574,
                "nauc_recall_at_100_max": 0.432212,
                "nauc_recall_at_100_std": -0.10604,
                "nauc_recall_at_100_diff1": 0.702009,
                "nauc_recall_at_1000_max": 0.711716,
                "nauc_recall_at_1000_std": 0.613688,
                "nauc_recall_at_1000_diff1": 0.456109,
                "nauc_precision_at_1_max": 0.507433,
                "nauc_precision_at_1_std": -0.056156,
                "nauc_precision_at_1_diff1": 0.817046,
                "nauc_precision_at_3_max": 0.4915,
                "nauc_precision_at_3_std": -0.14576,
                "nauc_precision_at_3_diff1": 0.763774,
                "nauc_precision_at_5_max": 0.464104,
                "nauc_precision_at_5_std": -0.20447,
                "nauc_precision_at_5_diff1": 0.745159,
                "nauc_precision_at_10_max": 0.422103,
                "nauc_precision_at_10_std": -0.263362,
                "nauc_precision_at_10_diff1": 0.729253,
                "nauc_precision_at_20_max": 0.430881,
                "nauc_precision_at_20_std": -0.337036,
                "nauc_precision_at_20_diff1": 0.737574,
                "nauc_precision_at_100_max": 0.432212,
                "nauc_precision_at_100_std": -0.10604,
                "nauc_precision_at_100_diff1": 0.702009,
                "nauc_precision_at_1000_max": 0.711716,
                "nauc_precision_at_1000_std": 0.613688,
                "nauc_precision_at_1000_diff1": 0.456109,
                "nauc_mrr_at_1_max": 0.507108,
                "nauc_mrr_at_1_std": -0.059781,
                "nauc_mrr_at_1_diff1": 0.818104,
                "nauc_mrr_at_3_max": 0.502644,
                "nauc_mrr_at_3_std": -0.088502,
                "nauc_mrr_at_3_diff1": 0.79995,
                "nauc_mrr_at_5_max": 0.498579,
                "nauc_mrr_at_5_std": -0.09617,
                "nauc_mrr_at_5_diff1": 0.799255,
                "nauc_mrr_at_10_max": 0.497044,
                "nauc_mrr_at_10_std": -0.096075,
                "nauc_mrr_at_10_diff1": 0.798938,
                "nauc_mrr_at_20_max": 0.497704,
                "nauc_mrr_at_20_std": -0.09576,
                "nauc_mrr_at_20_diff1": 0.799709,
                "nauc_mrr_at_100_max": 0.497967,
                "nauc_mrr_at_100_std": -0.094168,
                "nauc_mrr_at_100_diff1": 0.799831,
                "nauc_mrr_at_1000_max": 0.498004,
                "nauc_mrr_at_1000_std": -0.094143,
                "nauc_mrr_at_1000_diff1": 0.799869,
                "cv_recall_at_1": 0.71836,
                "cv_recall_at_3": 0.85316,
                "cv_recall_at_5": 0.88963,
                "cv_recall_at_10": 0.92325,
                "cv_recall_at_20": 0.95306,
                "cv_recall_at_100": 0.98351,
                "cv_recall_at_1000": 0.99937,
                "main_score": 0.8246,
                "hf_subset": "slk",
                "languages": [
                    "slk-Latn"
                ]
            }
        ]
    },
    "evaluation_time": 96.23344326019287,
    "kg_co2_emissions": null
}
