{
  "dataset_revision": "75b399394a9803252cfec289d103de462763db7c",
  "task_name": "BelebeleRetrieval",
  "mteb_version": "2.3.0",
  "scores": {
    "test": [
      {
        "ndcg_at_1": 0.95778,
        "ndcg_at_3": 0.97598,
        "ndcg_at_5": 0.9778,
        "ndcg_at_10": 0.97893,
        "ndcg_at_20": 0.97921,
        "ndcg_at_100": 0.97983,
        "ndcg_at_1000": 0.97983,
        "map_at_1": 0.95778,
        "map_at_3": 0.97185,
        "map_at_5": 0.97285,
        "map_at_10": 0.97335,
        "map_at_20": 0.97343,
        "map_at_100": 0.97352,
        "map_at_1000": 0.97352,
        "recall_at_1": 0.95778,
        "recall_at_3": 0.98778,
        "recall_at_5": 0.99222,
        "recall_at_10": 0.99556,
        "recall_at_20": 0.99667,
        "recall_at_100": 1.0,
        "recall_at_1000": 1.0,
        "accuracy": 0.95778,
        "precision_at_1": 0.95778,
        "precision_at_3": 0.32926,
        "precision_at_5": 0.19844,
        "precision_at_10": 0.09956,
        "precision_at_20": 0.04983,
        "precision_at_100": 0.01,
        "precision_at_1000": 0.001,
        "mrr_at_1": 0.957778,
        "mrr_at_3": 0.971852,
        "mrr_at_5": 0.972852,
        "mrr_at_10": 0.973354,
        "mrr_at_20": 0.973429,
        "mrr_at_100": 0.973518,
        "mrr_at_1000": 0.973518,
        "nauc_ndcg_at_1_max": 0.8782,
        "nauc_ndcg_at_1_std": 0.037385,
        "nauc_ndcg_at_1_diff1": 0.97162,
        "nauc_ndcg_at_3_max": 0.910885,
        "nauc_ndcg_at_3_std": 0.00535,
        "nauc_ndcg_at_3_diff1": 0.98159,
        "nauc_ndcg_at_5_max": 0.903594,
        "nauc_ndcg_at_5_std": -0.042547,
        "nauc_ndcg_at_5_diff1": 0.980084,
        "nauc_ndcg_at_10_max": 0.900849,
        "nauc_ndcg_at_10_std": 0.027628,
        "nauc_ndcg_at_10_diff1": 0.979009,
        "nauc_ndcg_at_20_max": 0.899524,
        "nauc_ndcg_at_20_std": 0.018348,
        "nauc_ndcg_at_20_diff1": 0.978729,
        "nauc_ndcg_at_100_max": 0.898041,
        "nauc_ndcg_at_100_std": 0.021933,
        "nauc_ndcg_at_100_diff1": 0.978073,
        "nauc_ndcg_at_1000_max": 0.898041,
        "nauc_ndcg_at_1000_std": 0.021933,
        "nauc_ndcg_at_1000_diff1": 0.978073,
        "nauc_map_at_1_max": 0.8782,
        "nauc_map_at_1_std": 0.037385,
        "nauc_map_at_1_diff1": 0.97162,
        "nauc_map_at_3_max": 0.900803,
        "nauc_map_at_3_std": 0.016186,
        "nauc_map_at_3_diff1": 0.978715,
        "nauc_map_at_5_max": 0.897149,
        "nauc_map_at_5_std": -0.005249,
        "nauc_map_at_5_diff1": 0.977931,
        "nauc_map_at_10_max": 0.896117,
        "nauc_map_at_10_std": 0.019882,
        "nauc_map_at_10_diff1": 0.977515,
        "nauc_map_at_20_max": 0.895828,
        "nauc_map_at_20_std": 0.017925,
        "nauc_map_at_20_diff1": 0.977452,
        "nauc_map_at_100_max": 0.895736,
        "nauc_map_at_100_std": 0.020074,
        "nauc_map_at_100_diff1": 0.977376,
        "nauc_map_at_1000_max": 0.895736,
        "nauc_map_at_1000_std": 0.020074,
        "nauc_map_at_1000_diff1": 0.977376,
        "nauc_recall_at_1_max": 0.8782,
        "nauc_recall_at_1_std": 0.037385,
        "nauc_recall_at_1_diff1": 0.97162,
        "nauc_recall_at_3_max": 0.976233,
        "nauc_recall_at_3_std": -0.065954,
        "nauc_recall_at_3_diff1": 1.0,
        "nauc_recall_at_5_max": 0.962652,
        "nauc_recall_at_5_std": -0.437308,
        "nauc_recall_at_5_diff1": 1.0,
        "nauc_recall_at_10_max": 0.96732,
        "nauc_recall_at_10_std": 0.245565,
        "nauc_recall_at_10_diff1": 1.0,
        "nauc_recall_at_20_max": 0.956427,
        "nauc_recall_at_20_std": 0.086679,
        "nauc_recall_at_20_diff1": 1.0,
        "nauc_recall_at_100_max": NaN,
        "nauc_recall_at_100_std": NaN,
        "nauc_recall_at_100_diff1": NaN,
        "nauc_recall_at_1000_max": NaN,
        "nauc_recall_at_1000_std": NaN,
        "nauc_recall_at_1000_diff1": NaN,
        "nauc_precision_at_1_max": 0.8782,
        "nauc_precision_at_1_std": 0.037385,
        "nauc_precision_at_1_diff1": 0.97162,
        "nauc_precision_at_3_max": 0.976233,
        "nauc_precision_at_3_std": -0.065954,
        "nauc_precision_at_3_diff1": 1.0,
        "nauc_precision_at_5_max": 0.962652,
        "nauc_precision_at_5_std": -0.437308,
        "nauc_precision_at_5_diff1": 1.0,
        "nauc_precision_at_10_max": 0.96732,
        "nauc_precision_at_10_std": 0.245565,
        "nauc_precision_at_10_diff1": 1.0,
        "nauc_precision_at_20_max": 0.956427,
        "nauc_precision_at_20_std": 0.086679,
        "nauc_precision_at_20_diff1": 1.0,
        "nauc_precision_at_100_max": 1.0,
        "nauc_precision_at_100_std": 1.0,
        "nauc_precision_at_100_diff1": 1.0,
        "nauc_precision_at_1000_max": NaN,
        "nauc_precision_at_1000_std": NaN,
        "nauc_precision_at_1000_diff1": NaN,
        "nauc_mrr_at_1_max": 0.8782,
        "nauc_mrr_at_1_std": 0.037385,
        "nauc_mrr_at_1_diff1": 0.97162,
        "nauc_mrr_at_3_max": 0.900803,
        "nauc_mrr_at_3_std": 0.016186,
        "nauc_mrr_at_3_diff1": 0.978715,
        "nauc_mrr_at_5_max": 0.897149,
        "nauc_mrr_at_5_std": -0.005249,
        "nauc_mrr_at_5_diff1": 0.977931,
        "nauc_mrr_at_10_max": 0.896117,
        "nauc_mrr_at_10_std": 0.019882,
        "nauc_mrr_at_10_diff1": 0.977515,
        "nauc_mrr_at_20_max": 0.895828,
        "nauc_mrr_at_20_std": 0.017925,
        "nauc_mrr_at_20_diff1": 0.977452,
        "nauc_mrr_at_100_max": 0.895736,
        "nauc_mrr_at_100_std": 0.020074,
        "nauc_mrr_at_100_diff1": 0.977376,
        "nauc_mrr_at_1000_max": 0.895736,
        "nauc_mrr_at_1000_std": 0.020074,
        "nauc_mrr_at_1000_diff1": 0.977376,
        "cv_recall_at_1": 0.95778,
        "cv_recall_at_3": 0.98778,
        "cv_recall_at_5": 0.99222,
        "cv_recall_at_10": 0.99556,
        "cv_recall_at_20": 0.99667,
        "cv_recall_at_100": 1.0,
        "cv_recall_at_1000": 1.0,
        "main_score": 0.97893,
        "hf_subset": "slk_Latn-slk_Latn",
        "languages": [
          "slk-Latn",
          "slk-Latn"
        ]
      },
      {
        "ndcg_at_1": 0.97556,
        "ndcg_at_3": 0.98508,
        "ndcg_at_5": 0.98694,
        "ndcg_at_10": 0.98766,
        "ndcg_at_20": 0.98766,
        "ndcg_at_100": 0.98807,
        "ndcg_at_1000": 0.98807,
        "map_at_1": 0.97556,
        "map_at_3": 0.98296,
        "map_at_5": 0.98402,
        "map_at_10": 0.98431,
        "map_at_20": 0.98431,
        "map_at_100": 0.98437,
        "map_at_1000": 0.98437,
        "recall_at_1": 0.97556,
        "recall_at_3": 0.99111,
        "recall_at_5": 0.99556,
        "recall_at_10": 0.99778,
        "recall_at_20": 0.99778,
        "recall_at_100": 1.0,
        "recall_at_1000": 1.0,
        "accuracy": 0.97556,
        "precision_at_1": 0.97556,
        "precision_at_3": 0.33037,
        "precision_at_5": 0.19911,
        "precision_at_10": 0.09978,
        "precision_at_20": 0.04989,
        "precision_at_100": 0.01,
        "precision_at_1000": 0.001,
        "mrr_at_1": 0.975556,
        "mrr_at_3": 0.982963,
        "mrr_at_5": 0.984019,
        "mrr_at_10": 0.984315,
        "mrr_at_20": 0.984315,
        "mrr_at_100": 0.98437,
        "mrr_at_1000": 0.98437,
        "nauc_ndcg_at_1_max": 0.807444,
        "nauc_ndcg_at_1_std": -0.314659,
        "nauc_ndcg_at_1_diff1": 0.961166,
        "nauc_ndcg_at_3_max": 0.855532,
        "nauc_ndcg_at_3_std": -0.335473,
        "nauc_ndcg_at_3_diff1": 0.973811,
        "nauc_ndcg_at_5_max": 0.854654,
        "nauc_ndcg_at_5_std": -0.217683,
        "nauc_ndcg_at_5_diff1": 0.97007,
        "nauc_ndcg_at_10_max": 0.846208,
        "nauc_ndcg_at_10_std": -0.212188,
        "nauc_ndcg_at_10_diff1": 0.96833,
        "nauc_ndcg_at_20_max": 0.846208,
        "nauc_ndcg_at_20_std": -0.212188,
        "nauc_ndcg_at_20_diff1": 0.96833,
        "nauc_ndcg_at_100_max": 0.840957,
        "nauc_ndcg_at_100_std": -0.253578,
        "nauc_ndcg_at_100_diff1": 0.967249,