{
  "dataset_revision": "09f81f51dd5b8497da16d02c69c98d5cb5993ef2",
  "task_name": "SKQuadRetrieval",
  "mteb_version": "2.3.0",
  "scores": {
    "test": [
      {
        "ndcg_at_1": 0.60952,
        "ndcg_at_3": 0.64289,
        "ndcg_at_5": 0.66202,
        "ndcg_at_10": 0.68679,
        "ndcg_at_20": 0.70686,
        "ndcg_at_100": 0.73118,
        "ndcg_at_1000": 0.73671,
        "map_at_1": 0.41127,
        "map_at_3": 0.5258,
        "map_at_5": 0.54236,
        "map_at_10": 0.56016,
        "map_at_20": 0.57076,
        "map_at_100": 0.57853,
        "map_at_1000": 0.57899,
        "recall_at_1": 0.41127,
        "recall_at_3": 0.63129,
        "recall_at_5": 0.68171,
        "recall_at_10": 0.75497,
        "recall_at_20": 0.82745,
        "recall_at_100": 0.9505,
        "recall_at_1000": 0.99372,
        "accuracy": 0.41127,
        "precision_at_1": 0.61993,
        "precision_at_3": 0.32951,
        "precision_at_5": 0.21799,
        "precision_at_10": 0.12513,
        "precision_at_20": 0.07165,
        "precision_at_100": 0.01735,
        "precision_at_1000": 0.00184,
        "mrr_at_1": 0.619929,
        "mrr_at_3": 0.743533,
        "mrr_at_5": 0.753586,
        "mrr_at_10": 0.757907,
        "mrr_at_20": 0.759232,
        "mrr_at_100": 0.759752,
        "mrr_at_1000": 0.759758,
        "nauc_ndcg_at_1_max": 0.211466,
        "nauc_ndcg_at_1_std": -0.008709,
        "nauc_ndcg_at_1_diff1": 0.350675,
        "nauc_ndcg_at_3_max": 0.179792,
        "nauc_ndcg_at_3_std": -0.057676,
        "nauc_ndcg_at_3_diff1": 0.213891,
        "nauc_ndcg_at_5_max": 0.170654,
        "nauc_ndcg_at_5_std": -0.053678,
        "nauc_ndcg_at_5_diff1": 0.213225,
        "nauc_ndcg_at_10_max": 0.183113,
        "nauc_ndcg_at_10_std": -0.041207,
        "nauc_ndcg_at_10_diff1": 0.225726,
        "nauc_ndcg_at_20_max": 0.185008,
        "nauc_ndcg_at_20_std": -0.028407,
        "nauc_ndcg_at_20_diff1": 0.231044,
        "nauc_ndcg_at_100_max": 0.188247,
        "nauc_ndcg_at_100_std": -0.01968,
        "nauc_ndcg_at_100_diff1": 0.23901,
        "nauc_ndcg_at_1000_max": 0.193275,
        "nauc_ndcg_at_1000_std": -0.026875,
        "nauc_ndcg_at_1000_diff1": 0.24636,
        "nauc_map_at_1_max": 0.088477,
        "nauc_map_at_1_std": -0.055611,
        "nauc_map_at_1_diff1": 0.287366,
        "nauc_map_at_3_max": 0.098704,
        "nauc_map_at_3_std": -0.086064,
        "nauc_map_at_3_diff1": 0.210286,
        "nauc_map_at_5_max": 0.096637,
        "nauc_map_at_5_std": -0.088185,
        "nauc_map_at_5_diff1": 0.209055,
        "nauc_map_at_10_max": 0.10847,
        "nauc_map_at_10_std": -0.083695,
        "nauc_map_at_10_diff1": 0.214413,
        "nauc_map_at_20_max": 0.111691,
        "nauc_map_at_20_std": -0.076583,
        "nauc_map_at_20_diff1": 0.214799,
        "nauc_map_at_100_max": 0.112875,
        "nauc_map_at_100_std": -0.073188,
        "nauc_map_at_100_diff1": 0.217618,
        "nauc_map_at_1000_max": 0.113109,
        "nauc_map_at_1000_std": -0.073428,
        "nauc_map_at_1000_diff1": 0.217893,
        "nauc_recall_at_1_max": 0.088477,
        "nauc_recall_at_1_std": -0.055611,
        "nauc_recall_at_1_diff1": 0.287366,
        "nauc_recall_at_3_max": 0.085365,
        "nauc_recall_at_3_std": -0.089689,
        "nauc_recall_at_3_diff1": 0.092704,
        "nauc_recall_at_5_max": 0.055823,
        "nauc_recall_at_5_std": -0.081299,
        "nauc_recall_at_5_diff1": 0.064563,
        "nauc_recall_at_10_max": 0.065566,
        "nauc_recall_at_10_std": -0.056368,
        "nauc_recall_at_10_diff1": 0.067703,
        "nauc_recall_at_20_max": 0.054553,
        "nauc_recall_at_20_std": 0.003069,
        "nauc_recall_at_20_diff1": 0.054198,
        "nauc_recall_at_100_max": 0.013347,
        "nauc_recall_at_100_std": 0.273298,
        "nauc_recall_at_100_diff1": -0.068811,
        "nauc_recall_at_1000_max": 0.299205,
        "nauc_recall_at_1000_std": 0.345844,
        "nauc_recall_at_1000_diff1": 0.085205,
        "nauc_precision_at_1_max": 0.213875,
        "nauc_precision_at_1_std": -0.006011,
        "nauc_precision_at_1_diff1": 0.342271,
        "nauc_precision_at_3_max": 0.259952,
        "nauc_precision_at_3_std": 0.017893,
        "nauc_precision_at_3_diff1": -0.004967,
        "nauc_precision_at_5_max": 0.198436,
        "nauc_precision_at_5_std": 0.023321,
        "nauc_precision_at_5_diff1": -0.053373,
        "nauc_precision_at_10_max": 0.198828,
        "nauc_precision_at_10_std": 0.079678,
        "nauc_precision_at_10_diff1": -0.055152,
        "nauc_precision_at_20_max": 0.153145,
        "nauc_precision_at_20_std": 0.128906,
        "nauc_precision_at_20_diff1": -0.064196,
        "nauc_precision_at_100_max": 0.10657,
        "nauc_precision_at_100_std": 0.154844,
        "nauc_precision_at_100_diff1": -0.074973,
        "nauc_precision_at_1000_max": 0.10963,
        "nauc_precision_at_1000_std": 0.121686,
        "nauc_precision_at_1000_diff1": -0.065398,
        "nauc_mrr_at_1_max": 0.213875,
        "nauc_mrr_at_1_std": -0.006011,
        "nauc_mrr_at_1_diff1": 0.342271,
        "nauc_mrr_at_3_max": 0.29697,
        "nauc_mrr_at_3_std": -0.015436,
        "nauc_mrr_at_3_diff1": 0.287068,
        "nauc_mrr_at_5_max": 0.296596,
        "nauc_mrr_at_5_std": -0.006773,
        "nauc_mrr_at_5_diff1": 0.29045,
        "nauc_mrr_at_10_max": 0.292169,
        "nauc_mrr_at_10_std": -0.002363,
        "nauc_mrr_at_10_diff1": 0.295502,
        "nauc_mrr_at_20_max": 0.289256,
        "nauc_mrr_at_20_std": -0.003804,
        "nauc_mrr_at_20_diff1": 0.297551,
        "nauc_mrr_at_100_max": 0.287464,
        "nauc_mrr_at_100_std": -0.005602,
        "nauc_mrr_at_100_diff1": 0.297671,
        "nauc_mrr_at_1000_max": 0.287442,
        "nauc_mrr_at_1000_std": -0.005633,
        "nauc_mrr_at_1000_diff1": 0.29771,
        "cv_recall_at_1": 0.61993,
        "cv_recall_at_3": 0.88977,
        "cv_recall_at_5": 0.93298,
        "cv_recall_at_10": 0.96384,
        "cv_recall_at_20": 0.98148,
        "cv_recall_at_100": 0.99735,
        "cv_recall_at_1000": 1.0,
        "main_score": 0.68679,
        "hf_subset": "default",
        "languages": [
          "slk-Latn"
        ]
      }
    ]
  },
  "evaluation_time": 353.5866689682007,
  "kg_co2_emissions": null
}