{
  "dataset_revision": "6448ea012b1b7caa3d55cb747b58cda1d7edc714",
  "task_name": "SlovakPharmacyDrMaxReranking",
  "mteb_version": "2.3.0",
  "scores": {
    "test": [
      {
        "ndcg_at_1": 0.90376,
        "ndcg_at_3": 0.95279,
        "ndcg_at_5": 0.95888,
        "ndcg_at_10": 0.95888,
        "ndcg_at_20": 0.95888,
        "ndcg_at_100": 0.95888,
        "ndcg_at_1000": 0.95888,
        "map_at_1": 0.90376,
        "map_at_3": 0.9414,
        "map_at_5": 0.94485,
        "map_at_10": 0.94485,
        "map_at_20": 0.94485,
        "map_at_100": 0.94485,
        "map_at_1000": 0.94485,
        "recall_at_1": 0.90376,
        "recall_at_3": 0.98546,
        "recall_at_5": 1.0,
        "recall_at_10": 1.0,
        "recall_at_20": 1.0,
        "recall_at_100": 1.0,
        "recall_at_1000": 1.0,
        "accuracy": 0.90376,
        "precision_at_1": 0.90376,
        "precision_at_3": 0.32849,
        "precision_at_5": 0.2,
        "precision_at_10": 0.1,
        "precision_at_20": 0.05,
        "precision_at_100": 0.01,
        "precision_at_1000": 0.001,
        "mrr_at_1": 0.903764,
        "mrr_at_3": 0.941403,
        "mrr_at_5": 0.944846,
        "mrr_at_10": 0.944846,
        "mrr_at_20": 0.944846,
        "mrr_at_100": 0.944846,
        "mrr_at_1000": 0.944846,
        "nauc_ndcg_at_1_max": 0.785941,
        "nauc_ndcg_at_1_std": 0.657292,
        "nauc_ndcg_at_1_diff1": 0.889028,
        "nauc_ndcg_at_3_max": 0.811664,
        "nauc_ndcg_at_3_std": 0.710984,
        "nauc_ndcg_at_3_diff1": 0.884087,
        "nauc_ndcg_at_5_max": 0.798039,
        "nauc_ndcg_at_5_std": 0.683413,
        "nauc_ndcg_at_5_diff1": 0.886155,
        "nauc_ndcg_at_10_max": 0.798039,
        "nauc_ndcg_at_10_std": 0.683413,
        "nauc_ndcg_at_10_diff1": 0.886155,
        "nauc_ndcg_at_20_max": 0.798039,
        "nauc_ndcg_at_20_std": 0.683413,
        "nauc_ndcg_at_20_diff1": 0.886155,
        "nauc_ndcg_at_100_max": 0.798039,
        "nauc_ndcg_at_100_std": 0.683413,
        "nauc_ndcg_at_100_diff1": 0.886155,
        "nauc_ndcg_at_1000_max": 0.798039,
        "nauc_ndcg_at_1000_std": 0.683413,
        "nauc_ndcg_at_1000_diff1": 0.886155,
        "nauc_map_at_1_max": 0.785941,
        "nauc_map_at_1_std": 0.657292,
        "nauc_map_at_1_diff1": 0.889028,
        "nauc_map_at_3_max": 0.803461,
        "nauc_map_at_3_std": 0.694181,
        "nauc_map_at_3_diff1": 0.885425,
        "nauc_map_at_5_max": 0.79722,
        "nauc_map_at_5_std": 0.681643,
        "nauc_map_at_5_diff1": 0.886343,
        "nauc_map_at_10_max": 0.79722,
        "nauc_map_at_10_std": 0.681643,
        "nauc_map_at_10_diff1": 0.886343,
        "nauc_map_at_20_max": 0.79722,
        "nauc_map_at_20_std": 0.681643,
        "nauc_map_at_20_diff1": 0.886343,
        "nauc_map_at_100_max": 0.79722,
        "nauc_map_at_100_std": 0.681643,
        "nauc_map_at_100_diff1": 0.886343,
        "nauc_map_at_1000_max": 0.79722,
        "nauc_map_at_1000_std": 0.681643,
        "nauc_map_at_1000_diff1": 0.886343,
        "nauc_recall_at_1_max": 0.785941,
        "nauc_recall_at_1_std": 0.657292,
        "nauc_recall_at_1_diff1": 0.889028,
        "nauc_recall_at_3_max": 0.903743,
        "nauc_recall_at_3_std": 0.898944,
        "nauc_recall_at_3_diff1": 0.869559,
        "nauc_recall_at_5_max": NaN,
        "nauc_recall_at_5_std": NaN,
        "nauc_recall_at_5_diff1": NaN,
        "nauc_recall_at_10_max": NaN,
        "nauc_recall_at_10_std": NaN,
        "nauc_recall_at_10_diff1": NaN,
        "nauc_recall_at_20_max": NaN,
        "nauc_recall_at_20_std": NaN,
        "nauc_recall_at_20_diff1": NaN,
        "nauc_recall_at_100_max": NaN,
        "nauc_recall_at_100_std": NaN,
        "nauc_recall_at_100_diff1": NaN,
        "nauc_recall_at_1000_max": NaN,
        "nauc_recall_at_1000_std": NaN,
        "nauc_recall_at_1000_diff1": NaN,
        "nauc_precision_at_1_max": 0.785941,
        "nauc_precision_at_1_std": 0.657292,
        "nauc_precision_at_1_diff1": 0.889028,
        "nauc_precision_at_3_max": 0.903743,
        "nauc_precision_at_3_std": 0.898944,
        "nauc_precision_at_3_diff1": 0.869559,
        "nauc_precision_at_5_max": 1.0,
        "nauc_precision_at_5_std": 1.0,
        "nauc_precision_at_5_diff1": 1.0,
        "nauc_precision_at_10_max": 1.0,
        "nauc_precision_at_10_std": 1.0,
        "nauc_precision_at_10_diff1": 1.0,
        "nauc_precision_at_20_max": 1.0,
        "nauc_precision_at_20_std": 1.0,
        "nauc_precision_at_20_diff1": 1.0,
        "nauc_precision_at_100_max": 1.0,
        "nauc_precision_at_100_std": 1.0,
        "nauc_precision_at_100_diff1": 1.0,
        "nauc_precision_at_1000_max": 1.0,
        "nauc_precision_at_1000_std": 1.0,
        "nauc_precision_at_1000_diff1": 1.0,
        "nauc_mrr_at_1_max": 0.785941,
        "nauc_mrr_at_1_std": 0.657292,
        "nauc_mrr_at_1_diff1": 0.889028,
        "nauc_mrr_at_3_max": 0.803461,
        "nauc_mrr_at_3_std": 0.694181,
        "nauc_mrr_at_3_diff1": 0.885425,
        "nauc_mrr_at_5_max": 0.79722,
        "nauc_mrr_at_5_std": 0.681643,
        "nauc_mrr_at_5_diff1": 0.886343,
        "nauc_mrr_at_10_max": 0.79722,
        "nauc_mrr_at_10_std": 0.681643,
        "nauc_mrr_at_10_diff1": 0.886343,
        "nauc_mrr_at_20_max": 0.79722,
        "nauc_mrr_at_20_std": 0.681643,
        "nauc_mrr_at_20_diff1": 0.886343,
        "nauc_mrr_at_100_max": 0.79722,
        "nauc_mrr_at_100_std": 0.681643,
        "nauc_mrr_at_100_diff1": 0.886343,
        "nauc_mrr_at_1000_max": 0.79722,
        "nauc_mrr_at_1000_std": 0.681643,
        "nauc_mrr_at_1000_diff1": 0.886343,
        "cv_recall_at_1": 0.90376,
        "cv_recall_at_3": 0.98546,
        "cv_recall_at_5": 1.0,
        "cv_recall_at_10": 1.0,
        "cv_recall_at_20": 1.0,
        "cv_recall_at_100": 1.0,
        "cv_recall_at_1000": 1.0,
        "main_score": 0.94485,
        "hf_subset": "default",
        "languages": [
          "slk-Latn"
        ]
      }
    ]
  },
  "evaluation_time": 973.3087718486786,
  "kg_co2_emissions": null
}