{
  "dataset_revision": "82320d7f1d6561a12516605ec24f5d61aceb915c",
  "task_name": "SlovakPharmacyMojaLekarenReranking",
  "mteb_version": "2.3.0",
  "scores": {
    "test": [
      {
        "ndcg_at_1": 0.9458,
        "ndcg_at_3": 0.97893,
        "ndcg_at_5": 0.97893,
        "ndcg_at_10": 0.97893,
        "ndcg_at_20": 0.97893,
        "ndcg_at_100": 0.97893,
        "ndcg_at_1000": 0.97893,
        "map_at_1": 0.9458,
        "map_at_3": 0.97154,
        "map_at_5": 0.97154,
        "map_at_10": 0.97154,
        "map_at_20": 0.97154,
        "map_at_100": 0.97154,
        "map_at_1000": 0.97154,
        "recall_at_1": 0.9458,
        "recall_at_3": 1.0,
        "recall_at_5": 1.0,
        "recall_at_10": 1.0,
        "recall_at_20": 1.0,
        "recall_at_100": 1.0,
        "recall_at_1000": 1.0,
        "accuracy": 0.9458,
        "precision_at_1": 0.9458,
        "precision_at_3": 0.33333,
        "precision_at_5": 0.2,
        "precision_at_10": 0.1,
        "precision_at_20": 0.05,
        "precision_at_100": 0.01,
        "precision_at_1000": 0.001,
        "mrr_at_1": 0.945799,
        "mrr_at_3": 0.971545,
        "mrr_at_5": 0.971545,
        "mrr_at_10": 0.971545,
        "mrr_at_20": 0.971545,
        "mrr_at_100": 0.971545,
        "mrr_at_1000": 0.971545,
        "nauc_ndcg_at_1_max": 0.668045,
        "nauc_ndcg_at_1_std": 0.512581,
        "nauc_ndcg_at_1_diff1": 0.959952,
        "nauc_ndcg_at_3_max": 0.676382,
        "nauc_ndcg_at_3_std": 0.531251,
        "nauc_ndcg_at_3_diff1": 0.960875,
        "nauc_ndcg_at_5_max": 0.676382,
        "nauc_ndcg_at_5_std": 0.531251,
        "nauc_ndcg_at_5_diff1": 0.960875,
        "nauc_ndcg_at_10_max": 0.676382,
        "nauc_ndcg_at_10_std": 0.531251,
        "nauc_ndcg_at_10_diff1": 0.960875,
        "nauc_ndcg_at_20_max": 0.676382,
        "nauc_ndcg_at_20_std": 0.531251,
        "nauc_ndcg_at_20_diff1": 0.960875,
        "nauc_ndcg_at_100_max": 0.676382,
        "nauc_ndcg_at_100_std": 0.531251,
        "nauc_ndcg_at_100_diff1": 0.960875,
        "nauc_ndcg_at_1000_max": 0.676382,
        "nauc_ndcg_at_1000_std": 0.531251,
        "nauc_ndcg_at_1000_diff1": 0.960875,
        "nauc_map_at_1_max": 0.668045,
        "nauc_map_at_1_std": 0.512581,
        "nauc_map_at_1_diff1": 0.959952,
        "nauc_map_at_3_max": 0.675902,
        "nauc_map_at_3_std": 0.530177,
        "nauc_map_at_3_diff1": 0.960822,
        "nauc_map_at_5_max": 0.675902,
        "nauc_map_at_5_std": 0.530177,
        "nauc_map_at_5_diff1": 0.960822,
        "nauc_map_at_10_max": 0.675902,
        "nauc_map_at_10_std": 0.530177,
        "nauc_map_at_10_diff1": 0.960822,
        "nauc_map_at_20_max": 0.675902,
        "nauc_map_at_20_std": 0.530177,
        "nauc_map_at_20_diff1": 0.960822,
        "nauc_map_at_100_max": 0.675902,
        "nauc_map_at_100_std": 0.530177,
        "nauc_map_at_100_diff1": 0.960822,
        "nauc_map_at_1000_max": 0.675902,
        "nauc_map_at_1000_std": 0.530177,
        "nauc_map_at_1000_diff1": 0.960822,
        "nauc_recall_at_1_max": 0.668045,
        "nauc_recall_at_1_std": 0.512581,
        "nauc_recall_at_1_diff1": 0.959952,
        "nauc_recall_at_3_max": NaN,
        "nauc_recall_at_3_std": NaN,
        "nauc_recall_at_3_diff1": NaN,
        "nauc_recall_at_5_max": NaN,
        "nauc_recall_at_5_std": NaN,
        "nauc_recall_at_5_diff1": NaN,
        "nauc_recall_at_10_max": NaN,
        "nauc_recall_at_10_std": NaN,
        "nauc_recall_at_10_diff1": NaN,
        "nauc_recall_at_20_max": NaN,
        "nauc_recall_at_20_std": NaN,
        "nauc_recall_at_20_diff1": NaN,
        "nauc_recall_at_100_max": NaN,
        "nauc_recall_at_100_std": NaN,
        "nauc_recall_at_100_diff1": NaN,
        "nauc_recall_at_1000_max": NaN,
        "nauc_recall_at_1000_std": NaN,
        "nauc_recall_at_1000_diff1": NaN,
        "nauc_precision_at_1_max": 0.668045,
        "nauc_precision_at_1_std": 0.512581,
        "nauc_precision_at_1_diff1": 0.959952,
        "nauc_precision_at_3_max": 1.0,
        "nauc_precision_at_3_std": 1.0,
        "nauc_precision_at_3_diff1": 1.0,
        "nauc_precision_at_5_max": NaN,
        "nauc_precision_at_5_std": NaN,
        "nauc_precision_at_5_diff1": NaN,
        "nauc_precision_at_10_max": NaN,
        "nauc_precision_at_10_std": NaN,
        "nauc_precision_at_10_diff1": NaN,
        "nauc_precision_at_20_max": NaN,
        "nauc_precision_at_20_std": NaN,
        "nauc_precision_at_20_diff1": NaN,
        "nauc_precision_at_100_max": NaN,
        "nauc_precision_at_100_std": NaN,
        "nauc_precision_at_100_diff1": NaN,
        "nauc_precision_at_1000_max": 1.0,
        "nauc_precision_at_1000_std": 1.0,
        "nauc_precision_at_1000_diff1": 1.0,
        "nauc_mrr_at_1_max": 0.668045,
        "nauc_mrr_at_1_std": 0.512581,
        "nauc_mrr_at_1_diff1": 0.959952,
        "nauc_mrr_at_3_max": 0.675902,
        "nauc_mrr_at_3_std": 0.530177,
        "nauc_mrr_at_3_diff1": 0.960822,
        "nauc_mrr_at_5_max": 0.675902,
        "nauc_mrr_at_5_std": 0.530177,
        "nauc_mrr_at_5_diff1": 0.960822,
        "nauc_mrr_at_10_max": 0.675902,
        "nauc_mrr_at_10_std": 0.530177,
        "nauc_mrr_at_10_diff1": 0.960822,
        "nauc_mrr_at_20_max": 0.675902,
        "nauc_mrr_at_20_std": 0.530177,
        "nauc_mrr_at_20_diff1": 0.960822,
        "nauc_mrr_at_100_max": 0.675902,
        "nauc_mrr_at_100_std": 0.530177,
        "nauc_mrr_at_100_diff1": 0.960822,
        "nauc_mrr_at_1000_max": 0.675902,
        "nauc_mrr_at_1000_std": 0.530177,
        "nauc_mrr_at_1000_diff1": 0.960822,
        "cv_recall_at_1": 0.9458,
        "cv_recall_at_3": 1.0,
        "cv_recall_at_5": 1.0,
        "cv_recall_at_10": 1.0,
        "cv_recall_at_20": 1.0,
        "cv_recall_at_100": 1.0,
        "cv_recall_at_1000": 1.0,
        "main_score": 0.97154,
        "hf_subset": "default",
        "languages": [
          "slk-Latn"
        ]
      }
    ]
  },
  "evaluation_time": 219.47029304504395,
  "kg_co2_emissions": null
}