{
  "dataset_revision": "79914f425b59d8b9fabb6d38c37f6d81f9723f46",
  "task_name": "SlovakNLI",
  "mteb_version": "2.3.0",
  "scores": {
    "test": [
      {
        "similarity_accuracy": 0.725131,
        "similarity_f1": 0.750572,
        "similarity_precision": 0.703863,
        "similarity_recall": 0.803922,
        "similarity_ap": 0.792129,
        "cosine_accuracy": 0.725131,
        "cosine_f1": 0.750572,
        "cosine_precision": 0.703863,
        "cosine_recall": 0.803922,
        "cosine_ap": 0.792129,
        "manhattan_accuracy": 0.71466,
        "manhattan_f1": 0.748299,
        "manhattan_precision": 0.696203,
        "manhattan_recall": 0.808824,
        "manhattan_ap": 0.789245,
        "euclidean_accuracy": 0.725131,
        "euclidean_f1": 0.750572,
        "euclidean_precision": 0.703863,
        "euclidean_recall": 0.803922,
        "euclidean_ap": 0.792092,
        "dot_accuracy": 0.722513,
        "dot_f1": 0.750572,
        "dot_precision": 0.703863,
        "dot_recall": 0.803922,
        "dot_ap": 0.791955,
        "max_accuracy": 0.725131,
        "max_f1": 0.750572,
        "max_precision": 0.703863,
        "max_recall": 0.808824,
        "max_ap": 0.792129,
        "main_score": 0.792129,
        "hf_subset": "default",
        "languages": [
          "slk-Latn"
        ]
      }
    ]
  },
  "evaluation_time": 20.2848219871521,
  "kg_co2_emissions": null
}