{
  "dataset_revision": "f64f483ad0f31d2e78209d524c14a4a867965959",
  "task_name": "WebFAQRetrieval",
  "mteb_version": "2.3.0",
  "scores": {
    "test": [
      {
        "ndcg_at_1": 0.75325,
        "ndcg_at_3": 0.82493,
        "ndcg_at_5": 0.83821,
        "ndcg_at_10": 0.84938,
        "ndcg_at_20": 0.85485,
        "ndcg_at_100": 0.86066,
        "ndcg_at_1000": 0.86166,
        "map_at_1": 0.75325,
        "map_at_3": 0.80796,
        "map_at_5": 0.81538,
        "map_at_10": 0.82011,
        "map_at_20": 0.82162,
        "map_at_100": 0.82245,
        "map_at_1000": 0.8225,
        "recall_at_1": 0.75325,
        "recall_at_3": 0.87377,
        "recall_at_5": 0.9058,
        "recall_at_10": 0.93974,
        "recall_at_20": 0.96131,
        "recall_at_100": 0.99207,
        "recall_at_1000": 0.99968,
        "accuracy": 0.75325,
        "precision_at_1": 0.75325,
        "precision_at_3": 0.29126,
        "precision_at_5": 0.18116,
        "precision_at_10": 0.09397,
        "precision_at_20": 0.04807,
        "precision_at_100": 0.00992,
        "precision_at_1000": 0.001,
        "mrr_at_1": 0.752934,
        "mrr_at_3": 0.807749,
        "mrr_at_5": 0.815187,
        "mrr_at_10": 0.81992,
        "mrr_at_20": 0.821411,
        "mrr_at_100": 0.822275,
        "mrr_at_1000": 0.822317,
        "nauc_ndcg_at_1_max": 0.543815,
        "nauc_ndcg_at_1_std": -0.091985,
        "nauc_ndcg_at_1_diff1": 0.846353,
        "nauc_ndcg_at_3_max": 0.554927,
        "nauc_ndcg_at_3_std": -0.166794,
        "nauc_ndcg_at_3_diff1": 0.819909,
        "nauc_ndcg_at_5_max": 0.552042,
        "nauc_ndcg_at_5_std": -0.174033,
        "nauc_ndcg_at_5_diff1": 0.82017,
        "nauc_ndcg_at_10_max": 0.548807,
        "nauc_ndcg_at_10_std": -0.184492,
        "nauc_ndcg_at_10_diff1": 0.826491,
        "nauc_ndcg_at_20_max": 0.550242,
        "nauc_ndcg_at_20_std": -0.17483,
        "nauc_ndcg_at_20_diff1": 0.827996,
        "nauc_ndcg_at_100_max": 0.552441,
        "nauc_ndcg_at_100_std": -0.154966,
        "nauc_ndcg_at_100_diff1": 0.828026,
        "nauc_ndcg_at_1000_max": 0.550801,
        "nauc_ndcg_at_1000_std": -0.156481,
        "nauc_ndcg_at_1000_diff1": 0.828658,
        "nauc_map_at_1_max": 0.543815,
        "nauc_map_at_1_std": -0.091985,
        "nauc_map_at_1_diff1": 0.846353,
        "nauc_map_at_3_max": 0.552166,
        "nauc_map_at_3_std": -0.145114,
        "nauc_map_at_3_diff1": 0.827339,
        "nauc_map_at_5_max": 0.550754,
        "nauc_map_at_5_std": -0.147914,
        "nauc_map_at_5_diff1": 0.827745,
        "nauc_map_at_10_max": 0.549506,
        "nauc_map_at_10_std": -0.150907,
        "nauc_map_at_10_diff1": 0.830159,
        "nauc_map_at_20_max": 0.549812,
        "nauc_map_at_20_std": -0.148317,
        "nauc_map_at_20_diff1": 0.830523,
        "nauc_map_at_100_max": 0.550012,
        "nauc_map_at_100_std": -0.146167,
        "nauc_map_at_100_diff1": 0.830571,
        "nauc_map_at_1000_max": 0.54996,
        "nauc_map_at_1000_std": -0.146193,
        "nauc_map_at_1000_diff1": 0.830592,
        "nauc_recall_at_1_max": 0.543815,
        "nauc_recall_at_1_std": -0.091985,
        "nauc_recall_at_1_diff1": 0.846353,
        "nauc_recall_at_3_max": 0.566037,
        "nauc_recall_at_3_std": -0.256244,
        "nauc_recall_at_3_diff1": 0.789397,
        "nauc_recall_at_5_max": 0.557323,
        "nauc_recall_at_5_std": -0.310972,
        "nauc_recall_at_5_diff1": 0.781237,
        "nauc_recall_at_10_max": 0.538293,
        "nauc_recall_at_10_std": -0.461958,
        "nauc_recall_at_10_diff1": 0.80478,
        "nauc_recall_at_20_max": 0.552796,
        "nauc_recall_at_20_std": -0.487468,
        "nauc_recall_at_20_diff1": 0.81356,
        "nauc_recall_at_100_max": 0.766616,
        "nauc_recall_at_100_std": 0.079321,
        "nauc_recall_at_100_diff1": 0.752218,
        "nauc_recall_at_1000_max": 0.869295,
        "nauc_recall_at_1000_std": 0.554138,
        "nauc_recall_at_1000_diff1": 0.869295,
        "nauc_precision_at_1_max": 0.543815,
        "nauc_precision_at_1_std": -0.091985,
        "nauc_precision_at_1_diff1": 0.846353,
        "nauc_precision_at_3_max": 0.566037,
        "nauc_precision_at_3_std": -0.256244,
        "nauc_precision_at_3_diff1": 0.789397,
        "nauc_precision_at_5_max": 0.557323,
        "nauc_precision_at_5_std": -0.310972,
        "nauc_precision_at_5_diff1": 0.781237,
        "nauc_precision_at_10_max": 0.538293,
        "nauc_precision_at_10_std": -0.461958,
        "nauc_precision_at_10_diff1": 0.80478,
        "nauc_precision_at_20_max": 0.552796,
        "nauc_precision_at_20_std": -0.487468,
        "nauc_precision_at_20_diff1": 0.81356,
        "nauc_precision_at_100_max": 0.766616,
        "nauc_precision_at_100_std": 0.079321,
        "nauc_precision_at_100_diff1": 0.752218,
        "nauc_precision_at_1000_max": 0.869295,
        "nauc_precision_at_1000_std": 0.554138,
        "nauc_precision_at_1000_diff1": 0.869295,
        "nauc_mrr_at_1_max": 0.544288,
        "nauc_mrr_at_1_std": -0.094388,
        "nauc_mrr_at_1_diff1": 0.846912,
        "nauc_mrr_at_3_max": 0.551977,
        "nauc_mrr_at_3_std": -0.147152,
        "nauc_mrr_at_3_diff1": 0.827784,
        "nauc_mrr_at_5_max": 0.550239,
        "nauc_mrr_at_5_std": -0.149762,
        "nauc_mrr_at_5_diff1": 0.828141,
        "nauc_mrr_at_10_max": 0.548759,
        "nauc_mrr_at_10_std": -0.153469,
        "nauc_mrr_at_10_diff1": 0.830403,
        "nauc_mrr_at_20_max": 0.549076,
        "nauc_mrr_at_20_std": -0.151002,
        "nauc_mrr_at_20_diff1": 0.830795,
        "nauc_mrr_at_100_max": 0.549297,
        "nauc_mrr_at_100_std": -0.148595,
        "nauc_mrr_at_100_diff1": 0.830862,
        "nauc_mrr_at_1000_max": 0.549244,
        "nauc_mrr_at_1000_std": -0.148622,
        "nauc_mrr_at_1000_diff1": 0.830882,
        "cv_recall_at_1": 0.75293,
        "cv_recall_at_3": 0.87345,
        "cv_recall_at_5": 0.90549,
        "cv_recall_at_10": 0.93942,
        "cv_recall_at_20": 0.96067,
        "cv_recall_at_100": 0.99207,
        "cv_recall_at_1000": 0.99968,
        "main_score": 0.84938,
        "hf_subset": "slk",
        "languages": [
          "slk-Latn"
        ]
      }
    ]
  },
  "evaluation_time": 1316.7906329631805,
  "kg_co2_emissions": null
}