{
    "dataset_revision": "09f81f51dd5b8497da16d02c69c98d5cb5993ef2",
    "task_name": "SKQuadRetrieval",
    "mteb_version": "1.39.7",
    "scores": {
        "test": [
            {
                "ndcg_at_1": 0.33386,
                "ndcg_at_3": 0.38461,
                "ndcg_at_5": 0.42153,
                "ndcg_at_10": 0.45776,
                "ndcg_at_20": 0.48108,
                "ndcg_at_100": 0.51004,
                "ndcg_at_1000": 0.52597,
                "map_at_1": 0.22903,
                "map_at_3": 0.30763,
                "map_at_5": 0.3304,
                "map_at_10": 0.3479,
                "map_at_20": 0.35686,
                "map_at_100": 0.36355,
                "map_at_1000": 0.36453,
                "recall_at_1": 0.22903,
                "recall_at_3": 0.39245,
                "recall_at_5": 0.47444,
                "recall_at_10": 0.57333,
                "recall_at_20": 0.65446,
                "recall_at_100": 0.79487,
                "recall_at_1000": 0.91592,
                "precision_at_1": 0.34127,
                "precision_at_3": 0.20547,
                "precision_at_5": 0.15309,
                "precision_at_10": 0.09444,
                "precision_at_20": 0.05556,
                "precision_at_100": 0.01405,
                "precision_at_1000": 0.00167,
                "mrr_at_1": 0.34127,
                "mrr_at_3": 0.444297,
                "mrr_at_5": 0.466432,
                "mrr_at_10": 0.480118,
                "mrr_at_20": 0.484969,
                "mrr_at_100": 0.487156,
                "mrr_at_1000": 0.487365,
                "nauc_ndcg_at_1_max": 0.152554,
                "nauc_ndcg_at_1_std": 0.00397,
                "nauc_ndcg_at_1_diff1": 0.257443,
                "nauc_ndcg_at_3_max": 0.178364,
                "nauc_ndcg_at_3_std": 0.035465,
                "nauc_ndcg_at_3_diff1": 0.191141,
                "nauc_ndcg_at_5_max": 0.206928,
                "nauc_ndcg_at_5_std": 0.056107,
                "nauc_ndcg_at_5_diff1": 0.191361,
                "nauc_ndcg_at_10_max": 0.231791,
                "nauc_ndcg_at_10_std": 0.08783,
                "nauc_ndcg_at_10_diff1": 0.195687,
                "nauc_ndcg_at_20_max": 0.26543,
                "nauc_ndcg_at_20_std": 0.128535,
                "nauc_ndcg_at_20_diff1": 0.193616,
                "nauc_ndcg_at_100_max": 0.26912,
                "nauc_ndcg_at_100_std": 0.145397,
                "nauc_ndcg_at_100_diff1": 0.19519,
                "nauc_ndcg_at_1000_max": 0.257198,
                "nauc_ndcg_at_1000_std": 0.126818,
                "nauc_ndcg_at_1000_diff1": 0.195406,
                "nauc_map_at_1_max": 0.092361,
                "nauc_map_at_1_std": -0.013106,
                "nauc_map_at_1_diff1": 0.241977,
                "nauc_map_at_3_max": 0.141344,
                "nauc_map_at_3_std": 0.01528,
                "nauc_map_at_3_diff1": 0.191162,
                "nauc_map_at_5_max": 0.155584,
                "nauc_map_at_5_std": 0.026195,
                "nauc_map_at_5_diff1": 0.192579,
                "nauc_map_at_10_max": 0.169751,
                "nauc_map_at_10_std": 0.04237,
                "nauc_map_at_10_diff1": 0.193146,
                "nauc_map_at_20_max": 0.183777,
                "nauc_map_at_20_std": 0.058009,
                "nauc_map_at_20_diff1": 0.191064,
                "nauc_map_at_100_max": 0.187788,
                "nauc_map_at_100_std": 0.065619,
                "nauc_map_at_100_diff1": 0.19154,
                "nauc_map_at_1000_max": 0.187459,
                "nauc_map_at_1000_std": 0.064886,
                "nauc_map_at_1000_diff1": 0.191739,
                "nauc_recall_at_1_max": 0.092361,
                "nauc_recall_at_1_std": -0.013106,
                "nauc_recall_at_1_diff1": 0.241977,
                "nauc_recall_at_3_max": 0.161059,
                "nauc_recall_at_3_std": 0.03806,
                "nauc_recall_at_3_diff1": 0.136271,
                "nauc_recall_at_5_max": 0.206151,
                "nauc_recall_at_5_std": 0.072312,
                "nauc_recall_at_5_diff1": 0.133797,
                "nauc_recall_at_10_max": 0.252221,
                "nauc_recall_at_10_std": 0.154619,
                "nauc_recall_at_10_diff1": 0.122885,
                "nauc_recall_at_20_max": 0.371594,
                "nauc_recall_at_20_std": 0.311385,
                "nauc_recall_at_20_diff1": 0.102854,
                "nauc_recall_at_100_max": 0.457507,
                "nauc_recall_at_100_std": 0.517804,
                "nauc_recall_at_100_diff1": 0.066234,
                "nauc_recall_at_1000_max": 0.537398,
                "nauc_recall_at_1000_std": 0.601484,
                "nauc_recall_at_1000_diff1": -0.007157,
                "nauc_precision_at_1_max": 0.157215,
                "nauc_precision_at_1_std": 0.000551,
                "nauc_precision_at_1_diff1": 0.25129,
                "nauc_precision_at_3_max": 0.261866,
                "nauc_precision_at_3_std": 0.087645,
                "nauc_precision_at_3_diff1": 0.126201,
                "nauc_precision_at_5_max": 0.313873,
                "nauc_precision_at_5_std": 0.150644,
                "nauc_precision_at_5_diff1": 0.097065,
                "nauc_precision_at_10_max": 0.354184,
                "nauc_precision_at_10_std": 0.23166,
                "nauc_precision_at_10_diff1": 0.072565,
                "nauc_precision_at_20_max": 0.392439,
                "nauc_precision_at_20_std": 0.329358,
                "nauc_precision_at_20_diff1": 0.016922,
                "nauc_precision_at_100_max": 0.319887,
                "nauc_precision_at_100_std": 0.346943,
                "nauc_precision_at_100_diff1": -0.020995,
                "nauc_precision_at_1000_max": 0.197269,
                "nauc_precision_at_1000_std": 0.193339,
                "nauc_precision_at_1000_diff1": -0.025934,
                "nauc_mrr_at_1_max": 0.157215,
                "nauc_mrr_at_1_std": 0.000551,
                "nauc_mrr_at_1_diff1": 0.25129,
                "nauc_mrr_at_3_max": 0.211304,
                "nauc_mrr_at_3_std": 0.049025,
                "nauc_mrr_at_3_diff1": 0.211457,
                "nauc_mrr_at_5_max": 0.231263,
                "nauc_mrr_at_5_std": 0.059653,
                "nauc_mrr_at_5_diff1": 0.213899,
                "nauc_mrr_at_10_max": 0.236557,
                "nauc_mrr_at_10_std": 0.067641,
                "nauc_mrr_at_10_diff1": 0.218134,
                "nauc_mrr_at_20_max": 0.239482,
                "nauc_mrr_at_20_std": 0.072364,
                "nauc_mrr_at_20_diff1": 0.219509,
                "nauc_mrr_at_100_max": 0.237339,
                "nauc_mrr_at_100_std": 0.070381,
                "nauc_mrr_at_100_diff1": 0.220006,
                "nauc_mrr_at_1000_max": 0.23697,
                "nauc_mrr_at_1000_std": 0.069974,
                "nauc_mrr_at_1000_diff1": 0.21997,
                "main_score": 0.45776,
                "hf_subset": "default",
                "languages": [
                    "slk-Latn"
                ]
            }
        ]
    },
    "evaluation_time": 95.35489392280579,
    "kg_co2_emissions": null
}
