{
    "dataset_revision": "7cfcb122006b33d150b485caac5aa41939b3ba37",
    "task_name": "SkQuadReranking",
    "mteb_version": "1.39.7",
    "scores": {
        "test": [
            {
                "map": 0.570437,
                "mrr": 0.632098,
                "recall_at_10": 0.966349,
                "nAUC_map_max": -0.015346,
                "nAUC_map_std": 0.127496,
                "nAUC_map_diff1": 0.255318,
                "nAUC_mrr_max": 0.023365,
                "nAUC_mrr_std": 0.155445,
                "nAUC_mrr_diff1": 0.283803,
                "nAUC_recall_at_10_max": -0.01124,
                "nAUC_recall_at_10_std": 0.34808,
                "nAUC_recall_at_10_diff1": 0.105954,
                "main_score": 0.570437,
                "hf_subset": "default",
                "languages": [
                    "slk-Latn"
                ]
            }
        ]
    },
    "evaluation_time": 89.43902111053467,
    "kg_co2_emissions": null
}
