{
    "dataset_revision": "85d6b32f2762313714618171b9d1a65eb7408835",
    "task_name": "SlovakSumRetrieval",
    "mteb_version": "1.39.7",
    "scores": {
        "test": [
            {
                "ndcg_at_1": 0.53,
                "ndcg_at_3": 0.60026,
                "ndcg_at_5": 0.6194,
                "ndcg_at_10": 0.63797,
                "ndcg_at_20": 0.65246,
                "ndcg_at_100": 0.67224,
                "ndcg_at_1000": 0.6828,
                "map_at_1": 0.53,
                "map_at_3": 0.58306,
                "map_at_5": 0.59364,
                "map_at_10": 0.60144,
                "map_at_20": 0.6055,
                "map_at_100": 0.60823,
                "map_at_1000": 0.60861,
                "recall_at_1": 0.53,
                "recall_at_3": 0.65,
                "recall_at_5": 0.69667,
                "recall_at_10": 0.75333,
                "recall_at_20": 0.81,
                "recall_at_100": 0.91667,
                "recall_at_1000": 1.0,
                "precision_at_1": 0.53,
                "precision_at_3": 0.21667,
                "precision_at_5": 0.13933,
                "precision_at_10": 0.07533,
                "precision_at_20": 0.0405,
                "precision_at_100": 0.00917,
                "precision_at_1000": 0.001,
                "mrr_at_1": 0.53,
                "mrr_at_3": 0.583056,
                "mrr_at_5": 0.593639,
                "mrr_at_10": 0.601442,
                "mrr_at_20": 0.605502,
                "mrr_at_100": 0.608231,
                "mrr_at_1000": 0.608612,
                "nauc_ndcg_at_1_max": 0.607578,
                "nauc_ndcg_at_1_std": 0.152004,
                "nauc_ndcg_at_1_diff1": 0.777097,
                "nauc_ndcg_at_3_max": 0.612721,
                "nauc_ndcg_at_3_std": 0.195815,
                "nauc_ndcg_at_3_diff1": 0.73182,
                "nauc_ndcg_at_5_max": 0.606354,
                "nauc_ndcg_at_5_std": 0.209213,
                "nauc_ndcg_at_5_diff1": 0.721229,
                "nauc_ndcg_at_10_max": 0.609084,
                "nauc_ndcg_at_10_std": 0.215779,
                "nauc_ndcg_at_10_diff1": 0.720053,
                "nauc_ndcg_at_20_max": 0.612334,
                "nauc_ndcg_at_20_std": 0.221362,
                "nauc_ndcg_at_20_diff1": 0.712697,
                "nauc_ndcg_at_100_max": 0.611725,
                "nauc_ndcg_at_100_std": 0.219148,
                "nauc_ndcg_at_100_diff1": 0.720277,
                "nauc_ndcg_at_1000_max": 0.610496,
                "nauc_ndcg_at_1000_std": 0.20882,
                "nauc_ndcg_at_1000_diff1": 0.727062,
                "nauc_map_at_1_max": 0.607578,
                "nauc_map_at_1_std": 0.152004,
                "nauc_map_at_1_diff1": 0.777097,
                "nauc_map_at_3_max": 0.609961,
                "nauc_map_at_3_std": 0.182631,
                "nauc_map_at_3_diff1": 0.742777,
                "nauc_map_at_5_max": 0.606589,
                "nauc_map_at_5_std": 0.189294,
                "nauc_map_at_5_diff1": 0.737507,
                "nauc_map_at_10_max": 0.608125,
                "nauc_map_at_10_std": 0.192205,
                "nauc_map_at_10_diff1": 0.737671,
                "nauc_map_at_20_max": 0.608845,
                "nauc_map_at_20_std": 0.193535,
                "nauc_map_at_20_diff1": 0.7358,
                "nauc_map_at_100_max": 0.60895,
                "nauc_map_at_100_std": 0.193893,
                "nauc_map_at_100_diff1": 0.736948,
                "nauc_map_at_1000_max": 0.6089,
                "nauc_map_at_1000_std": 0.19357,
                "nauc_map_at_1000_diff1": 0.737184,
                "nauc_recall_at_1_max": 0.607578,
                "nauc_recall_at_1_std": 0.152004,
                "nauc_recall_at_1_diff1": 0.777097,
                "nauc_recall_at_3_max": 0.62218,
                "nauc_recall_at_3_std": 0.238723,
                "nauc_recall_at_3_diff1": 0.697203,
                "nauc_recall_at_5_max": 0.60507,
                "nauc_recall_at_5_std": 0.281322,
                "nauc_recall_at_5_diff1": 0.663528,
                "nauc_recall_at_10_max": 0.612288,
                "nauc_recall_at_10_std": 0.315536,
                "nauc_recall_at_10_diff1": 0.645957,
                "nauc_recall_at_20_max": 0.634043,
                "nauc_recall_at_20_std": 0.371156,
                "nauc_recall_at_20_diff1": 0.586311,
                "nauc_recall_at_100_max": 0.640728,
                "nauc_recall_at_100_std": 0.464743,
                "nauc_recall_at_100_diff1": 0.565537,
                "nauc_recall_at_1000_max": NaN,
                "nauc_recall_at_1000_std": NaN,
                "nauc_recall_at_1000_diff1": NaN,
                "nauc_precision_at_1_max": 0.607578,
                "nauc_precision_at_1_std": 0.152004,
                "nauc_precision_at_1_diff1": 0.777097,
                "nauc_precision_at_3_max": 0.62218,
                "nauc_precision_at_3_std": 0.238723,
                "nauc_precision_at_3_diff1": 0.697203,
                "nauc_precision_at_5_max": 0.60507,
                "nauc_precision_at_5_std": 0.281322,
                "nauc_precision_at_5_diff1": 0.663528,
                "nauc_precision_at_10_max": 0.612288,
                "nauc_precision_at_10_std": 0.315536,
                "nauc_precision_at_10_diff1": 0.645957,
                "nauc_precision_at_20_max": 0.634043,
                "nauc_precision_at_20_std": 0.371156,
                "nauc_precision_at_20_diff1": 0.586311,
                "nauc_precision_at_100_max": 0.640728,
                "nauc_precision_at_100_std": 0.464743,
                "nauc_precision_at_100_diff1": 0.565537,
                "nauc_precision_at_1000_max": 1.0,
                "nauc_precision_at_1000_std": 1.0,
                "nauc_precision_at_1000_diff1": 1.0,
                "nauc_mrr_at_1_max": 0.607578,
                "nauc_mrr_at_1_std": 0.152004,
                "nauc_mrr_at_1_diff1": 0.777097,
                "nauc_mrr_at_3_max": 0.609961,
                "nauc_mrr_at_3_std": 0.182631,
                "nauc_mrr_at_3_diff1": 0.742777,
                "nauc_mrr_at_5_max": 0.606589,
                "nauc_mrr_at_5_std": 0.189294,
                "nauc_mrr_at_5_diff1": 0.737507,
                "nauc_mrr_at_10_max": 0.608125,
                "nauc_mrr_at_10_std": 0.192205,
                "nauc_mrr_at_10_diff1": 0.737671,
                "nauc_mrr_at_20_max": 0.608845,
                "nauc_mrr_at_20_std": 0.193535,
                "nauc_mrr_at_20_diff1": 0.7358,
                "nauc_mrr_at_100_max": 0.60895,
                "nauc_mrr_at_100_std": 0.193893,
                "nauc_mrr_at_100_diff1": 0.736948,
                "nauc_mrr_at_1000_max": 0.6089,
                "nauc_mrr_at_1000_std": 0.19357,
                "nauc_mrr_at_1000_diff1": 0.737184,
                "main_score": 0.63797,
                "hf_subset": "default",
                "languages": [
                    "slk-Latn"
                ]
            }
        ]
    },
    "evaluation_time": 15.355432748794556,
    "kg_co2_emissions": null
}
