{
    "dataset_revision": "c5a6521a4ddce3450fb04ba218623681a9189c6d",
    "task_name": "SMESumRetrieval",
    "mteb_version": "1.39.7",
    "scores": {
        "test": [
            {
                "ndcg_at_1": 0.37833,
                "ndcg_at_3": 0.44565,
                "ndcg_at_5": 0.47075,
                "ndcg_at_10": 0.4937,
                "ndcg_at_20": 0.51008,
                "ndcg_at_100": 0.53708,
                "ndcg_at_1000": 0.5575,
                "map_at_1": 0.37833,
                "map_at_3": 0.42917,
                "map_at_5": 0.44292,
                "map_at_10": 0.45224,
                "map_at_20": 0.45672,
                "map_at_100": 0.4605,
                "map_at_1000": 0.46119,
                "recall_at_1": 0.37833,
                "recall_at_3": 0.49333,
                "recall_at_5": 0.555,
                "recall_at_10": 0.62667,
                "recall_at_20": 0.69167,
                "recall_at_100": 0.83667,
                "recall_at_1000": 1.0,
                "precision_at_1": 0.37833,
                "precision_at_3": 0.16444,
                "precision_at_5": 0.111,
                "precision_at_10": 0.06267,
                "precision_at_20": 0.03458,
                "precision_at_100": 0.00837,
                "precision_at_1000": 0.001,
                "mrr_at_1": 0.378333,
                "mrr_at_3": 0.429167,
                "mrr_at_5": 0.442917,
                "mrr_at_10": 0.452243,
                "mrr_at_20": 0.456717,
                "mrr_at_100": 0.4605,
                "mrr_at_1000": 0.46119,
                "nauc_ndcg_at_1_max": 0.537143,
                "nauc_ndcg_at_1_std": 0.18413,
                "nauc_ndcg_at_1_diff1": 0.699923,
                "nauc_ndcg_at_3_max": 0.531803,
                "nauc_ndcg_at_3_std": 0.224657,
                "nauc_ndcg_at_3_diff1": 0.646047,
                "nauc_ndcg_at_5_max": 0.53357,
                "nauc_ndcg_at_5_std": 0.240682,
                "nauc_ndcg_at_5_diff1": 0.635467,
                "nauc_ndcg_at_10_max": 0.540978,
                "nauc_ndcg_at_10_std": 0.248137,
                "nauc_ndcg_at_10_diff1": 0.626347,
                "nauc_ndcg_at_20_max": 0.545254,
                "nauc_ndcg_at_20_std": 0.25008,
                "nauc_ndcg_at_20_diff1": 0.631649,
                "nauc_ndcg_at_100_max": 0.550982,
                "nauc_ndcg_at_100_std": 0.256729,
                "nauc_ndcg_at_100_diff1": 0.635251,
                "nauc_ndcg_at_1000_max": 0.544513,
                "nauc_ndcg_at_1000_std": 0.242862,
                "nauc_ndcg_at_1000_diff1": 0.641563,
                "nauc_map_at_1_max": 0.537143,
                "nauc_map_at_1_std": 0.18413,
                "nauc_map_at_1_diff1": 0.699923,
                "nauc_map_at_3_max": 0.534134,
                "nauc_map_at_3_std": 0.215976,
                "nauc_map_at_3_diff1": 0.658672,
                "nauc_map_at_5_max": 0.535029,
                "nauc_map_at_5_std": 0.223975,
                "nauc_map_at_5_diff1": 0.653246,
                "nauc_map_at_10_max": 0.538061,
                "nauc_map_at_10_std": 0.226821,
                "nauc_map_at_10_diff1": 0.64966,
                "nauc_map_at_20_max": 0.53938,
                "nauc_map_at_20_std": 0.227064,
                "nauc_map_at_20_diff1": 0.651093,
                "nauc_map_at_100_max": 0.540351,
                "nauc_map_at_100_std": 0.22832,
                "nauc_map_at_100_diff1": 0.651739,
                "nauc_map_at_1000_max": 0.540148,
                "nauc_map_at_1000_std": 0.227906,
                "nauc_map_at_1000_diff1": 0.651978,
                "nauc_recall_at_1_max": 0.537143,
                "nauc_recall_at_1_std": 0.18413,
                "nauc_recall_at_1_diff1": 0.699923,
                "nauc_recall_at_3_max": 0.524553,
                "nauc_recall_at_3_std": 0.24955,
                "nauc_recall_at_3_diff1": 0.609325,
                "nauc_recall_at_5_max": 0.529044,
                "nauc_recall_at_5_std": 0.294737,
                "nauc_recall_at_5_diff1": 0.579269,
                "nauc_recall_at_10_max": 0.554061,
                "nauc_recall_at_10_std": 0.325946,
                "nauc_recall_at_10_diff1": 0.542646,
                "nauc_recall_at_20_max": 0.574607,
                "nauc_recall_at_20_std": 0.347277,
                "nauc_recall_at_20_diff1": 0.558427,
                "nauc_recall_at_100_max": 0.647614,
                "nauc_recall_at_100_std": 0.46832,
                "nauc_recall_at_100_diff1": 0.544752,
                "nauc_recall_at_1000_max": NaN,
                "nauc_recall_at_1000_std": NaN,
                "nauc_recall_at_1000_diff1": NaN,
                "nauc_precision_at_1_max": 0.537143,
                "nauc_precision_at_1_std": 0.18413,
                "nauc_precision_at_1_diff1": 0.699923,
                "nauc_precision_at_3_max": 0.524553,
                "nauc_precision_at_3_std": 0.24955,
                "nauc_precision_at_3_diff1": 0.609325,
                "nauc_precision_at_5_max": 0.529044,
                "nauc_precision_at_5_std": 0.294737,
                "nauc_precision_at_5_diff1": 0.579269,
                "nauc_precision_at_10_max": 0.554061,
                "nauc_precision_at_10_std": 0.325946,
                "nauc_precision_at_10_diff1": 0.542646,
                "nauc_precision_at_20_max": 0.574607,
                "nauc_precision_at_20_std": 0.347277,
                "nauc_precision_at_20_diff1": 0.558427,
                "nauc_precision_at_100_max": 0.647614,
                "nauc_precision_at_100_std": 0.46832,
                "nauc_precision_at_100_diff1": 0.544752,
                "nauc_precision_at_1000_max": 1.0,
                "nauc_precision_at_1000_std": 1.0,
                "nauc_precision_at_1000_diff1": 1.0,
                "nauc_mrr_at_1_max": 0.537143,
                "nauc_mrr_at_1_std": 0.18413,
                "nauc_mrr_at_1_diff1": 0.699923,
                "nauc_mrr_at_3_max": 0.534134,
                "nauc_mrr_at_3_std": 0.215976,
                "nauc_mrr_at_3_diff1": 0.658672,
                "nauc_mrr_at_5_max": 0.535029,
                "nauc_mrr_at_5_std": 0.223975,
                "nauc_mrr_at_5_diff1": 0.653246,
                "nauc_mrr_at_10_max": 0.538061,
                "nauc_mrr_at_10_std": 0.226821,
                "nauc_mrr_at_10_diff1": 0.64966,
                "nauc_mrr_at_20_max": 0.53938,
                "nauc_mrr_at_20_std": 0.227064,
                "nauc_mrr_at_20_diff1": 0.651093,
                "nauc_mrr_at_100_max": 0.540351,
                "nauc_mrr_at_100_std": 0.22832,
                "nauc_mrr_at_100_diff1": 0.651739,
                "nauc_mrr_at_1000_max": 0.540148,
                "nauc_mrr_at_1000_std": 0.227906,
                "nauc_mrr_at_1000_diff1": 0.651978,
                "main_score": 0.4937,
                "hf_subset": "default",
                "languages": [
                    "slk-Latn"
                ]
            }
        ]
    },
    "evaluation_time": 15.499598026275635,
    "kg_co2_emissions": null
}
