{
    "dataset_revision": "c3262adb1c32ac0c3ea8de6393a44366edaa62e1",
    "task_name": "WebFAQRetrieval",
    "mteb_version": "1.39.7",
    "scores": {
        "test": [
            {
                "ndcg_at_1": 0.34031,
                "ndcg_at_3": 0.40607,
                "ndcg_at_5": 0.42576,
                "ndcg_at_10": 0.44109,
                "ndcg_at_20": 0.45249,
                "ndcg_at_100": 0.47265,
                "ndcg_at_1000": 0.48947,
                "map_at_1": 0.34031,
                "map_at_3": 0.38989,
                "map_at_5": 0.40095,
                "map_at_10": 0.40731,
                "map_at_20": 0.41044,
                "map_at_100": 0.41318,
                "map_at_1000": 0.41372,
                "recall_at_1": 0.34031,
                "recall_at_3": 0.4529,
                "recall_at_5": 0.50016,
                "recall_at_10": 0.54742,
                "recall_at_20": 0.59245,
                "recall_at_100": 0.70187,
                "recall_at_1000": 0.8392,
                "precision_at_1": 0.34031,
                "precision_at_3": 0.15097,
                "precision_at_5": 0.10003,
                "precision_at_10": 0.05474,
                "precision_at_20": 0.02962,
                "precision_at_100": 0.00702,
                "precision_at_1000": 0.00084,
                "mrr_at_1": 0.339994,
                "mrr_at_3": 0.38984,
                "mrr_at_5": 0.401036,
                "mrr_at_10": 0.407273,
                "mrr_at_20": 0.410448,
                "mrr_at_100": 0.413167,
                "mrr_at_1000": 0.413711,
                "nauc_ndcg_at_1_max": 0.41753,
                "nauc_ndcg_at_1_std": 0.186895,
                "nauc_ndcg_at_1_diff1": 0.656158,
                "nauc_ndcg_at_3_max": 0.432815,
                "nauc_ndcg_at_3_std": 0.205564,
                "nauc_ndcg_at_3_diff1": 0.595041,
                "nauc_ndcg_at_5_max": 0.431285,
                "nauc_ndcg_at_5_std": 0.211956,
                "nauc_ndcg_at_5_diff1": 0.580403,
                "nauc_ndcg_at_10_max": 0.436122,
                "nauc_ndcg_at_10_std": 0.218359,
                "nauc_ndcg_at_10_diff1": 0.576507,
                "nauc_ndcg_at_20_max": 0.434875,
                "nauc_ndcg_at_20_std": 0.219496,
                "nauc_ndcg_at_20_diff1": 0.571618,
                "nauc_ndcg_at_100_max": 0.43572,
                "nauc_ndcg_at_100_std": 0.228777,
                "nauc_ndcg_at_100_diff1": 0.567405,
                "nauc_ndcg_at_1000_max": 0.435905,
                "nauc_ndcg_at_1000_std": 0.228941,
                "nauc_ndcg_at_1000_diff1": 0.56975,
                "nauc_map_at_1_max": 0.41753,
                "nauc_map_at_1_std": 0.186895,
                "nauc_map_at_1_diff1": 0.656158,
                "nauc_map_at_3_max": 0.428674,
                "nauc_map_at_3_std": 0.199685,
                "nauc_map_at_3_diff1": 0.609351,
                "nauc_map_at_5_max": 0.427727,
                "nauc_map_at_5_std": 0.20322,
                "nauc_map_at_5_diff1": 0.601199,
                "nauc_map_at_10_max": 0.429834,
                "nauc_map_at_10_std": 0.205749,
                "nauc_map_at_10_diff1": 0.599694,
                "nauc_map_at_20_max": 0.4294,
                "nauc_map_at_20_std": 0.20587,
                "nauc_map_at_20_diff1": 0.598536,
                "nauc_map_at_100_max": 0.429603,
                "nauc_map_at_100_std": 0.207159,
                "nauc_map_at_100_diff1": 0.598009,
                "nauc_map_at_1000_max": 0.429625,
                "nauc_map_at_1000_std": 0.207177,
                "nauc_map_at_1000_diff1": 0.59812,
                "nauc_recall_at_1_max": 0.41753,
                "nauc_recall_at_1_std": 0.186895,
                "nauc_recall_at_1_diff1": 0.656158,
                "nauc_recall_at_3_max": 0.44493,
                "nauc_recall_at_3_std": 0.223063,
                "nauc_recall_at_3_diff1": 0.553992,
                "nauc_recall_at_5_max": 0.441736,
                "nauc_recall_at_5_std": 0.238911,
                "nauc_recall_at_5_diff1": 0.517931,
                "nauc_recall_at_10_max": 0.456973,
                "nauc_recall_at_10_std": 0.261072,
                "nauc_recall_at_10_diff1": 0.502464,
                "nauc_recall_at_20_max": 0.453345,
                "nauc_recall_at_20_std": 0.269305,
                "nauc_recall_at_20_diff1": 0.477107,
                "nauc_recall_at_100_max": 0.461457,
                "nauc_recall_at_100_std": 0.343144,
                "nauc_recall_at_100_diff1": 0.427648,
                "nauc_recall_at_1000_max": 0.479414,
                "nauc_recall_at_1000_std": 0.418576,
                "nauc_recall_at_1000_diff1": 0.370914,
                "nauc_precision_at_1_max": 0.41753,
                "nauc_precision_at_1_std": 0.186895,
                "nauc_precision_at_1_diff1": 0.656158,
                "nauc_precision_at_3_max": 0.44493,
                "nauc_precision_at_3_std": 0.223063,
                "nauc_precision_at_3_diff1": 0.553992,
                "nauc_precision_at_5_max": 0.441736,
                "nauc_precision_at_5_std": 0.238911,
                "nauc_precision_at_5_diff1": 0.517931,
                "nauc_precision_at_10_max": 0.456973,
                "nauc_precision_at_10_std": 0.261072,
                "nauc_precision_at_10_diff1": 0.502464,
                "nauc_precision_at_20_max": 0.453345,
                "nauc_precision_at_20_std": 0.269305,
                "nauc_precision_at_20_diff1": 0.477107,
                "nauc_precision_at_100_max": 0.461457,
                "nauc_precision_at_100_std": 0.343144,
                "nauc_precision_at_100_diff1": 0.427648,
                "nauc_precision_at_1000_max": 0.479414,
                "nauc_precision_at_1000_std": 0.418576,
                "nauc_precision_at_1000_diff1": 0.370914,
                "nauc_mrr_at_1_max": 0.415022,
                "nauc_mrr_at_1_std": 0.187706,
                "nauc_mrr_at_1_diff1": 0.657159,
                "nauc_mrr_at_3_max": 0.427623,
                "nauc_mrr_at_3_std": 0.200232,
                "nauc_mrr_at_3_diff1": 0.609487,
                "nauc_mrr_at_5_max": 0.426583,
                "nauc_mrr_at_5_std": 0.203976,
                "nauc_mrr_at_5_diff1": 0.601353,
                "nauc_mrr_at_10_max": 0.428785,
                "nauc_mrr_at_10_std": 0.206415,
                "nauc_mrr_at_10_diff1": 0.600021,
                "nauc_mrr_at_20_max": 0.428317,
                "nauc_mrr_at_20_std": 0.20652,
                "nauc_mrr_at_20_diff1": 0.598942,
                "nauc_mrr_at_100_max": 0.428535,
                "nauc_mrr_at_100_std": 0.207816,
                "nauc_mrr_at_100_diff1": 0.598355,
                "nauc_mrr_at_1000_max": 0.428544,
                "nauc_mrr_at_1000_std": 0.207824,
                "nauc_mrr_at_1000_diff1": 0.598467,
                "main_score": 0.44109,
                "hf_subset": "slk",
                "languages": [
                    "slk-Latn"
                ]
            }
        ]
    },
    "evaluation_time": 312.4555916786194,
    "kg_co2_emissions": null
}
