{
    "dataset_revision": "7cfcb122006b33d150b485caac5aa41939b3ba37",
    "task_name": "SkQuadReranking",
    "mteb_version": "1.39.7",
    "scores": {
        "test": [
            {
                "map": 0.62483,
                "mrr": 0.701745,
                "recall_at_10": 0.96499,
                "nAUC_map_max": 0.159793,
                "nAUC_map_std": 0.176845,
                "nAUC_map_diff1": 0.237218,
                "nAUC_mrr_max": 0.246341,
                "nAUC_mrr_std": 0.227805,
                "nAUC_mrr_diff1": 0.278814,
                "nAUC_recall_at_10_max": -0.099564,
                "nAUC_recall_at_10_std": -0.02976,
                "nAUC_recall_at_10_diff1": 0.023117,
                "main_score": 0.62483,
                "hf_subset": "default",
                "languages": [
                    "slk-Latn"
                ]
            }
        ]
    },
    "evaluation_time": 6.062916278839111,
    "kg_co2_emissions": null
}
