{
    "dataset_revision": "c3262adb1c32ac0c3ea8de6393a44366edaa62e1",
    "task_name": "WebFAQRetrieval",
    "mteb_version": "1.39.7",
    "scores": {
        "test": [
            {
                "ndcg_at_1": 0.55566,
                "ndcg_at_3": 0.63953,
                "ndcg_at_5": 0.65718,
                "ndcg_at_10": 0.67258,
                "ndcg_at_20": 0.68397,
                "ndcg_at_100": 0.69847,
                "ndcg_at_1000": 0.70646,
                "map_at_1": 0.55566,
                "map_at_3": 0.61925,
                "map_at_5": 0.62905,
                "map_at_10": 0.63547,
                "map_at_20": 0.6386,
                "map_at_100": 0.64063,
                "map_at_1000": 0.64091,
                "recall_at_1": 0.55566,
                "recall_at_3": 0.69807,
                "recall_at_5": 0.74088,
                "recall_at_10": 0.78814,
                "recall_at_20": 0.83317,
                "recall_at_100": 0.9112,
                "recall_at_1000": 0.97526,
                "precision_at_1": 0.55566,
                "precision_at_3": 0.23269,
                "precision_at_5": 0.14818,
                "precision_at_10": 0.07881,
                "precision_at_20": 0.04166,
                "precision_at_100": 0.00911,
                "precision_at_1000": 0.00098,
                "mrr_at_1": 0.556613,
                "mrr_at_3": 0.619992,
                "mrr_at_5": 0.629744,
                "mrr_at_10": 0.636198,
                "mrr_at_20": 0.63927,
                "mrr_at_100": 0.641334,
                "mrr_at_1000": 0.641614,
                "nauc_ndcg_at_1_max": 0.61941,
                "nauc_ndcg_at_1_std": 0.073048,
                "nauc_ndcg_at_1_diff1": 0.785054,
                "nauc_ndcg_at_3_max": 0.630289,
                "nauc_ndcg_at_3_std": 0.071974,
                "nauc_ndcg_at_3_diff1": 0.741937,
                "nauc_ndcg_at_5_max": 0.629554,
                "nauc_ndcg_at_5_std": 0.073092,
                "nauc_ndcg_at_5_diff1": 0.738223,
                "nauc_ndcg_at_10_max": 0.626971,
                "nauc_ndcg_at_10_std": 0.07673,
                "nauc_ndcg_at_10_diff1": 0.733483,
                "nauc_ndcg_at_20_max": 0.625098,
                "nauc_ndcg_at_20_std": 0.079475,
                "nauc_ndcg_at_20_diff1": 0.735885,
                "nauc_ndcg_at_100_max": 0.625037,
                "nauc_ndcg_at_100_std": 0.086529,
                "nauc_ndcg_at_100_diff1": 0.737264,
                "nauc_ndcg_at_1000_max": 0.625518,
                "nauc_ndcg_at_1000_std": 0.082072,
                "nauc_ndcg_at_1000_diff1": 0.741389,
                "nauc_map_at_1_max": 0.61941,
                "nauc_map_at_1_std": 0.073048,
                "nauc_map_at_1_diff1": 0.785054,
                "nauc_map_at_3_max": 0.627506,
                "nauc_map_at_3_std": 0.072232,
                "nauc_map_at_3_diff1": 0.753007,
                "nauc_map_at_5_max": 0.627163,
                "nauc_map_at_5_std": 0.072792,
                "nauc_map_at_5_diff1": 0.751418,
                "nauc_map_at_10_max": 0.626142,
                "nauc_map_at_10_std": 0.074232,
                "nauc_map_at_10_diff1": 0.749847,
                "nauc_map_at_20_max": 0.625687,
                "nauc_map_at_20_std": 0.075023,
                "nauc_map_at_20_diff1": 0.750509,
                "nauc_map_at_100_max": 0.62569,
                "nauc_map_at_100_std": 0.075805,
                "nauc_map_at_100_diff1": 0.750783,
                "nauc_map_at_1000_max": 0.625717,
                "nauc_map_at_1000_std": 0.07573,
                "nauc_map_at_1000_diff1": 0.750904,
                "nauc_recall_at_1_max": 0.61941,
                "nauc_recall_at_1_std": 0.073048,
                "nauc_recall_at_1_diff1": 0.785054,
                "nauc_recall_at_3_max": 0.639482,
                "nauc_recall_at_3_std": 0.071132,
                "nauc_recall_at_3_diff1": 0.705354,
                "nauc_recall_at_5_max": 0.637975,
                "nauc_recall_at_5_std": 0.074465,
                "nauc_recall_at_5_diff1": 0.689097,
                "nauc_recall_at_10_max": 0.628508,
                "nauc_recall_at_10_std": 0.089447,
                "nauc_recall_at_10_diff1": 0.660463,
                "nauc_recall_at_20_max": 0.616624,
                "nauc_recall_at_20_std": 0.1081,
                "nauc_recall_at_20_diff1": 0.659646,
                "nauc_recall_at_100_max": 0.608442,
                "nauc_recall_at_100_std": 0.235086,
                "nauc_recall_at_100_diff1": 0.619697,
                "nauc_recall_at_1000_max": 0.594681,
                "nauc_recall_at_1000_std": 0.242696,
                "nauc_recall_at_1000_diff1": 0.636208,
                "nauc_precision_at_1_max": 0.61941,
                "nauc_precision_at_1_std": 0.073048,
                "nauc_precision_at_1_diff1": 0.785054,
                "nauc_precision_at_3_max": 0.639482,
                "nauc_precision_at_3_std": 0.071132,
                "nauc_precision_at_3_diff1": 0.705354,
                "nauc_precision_at_5_max": 0.637975,
                "nauc_precision_at_5_std": 0.074465,
                "nauc_precision_at_5_diff1": 0.689097,
                "nauc_precision_at_10_max": 0.628508,
                "nauc_precision_at_10_std": 0.089447,
                "nauc_precision_at_10_diff1": 0.660463,
                "nauc_precision_at_20_max": 0.616624,
                "nauc_precision_at_20_std": 0.1081,
                "nauc_precision_at_20_diff1": 0.659646,
                "nauc_precision_at_100_max": 0.608442,
                "nauc_precision_at_100_std": 0.235086,
                "nauc_precision_at_100_diff1": 0.619697,
                "nauc_precision_at_1000_max": 0.594681,
                "nauc_precision_at_1000_std": 0.242696,
                "nauc_precision_at_1000_diff1": 0.636208,
                "nauc_mrr_at_1_max": 0.620652,
                "nauc_mrr_at_1_std": 0.071769,
                "nauc_mrr_at_1_diff1": 0.782982,
                "nauc_mrr_at_3_max": 0.628422,
                "nauc_mrr_at_3_std": 0.071471,
                "nauc_mrr_at_3_diff1": 0.751377,
                "nauc_mrr_at_5_max": 0.628401,
                "nauc_mrr_at_5_std": 0.072229,
                "nauc_mrr_at_5_diff1": 0.749828,
                "nauc_mrr_at_10_max": 0.627165,
                "nauc_mrr_at_10_std": 0.073685,
                "nauc_mrr_at_10_diff1": 0.748222,
                "nauc_mrr_at_20_max": 0.626763,
                "nauc_mrr_at_20_std": 0.074187,
                "nauc_mrr_at_20_diff1": 0.748876,
                "nauc_mrr_at_100_max": 0.626792,
                "nauc_mrr_at_100_std": 0.075247,
                "nauc_mrr_at_100_diff1": 0.749154,
                "nauc_mrr_at_1000_max": 0.62682,
                "nauc_mrr_at_1000_std": 0.07517,
                "nauc_mrr_at_1000_diff1": 0.749273,
                "main_score": 0.67258,
                "hf_subset": "slk",
                "languages": [
                    "slk-Latn"
                ]
            }
        ]
    },
    "evaluation_time": 12.844401359558105,
    "kg_co2_emissions": null
}
