{
    "dataset_revision": "0f9e0f902da3aca1fd6c940cd852e95c9ef5327f",
    "task_name": "DemagogSKNLI",
    "mteb_version": "1.39.7",
    "scores": {
        "test": [
            {
                "similarity_accuracy": 0.810697,
                "similarity_f1": 0.895415,
                "similarity_precision": 0.810898,
                "similarity_recall": 0.9996,
                "similarity_ap": 0.82856,
                "cosine_accuracy": 0.810697,
                "cosine_f1": 0.895415,
                "cosine_precision": 0.810898,
                "cosine_recall": 0.9996,
                "cosine_ap": 0.82856,
                "manhattan_accuracy": 0.810373,
                "manhattan_f1": 0.895255,
                "manhattan_precision": 0.810636,
                "manhattan_recall": 0.9996,
                "manhattan_ap": 0.828717,
                "euclidean_accuracy": 0.810373,
                "euclidean_f1": 0.895255,
                "euclidean_precision": 0.810636,
                "euclidean_recall": 0.9996,
                "euclidean_ap": 0.828259,
                "dot_accuracy": 0.810697,
                "dot_f1": 0.895415,
                "dot_precision": 0.810898,
                "dot_recall": 0.9996,
                "dot_ap": 0.828007,
                "max_accuracy": 0.810697,
                "max_f1": 0.895415,
                "max_precision": 0.810898,
                "max_recall": 0.9996,
                "max_ap": 0.828717,
                "main_score": 0.828717,
                "hf_subset": "default",
                "languages": [
                    "slk-Latn"
                ]
            }
        ]
    },
    "evaluation_time": 6.779237270355225,
    "kg_co2_emissions": null
}
