{
    "dataset_revision": "3997eba1c60721e34f7b01db400f5b14a40218ea",
    "task_name": "SkQuadReranking",
    "mteb_version": "1.39.7",
    "scores": {
        "test": [
            {
                "ndcg_at_1": 0.58694,
                "ndcg_at_3": 0.62006,
                "ndcg_at_5": 0.6677,
                "ndcg_at_10": 0.73956,
                "ndcg_at_20": 0.75219,
                "ndcg_at_100": 0.75219,
                "ndcg_at_1000": 0.75219,
                "map_at_1": 0.43469,
                "map_at_3": 0.55743,
                "map_at_5": 0.59145,
                "map_at_10": 0.63462,
                "map_at_20": 0.64088,
                "map_at_100": 0.64088,
                "map_at_1000": 0.64088,
                "recall_at_1": 0.43469,
                "recall_at_3": 0.66736,
                "recall_at_5": 0.77049,
                "recall_at_10": 0.96117,
                "recall_at_20": 1.0,
                "recall_at_100": 1.0,
                "recall_at_1000": 1.0,
                "accuracy": 0.43469,
                "precision_at_1": 0.58694,
                "precision_at_3": 0.31244,
                "precision_at_5": 0.22242,
                "precision_at_10": 0.14598,
                "precision_at_20": 0.07643,
                "precision_at_100": 0.01529,
                "precision_at_1000": 0.00153,
                "mrr_at_1": 0.586937,
                "mrr_at_3": 0.693145,
                "mrr_at_5": 0.710665,
                "mrr_at_10": 0.722005,
                "mrr_at_20": 0.723369,
                "mrr_at_100": 0.723369,
                "mrr_at_1000": 0.723369,
                "nauc_ndcg_at_1_max": 0.292182,
                "nauc_ndcg_at_1_std": 0.355148,
                "nauc_ndcg_at_1_diff1": 0.535622,
                "nauc_ndcg_at_3_max": 0.2074,
                "nauc_ndcg_at_3_std": 0.308312,
                "nauc_ndcg_at_3_diff1": 0.339582,
                "nauc_ndcg_at_5_max": 0.215635,
                "nauc_ndcg_at_5_std": 0.298382,
                "nauc_ndcg_at_5_diff1": 0.348671,
                "nauc_ndcg_at_10_max": 0.241432,
                "nauc_ndcg_at_10_std": 0.320761,
                "nauc_ndcg_at_10_diff1": 0.395236,
                "nauc_ndcg_at_20_max": 0.248507,
                "nauc_ndcg_at_20_std": 0.330737,
                "nauc_ndcg_at_20_diff1": 0.405225,
                "nauc_ndcg_at_100_max": 0.248507,
                "nauc_ndcg_at_100_std": 0.330737,
                "nauc_ndcg_at_100_diff1": 0.405225,
                "nauc_ndcg_at_1000_max": 0.248507,
                "nauc_ndcg_at_1000_std": 0.330737,
                "nauc_ndcg_at_1000_diff1": 0.405225,
                "nauc_map_at_1_max": 0.161193,
                "nauc_map_at_1_std": 0.232628,
                "nauc_map_at_1_diff1": 0.386192,
                "nauc_map_at_3_max": 0.183244,
                "nauc_map_at_3_std": 0.273214,
                "nauc_map_at_3_diff1": 0.330761,
                "nauc_map_at_5_max": 0.190682,
                "nauc_map_at_5_std": 0.271521,
                "nauc_map_at_5_diff1": 0.33832,
                "nauc_map_at_10_max": 0.209795,
                "nauc_map_at_10_std": 0.28872,
                "nauc_map_at_10_diff1": 0.362392,
                "nauc_map_at_20_max": 0.213687,
                "nauc_map_at_20_std": 0.293212,
                "nauc_map_at_20_diff1": 0.366394,
                "nauc_map_at_100_max": 0.213687,
                "nauc_map_at_100_std": 0.293212,
                "nauc_map_at_100_diff1": 0.366394,
                "nauc_map_at_1000_max": 0.213687,
                "nauc_map_at_1000_std": 0.293212,
                "nauc_map_at_1000_diff1": 0.366394,
                "nauc_recall_at_1_max": 0.161193,
                "nauc_recall_at_1_std": 0.232628,
                "nauc_recall_at_1_diff1": 0.386192,
                "nauc_recall_at_3_max": 0.132736,
                "nauc_recall_at_3_std": 0.255094,
                "nauc_recall_at_3_diff1": 0.195174,
                "nauc_recall_at_5_max": 0.128517,
                "nauc_recall_at_5_std": 0.198149,
                "nauc_recall_at_5_diff1": 0.161117,
                "nauc_recall_at_10_max": 0.12512,
                "nauc_recall_at_10_std": 0.140745,
                "nauc_recall_at_10_diff1": 0.189213,
                "nauc_recall_at_20_max": NaN,
                "nauc_recall_at_20_std": NaN,
                "nauc_recall_at_20_diff1": NaN,
                "nauc_recall_at_100_max": NaN,
                "nauc_recall_at_100_std": NaN,
                "nauc_recall_at_100_diff1": NaN,
                "nauc_recall_at_1000_max": NaN,
                "nauc_recall_at_1000_std": NaN,
                "nauc_recall_at_1000_diff1": NaN,
                "nauc_precision_at_1_max": 0.292182,
                "nauc_precision_at_1_std": 0.355148,
                "nauc_precision_at_1_diff1": 0.535622,
                "nauc_precision_at_3_max": 0.264168,
                "nauc_precision_at_3_std": 0.315562,
                "nauc_precision_at_3_diff1": 0.220039,
                "nauc_precision_at_5_max": 0.221419,
                "nauc_precision_at_5_std": 0.207323,
                "nauc_precision_at_5_diff1": 0.139055,
                "nauc_precision_at_10_max": 0.188396,
                "nauc_precision_at_10_std": 0.129233,
                "nauc_precision_at_10_diff1": 0.075877,
                "nauc_precision_at_20_max": 0.185431,
                "nauc_precision_at_20_std": 0.122786,
                "nauc_precision_at_20_diff1": 0.060764,
                "nauc_precision_at_100_max": 0.185431,
                "nauc_precision_at_100_std": 0.122786,
                "nauc_precision_at_100_diff1": 0.060764,
                "nauc_precision_at_1000_max": 0.185431,
                "nauc_precision_at_1000_std": 0.122786,
                "nauc_precision_at_1000_diff1": 0.060764,
                "nauc_mrr_at_1_max": 0.292182,
                "nauc_mrr_at_1_std": 0.355148,
                "nauc_mrr_at_1_diff1": 0.535622,
                "nauc_mrr_at_3_max": 0.305287,
                "nauc_mrr_at_3_std": 0.407591,
                "nauc_mrr_at_3_diff1": 0.486877,
                "nauc_mrr_at_5_max": 0.310977,
                "nauc_mrr_at_5_std": 0.39855,
                "nauc_mrr_at_5_diff1": 0.493862,
                "nauc_mrr_at_10_max": 0.30735,
                "nauc_mrr_at_10_std": 0.393789,
                "nauc_mrr_at_10_diff1": 0.499891,
                "nauc_mrr_at_20_max": 0.306082,
                "nauc_mrr_at_20_std": 0.393015,
                "nauc_mrr_at_20_diff1": 0.499939,
                "nauc_mrr_at_100_max": 0.306082,
                "nauc_mrr_at_100_std": 0.393015,
                "nauc_mrr_at_100_diff1": 0.499939,
                "nauc_mrr_at_1000_max": 0.306082,
                "nauc_mrr_at_1000_std": 0.393015,
                "nauc_mrr_at_1000_diff1": 0.499939,
                "cv_recall_at_1": 0.58694,
                "cv_recall_at_3": 0.82613,
                "cv_recall_at_5": 0.90203,
                "cv_recall_at_10": 0.985,
                "cv_recall_at_20": 1.0,
                "cv_recall_at_100": 1.0,
                "cv_recall_at_1000": 1.0,
                "main_score": 0.64088,
                "hf_subset": "default",
                "languages": [
                    "slk-Latn"
                ]
            }
        ]
    },
    "evaluation_time": 26.449182987213135,
    "kg_co2_emissions": null
}
