{
    "dataset_revision": "09f81f51dd5b8497da16d02c69c98d5cb5993ef2",
    "task_name": "SKQuadRetrieval",
    "mteb_version": "1.39.7",
    "scores": {
        "test": [
            {
                "ndcg_at_1": 0.53016,
                "ndcg_at_3": 0.56376,
                "ndcg_at_5": 0.59902,
                "ndcg_at_10": 0.63224,
                "ndcg_at_20": 0.65734,
                "ndcg_at_100": 0.68434,
                "ndcg_at_1000": 0.68924,
                "map_at_1": 0.35086,
                "map_at_3": 0.45605,
                "map_at_5": 0.48231,
                "map_at_10": 0.50303,
                "map_at_20": 0.51598,
                "map_at_100": 0.52417,
                "map_at_1000": 0.52468,
                "recall_at_1": 0.35086,
                "recall_at_3": 0.55349,
                "recall_at_5": 0.64043,
                "recall_at_10": 0.73454,
                "recall_at_20": 0.82713,
                "recall_at_100": 0.96365,
                "recall_at_1000": 0.99882,
                "accuracy": 0.35086,
                "precision_at_1": 0.53704,
                "precision_at_3": 0.29248,
                "precision_at_5": 0.20705,
                "precision_at_10": 0.12293,
                "precision_at_20": 0.07244,
                "precision_at_100": 0.01769,
                "precision_at_1000": 0.00185,
                "mrr_at_1": 0.537037,
                "mrr_at_3": 0.655644,
                "mrr_at_5": 0.674162,
                "mrr_at_10": 0.682934,
                "mrr_at_20": 0.684894,
                "mrr_at_100": 0.685652,
                "mrr_at_1000": 0.685672,
                "nauc_ndcg_at_1_max": 0.262158,
                "nauc_ndcg_at_1_std": -0.131759,
                "nauc_ndcg_at_1_diff1": 0.439851,
                "nauc_ndcg_at_3_max": 0.200886,
                "nauc_ndcg_at_3_std": -0.146748,
                "nauc_ndcg_at_3_diff1": 0.26765,
                "nauc_ndcg_at_5_max": 0.207718,
                "nauc_ndcg_at_5_std": -0.146881,
                "nauc_ndcg_at_5_diff1": 0.288917,
                "nauc_ndcg_at_10_max": 0.217536,
                "nauc_ndcg_at_10_std": -0.1321,
                "nauc_ndcg_at_10_diff1": 0.295081,
                "nauc_ndcg_at_20_max": 0.240744,
                "nauc_ndcg_at_20_std": -0.122495,
                "nauc_ndcg_at_20_diff1": 0.3035,
                "nauc_ndcg_at_100_max": 0.244422,
                "nauc_ndcg_at_100_std": -0.121244,
                "nauc_ndcg_at_100_diff1": 0.316338,
                "nauc_ndcg_at_1000_max": 0.243286,
                "nauc_ndcg_at_1000_std": -0.129218,
                "nauc_ndcg_at_1000_diff1": 0.32009,
                "nauc_map_at_1_max": 0.111368,
                "nauc_map_at_1_std": -0.135777,
                "nauc_map_at_1_diff1": 0.332024,
                "nauc_map_at_3_max": 0.13141,
                "nauc_map_at_3_std": -0.142257,
                "nauc_map_at_3_diff1": 0.251536,
                "nauc_map_at_5_max": 0.142686,
                "nauc_map_at_5_std": -0.143525,
                "nauc_map_at_5_diff1": 0.265359,
                "nauc_map_at_10_max": 0.15166,
                "nauc_map_at_10_std": -0.137557,
                "nauc_map_at_10_diff1": 0.269196,
                "nauc_map_at_20_max": 0.164302,
                "nauc_map_at_20_std": -0.133619,
                "nauc_map_at_20_diff1": 0.272034,
                "nauc_map_at_100_max": 0.167381,
                "nauc_map_at_100_std": -0.133108,
                "nauc_map_at_100_diff1": 0.275954,
                "nauc_map_at_1000_max": 0.167394,
                "nauc_map_at_1000_std": -0.133603,
                "nauc_map_at_1000_diff1": 0.27615,
                "nauc_recall_at_1_max": 0.111368,
                "nauc_recall_at_1_std": -0.135777,
                "nauc_recall_at_1_diff1": 0.332024,
                "nauc_recall_at_3_max": 0.091302,
                "nauc_recall_at_3_std": -0.13509,
                "nauc_recall_at_3_diff1": 0.126519,
                "nauc_recall_at_5_max": 0.086324,
                "nauc_recall_at_5_std": -0.119079,
                "nauc_recall_at_5_diff1": 0.139261,
                "nauc_recall_at_10_max": 0.073939,
                "nauc_recall_at_10_std": -0.064287,
                "nauc_recall_at_10_diff1": 0.107364,
                "nauc_recall_at_20_max": 0.167277,
                "nauc_recall_at_20_std": 0.008875,
                "nauc_recall_at_20_diff1": 0.102933,
                "nauc_recall_at_100_max": 0.206141,
                "nauc_recall_at_100_std": 0.266795,
                "nauc_recall_at_100_diff1": 0.032882,
                "nauc_recall_at_1000_max": 0.199182,
                "nauc_recall_at_1000_std": 0.640818,
                "nauc_recall_at_1000_diff1": -0.414569,
                "nauc_precision_at_1_max": 0.267299,
                "nauc_precision_at_1_std": -0.131895,
                "nauc_precision_at_1_diff1": 0.43583,
                "nauc_precision_at_3_max": 0.321898,
                "nauc_precision_at_3_std": -0.090461,
                "nauc_precision_at_3_diff1": 0.142587,
                "nauc_precision_at_5_max": 0.319651,
                "nauc_precision_at_5_std": -0.061963,
                "nauc_precision_at_5_diff1": 0.136833,
                "nauc_precision_at_10_max": 0.290706,
                "nauc_precision_at_10_std": 0.014122,
                "nauc_precision_at_10_diff1": 0.08497,
                "nauc_precision_at_20_max": 0.300763,
                "nauc_precision_at_20_std": 0.07057,
                "nauc_precision_at_20_diff1": 0.055578,
                "nauc_precision_at_100_max": 0.232852,
                "nauc_precision_at_100_std": 0.097031,
                "nauc_precision_at_100_diff1": 0.028739,
                "nauc_precision_at_1000_max": 0.208931,
                "nauc_precision_at_1000_std": 0.068402,
                "nauc_precision_at_1000_diff1": 0.023547,
                "nauc_mrr_at_1_max": 0.267299,
                "nauc_mrr_at_1_std": -0.131895,
                "nauc_mrr_at_1_diff1": 0.43583,
                "nauc_mrr_at_3_max": 0.312396,
                "nauc_mrr_at_3_std": -0.14728,
                "nauc_mrr_at_3_diff1": 0.372618,
                "nauc_mrr_at_5_max": 0.315249,
                "nauc_mrr_at_5_std": -0.146027,
                "nauc_mrr_at_5_diff1": 0.387766,
                "nauc_mrr_at_10_max": 0.314711,
                "nauc_mrr_at_10_std": -0.141366,
                "nauc_mrr_at_10_diff1": 0.392232,
                "nauc_mrr_at_20_max": 0.314888,
                "nauc_mrr_at_20_std": -0.139705,
                "nauc_mrr_at_20_diff1": 0.392682,
                "nauc_mrr_at_100_max": 0.313544,
                "nauc_mrr_at_100_std": -0.140044,
                "nauc_mrr_at_100_diff1": 0.392575,
                "nauc_mrr_at_1000_max": 0.313512,
                "nauc_mrr_at_1000_std": -0.140069,
                "nauc_mrr_at_1000_diff1": 0.39258,
                "cv_recall_at_1": 0.53704,
                "cv_recall_at_3": 0.79541,
                "cv_recall_at_5": 0.87654,
                "cv_recall_at_10": 0.93915,
                "cv_recall_at_20": 0.96737,
                "cv_recall_at_100": 0.99559,
                "cv_recall_at_1000": 1.0,
                "main_score": 0.63224,
                "hf_subset": "default",
                "languages": [
                    "slk-Latn"
                ]
            }
        ]
    },
    "evaluation_time": 37.16682267189026,
    "kg_co2_emissions": null
}
