{
    "dataset_revision": "85d6b32f2762313714618171b9d1a65eb7408835",
    "task_name": "SlovakSumRetrieval",
    "mteb_version": "1.39.7",
    "scores": {
        "test": [
            {
                "ndcg_at_1": 0.81667,
                "ndcg_at_3": 0.86514,
                "ndcg_at_5": 0.87418,
                "ndcg_at_10": 0.88288,
                "ndcg_at_20": 0.88823,
                "ndcg_at_100": 0.89312,
                "ndcg_at_1000": 0.89392,
                "map_at_1": 0.81667,
                "map_at_3": 0.85361,
                "map_at_5": 0.85869,
                "map_at_10": 0.86233,
                "map_at_20": 0.86373,
                "map_at_100": 0.8645,
                "map_at_1000": 0.86452,
                "recall_at_1": 0.81667,
                "recall_at_3": 0.89833,
                "recall_at_5": 0.92,
                "recall_at_10": 0.94667,
                "recall_at_20": 0.96833,
                "recall_at_100": 0.99333,
                "recall_at_1000": 1.0,
                "accuracy": 0.81667,
                "precision_at_1": 0.81667,
                "precision_at_3": 0.29944,
                "precision_at_5": 0.184,
                "precision_at_10": 0.09467,
                "precision_at_20": 0.04842,
                "precision_at_100": 0.00993,
                "precision_at_1000": 0.001,
                "mrr_at_1": 0.816667,
                "mrr_at_3": 0.853611,
                "mrr_at_5": 0.858694,
                "mrr_at_10": 0.862327,
                "mrr_at_20": 0.863727,
                "mrr_at_100": 0.864496,
                "mrr_at_1000": 0.864518,
                "nauc_ndcg_at_1_max": 0.700614,
                "nauc_ndcg_at_1_std": -0.283205,
                "nauc_ndcg_at_1_diff1": 0.906507,
                "nauc_ndcg_at_3_max": 0.730925,
                "nauc_ndcg_at_3_std": -0.220961,
                "nauc_ndcg_at_3_diff1": 0.873353,
                "nauc_ndcg_at_5_max": 0.731439,
                "nauc_ndcg_at_5_std": -0.205368,
                "nauc_ndcg_at_5_diff1": 0.874985,
                "nauc_ndcg_at_10_max": 0.737995,
                "nauc_ndcg_at_10_std": -0.207204,
                "nauc_ndcg_at_10_diff1": 0.885515,
                "nauc_ndcg_at_20_max": 0.737344,
                "nauc_ndcg_at_20_std": -0.198293,
                "nauc_ndcg_at_20_diff1": 0.888782,
                "nauc_ndcg_at_100_max": 0.730508,
                "nauc_ndcg_at_100_std": -0.21114,
                "nauc_ndcg_at_100_diff1": 0.888403,
                "nauc_ndcg_at_1000_max": 0.728396,
                "nauc_ndcg_at_1000_std": -0.219609,
                "nauc_ndcg_at_1000_diff1": 0.887528,
                "nauc_map_at_1_max": 0.700614,
                "nauc_map_at_1_std": -0.283205,
                "nauc_map_at_1_diff1": 0.906507,
                "nauc_map_at_3_max": 0.72225,
                "nauc_map_at_3_std": -0.239718,
                "nauc_map_at_3_diff1": 0.882748,
                "nauc_map_at_5_max": 0.722167,
                "nauc_map_at_5_std": -0.232153,
                "nauc_map_at_5_diff1": 0.883707,
                "nauc_map_at_10_max": 0.724029,
                "nauc_map_at_10_std": -0.234402,
                "nauc_map_at_10_diff1": 0.887805,
                "nauc_map_at_20_max": 0.723786,
                "nauc_map_at_20_std": -0.232308,
                "nauc_map_at_20_diff1": 0.888542,
                "nauc_map_at_100_max": 0.722907,
                "nauc_map_at_100_std": -0.234051,
                "nauc_map_at_100_diff1": 0.888533,
                "nauc_map_at_1000_max": 0.722858,
                "nauc_map_at_1000_std": -0.234244,
                "nauc_map_at_1000_diff1": 0.888514,
                "nauc_recall_at_1_max": 0.700614,
                "nauc_recall_at_1_std": -0.283205,
                "nauc_recall_at_1_diff1": 0.906507,
                "nauc_recall_at_3_max": 0.765374,
                "nauc_recall_at_3_std": -0.14591,
                "nauc_recall_at_3_diff1": 0.836097,
                "nauc_recall_at_5_max": 0.77662,
                "nauc_recall_at_5_std": -0.071866,
                "nauc_recall_at_5_diff1": 0.833538,
                "nauc_recall_at_10_max": 0.844771,
                "nauc_recall_at_10_std": -0.0055,
                "nauc_recall_at_10_diff1": 0.879858,
                "nauc_recall_at_20_max": 0.907489,
                "nauc_recall_at_20_std": 0.240798,
                "nauc_recall_at_20_diff1": 0.920635,
                "nauc_recall_at_100_max": 1.0,
                "nauc_recall_at_100_std": 0.869281,
                "nauc_recall_at_100_diff1": 1.0,
                "nauc_recall_at_1000_max": NaN,
                "nauc_recall_at_1000_std": NaN,
                "nauc_recall_at_1000_diff1": NaN,
                "nauc_precision_at_1_max": 0.700614,
                "nauc_precision_at_1_std": -0.283205,
                "nauc_precision_at_1_diff1": 0.906507,
                "nauc_precision_at_3_max": 0.765374,
                "nauc_precision_at_3_std": -0.14591,
                "nauc_precision_at_3_diff1": 0.836097,
                "nauc_precision_at_5_max": 0.77662,
                "nauc_precision_at_5_std": -0.071866,
                "nauc_precision_at_5_diff1": 0.833538,
                "nauc_precision_at_10_max": 0.844771,
                "nauc_precision_at_10_std": -0.0055,
                "nauc_precision_at_10_diff1": 0.879858,
                "nauc_precision_at_20_max": 0.907489,
                "nauc_precision_at_20_std": 0.240798,
                "nauc_precision_at_20_diff1": 0.920635,
                "nauc_precision_at_100_max": 1.0,
                "nauc_precision_at_100_std": 0.869281,
                "nauc_precision_at_100_diff1": 1.0,
                "nauc_precision_at_1000_max": 1.0,
                "nauc_precision_at_1000_std": 1.0,
                "nauc_precision_at_1000_diff1": 1.0,
                "nauc_mrr_at_1_max": 0.700614,
                "nauc_mrr_at_1_std": -0.283205,
                "nauc_mrr_at_1_diff1": 0.906507,
                "nauc_mrr_at_3_max": 0.72225,
                "nauc_mrr_at_3_std": -0.239718,
                "nauc_mrr_at_3_diff1": 0.882748,
                "nauc_mrr_at_5_max": 0.722167,
                "nauc_mrr_at_5_std": -0.232153,
                "nauc_mrr_at_5_diff1": 0.883707,
                "nauc_mrr_at_10_max": 0.724029,
                "nauc_mrr_at_10_std": -0.234402,
                "nauc_mrr_at_10_diff1": 0.887805,
                "nauc_mrr_at_20_max": 0.723786,
                "nauc_mrr_at_20_std": -0.232308,
                "nauc_mrr_at_20_diff1": 0.888542,
                "nauc_mrr_at_100_max": 0.722907,
                "nauc_mrr_at_100_std": -0.234051,
                "nauc_mrr_at_100_diff1": 0.888533,
                "nauc_mrr_at_1000_max": 0.722858,
                "nauc_mrr_at_1000_std": -0.234244,
                "nauc_mrr_at_1000_diff1": 0.888514,
                "cv_recall_at_1": 0.81667,
                "cv_recall_at_3": 0.89833,
                "cv_recall_at_5": 0.92,
                "cv_recall_at_10": 0.94667,
                "cv_recall_at_20": 0.96833,
                "cv_recall_at_100": 0.99333,
                "cv_recall_at_1000": 1.0,
                "main_score": 0.88288,
                "hf_subset": "default",
                "languages": [
                    "slk-Latn"
                ]
            }
        ]
    },
    "evaluation_time": 2.3955233097076416,
    "kg_co2_emissions": null
}
