{
    "dataset_revision": "6448ea012b1b7caa3d55cb747b58cda1d7edc714",
    "task_name": "SlovakPharmacyDrMaxReranking",
    "mteb_version": "1.39.7",
    "scores": {
        "test": [
            {
                "ndcg_at_1": 0.72648,
                "ndcg_at_3": 0.86351,
                "ndcg_at_5": 0.88118,
                "ndcg_at_10": 0.88118,
                "ndcg_at_20": 0.88118,
                "ndcg_at_100": 0.88118,
                "ndcg_at_1000": 0.88118,
                "map_at_1": 0.72648,
                "map_at_3": 0.83084,
                "map_at_5": 0.84077,
                "map_at_10": 0.84077,
                "map_at_20": 0.84077,
                "map_at_100": 0.84077,
                "map_at_1000": 0.84077,
                "recall_at_1": 0.72648,
                "recall_at_3": 0.95766,
                "recall_at_5": 1.0,
                "recall_at_10": 1.0,
                "recall_at_20": 1.0,
                "recall_at_100": 1.0,
                "recall_at_1000": 1.0,
                "accuracy": 0.72648,
                "precision_at_1": 0.72648,
                "precision_at_3": 0.31922,
                "precision_at_5": 0.2,
                "precision_at_10": 0.1,
                "precision_at_20": 0.05,
                "precision_at_100": 0.01,
                "precision_at_1000": 0.001,
                "mrr_at_1": 0.726476,
                "mrr_at_3": 0.830838,
                "mrr_at_5": 0.840772,
                "mrr_at_10": 0.840772,
                "mrr_at_20": 0.840772,
                "mrr_at_100": 0.840772,
                "mrr_at_1000": 0.840772,
                "nauc_ndcg_at_1_max": 0.352541,
                "nauc_ndcg_at_1_std": 0.347525,
                "nauc_ndcg_at_1_diff1": 0.64165,
                "nauc_ndcg_at_3_max": 0.364855,
                "nauc_ndcg_at_3_std": 0.408489,
                "nauc_ndcg_at_3_diff1": 0.608922,
                "nauc_ndcg_at_5_max": 0.358629,
                "nauc_ndcg_at_5_std": 0.375487,
                "nauc_ndcg_at_5_diff1": 0.627608,
                "nauc_ndcg_at_10_max": 0.358629,
                "nauc_ndcg_at_10_std": 0.375487,
                "nauc_ndcg_at_10_diff1": 0.627608,
                "nauc_ndcg_at_20_max": 0.358629,
                "nauc_ndcg_at_20_std": 0.375487,
                "nauc_ndcg_at_20_diff1": 0.627608,
                "nauc_ndcg_at_100_max": 0.358629,
                "nauc_ndcg_at_100_std": 0.375487,
                "nauc_ndcg_at_100_diff1": 0.627608,
                "nauc_ndcg_at_1000_max": 0.358629,
                "nauc_ndcg_at_1000_std": 0.375487,
                "nauc_ndcg_at_1000_diff1": 0.627608,
                "nauc_map_at_1_max": 0.352541,
                "nauc_map_at_1_std": 0.347525,
                "nauc_map_at_1_diff1": 0.64165,
                "nauc_map_at_3_max": 0.361115,
                "nauc_map_at_3_std": 0.388389,
                "nauc_map_at_3_diff1": 0.619828,
                "nauc_map_at_5_max": 0.358233,
                "nauc_map_at_5_std": 0.373503,
                "nauc_map_at_5_diff1": 0.628555,
                "nauc_map_at_10_max": 0.358233,
                "nauc_map_at_10_std": 0.373503,
                "nauc_map_at_10_diff1": 0.628555,
                "nauc_map_at_20_max": 0.358233,
                "nauc_map_at_20_std": 0.373503,
                "nauc_map_at_20_diff1": 0.628555,
                "nauc_map_at_100_max": 0.358233,
                "nauc_map_at_100_std": 0.373503,
                "nauc_map_at_100_diff1": 0.628555,
                "nauc_map_at_1000_max": 0.358233,
                "nauc_map_at_1000_std": 0.373503,
                "nauc_map_at_1000_diff1": 0.628555,
                "nauc_recall_at_1_max": 0.352541,
                "nauc_recall_at_1_std": 0.347525,
                "nauc_recall_at_1_diff1": 0.64165,
                "nauc_recall_at_3_max": 0.402243,
                "nauc_recall_at_3_std": 0.612398,
                "nauc_recall_at_3_diff1": 0.498081,
                "nauc_recall_at_5_max": NaN,
                "nauc_recall_at_5_std": NaN,
                "nauc_recall_at_5_diff1": NaN,
                "nauc_recall_at_10_max": NaN,
                "nauc_recall_at_10_std": NaN,
                "nauc_recall_at_10_diff1": NaN,
                "nauc_recall_at_20_max": NaN,
                "nauc_recall_at_20_std": NaN,
                "nauc_recall_at_20_diff1": NaN,
                "nauc_recall_at_100_max": NaN,
                "nauc_recall_at_100_std": NaN,
                "nauc_recall_at_100_diff1": NaN,
                "nauc_recall_at_1000_max": NaN,
                "nauc_recall_at_1000_std": NaN,
                "nauc_recall_at_1000_diff1": NaN,
                "nauc_precision_at_1_max": 0.352541,
                "nauc_precision_at_1_std": 0.347525,
                "nauc_precision_at_1_diff1": 0.64165,
                "nauc_precision_at_3_max": 0.402243,
                "nauc_precision_at_3_std": 0.612398,
                "nauc_precision_at_3_diff1": 0.498081,
                "nauc_precision_at_5_max": 1.0,
                "nauc_precision_at_5_std": 1.0,
                "nauc_precision_at_5_diff1": 1.0,
                "nauc_precision_at_10_max": 1.0,
                "nauc_precision_at_10_std": 1.0,
                "nauc_precision_at_10_diff1": 1.0,
                "nauc_precision_at_20_max": 1.0,
                "nauc_precision_at_20_std": 1.0,
                "nauc_precision_at_20_diff1": 1.0,
                "nauc_precision_at_100_max": 1.0,
                "nauc_precision_at_100_std": 1.0,
                "nauc_precision_at_100_diff1": 1.0,
                "nauc_precision_at_1000_max": 1.0,
                "nauc_precision_at_1000_std": 1.0,
                "nauc_precision_at_1000_diff1": 1.0,
                "nauc_mrr_at_1_max": 0.352541,
                "nauc_mrr_at_1_std": 0.347525,
                "nauc_mrr_at_1_diff1": 0.64165,
                "nauc_mrr_at_3_max": 0.361115,
                "nauc_mrr_at_3_std": 0.388389,
                "nauc_mrr_at_3_diff1": 0.619828,
                "nauc_mrr_at_5_max": 0.358233,
                "nauc_mrr_at_5_std": 0.373503,
                "nauc_mrr_at_5_diff1": 0.628555,
                "nauc_mrr_at_10_max": 0.358233,
                "nauc_mrr_at_10_std": 0.373503,
                "nauc_mrr_at_10_diff1": 0.628555,
                "nauc_mrr_at_20_max": 0.358233,
                "nauc_mrr_at_20_std": 0.373503,
                "nauc_mrr_at_20_diff1": 0.628555,
                "nauc_mrr_at_100_max": 0.358233,
                "nauc_mrr_at_100_std": 0.373503,
                "nauc_mrr_at_100_diff1": 0.628555,
                "nauc_mrr_at_1000_max": 0.358233,
                "nauc_mrr_at_1000_std": 0.373503,
                "nauc_mrr_at_1000_diff1": 0.628555,
                "cv_recall_at_1": 0.72648,
                "cv_recall_at_3": 0.95766,
                "cv_recall_at_5": 1.0,
                "cv_recall_at_10": 1.0,
                "cv_recall_at_20": 1.0,
                "cv_recall_at_100": 1.0,
                "cv_recall_at_1000": 1.0,
                "main_score": 0.84077,
                "hf_subset": "default",
                "languages": [
                    "slk-Latn"
                ]
            }
        ]
    },
    "evaluation_time": 38.048774003982544,
    "kg_co2_emissions": null
}
