{
    "dataset_revision": "82320d7f1d6561a12516605ec24f5d61aceb915c",
    "task_name": "SlovakPharmacyMojaLekarenReranking",
    "mteb_version": "1.39.7",
    "scores": {
        "test": [
            {
                "ndcg_at_1": 0.89837,
                "ndcg_at_3": 0.95093,
                "ndcg_at_5": 0.95664,
                "ndcg_at_10": 0.95664,
                "ndcg_at_20": 0.95664,
                "ndcg_at_100": 0.95664,
                "ndcg_at_1000": 0.95664,
                "map_at_1": 0.89837,
                "map_at_3": 0.93857,
                "map_at_5": 0.94182,
                "map_at_10": 0.94182,
                "map_at_20": 0.94182,
                "map_at_100": 0.94182,
                "map_at_1000": 0.94182,
                "recall_at_1": 0.89837,
                "recall_at_3": 0.98645,
                "recall_at_5": 1.0,
                "recall_at_10": 1.0,
                "recall_at_20": 1.0,
                "recall_at_100": 1.0,
                "recall_at_1000": 1.0,
                "accuracy": 0.89837,
                "precision_at_1": 0.89837,
                "precision_at_3": 0.32882,
                "precision_at_5": 0.2,
                "precision_at_10": 0.1,
                "precision_at_20": 0.05,
                "precision_at_100": 0.01,
                "precision_at_1000": 0.001,
                "mrr_at_1": 0.898374,
                "mrr_at_3": 0.938573,
                "mrr_at_5": 0.941825,
                "mrr_at_10": 0.941825,
                "mrr_at_20": 0.941825,
                "mrr_at_100": 0.941825,
                "mrr_at_1000": 0.941825,
                "nauc_ndcg_at_1_max": 0.584735,
                "nauc_ndcg_at_1_std": 0.529543,
                "nauc_ndcg_at_1_diff1": 0.86435,
                "nauc_ndcg_at_3_max": 0.641704,
                "nauc_ndcg_at_3_std": 0.622095,
                "nauc_ndcg_at_3_diff1": 0.848025,
                "nauc_ndcg_at_5_max": 0.609253,
                "nauc_ndcg_at_5_std": 0.575935,
                "nauc_ndcg_at_5_diff1": 0.860615,
                "nauc_ndcg_at_10_max": 0.609253,
                "nauc_ndcg_at_10_std": 0.575935,
                "nauc_ndcg_at_10_diff1": 0.860615,
                "nauc_ndcg_at_20_max": 0.609253,
                "nauc_ndcg_at_20_std": 0.575935,
                "nauc_ndcg_at_20_diff1": 0.860615,
                "nauc_ndcg_at_100_max": 0.609253,
                "nauc_ndcg_at_100_std": 0.575935,
                "nauc_ndcg_at_100_diff1": 0.860615,
                "nauc_ndcg_at_1000_max": 0.609253,
                "nauc_ndcg_at_1000_std": 0.575935,
                "nauc_ndcg_at_1000_diff1": 0.860615,
                "nauc_map_at_1_max": 0.584735,
                "nauc_map_at_1_std": 0.529543,
                "nauc_map_at_1_diff1": 0.86435,
                "nauc_map_at_3_max": 0.62234,
                "nauc_map_at_3_std": 0.594028,
                "nauc_map_at_3_diff1": 0.855077,
                "nauc_map_at_5_max": 0.607552,
                "nauc_map_at_5_std": 0.57292,
                "nauc_map_at_5_diff1": 0.860933,
                "nauc_map_at_10_max": 0.607552,
                "nauc_map_at_10_std": 0.57292,
                "nauc_map_at_10_diff1": 0.860933,
                "nauc_map_at_20_max": 0.607552,
                "nauc_map_at_20_std": 0.57292,
                "nauc_map_at_20_diff1": 0.860933,
                "nauc_map_at_100_max": 0.607552,
                "nauc_map_at_100_std": 0.57292,
                "nauc_map_at_100_diff1": 0.860933,
                "nauc_map_at_1000_max": 0.607552,
                "nauc_map_at_1000_std": 0.57292,
                "nauc_map_at_1000_diff1": 0.860933,
                "nauc_recall_at_1_max": 0.584735,
                "nauc_recall_at_1_std": 0.529543,
                "nauc_recall_at_1_diff1": 0.86435,
                "nauc_recall_at_3_max": 0.888395,
                "nauc_recall_at_3_std": 0.972208,
                "nauc_recall_at_3_diff1": 0.754894,
                "nauc_recall_at_5_max": NaN,
                "nauc_recall_at_5_std": NaN,
                "nauc_recall_at_5_diff1": NaN,
                "nauc_recall_at_10_max": NaN,
                "nauc_recall_at_10_std": NaN,
                "nauc_recall_at_10_diff1": NaN,
                "nauc_recall_at_20_max": NaN,
                "nauc_recall_at_20_std": NaN,
                "nauc_recall_at_20_diff1": NaN,
                "nauc_recall_at_100_max": NaN,
                "nauc_recall_at_100_std": NaN,
                "nauc_recall_at_100_diff1": NaN,
                "nauc_recall_at_1000_max": NaN,
                "nauc_recall_at_1000_std": NaN,
                "nauc_recall_at_1000_diff1": NaN,
                "nauc_precision_at_1_max": 0.584735,
                "nauc_precision_at_1_std": 0.529543,
                "nauc_precision_at_1_diff1": 0.86435,
                "nauc_precision_at_3_max": 0.888395,
                "nauc_precision_at_3_std": 0.972208,
                "nauc_precision_at_3_diff1": 0.754894,
                "nauc_precision_at_5_max": NaN,
                "nauc_precision_at_5_std": NaN,
                "nauc_precision_at_5_diff1": NaN,
                "nauc_precision_at_10_max": NaN,
                "nauc_precision_at_10_std": NaN,
                "nauc_precision_at_10_diff1": NaN,
                "nauc_precision_at_20_max": NaN,
                "nauc_precision_at_20_std": NaN,
                "nauc_precision_at_20_diff1": NaN,
                "nauc_precision_at_100_max": NaN,
                "nauc_precision_at_100_std": NaN,
                "nauc_precision_at_100_diff1": NaN,
                "nauc_precision_at_1000_max": 1.0,
                "nauc_precision_at_1000_std": 1.0,
                "nauc_precision_at_1000_diff1": 1.0,
                "nauc_mrr_at_1_max": 0.584735,
                "nauc_mrr_at_1_std": 0.529543,
                "nauc_mrr_at_1_diff1": 0.86435,
                "nauc_mrr_at_3_max": 0.62234,
                "nauc_mrr_at_3_std": 0.594028,
                "nauc_mrr_at_3_diff1": 0.855077,
                "nauc_mrr_at_5_max": 0.607552,
                "nauc_mrr_at_5_std": 0.57292,
                "nauc_mrr_at_5_diff1": 0.860933,
                "nauc_mrr_at_10_max": 0.607552,
                "nauc_mrr_at_10_std": 0.57292,
                "nauc_mrr_at_10_diff1": 0.860933,
                "nauc_mrr_at_20_max": 0.607552,
                "nauc_mrr_at_20_std": 0.57292,
                "nauc_mrr_at_20_diff1": 0.860933,
                "nauc_mrr_at_100_max": 0.607552,
                "nauc_mrr_at_100_std": 0.57292,
                "nauc_mrr_at_100_diff1": 0.860933,
                "nauc_mrr_at_1000_max": 0.607552,
                "nauc_mrr_at_1000_std": 0.57292,
                "nauc_mrr_at_1000_diff1": 0.860933,
                "cv_recall_at_1": 0.89837,
                "cv_recall_at_3": 0.98645,
                "cv_recall_at_5": 1.0,
                "cv_recall_at_10": 1.0,
                "cv_recall_at_20": 1.0,
                "cv_recall_at_100": 1.0,
                "cv_recall_at_1000": 1.0,
                "main_score": 0.94182,
                "hf_subset": "default",
                "languages": [
                    "slk-Latn"
                ]
            }
        ]
    },
    "evaluation_time": 139.68190002441406,
    "kg_co2_emissions": null
}
