{
    "dataset_revision": "f64f483ad0f31d2e78209d524c14a4a867965959",
    "task_name": "WebFAQRetrieval",
    "mteb_version": "1.39.7",
    "scores": {
        "test": [
            {
                "ndcg_at_1": 0.65525,
                "ndcg_at_3": 0.73136,
                "ndcg_at_5": 0.74805,
                "ndcg_at_10": 0.76354,
                "ndcg_at_20": 0.7717,
                "ndcg_at_100": 0.78135,
                "ndcg_at_1000": 0.78579,
                "map_at_1": 0.65525,
                "map_at_3": 0.71281,
                "map_at_5": 0.72206,
                "map_at_10": 0.72845,
                "map_at_20": 0.73072,
                "map_at_100": 0.73206,
                "map_at_1000": 0.73222,
                "recall_at_1": 0.65525,
                "recall_at_3": 0.78497,
                "recall_at_5": 0.82556,
                "recall_at_10": 0.87345,
                "recall_at_20": 0.90549,
                "recall_at_100": 0.9575,
                "recall_at_1000": 0.99271,
                "accuracy": 0.65525,
                "precision_at_1": 0.65525,
                "precision_at_3": 0.26166,
                "precision_at_5": 0.16511,
                "precision_at_10": 0.08735,
                "precision_at_20": 0.04527,
                "precision_at_100": 0.00958,
                "precision_at_1000": 0.00099,
                "mrr_at_1": 0.655566,
                "mrr_at_3": 0.713395,
                "mrr_at_5": 0.722719,
                "mrr_at_10": 0.729032,
                "mrr_at_20": 0.731308,
                "mrr_at_100": 0.73264,
                "mrr_at_1000": 0.732804,
                "nauc_ndcg_at_1_max": 0.552857,
                "nauc_ndcg_at_1_std": -0.04614,
                "nauc_ndcg_at_1_diff1": 0.79526,
                "nauc_ndcg_at_3_max": 0.573692,
                "nauc_ndcg_at_3_std": -0.061595,
                "nauc_ndcg_at_3_diff1": 0.766246,
                "nauc_ndcg_at_5_max": 0.574313,
                "nauc_ndcg_at_5_std": -0.063328,
                "nauc_ndcg_at_5_diff1": 0.764487,
                "nauc_ndcg_at_10_max": 0.576287,
                "nauc_ndcg_at_10_std": -0.051823,
                "nauc_ndcg_at_10_diff1": 0.763936,
                "nauc_ndcg_at_20_max": 0.577931,
                "nauc_ndcg_at_20_std": -0.04199,
                "nauc_ndcg_at_20_diff1": 0.765502,
                "nauc_ndcg_at_100_max": 0.574477,
                "nauc_ndcg_at_100_std": -0.041411,
                "nauc_ndcg_at_100_diff1": 0.768296,
                "nauc_ndcg_at_1000_max": 0.572846,
                "nauc_ndcg_at_1000_std": -0.045595,
                "nauc_ndcg_at_1000_diff1": 0.770009,
                "nauc_map_at_1_max": 0.552857,
                "nauc_map_at_1_std": -0.04614,
                "nauc_map_at_1_diff1": 0.79526,
                "nauc_map_at_3_max": 0.568941,
                "nauc_map_at_3_std": -0.057243,
                "nauc_map_at_3_diff1": 0.774361,
                "nauc_map_at_5_max": 0.568856,
                "nauc_map_at_5_std": -0.05814,
                "nauc_map_at_5_diff1": 0.77354,
                "nauc_map_at_10_max": 0.569536,
                "nauc_map_at_10_std": -0.053696,
                "nauc_map_at_10_diff1": 0.773595,
                "nauc_map_at_20_max": 0.569965,
                "nauc_map_at_20_std": -0.051195,
                "nauc_map_at_20_diff1": 0.774056,
                "nauc_map_at_100_max": 0.569476,
                "nauc_map_at_100_std": -0.05127,
                "nauc_map_at_100_diff1": 0.774468,
                "nauc_map_at_1000_max": 0.569407,
                "nauc_map_at_1000_std": -0.051394,
                "nauc_map_at_1000_diff1": 0.774511,
                "nauc_recall_at_1_max": 0.552857,
                "nauc_recall_at_1_std": -0.04614,
                "nauc_recall_at_1_diff1": 0.79526,
                "nauc_recall_at_3_max": 0.590218,
                "nauc_recall_at_3_std": -0.077249,
                "nauc_recall_at_3_diff1": 0.737082,
                "nauc_recall_at_5_max": 0.597076,
                "nauc_recall_at_5_std": -0.085145,
                "nauc_recall_at_5_diff1": 0.726565,
                "nauc_recall_at_10_max": 0.614114,
                "nauc_recall_at_10_std": -0.033896,
                "nauc_recall_at_10_diff1": 0.710453,
                "nauc_recall_at_20_max": 0.637602,
                "nauc_recall_at_20_std": 0.050265,
                "nauc_recall_at_20_diff1": 0.707279,
                "nauc_recall_at_100_max": 0.632692,
                "nauc_recall_at_100_std": 0.184354,
                "nauc_recall_at_100_diff1": 0.70062,
                "nauc_recall_at_1000_max": 0.625686,
                "nauc_recall_at_1000_std": 0.432157,
                "nauc_recall_at_1000_diff1": 0.743785,
                "nauc_precision_at_1_max": 0.552857,
                "nauc_precision_at_1_std": -0.04614,
                "nauc_precision_at_1_diff1": 0.79526,
                "nauc_precision_at_3_max": 0.590218,
                "nauc_precision_at_3_std": -0.077249,
                "nauc_precision_at_3_diff1": 0.737082,
                "nauc_precision_at_5_max": 0.597076,
                "nauc_precision_at_5_std": -0.085145,
                "nauc_precision_at_5_diff1": 0.726565,
                "nauc_precision_at_10_max": 0.614114,
                "nauc_precision_at_10_std": -0.033896,
                "nauc_precision_at_10_diff1": 0.710453,
                "nauc_precision_at_20_max": 0.637602,
                "nauc_precision_at_20_std": 0.050265,
                "nauc_precision_at_20_diff1": 0.707279,
                "nauc_precision_at_100_max": 0.632692,
                "nauc_precision_at_100_std": 0.184354,
                "nauc_precision_at_100_diff1": 0.70062,
                "nauc_precision_at_1000_max": 0.625686,
                "nauc_precision_at_1000_std": 0.432157,
                "nauc_precision_at_1000_diff1": 0.743785,
                "nauc_mrr_at_1_max": 0.552392,
                "nauc_mrr_at_1_std": -0.045977,
                "nauc_mrr_at_1_diff1": 0.794635,
                "nauc_mrr_at_3_max": 0.567386,
                "nauc_mrr_at_3_std": -0.057108,
                "nauc_mrr_at_3_diff1": 0.773115,
                "nauc_mrr_at_5_max": 0.567758,
                "nauc_mrr_at_5_std": -0.057295,
                "nauc_mrr_at_5_diff1": 0.772355,
                "nauc_mrr_at_10_max": 0.568429,
                "nauc_mrr_at_10_std": -0.052989,
                "nauc_mrr_at_10_diff1": 0.772431,
                "nauc_mrr_at_20_max": 0.568861,
                "nauc_mrr_at_20_std": -0.050478,
                "nauc_mrr_at_20_diff1": 0.772898,
                "nauc_mrr_at_100_max": 0.568392,
                "nauc_mrr_at_100_std": -0.050513,
                "nauc_mrr_at_100_diff1": 0.773333,
                "nauc_mrr_at_1000_max": 0.568321,
                "nauc_mrr_at_1000_std": -0.050637,
                "nauc_mrr_at_1000_diff1": 0.773375,
                "cv_recall_at_1": 0.65557,
                "cv_recall_at_3": 0.7856,
                "cv_recall_at_5": 0.82651,
                "cv_recall_at_10": 0.87409,
                "cv_recall_at_20": 0.90612,
                "cv_recall_at_100": 0.9575,
                "cv_recall_at_1000": 0.99271,
                "main_score": 0.76354,
                "hf_subset": "slk",
                "languages": [
                    "slk-Latn"
                ]
            }
        ]
    },
    "evaluation_time": 4966.338563919067,
    "kg_co2_emissions": null
}
