{
  "dataset_revision": "75b399394a9803252cfec289d103de462763db7c",
  "task_name": "BelebeleRetrieval",
  "mteb_version": "1.39.7",
  "scores": {
    "test": [
      {
        "ndcg_at_1": 0.86111,
        "ndcg_at_3": 0.9071,
        "ndcg_at_5": 0.91336,
        "ndcg_at_10": 0.92053,
        "ndcg_at_20": 0.92311,
        "ndcg_at_100": 0.92482,
        "ndcg_at_1000": 0.92524,
        "map_at_1": 0.86111,
        "map_at_3": 0.89574,
        "map_at_5": 0.89913,
        "map_at_10": 0.90208,
        "map_at_20": 0.90281,
        "map_at_100": 0.90307,
        "map_at_1000": 0.90308,
        "recall_at_1": 0.86111,
        "recall_at_3": 0.94,
        "recall_at_5": 0.95556,
        "recall_at_10": 0.97778,
        "recall_at_20": 0.98778,
        "recall_at_100": 0.99667,
        "recall_at_1000": 1.0,
        "precision_at_1": 0.86111,
        "precision_at_3": 0.31333,
        "precision_at_5": 0.19111,
        "precision_at_10": 0.09778,
        "precision_at_20": 0.04939,
        "precision_at_100": 0.00997,
        "precision_at_1000": 0.001,
        "mrr_at_1": 0.861111,
        "mrr_at_3": 0.895741,
        "mrr_at_5": 0.89913,
        "mrr_at_10": 0.902082,
        "mrr_at_20": 0.90281,
        "mrr_at_100": 0.90307,
        "mrr_at_1000": 0.903084,
        "nauc_ndcg_at_1_max": 0.794794,
        "nauc_ndcg_at_1_std": -0.006939,
        "nauc_ndcg_at_1_diff1": 0.924737,
        "nauc_ndcg_at_3_max": 0.828138,
        "nauc_ndcg_at_3_std": 0.045267,
        "nauc_ndcg_at_3_diff1": 0.909401,
        "nauc_ndcg_at_5_max": 0.826286,
        "nauc_ndcg_at_5_std": 0.033272,
        "nauc_ndcg_at_5_diff1": 0.910095,
        "nauc_ndcg_at_10_max": 0.818856,
        "nauc_ndcg_at_10_std": 0.002316,
        "nauc_ndcg_at_10_diff1": 0.911633,
        "nauc_ndcg_at_20_max": 0.819069,
        "nauc_ndcg_at_20_std": 0.006699,
        "nauc_ndcg_at_20_diff1": 0.915022,
        "nauc_ndcg_at_100_max": 0.818413,
        "nauc_ndcg_at_100_std": 0.019951,
        "nauc_ndcg_at_100_diff1": 0.915354,
        "nauc_ndcg_at_1000_max": 0.817368,
        "nauc_ndcg_at_1000_std": 0.014313,
        "nauc_ndcg_at_1000_diff1": 0.914867,
        "nauc_map_at_1_max": 0.794794,
        "nauc_map_at_1_std": -0.006939,
        "nauc_map_at_1_diff1": 0.924737,
        "nauc_map_at_3_max": 0.818444,
        "nauc_map_at_3_std": 0.025411,
        "nauc_map_at_3_diff1": 0.913519,
        "nauc_map_at_5_max": 0.817197,
        "nauc_map_at_5_std": 0.018692,
        "nauc_map_at_5_diff1": 0.914002,
        "nauc_map_at_10_max": 0.814553,
        "nauc_map_at_10_std": 0.008208,
        "nauc_map_at_10_diff1": 0.914548,
        "nauc_map_at_20_max": 0.814693,
        "nauc_map_at_20_std": 0.009616,
        "nauc_map_at_20_diff1": 0.915497,
        "nauc_map_at_100_max": 0.814579,
        "nauc_map_at_100_std": 0.011189,
        "nauc_map_at_100_diff1": 0.915526,
        "nauc_map_at_1000_max": 0.814552,
        "nauc_map_at_1000_std": 0.011044,
        "nauc_map_at_1000_diff1": 0.915513,
        "nauc_recall_at_1_max": 0.794794,
        "nauc_recall_at_1_std": -0.006939,
        "nauc_recall_at_1_diff1": 0.924737,
        "nauc_recall_at_3_max": 0.874944,
        "nauc_recall_at_3_std": 0.144716,
        "nauc_recall_at_3_diff1": 0.889779,
        "nauc_recall_at_5_max": 0.882995,
        "nauc_recall_at_5_std": 0.126704,
        "nauc_recall_at_5_diff1": 0.886041,
        "nauc_recall_at_10_max": 0.856326,
        "nauc_recall_at_10_std": -0.122409,
        "nauc_recall_at_10_diff1": 0.880742,
        "nauc_recall_at_20_max": 0.885197,
        "nauc_recall_at_20_std": -0.14099,
        "nauc_recall_at_20_diff1": 0.927213,
        "nauc_recall_at_100_max": 1.0,
        "nauc_recall_at_100_std": 1.0,
        "nauc_recall_at_100_diff1": 1.0,
        "nauc_recall_at_1000_max": NaN,
        "nauc_recall_at_1000_std": NaN,
        "nauc_recall_at_1000_diff1": NaN,
        "nauc_precision_at_1_max": 0.794794,
        "nauc_precision_at_1_std": -0.006939,
        "nauc_precision_at_1_diff1": 0.924737,
        "nauc_precision_at_3_max": 0.874944,
        "nauc_precision_at_3_std": 0.144716,
        "nauc_precision_at_3_diff1": 0.889779,
        "nauc_precision_at_5_max": 0.882995,
        "nauc_precision_at_5_std": 0.126704,
        "nauc_precision_at_5_diff1": 0.886041,
        "nauc_precision_at_10_max": 0.856326,
        "nauc_precision_at_10_std": -0.122409,
        "nauc_precision_at_10_diff1": 0.880742,
        "nauc_precision_at_20_max": 0.885197,
        "nauc_precision_at_20_std": -0.14099,
        "nauc_precision_at_20_diff1": 0.927213,
        "nauc_precision_at_100_max": 1.0,
        "nauc_precision_at_100_std": 1.0,
        "nauc_precision_at_100_diff1": 1.0,
        "nauc_precision_at_1000_max": NaN,
        "nauc_precision_at_1000_std": NaN,
        "nauc_precision_at_1000_diff1": NaN,
        "nauc_mrr_at_1_max": 0.794794,
        "nauc_mrr_at_1_std": -0.006939,
        "nauc_mrr_at_1_diff1": 0.924737,
        "nauc_mrr_at_3_max": 0.818444,
        "nauc_mrr_at_3_std": 0.025411,
        "nauc_mrr_at_3_diff1": 0.913519,
        "nauc_mrr_at_5_max": 0.817197,
        "nauc_mrr_at_5_std": 0.018692,
        "nauc_mrr_at_5_diff1": 0.914002,
        "nauc_mrr_at_10_max": 0.814553,
        "nauc_mrr_at_10_std": 0.008208,
        "nauc_mrr_at_10_diff1": 0.914548,
        "nauc_mrr_at_20_max": 0.814693,
        "nauc_mrr_at_20_std": 0.009616,
        "nauc_mrr_at_20_diff1": 0.915497,
        "nauc_mrr_at_100_max": 0.814579,
        "nauc_mrr_at_100_std": 0.011189,
        "nauc_mrr_at_100_diff1": 0.915526,
        "nauc_mrr_at_1000_max": 0.814552,
        "nauc_mrr_at_1000_std": 0.011044,
        "nauc_mrr_at_1000_diff1": 0.915513,
        "main_score": 0.92053,
        "hf_subset": "slk_Latn-slk_Latn",
        "languages": [
          "slk-Latn",
          "slk-Latn"
        ]
      },
      {
        "ndcg_at_1": 0.91222,
        "ndcg_at_3": 0.94427,
        "ndcg_at_5": 0.94939,
        "ndcg_at_10": 0.95183,
        "ndcg_at_20": 0.95351,
        "ndcg_at_100": 0.9548,
        "ndcg_at_1000": 0.95493,
        "map_at_1": 0.91222,
        "map_at_3": 0.93685,
        "map_at_5": 0.93974,
        "map_at_10": 0.9407,
        "map_at_20": 0.94116,
        "map_at_100": 0.94137,
        "map_at_1000": 0.94137,
        "recall_at_1": 0.91222,
        "recall_at_3": 0.96556,
        "recall_at_5": 0.97778,
        "recall_at_10": 0.98556,
        "recall_at_20": 0.99222,
        "recall_at_100": 0.99889,
        "recall_at_1000": 1.0,
        "precision_at_1": 0.91222,
        "precision_at_3": 0.32185,
        "precision_at_5": 0.19556,
        "precision_at_10": 0.09856,
        "precision_at_20": 0.04961,
        "precision_at_100": 0.00999,
        "precision_at_1000": 0.001,
        "mrr_at_1": 0.912222,
        "mrr_at_3": 0.936852,
        "mrr_at_5": 0.939741,
        "mrr_at_10": 0.940701,
        "mrr_at_20": 0.941162,
        "mrr_at_100": 0.941366,
        "mrr_at_1000": 0.941369,
        "nauc_ndcg_at_1_max": 0.755682,
        "nauc_ndcg_at_1_std": -0.167902,
        "nauc_ndcg_at_1_diff1": 0.915257,
        "nauc_ndcg_at_3_max": 0.81384,
        "nauc_ndcg_at_3_std": -0.13078,
        "nauc_ndcg_at_3_diff1": 0.920727,
        "nauc_ndcg_at_5_max": 0.813997,
        "nauc_ndcg_at_5_std": -0.080714,
        "nauc_ndcg_at_5_diff1": 0.92003,
        "nauc_ndcg_at_10_max": 0.808009,
        "nauc_ndcg_at_10_std": -0.104288,
        "nauc_ndcg_at_10_diff1": 0.922794,
        "nauc_ndcg_at_20_max": 0.803574,
        "nauc_ndcg_at_20_std": -0.118394,
        "nauc_ndcg_at_20_diff1": 0.92152,
        "nauc_ndcg_at_100_max": 0.799286,
        "nauc_ndcg_at_100_std": -0.113676,
        "nauc_ndcg_at_100_diff1": 0.92058,
        "nauc_ndcg_at_1000_max": 0.79872,
        "nauc_ndcg_at_1000_std": -0.116814,
        "nauc_ndcg_at_1000_diff1": 0.920356,
        "nauc_map_at_1_max": 0.755682,
        "nauc_map_at_1_std": -0.167902,
        "nauc_map_at_1_diff1": 0.915257,