{
  "dataset_revision": "7cfcb122006b33d150b485caac5aa41939b3ba37",
  "task_name": "SkQuadReranking",
  "mteb_version": "1.39.7",
  "scores": {
    "test": [
      {
        "map": 0.703369,
        "mrr": 0.788519,
        "recall_at_10": 0.974154,
        "nAUC_map_max": 0.251288,
        "nAUC_map_std": 0.153082,
        "nAUC_map_diff1": 0.417476,
        "nAUC_mrr_max": 0.427196,
        "nAUC_mrr_std": 0.226815,
        "nAUC_mrr_diff1": 0.531568,
        "nAUC_recall_at_10_max": -0.057831,
        "nAUC_recall_at_10_std": 0.108576,
        "nAUC_recall_at_10_diff1": 0.195426,
        "main_score": 0.703369,
        "hf_subset": "default",
        "languages": [
          "slk-Latn"
        ]
      }
    ]
  },
  "evaluation_time": 327.1027340888977,
  "kg_co2_emissions": null
}