{
  "dataset_revision": "c3262adb1c32ac0c3ea8de6393a44366edaa62e1",
  "task_name": "WebFAQRetrieval",
  "mteb_version": "1.39.7",
  "scores": {
    "test": [
      {
        "ndcg_at_1": 0.7837,
        "ndcg_at_3": 0.85256,
        "ndcg_at_5": 0.8654,
        "ndcg_at_10": 0.87332,
        "ndcg_at_20": 0.87778,
        "ndcg_at_100": 0.88218,
        "ndcg_at_1000": 0.8827,
        "map_at_1": 0.7837,
        "map_at_3": 0.83598,
        "map_at_5": 0.84305,
        "map_at_10": 0.84639,
        "map_at_20": 0.84765,
        "map_at_100": 0.84831,
        "map_at_1000": 0.84834,
        "recall_at_1": 0.7837,
        "recall_at_3": 0.90041,
        "recall_at_5": 0.93181,
        "recall_at_10": 0.95592,
        "recall_at_20": 0.97336,
        "recall_at_100": 0.99619,
        "recall_at_1000": 1.0,
        "precision_at_1": 0.7837,
        "precision_at_3": 0.30014,
        "precision_at_5": 0.18636,
        "precision_at_10": 0.09559,
        "precision_at_20": 0.04867,
        "precision_at_100": 0.00996,
        "precision_at_1000": 0.001,
        "mrr_at_1": 0.784332,
        "mrr_at_3": 0.836875,
        "mrr_at_5": 0.843567,
        "mrr_at_10": 0.846917,
        "mrr_at_20": 0.848142,
        "mrr_at_100": 0.848842,
        "mrr_at_1000": 0.848867,
        "nauc_ndcg_at_1_max": 0.457318,
        "nauc_ndcg_at_1_std": -0.126655,
        "nauc_ndcg_at_1_diff1": 0.864676,
        "nauc_ndcg_at_3_max": 0.480055,
        "nauc_ndcg_at_3_std": -0.171212,
        "nauc_ndcg_at_3_diff1": 0.844044,
        "nauc_ndcg_at_5_max": 0.471126,
        "nauc_ndcg_at_5_std": -0.183973,
        "nauc_ndcg_at_5_diff1": 0.848295,
        "nauc_ndcg_at_10_max": 0.469348,
        "nauc_ndcg_at_10_std": -0.189767,
        "nauc_ndcg_at_10_diff1": 0.850827,
        "nauc_ndcg_at_20_max": 0.471569,
        "nauc_ndcg_at_20_std": -0.18019,
        "nauc_ndcg_at_20_diff1": 0.852046,
        "nauc_ndcg_at_100_max": 0.469911,
        "nauc_ndcg_at_100_std": -0.168758,
        "nauc_ndcg_at_100_diff1": 0.853102,
        "nauc_ndcg_at_1000_max": 0.470032,
        "nauc_ndcg_at_1000_std": -0.16898,
        "nauc_ndcg_at_1000_diff1": 0.853093,
        "nauc_map_at_1_max": 0.457318,
        "nauc_map_at_1_std": -0.126655,
        "nauc_map_at_1_diff1": 0.864676,
        "nauc_map_at_3_max": 0.474657,
        "nauc_map_at_3_std": -0.157179,
        "nauc_map_at_3_diff1": 0.850711,
        "nauc_map_at_5_max": 0.470155,
        "nauc_map_at_5_std": -0.162739,
        "nauc_map_at_5_diff1": 0.853052,
        "nauc_map_at_10_max": 0.469439,
        "nauc_map_at_10_std": -0.164417,
        "nauc_map_at_10_diff1": 0.854067,
        "nauc_map_at_20_max": 0.469824,
        "nauc_map_at_20_std": -0.162137,
        "nauc_map_at_20_diff1": 0.854324,
        "nauc_map_at_100_max": 0.469511,
        "nauc_map_at_100_std": -0.160958,
        "nauc_map_at_100_diff1": 0.854463,
        "nauc_map_at_1000_max": 0.469527,
        "nauc_map_at_1000_std": -0.160953,
        "nauc_map_at_1000_diff1": 0.854464,
        "nauc_recall_at_1_max": 0.457318,
        "nauc_recall_at_1_std": -0.126655,
        "nauc_recall_at_1_diff1": 0.864676,
        "nauc_recall_at_3_max": 0.503147,
        "nauc_recall_at_3_std": -0.234146,
        "nauc_recall_at_3_diff1": 0.81404,
        "nauc_recall_at_5_max": 0.472863,
        "nauc_recall_at_5_std": -0.320088,
        "nauc_recall_at_5_diff1": 0.819685,
        "nauc_recall_at_10_max": 0.460404,
        "nauc_recall_at_10_std": -0.43977,
        "nauc_recall_at_10_diff1": 0.824682,
        "nauc_recall_at_20_max": 0.496697,
        "nauc_recall_at_20_std": -0.437348,
        "nauc_recall_at_20_diff1": 0.830002,
        "nauc_recall_at_100_max": 0.461097,
        "nauc_recall_at_100_std": -0.104757,
        "nauc_recall_at_100_diff1": 0.85664,
        "nauc_recall_at_1000_max": NaN,
        "nauc_recall_at_1000_std": NaN,
        "nauc_recall_at_1000_diff1": NaN,
        "nauc_precision_at_1_max": 0.457318,
        "nauc_precision_at_1_std": -0.126655,
        "nauc_precision_at_1_diff1": 0.864676,
        "nauc_precision_at_3_max": 0.503147,
        "nauc_precision_at_3_std": -0.234146,
        "nauc_precision_at_3_diff1": 0.81404,
        "nauc_precision_at_5_max": 0.472863,
        "nauc_precision_at_5_std": -0.320088,
        "nauc_precision_at_5_diff1": 0.819685,
        "nauc_precision_at_10_max": 0.460404,
        "nauc_precision_at_10_std": -0.43977,
        "nauc_precision_at_10_diff1": 0.824682,
        "nauc_precision_at_20_max": 0.496697,
        "nauc_precision_at_20_std": -0.437348,
        "nauc_precision_at_20_diff1": 0.830002,
        "nauc_precision_at_100_max": 0.461097,
        "nauc_precision_at_100_std": -0.104757,
        "nauc_precision_at_100_diff1": 0.85664,
        "nauc_precision_at_1000_max": NaN,
        "nauc_precision_at_1000_std": NaN,
        "nauc_precision_at_1000_diff1": NaN,
        "nauc_mrr_at_1_max": 0.455576,
        "nauc_mrr_at_1_std": -0.122008,
        "nauc_mrr_at_1_diff1": 0.863475,
        "nauc_mrr_at_3_max": 0.47389,
        "nauc_mrr_at_3_std": -0.148425,
        "nauc_mrr_at_3_diff1": 0.849159,
        "nauc_mrr_at_5_max": 0.469749,
        "nauc_mrr_at_5_std": -0.157256,
        "nauc_mrr_at_5_diff1": 0.851823,
        "nauc_mrr_at_10_max": 0.468747,
        "nauc_mrr_at_10_std": -0.158577,
        "nauc_mrr_at_10_diff1": 0.852875,
        "nauc_mrr_at_20_max": 0.46917,
        "nauc_mrr_at_20_std": -0.156383,
        "nauc_mrr_at_20_diff1": 0.85313,
        "nauc_mrr_at_100_max": 0.468868,
        "nauc_mrr_at_100_std": -0.154844,
        "nauc_mrr_at_100_diff1": 0.853212,
        "nauc_mrr_at_1000_max": 0.468884,
        "nauc_mrr_at_1000_std": -0.154837,
        "nauc_mrr_at_1000_diff1": 0.853212,
        "main_score": 0.87332,
        "hf_subset": "slk",
        "languages": [
          "slk-Latn"
        ]
      }
    ]
  },
  "evaluation_time": 1066.7068626880646,
  "kg_co2_emissions": null
}