{
  "dataset_revision": "82320d7f1d6561a12516605ec24f5d61aceb915c",
  "task_name": "SlovakPharmacyMojaLekarenReranking",
  "mteb_version": "1.39.7",
  "scores": {
    "test": [
      {
        "ndcg_at_1": 0.91463,
        "ndcg_at_3": 0.96345,
        "ndcg_at_5": 0.96514,
        "ndcg_at_10": 0.96514,
        "ndcg_at_20": 0.96514,
        "ndcg_at_100": 0.96514,
        "ndcg_at_1000": 0.96514,
        "map_at_1": 0.91463,
        "map_at_3": 0.95212,
        "map_at_5": 0.95307,
        "map_at_10": 0.95307,
        "map_at_20": 0.95307,
        "map_at_100": 0.95307,
        "map_at_1000": 0.95307,
        "recall_at_1": 0.91463,
        "recall_at_3": 0.99593,
        "recall_at_5": 1.0,
        "recall_at_10": 1.0,
        "recall_at_20": 1.0,
        "recall_at_100": 1.0,
        "recall_at_1000": 1.0,
        "accuracy": 0.91463,
        "precision_at_1": 0.91463,
        "precision_at_3": 0.33198,
        "precision_at_5": 0.2,
        "precision_at_10": 0.1,
        "precision_at_20": 0.05,
        "precision_at_100": 0.01,
        "precision_at_1000": 0.001,
        "mrr_at_1": 0.914634,
        "mrr_at_3": 0.952123,
        "mrr_at_5": 0.953071,
        "mrr_at_10": 0.953071,
        "mrr_at_20": 0.953071,
        "mrr_at_100": 0.953071,
        "mrr_at_1000": 0.953071,
        "nauc_ndcg_at_1_max": 0.48333,
        "nauc_ndcg_at_1_std": 0.473045,
        "nauc_ndcg_at_1_diff1": 0.874704,
        "nauc_ndcg_at_3_max": 0.514556,
        "nauc_ndcg_at_3_std": 0.506693,
        "nauc_ndcg_at_3_diff1": 0.870829,
        "nauc_ndcg_at_5_max": 0.497846,
        "nauc_ndcg_at_5_std": 0.494876,
        "nauc_ndcg_at_5_diff1": 0.872025,
        "nauc_ndcg_at_10_max": 0.497846,
        "nauc_ndcg_at_10_std": 0.494876,
        "nauc_ndcg_at_10_diff1": 0.872025,
        "nauc_ndcg_at_20_max": 0.497846,
        "nauc_ndcg_at_20_std": 0.494876,
        "nauc_ndcg_at_20_diff1": 0.872025,
        "nauc_ndcg_at_100_max": 0.497846,
        "nauc_ndcg_at_100_std": 0.494876,
        "nauc_ndcg_at_100_diff1": 0.872025,
        "nauc_ndcg_at_1000_max": 0.497846,
        "nauc_ndcg_at_1000_std": 0.494876,
        "nauc_ndcg_at_1000_diff1": 0.872025,
        "nauc_map_at_1_max": 0.48333,
        "nauc_map_at_1_std": 0.473045,
        "nauc_map_at_1_diff1": 0.874704,
        "nauc_map_at_3_max": 0.503887,
        "nauc_map_at_3_std": 0.498394,
        "nauc_map_at_3_diff1": 0.871538,
        "nauc_map_at_5_max": 0.496809,
        "nauc_map_at_5_std": 0.49348,
        "nauc_map_at_5_diff1": 0.87216,
        "nauc_map_at_10_max": 0.496809,
        "nauc_map_at_10_std": 0.49348,
        "nauc_map_at_10_diff1": 0.87216,
        "nauc_map_at_20_max": 0.496809,
        "nauc_map_at_20_std": 0.49348,
        "nauc_map_at_20_diff1": 0.87216,
        "nauc_map_at_100_max": 0.496809,
        "nauc_map_at_100_std": 0.49348,
        "nauc_map_at_100_diff1": 0.87216,
        "nauc_map_at_1000_max": 0.496809,
        "nauc_map_at_1000_std": 0.49348,
        "nauc_map_at_1000_diff1": 0.87216,
        "nauc_recall_at_1_max": 0.48333,
        "nauc_recall_at_1_std": 0.473045,
        "nauc_recall_at_1_diff1": 0.874704,
        "nauc_recall_at_3_max": 0.863775,
        "nauc_recall_at_3_std": 0.758743,
        "nauc_recall_at_3_diff1": 0.851382,
        "nauc_recall_at_5_max": NaN,
        "nauc_recall_at_5_std": NaN,
        "nauc_recall_at_5_diff1": NaN,
        "nauc_recall_at_10_max": NaN,
        "nauc_recall_at_10_std": NaN,
        "nauc_recall_at_10_diff1": NaN,
        "nauc_recall_at_20_max": NaN,
        "nauc_recall_at_20_std": NaN,
        "nauc_recall_at_20_diff1": NaN,
        "nauc_recall_at_100_max": NaN,
        "nauc_recall_at_100_std": NaN,
        "nauc_recall_at_100_diff1": NaN,
        "nauc_recall_at_1000_max": NaN,
        "nauc_recall_at_1000_std": NaN,
        "nauc_recall_at_1000_diff1": NaN,
        "nauc_precision_at_1_max": 0.48333,
        "nauc_precision_at_1_std": 0.473045,
        "nauc_precision_at_1_diff1": 0.874704,
        "nauc_precision_at_3_max": 0.863775,
        "nauc_precision_at_3_std": 0.758743,
        "nauc_precision_at_3_diff1": 0.851382,
        "nauc_precision_at_5_max": NaN,
        "nauc_precision_at_5_std": NaN,
        "nauc_precision_at_5_diff1": NaN,
        "nauc_precision_at_10_max": NaN,
        "nauc_precision_at_10_std": NaN,
        "nauc_precision_at_10_diff1": NaN,
        "nauc_precision_at_20_max": NaN,
        "nauc_precision_at_20_std": NaN,
        "nauc_precision_at_20_diff1": NaN,
        "nauc_precision_at_100_max": NaN,
        "nauc_precision_at_100_std": NaN,
        "nauc_precision_at_100_diff1": NaN,
        "nauc_precision_at_1000_max": 1.0,
        "nauc_precision_at_1000_std": 1.0,
        "nauc_precision_at_1000_diff1": 1.0,
        "nauc_mrr_at_1_max": 0.48333,
        "nauc_mrr_at_1_std": 0.473045,
        "nauc_mrr_at_1_diff1": 0.874704,
        "nauc_mrr_at_3_max": 0.503887,
        "nauc_mrr_at_3_std": 0.498394,
        "nauc_mrr_at_3_diff1": 0.871538,
        "nauc_mrr_at_5_max": 0.496809,
        "nauc_mrr_at_5_std": 0.49348,
        "nauc_mrr_at_5_diff1": 0.87216,
        "nauc_mrr_at_10_max": 0.496809,
        "nauc_mrr_at_10_std": 0.49348,
        "nauc_mrr_at_10_diff1": 0.87216,
        "nauc_mrr_at_20_max": 0.496809,
        "nauc_mrr_at_20_std": 0.49348,
        "nauc_mrr_at_20_diff1": 0.87216,
        "nauc_mrr_at_100_max": 0.496809,
        "nauc_mrr_at_100_std": 0.49348,
        "nauc_mrr_at_100_diff1": 0.87216,
        "nauc_mrr_at_1000_max": 0.496809,
        "nauc_mrr_at_1000_std": 0.49348,
        "nauc_mrr_at_1000_diff1": 0.87216,
        "cv_recall_at_1": 0.91463,
        "cv_recall_at_3": 0.99593,
        "cv_recall_at_5": 1.0,
        "cv_recall_at_10": 1.0,
        "cv_recall_at_20": 1.0,
        "cv_recall_at_100": 1.0,
        "cv_recall_at_1000": 1.0,
        "main_score": 0.95307,
        "hf_subset": "default",
        "languages": [
          "slk-Latn"
        ]
      }
    ]
  },
  "evaluation_time": 25.227917909622192,
  "kg_co2_emissions": null
}