{
  "dataset_revision": "6448ea012b1b7caa3d55cb747b58cda1d7edc714",
  "task_name": "SlovakPharmacyDrMaxReranking",
  "mteb_version": "1.39.7",
  "scores": {
    "test": [
      {
        "ndcg_at_1": 0.83255,
        "ndcg_at_3": 0.91966,
        "ndcg_at_5": 0.92843,
        "ndcg_at_10": 0.92843,
        "ndcg_at_20": 0.92843,
        "ndcg_at_100": 0.92843,
        "ndcg_at_1000": 0.92843,
        "map_at_1": 0.83255,
        "map_at_3": 0.89902,
        "map_at_5": 0.90397,
        "map_at_10": 0.90397,
        "map_at_20": 0.90397,
        "map_at_100": 0.90397,
        "map_at_1000": 0.90397,
        "recall_at_1": 0.83255,
        "recall_at_3": 0.97904,
        "recall_at_5": 1.0,
        "recall_at_10": 1.0,
        "recall_at_20": 1.0,
        "recall_at_100": 1.0,
        "recall_at_1000": 1.0,
        "accuracy": 0.83255,
        "precision_at_1": 0.83255,
        "precision_at_3": 0.32635,
        "precision_at_5": 0.2,
        "precision_at_10": 0.1,
        "precision_at_20": 0.05,
        "precision_at_100": 0.01,
        "precision_at_1000": 0.001,
        "mrr_at_1": 0.832549,
        "mrr_at_3": 0.899023,
        "mrr_at_5": 0.903974,
        "mrr_at_10": 0.903974,
        "mrr_at_20": 0.903974,
        "mrr_at_100": 0.903974,
        "mrr_at_1000": 0.903974,
        "nauc_ndcg_at_1_max": 0.631742,
        "nauc_ndcg_at_1_std": 0.607448,
        "nauc_ndcg_at_1_diff1": 0.822319,
        "nauc_ndcg_at_3_max": 0.643341,
        "nauc_ndcg_at_3_std": 0.654755,
        "nauc_ndcg_at_3_diff1": 0.807767,
        "nauc_ndcg_at_5_max": 0.636303,
        "nauc_ndcg_at_5_std": 0.628928,
        "nauc_ndcg_at_5_diff1": 0.814056,
        "nauc_ndcg_at_10_max": 0.636303,
        "nauc_ndcg_at_10_std": 0.628928,
        "nauc_ndcg_at_10_diff1": 0.814056,
        "nauc_ndcg_at_20_max": 0.636303,
        "nauc_ndcg_at_20_std": 0.628928,
        "nauc_ndcg_at_20_diff1": 0.814056,
        "nauc_ndcg_at_100_max": 0.636303,
        "nauc_ndcg_at_100_std": 0.628928,
        "nauc_ndcg_at_100_diff1": 0.814056,
        "nauc_ndcg_at_1000_max": 0.636303,
        "nauc_ndcg_at_1000_std": 0.628928,
        "nauc_ndcg_at_1000_diff1": 0.814056,
        "nauc_map_at_1_max": 0.631742,
        "nauc_map_at_1_std": 0.607448,
        "nauc_map_at_1_diff1": 0.822319,
        "nauc_map_at_3_max": 0.639166,
        "nauc_map_at_3_std": 0.639209,
        "nauc_map_at_3_diff1": 0.811831,
        "nauc_map_at_5_max": 0.635973,
        "nauc_map_at_5_std": 0.627474,
        "nauc_map_at_5_diff1": 0.814596,
        "nauc_map_at_10_max": 0.635973,
        "nauc_map_at_10_std": 0.627474,
        "nauc_map_at_10_diff1": 0.814596,
        "nauc_map_at_20_max": 0.635973,
        "nauc_map_at_20_std": 0.627474,
        "nauc_map_at_20_diff1": 0.814596,
        "nauc_map_at_100_max": 0.635973,
        "nauc_map_at_100_std": 0.627474,
        "nauc_map_at_100_diff1": 0.814596,
        "nauc_map_at_1000_max": 0.635973,
        "nauc_map_at_1000_std": 0.627474,
        "nauc_map_at_1000_diff1": 0.814596,
        "nauc_recall_at_1_max": 0.631742,
        "nauc_recall_at_1_std": 0.607448,
        "nauc_recall_at_1_diff1": 0.822319,
        "nauc_recall_at_3_max": 0.698063,
        "nauc_recall_at_3_std": 0.855406,
        "nauc_recall_at_3_diff1": 0.756976,
        "nauc_recall_at_5_max": NaN,
        "nauc_recall_at_5_std": NaN,
        "nauc_recall_at_5_diff1": NaN,
        "nauc_recall_at_10_max": NaN,
        "nauc_recall_at_10_std": NaN,
        "nauc_recall_at_10_diff1": NaN,
        "nauc_recall_at_20_max": NaN,
        "nauc_recall_at_20_std": NaN,
        "nauc_recall_at_20_diff1": NaN,
        "nauc_recall_at_100_max": NaN,
        "nauc_recall_at_100_std": NaN,
        "nauc_recall_at_100_diff1": NaN,
        "nauc_recall_at_1000_max": NaN,
        "nauc_recall_at_1000_std": NaN,
        "nauc_recall_at_1000_diff1": NaN,
        "nauc_precision_at_1_max": 0.631742,
        "nauc_precision_at_1_std": 0.607448,
        "nauc_precision_at_1_diff1": 0.822319,
        "nauc_precision_at_3_max": 0.698063,
        "nauc_precision_at_3_std": 0.855406,
        "nauc_precision_at_3_diff1": 0.756976,
        "nauc_precision_at_5_max": 1.0,
        "nauc_precision_at_5_std": 1.0,
        "nauc_precision_at_5_diff1": 1.0,
        "nauc_precision_at_10_max": 1.0,
        "nauc_precision_at_10_std": 1.0,
        "nauc_precision_at_10_diff1": 1.0,
        "nauc_precision_at_20_max": 1.0,
        "nauc_precision_at_20_std": 1.0,
        "nauc_precision_at_20_diff1": 1.0,
        "nauc_precision_at_100_max": 1.0,
        "nauc_precision_at_100_std": 1.0,
        "nauc_precision_at_100_diff1": 1.0,
        "nauc_precision_at_1000_max": 1.0,
        "nauc_precision_at_1000_std": 1.0,
        "nauc_precision_at_1000_diff1": 1.0,
        "nauc_mrr_at_1_max": 0.631742,
        "nauc_mrr_at_1_std": 0.607448,
        "nauc_mrr_at_1_diff1": 0.822319,
        "nauc_mrr_at_3_max": 0.639166,
        "nauc_mrr_at_3_std": 0.639209,
        "nauc_mrr_at_3_diff1": 0.811831,
        "nauc_mrr_at_5_max": 0.635973,
        "nauc_mrr_at_5_std": 0.627474,
        "nauc_mrr_at_5_diff1": 0.814596,
        "nauc_mrr_at_10_max": 0.635973,
        "nauc_mrr_at_10_std": 0.627474,
        "nauc_mrr_at_10_diff1": 0.814596,
        "nauc_mrr_at_20_max": 0.635973,
        "nauc_mrr_at_20_std": 0.627474,
        "nauc_mrr_at_20_diff1": 0.814596,
        "nauc_mrr_at_100_max": 0.635973,
        "nauc_mrr_at_100_std": 0.627474,
        "nauc_mrr_at_100_diff1": 0.814596,
        "nauc_mrr_at_1000_max": 0.635973,
        "nauc_mrr_at_1000_std": 0.627474,
        "nauc_mrr_at_1000_diff1": 0.814596,
        "cv_recall_at_1": 0.83255,
        "cv_recall_at_3": 0.97904,
        "cv_recall_at_5": 1.0,
        "cv_recall_at_10": 1.0,
        "cv_recall_at_20": 1.0,
        "cv_recall_at_100": 1.0,
        "cv_recall_at_1000": 1.0,
        "main_score": 0.90397,
        "hf_subset": "default",
        "languages": [
          "slk-Latn"
        ]
      }
    ]
  },
  "evaluation_time": 143.79392457008362,
  "kg_co2_emissions": null
}