{
    "dataset_revision": "f64f483ad0f31d2e78209d524c14a4a867965959",
    "task_name": "WebFAQRetrieval",
    "mteb_version": "1.39.7",
    "scores": {
        "test": [
            {
                "ndcg_at_1": 0.74722,
                "ndcg_at_3": 0.81135,
                "ndcg_at_5": 0.82536,
                "ndcg_at_10": 0.83628,
                "ndcg_at_20": 0.84315,
                "ndcg_at_100": 0.84985,
                "ndcg_at_1000": 0.85186,
                "map_at_1": 0.74722,
                "map_at_3": 0.79607,
                "map_at_5": 0.80393,
                "map_at_10": 0.80853,
                "map_at_20": 0.81049,
                "map_at_100": 0.81146,
                "map_at_1000": 0.81154,
                "recall_at_1": 0.74722,
                "recall_at_3": 0.85538,
                "recall_at_5": 0.88899,
                "recall_at_10": 0.9223,
                "recall_at_20": 0.94894,
                "recall_at_100": 0.98446,
                "recall_at_1000": 0.99968,
                "accuracy": 0.74722,
                "precision_at_1": 0.74722,
                "precision_at_3": 0.28513,
                "precision_at_5": 0.1778,
                "precision_at_10": 0.09223,
                "precision_at_20": 0.04745,
                "precision_at_100": 0.00984,
                "precision_at_1000": 0.001,
                "mrr_at_1": 0.746591,
                "mrr_at_3": 0.79612,
                "mrr_at_5": 0.803906,
                "mrr_at_10": 0.808443,
                "mrr_at_20": 0.810336,
                "mrr_at_100": 0.811323,
                "mrr_at_1000": 0.811409,
                "nauc_ndcg_at_1_max": 0.49891,
                "nauc_ndcg_at_1_std": -0.100006,
                "nauc_ndcg_at_1_diff1": 0.827249,
                "nauc_ndcg_at_3_max": 0.508426,
                "nauc_ndcg_at_3_std": -0.137382,
                "nauc_ndcg_at_3_diff1": 0.813494,
                "nauc_ndcg_at_5_max": 0.504357,
                "nauc_ndcg_at_5_std": -0.133065,
                "nauc_ndcg_at_5_diff1": 0.808518,
                "nauc_ndcg_at_10_max": 0.502693,
                "nauc_ndcg_at_10_std": -0.136074,
                "nauc_ndcg_at_10_diff1": 0.813881,
                "nauc_ndcg_at_20_max": 0.502747,
                "nauc_ndcg_at_20_std": -0.135575,
                "nauc_ndcg_at_20_diff1": 0.818545,
                "nauc_ndcg_at_100_max": 0.504069,
                "nauc_ndcg_at_100_std": -0.127466,
                "nauc_ndcg_at_100_diff1": 0.817896,
                "nauc_ndcg_at_1000_max": 0.503893,
                "nauc_ndcg_at_1000_std": -0.127244,
                "nauc_ndcg_at_1000_diff1": 0.817388,
                "nauc_map_at_1_max": 0.49891,
                "nauc_map_at_1_std": -0.100006,
                "nauc_map_at_1_diff1": 0.827249,
                "nauc_map_at_3_max": 0.50642,
                "nauc_map_at_3_std": -0.126366,
                "nauc_map_at_3_diff1": 0.817151,
                "nauc_map_at_5_max": 0.504456,
                "nauc_map_at_5_std": -0.1235,
                "nauc_map_at_5_diff1": 0.814864,
                "nauc_map_at_10_max": 0.50388,
                "nauc_map_at_10_std": -0.124247,
                "nauc_map_at_10_diff1": 0.81694,
                "nauc_map_at_20_max": 0.503941,
                "nauc_map_at_20_std": -0.124082,
                "nauc_map_at_20_diff1": 0.81813,
                "nauc_map_at_100_max": 0.503954,
                "nauc_map_at_100_std": -0.123288,
                "nauc_map_at_100_diff1": 0.818077,
                "nauc_map_at_1000_max": 0.503948,
                "nauc_map_at_1000_std": -0.12324,
                "nauc_map_at_1000_diff1": 0.818057,
                "nauc_recall_at_1_max": 0.49891,
                "nauc_recall_at_1_std": -0.100006,
                "nauc_recall_at_1_diff1": 0.827249,
                "nauc_recall_at_3_max": 0.515784,
                "nauc_recall_at_3_std": -0.18017,
                "nauc_recall_at_3_diff1": 0.799504,
                "nauc_recall_at_5_max": 0.50212,
                "nauc_recall_at_5_std": -0.178028,
                "nauc_recall_at_5_diff1": 0.777471,
                "nauc_recall_at_10_max": 0.490949,
                "nauc_recall_at_10_std": -0.215595,
                "nauc_recall_at_10_diff1": 0.797009,
                "nauc_recall_at_20_max": 0.484541,
                "nauc_recall_at_20_std": -0.24922,
                "nauc_recall_at_20_diff1": 0.838293,
                "nauc_recall_at_100_max": 0.525607,
                "nauc_recall_at_100_std": -0.099477,
                "nauc_recall_at_100_diff1": 0.848367,
                "nauc_recall_at_1000_max": 1.0,
                "nauc_recall_at_1000_std": 1.0,
                "nauc_recall_at_1000_diff1": 0.722213,
                "nauc_precision_at_1_max": 0.49891,
                "nauc_precision_at_1_std": -0.100006,
                "nauc_precision_at_1_diff1": 0.827249,
                "nauc_precision_at_3_max": 0.515784,
                "nauc_precision_at_3_std": -0.18017,
                "nauc_precision_at_3_diff1": 0.799504,
                "nauc_precision_at_5_max": 0.50212,
                "nauc_precision_at_5_std": -0.178028,
                "nauc_precision_at_5_diff1": 0.777471,
                "nauc_precision_at_10_max": 0.490949,
                "nauc_precision_at_10_std": -0.215595,
                "nauc_precision_at_10_diff1": 0.797009,
                "nauc_precision_at_20_max": 0.484541,
                "nauc_precision_at_20_std": -0.24922,
                "nauc_precision_at_20_diff1": 0.838293,
                "nauc_precision_at_100_max": 0.525607,
                "nauc_precision_at_100_std": -0.099477,
                "nauc_precision_at_100_diff1": 0.848367,
                "nauc_precision_at_1000_max": 1.0,
                "nauc_precision_at_1000_std": 1.0,
                "nauc_precision_at_1000_diff1": 0.722213,
                "nauc_mrr_at_1_max": 0.500319,
                "nauc_mrr_at_1_std": -0.098615,
                "nauc_mrr_at_1_diff1": 0.828381,
                "nauc_mrr_at_3_max": 0.506939,
                "nauc_mrr_at_3_std": -0.124832,
                "nauc_mrr_at_3_diff1": 0.8174,
                "nauc_mrr_at_5_max": 0.50534,
                "nauc_mrr_at_5_std": -0.122818,
                "nauc_mrr_at_5_diff1": 0.81525,
                "nauc_mrr_at_10_max": 0.505184,
                "nauc_mrr_at_10_std": -0.123047,
                "nauc_mrr_at_10_diff1": 0.81744,
                "nauc_mrr_at_20_max": 0.505147,
                "nauc_mrr_at_20_std": -0.123475,
                "nauc_mrr_at_20_diff1": 0.818704,
                "nauc_mrr_at_100_max": 0.505154,
                "nauc_mrr_at_100_std": -0.122463,
                "nauc_mrr_at_100_diff1": 0.818632,
                "nauc_mrr_at_1000_max": 0.505148,
                "nauc_mrr_at_1000_std": -0.122415,
                "nauc_mrr_at_1000_diff1": 0.818613,
                "cv_recall_at_1": 0.74659,
                "cv_recall_at_3": 0.85601,
                "cv_recall_at_5": 0.88931,
                "cv_recall_at_10": 0.9223,
                "cv_recall_at_20": 0.94799,
                "cv_recall_at_100": 0.98446,
                "cv_recall_at_1000": 0.99968,
                "main_score": 0.83628,
                "hf_subset": "slk",
                "languages": [
                    "slk-Latn"
                ]
            }
        ]
    },
    "evaluation_time": 149.97465562820435,
    "kg_co2_emissions": null
}
