{
    "dataset_revision": "82320d7f1d6561a12516605ec24f5d61aceb915c",
    "task_name": "SlovakPharmacyMojaLekarenReranking",
    "mteb_version": "1.39.7",
    "scores": {
        "test": [
            {
                "ndcg_at_1": 0.90921,
                "ndcg_at_3": 0.9577,
                "ndcg_at_5": 0.96231,
                "ndcg_at_10": 0.96231,
                "ndcg_at_20": 0.96231,
                "ndcg_at_100": 0.96231,
                "ndcg_at_1000": 0.96231,
                "map_at_1": 0.90921,
                "map_at_3": 0.9467,
                "map_at_5": 0.94935,
                "map_at_10": 0.94935,
                "map_at_20": 0.94935,
                "map_at_100": 0.94935,
                "map_at_1000": 0.94935,
                "recall_at_1": 0.90921,
                "recall_at_3": 0.98916,
                "recall_at_5": 1.0,
                "recall_at_10": 1.0,
                "recall_at_20": 1.0,
                "recall_at_100": 1.0,
                "recall_at_1000": 1.0,
                "accuracy": 0.90921,
                "precision_at_1": 0.90921,
                "precision_at_3": 0.32972,
                "precision_at_5": 0.2,
                "precision_at_10": 0.1,
                "precision_at_20": 0.05,
                "precision_at_100": 0.01,
                "precision_at_1000": 0.001,
                "mrr_at_1": 0.909214,
                "mrr_at_3": 0.946703,
                "mrr_at_5": 0.949345,
                "mrr_at_10": 0.949345,
                "mrr_at_20": 0.949345,
                "mrr_at_100": 0.949345,
                "mrr_at_1000": 0.949345,
                "nauc_ndcg_at_1_max": 0.614501,
                "nauc_ndcg_at_1_std": 0.568665,
                "nauc_ndcg_at_1_diff1": 0.854119,
                "nauc_ndcg_at_3_max": 0.668768,
                "nauc_ndcg_at_3_std": 0.642503,
                "nauc_ndcg_at_3_diff1": 0.840577,
                "nauc_ndcg_at_5_max": 0.640015,
                "nauc_ndcg_at_5_std": 0.604855,
                "nauc_ndcg_at_5_diff1": 0.845657,
                "nauc_ndcg_at_10_max": 0.640015,
                "nauc_ndcg_at_10_std": 0.604855,
                "nauc_ndcg_at_10_diff1": 0.845657,
                "nauc_ndcg_at_20_max": 0.640015,
                "nauc_ndcg_at_20_std": 0.604855,
                "nauc_ndcg_at_20_diff1": 0.845657,
                "nauc_ndcg_at_100_max": 0.640015,
                "nauc_ndcg_at_100_std": 0.604855,
                "nauc_ndcg_at_100_diff1": 0.845657,
                "nauc_ndcg_at_1000_max": 0.640015,
                "nauc_ndcg_at_1000_std": 0.604855,
                "nauc_ndcg_at_1000_diff1": 0.845657,
                "nauc_map_at_1_max": 0.614501,
                "nauc_map_at_1_std": 0.568665,
                "nauc_map_at_1_diff1": 0.854119,
                "nauc_map_at_3_max": 0.651509,
                "nauc_map_at_3_std": 0.619687,
                "nauc_map_at_3_diff1": 0.843895,
                "nauc_map_at_5_max": 0.638322,
                "nauc_map_at_5_std": 0.602472,
                "nauc_map_at_5_diff1": 0.846184,
                "nauc_map_at_10_max": 0.638322,
                "nauc_map_at_10_std": 0.602472,
                "nauc_map_at_10_diff1": 0.846184,
                "nauc_map_at_20_max": 0.638322,
                "nauc_map_at_20_std": 0.602472,
                "nauc_map_at_20_diff1": 0.846184,
                "nauc_map_at_100_max": 0.638322,
                "nauc_map_at_100_std": 0.602472,
                "nauc_map_at_100_diff1": 0.846184,
                "nauc_map_at_1000_max": 0.638322,
                "nauc_map_at_1000_std": 0.602472,
                "nauc_map_at_1000_diff1": 0.846184,
                "nauc_recall_at_1_max": 0.614501,
                "nauc_recall_at_1_std": 0.568665,
                "nauc_recall_at_1_diff1": 0.854119,
                "nauc_recall_at_3_max": 0.903425,
                "nauc_recall_at_3_std": 0.950966,
                "nauc_recall_at_3_diff1": 0.798065,
                "nauc_recall_at_5_max": NaN,
                "nauc_recall_at_5_std": NaN,
                "nauc_recall_at_5_diff1": NaN,
                "nauc_recall_at_10_max": NaN,
                "nauc_recall_at_10_std": NaN,
                "nauc_recall_at_10_diff1": NaN,
                "nauc_recall_at_20_max": NaN,
                "nauc_recall_at_20_std": NaN,
                "nauc_recall_at_20_diff1": NaN,
                "nauc_recall_at_100_max": NaN,
                "nauc_recall_at_100_std": NaN,
                "nauc_recall_at_100_diff1": NaN,
                "nauc_recall_at_1000_max": NaN,
                "nauc_recall_at_1000_std": NaN,
                "nauc_recall_at_1000_diff1": NaN,
                "nauc_precision_at_1_max": 0.614501,
                "nauc_precision_at_1_std": 0.568665,
                "nauc_precision_at_1_diff1": 0.854119,
                "nauc_precision_at_3_max": 0.903425,
                "nauc_precision_at_3_std": 0.950966,
                "nauc_precision_at_3_diff1": 0.798065,
                "nauc_precision_at_5_max": NaN,
                "nauc_precision_at_5_std": NaN,
                "nauc_precision_at_5_diff1": NaN,
                "nauc_precision_at_10_max": NaN,
                "nauc_precision_at_10_std": NaN,
                "nauc_precision_at_10_diff1": NaN,
                "nauc_precision_at_20_max": NaN,
                "nauc_precision_at_20_std": NaN,
                "nauc_precision_at_20_diff1": NaN,
                "nauc_precision_at_100_max": NaN,
                "nauc_precision_at_100_std": NaN,
                "nauc_precision_at_100_diff1": NaN,
                "nauc_precision_at_1000_max": 1.0,
                "nauc_precision_at_1000_std": 1.0,
                "nauc_precision_at_1000_diff1": 1.0,
                "nauc_mrr_at_1_max": 0.614501,
                "nauc_mrr_at_1_std": 0.568665,
                "nauc_mrr_at_1_diff1": 0.854119,
                "nauc_mrr_at_3_max": 0.651509,
                "nauc_mrr_at_3_std": 0.619687,
                "nauc_mrr_at_3_diff1": 0.843895,
                "nauc_mrr_at_5_max": 0.638322,
                "nauc_mrr_at_5_std": 0.602472,
                "nauc_mrr_at_5_diff1": 0.846184,
                "nauc_mrr_at_10_max": 0.638322,
                "nauc_mrr_at_10_std": 0.602472,
                "nauc_mrr_at_10_diff1": 0.846184,
                "nauc_mrr_at_20_max": 0.638322,
                "nauc_mrr_at_20_std": 0.602472,
                "nauc_mrr_at_20_diff1": 0.846184,
                "nauc_mrr_at_100_max": 0.638322,
                "nauc_mrr_at_100_std": 0.602472,
                "nauc_mrr_at_100_diff1": 0.846184,
                "nauc_mrr_at_1000_max": 0.638322,
                "nauc_mrr_at_1000_std": 0.602472,
                "nauc_mrr_at_1000_diff1": 0.846184,
                "cv_recall_at_1": 0.90921,
                "cv_recall_at_3": 0.98916,
                "cv_recall_at_5": 1.0,
                "cv_recall_at_10": 1.0,
                "cv_recall_at_20": 1.0,
                "cv_recall_at_100": 1.0,
                "cv_recall_at_1000": 1.0,
                "main_score": 0.94935,
                "hf_subset": "default",
                "languages": [
                    "slk-Latn"
                ]
            }
        ]
    },
    "evaluation_time": 17.572986125946045,
    "kg_co2_emissions": null
}
