{
    "dataset_revision": "f64f483ad0f31d2e78209d524c14a4a867965959",
    "task_name": "WebFAQRetrieval",
    "mteb_version": "1.39.7",
    "scores": {
        "test": [
            {
                "ndcg_at_1": 0.68062,
                "ndcg_at_3": 0.75721,
                "ndcg_at_5": 0.77286,
                "ndcg_at_10": 0.78651,
                "ndcg_at_20": 0.79585,
                "ndcg_at_100": 0.80376,
                "ndcg_at_1000": 0.80733,
                "map_at_1": 0.68062,
                "map_at_3": 0.73898,
                "map_at_5": 0.74765,
                "map_at_10": 0.75336,
                "map_at_20": 0.75594,
                "map_at_100": 0.75702,
                "map_at_1000": 0.75715,
                "recall_at_1": 0.68062,
                "recall_at_3": 0.80971,
                "recall_at_5": 0.84776,
                "recall_at_10": 0.88963,
                "recall_at_20": 0.92642,
                "recall_at_100": 0.96924,
                "recall_at_1000": 0.99746,
                "accuracy": 0.68062,
                "precision_at_1": 0.68062,
                "precision_at_3": 0.2699,
                "precision_at_5": 0.16955,
                "precision_at_10": 0.08896,
                "precision_at_20": 0.04632,
                "precision_at_100": 0.00969,
                "precision_at_1000": 0.001,
                "mrr_at_1": 0.680622,
                "mrr_at_3": 0.73956,
                "mrr_at_5": 0.748155,
                "mrr_at_10": 0.753905,
                "mrr_at_20": 0.756393,
                "mrr_at_100": 0.757505,
                "mrr_at_1000": 0.757635,
                "nauc_ndcg_at_1_max": 0.534712,
                "nauc_ndcg_at_1_std": 0.012863,
                "nauc_ndcg_at_1_diff1": 0.81731,
                "nauc_ndcg_at_3_max": 0.538804,
                "nauc_ndcg_at_3_std": -0.010277,
                "nauc_ndcg_at_3_diff1": 0.784783,
                "nauc_ndcg_at_5_max": 0.536289,
                "nauc_ndcg_at_5_std": -0.013668,
                "nauc_ndcg_at_5_diff1": 0.781497,
                "nauc_ndcg_at_10_max": 0.53085,
                "nauc_ndcg_at_10_std": -0.016884,
                "nauc_ndcg_at_10_diff1": 0.783739,
                "nauc_ndcg_at_20_max": 0.535799,
                "nauc_ndcg_at_20_std": -0.010324,
                "nauc_ndcg_at_20_diff1": 0.786321,
                "nauc_ndcg_at_100_max": 0.534316,
                "nauc_ndcg_at_100_std": -0.006099,
                "nauc_ndcg_at_100_diff1": 0.787478,
                "nauc_ndcg_at_1000_max": 0.536237,
                "nauc_ndcg_at_1000_std": -0.006194,
                "nauc_ndcg_at_1000_diff1": 0.789787,
                "nauc_map_at_1_max": 0.534712,
                "nauc_map_at_1_std": 0.012863,
                "nauc_map_at_1_diff1": 0.81731,
                "nauc_map_at_3_max": 0.538899,
                "nauc_map_at_3_std": -0.003652,
                "nauc_map_at_3_diff1": 0.793899,
                "nauc_map_at_5_max": 0.537886,
                "nauc_map_at_5_std": -0.004881,
                "nauc_map_at_5_diff1": 0.792547,
                "nauc_map_at_10_max": 0.53608,
                "nauc_map_at_10_std": -0.005778,
                "nauc_map_at_10_diff1": 0.793621,
                "nauc_map_at_20_max": 0.537371,
                "nauc_map_at_20_std": -0.004016,
                "nauc_map_at_20_diff1": 0.794283,
                "nauc_map_at_100_max": 0.537138,
                "nauc_map_at_100_std": -0.003552,
                "nauc_map_at_100_diff1": 0.794426,
                "nauc_map_at_1000_max": 0.537221,
                "nauc_map_at_1000_std": -0.003501,
                "nauc_map_at_1000_diff1": 0.794512,
                "nauc_recall_at_1_max": 0.534712,
                "nauc_recall_at_1_std": 0.012863,
                "nauc_recall_at_1_diff1": 0.81731,
                "nauc_recall_at_3_max": 0.537786,
                "nauc_recall_at_3_std": -0.034822,
                "nauc_recall_at_3_diff1": 0.751115,
                "nauc_recall_at_5_max": 0.527419,
                "nauc_recall_at_5_std": -0.053527,
                "nauc_recall_at_5_diff1": 0.732329,
                "nauc_recall_at_10_max": 0.493768,
                "nauc_recall_at_10_std": -0.084833,
                "nauc_recall_at_10_diff1": 0.727983,
                "nauc_recall_at_20_max": 0.522488,
                "nauc_recall_at_20_std": -0.055947,
                "nauc_recall_at_20_diff1": 0.727473,
                "nauc_recall_at_100_max": 0.46701,
                "nauc_recall_at_100_std": 0.01122,
                "nauc_recall_at_100_diff1": 0.684087,
                "nauc_recall_at_1000_max": 0.6333,
                "nauc_recall_at_1000_std": -0.07565,
                "nauc_recall_at_1000_diff1": 0.703323,
                "nauc_precision_at_1_max": 0.534712,
                "nauc_precision_at_1_std": 0.012863,
                "nauc_precision_at_1_diff1": 0.81731,
                "nauc_precision_at_3_max": 0.537786,
                "nauc_precision_at_3_std": -0.034822,
                "nauc_precision_at_3_diff1": 0.751115,
                "nauc_precision_at_5_max": 0.527419,
                "nauc_precision_at_5_std": -0.053527,
                "nauc_precision_at_5_diff1": 0.732329,
                "nauc_precision_at_10_max": 0.493768,
                "nauc_precision_at_10_std": -0.084833,
                "nauc_precision_at_10_diff1": 0.727983,
                "nauc_precision_at_20_max": 0.522488,
                "nauc_precision_at_20_std": -0.055947,
                "nauc_precision_at_20_diff1": 0.727473,
                "nauc_precision_at_100_max": 0.46701,
                "nauc_precision_at_100_std": 0.01122,
                "nauc_precision_at_100_diff1": 0.684087,
                "nauc_precision_at_1000_max": 0.6333,
                "nauc_precision_at_1000_std": -0.07565,
                "nauc_precision_at_1000_diff1": 0.703323,
                "nauc_mrr_at_1_max": 0.53724,
                "nauc_mrr_at_1_std": 0.014522,
                "nauc_mrr_at_1_diff1": 0.81731,
                "nauc_mrr_at_3_max": 0.539607,
                "nauc_mrr_at_3_std": -0.001553,
                "nauc_mrr_at_3_diff1": 0.793074,
                "nauc_mrr_at_5_max": 0.53884,
                "nauc_mrr_at_5_std": -0.002524,
                "nauc_mrr_at_5_diff1": 0.791802,
                "nauc_mrr_at_10_max": 0.537183,
                "nauc_mrr_at_10_std": -0.003121,
                "nauc_mrr_at_10_diff1": 0.792953,
                "nauc_mrr_at_20_max": 0.53859,
                "nauc_mrr_at_20_std": -0.001898,
                "nauc_mrr_at_20_diff1": 0.793722,
                "nauc_mrr_at_100_max": 0.538311,
                "nauc_mrr_at_100_std": -0.001188,
                "nauc_mrr_at_100_diff1": 0.793822,
                "nauc_mrr_at_1000_max": 0.538396,
                "nauc_mrr_at_1000_std": -0.001136,
                "nauc_mrr_at_1000_diff1": 0.793909,
                "cv_recall_at_1": 0.68062,
                "cv_recall_at_3": 0.81066,
                "cv_recall_at_5": 0.8484,
                "cv_recall_at_10": 0.89058,
                "cv_recall_at_20": 0.9261,
                "cv_recall_at_100": 0.96924,
                "cv_recall_at_1000": 0.99746,
                "main_score": 0.78651,
                "hf_subset": "slk",
                "languages": [
                    "slk-Latn"
                ]
            }
        ]
    },
    "evaluation_time": 127.26291275024414,
    "kg_co2_emissions": null
}
