{
    "dataset_revision": "c3262adb1c32ac0c3ea8de6393a44366edaa62e1",
    "task_name": "WebFAQRetrieval",
    "mteb_version": "1.39.7",
    "scores": {
        "test": [
            {
                "ndcg_at_1": 0.74722,
                "ndcg_at_3": 0.81135,
                "ndcg_at_5": 0.82536,
                "ndcg_at_10": 0.83639,
                "ndcg_at_20": 0.84318,
                "ndcg_at_100": 0.84989,
                "ndcg_at_1000": 0.8519,
                "map_at_1": 0.74722,
                "map_at_3": 0.79607,
                "map_at_5": 0.80393,
                "map_at_10": 0.80858,
                "map_at_20": 0.81051,
                "map_at_100": 0.81148,
                "map_at_1000": 0.81157,
                "recall_at_1": 0.74722,
                "recall_at_3": 0.85538,
                "recall_at_5": 0.88899,
                "recall_at_10": 0.92261,
                "recall_at_20": 0.94894,
                "recall_at_100": 0.98446,
                "recall_at_1000": 0.99968,
                "precision_at_1": 0.74722,
                "precision_at_3": 0.28513,
                "precision_at_5": 0.1778,
                "precision_at_10": 0.09226,
                "precision_at_20": 0.04745,
                "precision_at_100": 0.00984,
                "precision_at_1000": 0.001,
                "mrr_at_1": 0.745956,
                "mrr_at_3": 0.794957,
                "mrr_at_5": 0.80295,
                "mrr_at_10": 0.807659,
                "mrr_at_20": 0.809621,
                "mrr_at_100": 0.810611,
                "mrr_at_1000": 0.810697,
                "nauc_ndcg_at_1_max": 0.49891,
                "nauc_ndcg_at_1_std": -0.100006,
                "nauc_ndcg_at_1_diff1": 0.827249,
                "nauc_ndcg_at_3_max": 0.508426,
                "nauc_ndcg_at_3_std": -0.137382,
                "nauc_ndcg_at_3_diff1": 0.813494,
                "nauc_ndcg_at_5_max": 0.504357,
                "nauc_ndcg_at_5_std": -0.133065,
                "nauc_ndcg_at_5_diff1": 0.808518,
                "nauc_ndcg_at_10_max": 0.503437,
                "nauc_ndcg_at_10_std": -0.134954,
                "nauc_ndcg_at_10_diff1": 0.813751,
                "nauc_ndcg_at_20_max": 0.502941,
                "nauc_ndcg_at_20_std": -0.135282,
                "nauc_ndcg_at_20_diff1": 0.818512,
                "nauc_ndcg_at_100_max": 0.504282,
                "nauc_ndcg_at_100_std": -0.127063,
                "nauc_ndcg_at_100_diff1": 0.81785,
                "nauc_ndcg_at_1000_max": 0.504109,
                "nauc_ndcg_at_1000_std": -0.126836,
                "nauc_ndcg_at_1000_diff1": 0.817341,
                "nauc_map_at_1_max": 0.49891,
                "nauc_map_at_1_std": -0.100006,
                "nauc_map_at_1_diff1": 0.827249,
                "nauc_map_at_3_max": 0.50642,
                "nauc_map_at_3_std": -0.126366,
                "nauc_map_at_3_diff1": 0.817151,
                "nauc_map_at_5_max": 0.504456,
                "nauc_map_at_5_std": -0.1235,
                "nauc_map_at_5_diff1": 0.814864,
                "nauc_map_at_10_max": 0.504156,
                "nauc_map_at_10_std": -0.123829,
                "nauc_map_at_10_diff1": 0.816892,
                "nauc_map_at_20_max": 0.50409,
                "nauc_map_at_20_std": -0.123857,
                "nauc_map_at_20_diff1": 0.818105,
                "nauc_map_at_100_max": 0.504106,
                "nauc_map_at_100_std": -0.123029,
                "nauc_map_at_100_diff1": 0.818048,
                "nauc_map_at_1000_max": 0.5041,
                "nauc_map_at_1000_std": -0.122982,
                "nauc_map_at_1000_diff1": 0.818028,
                "nauc_recall_at_1_max": 0.49891,
                "nauc_recall_at_1_std": -0.100006,
                "nauc_recall_at_1_diff1": 0.827249,
                "nauc_recall_at_3_max": 0.515784,
                "nauc_recall_at_3_std": -0.18017,
                "nauc_recall_at_3_diff1": 0.799504,
                "nauc_recall_at_5_max": 0.50212,
                "nauc_recall_at_5_std": -0.178028,
                "nauc_recall_at_5_diff1": 0.777471,
                "nauc_recall_at_10_max": 0.49527,
                "nauc_recall_at_10_std": -0.209347,
                "nauc_recall_at_10_diff1": 0.796177,
                "nauc_recall_at_20_max": 0.484541,
                "nauc_recall_at_20_std": -0.24922,
                "nauc_recall_at_20_diff1": 0.838293,
                "nauc_recall_at_100_max": 0.525607,
                "nauc_recall_at_100_std": -0.099477,
                "nauc_recall_at_100_diff1": 0.848367,
                "nauc_recall_at_1000_max": 1.0,
                "nauc_recall_at_1000_std": 1.0,
                "nauc_recall_at_1000_diff1": 0.722213,
                "nauc_precision_at_1_max": 0.49891,
                "nauc_precision_at_1_std": -0.100006,
                "nauc_precision_at_1_diff1": 0.827249,
                "nauc_precision_at_3_max": 0.515784,
                "nauc_precision_at_3_std": -0.18017,
                "nauc_precision_at_3_diff1": 0.799504,
                "nauc_precision_at_5_max": 0.50212,
                "nauc_precision_at_5_std": -0.178028,
                "nauc_precision_at_5_diff1": 0.777471,
                "nauc_precision_at_10_max": 0.49527,
                "nauc_precision_at_10_std": -0.209347,
                "nauc_precision_at_10_diff1": 0.796177,
                "nauc_precision_at_20_max": 0.484541,
                "nauc_precision_at_20_std": -0.24922,
                "nauc_precision_at_20_diff1": 0.838293,
                "nauc_precision_at_100_max": 0.525607,
                "nauc_precision_at_100_std": -0.099477,
                "nauc_precision_at_100_diff1": 0.848367,
                "nauc_precision_at_1000_max": 1.0,
                "nauc_precision_at_1000_std": 1.0,
                "nauc_precision_at_1000_diff1": 0.722213,
                "nauc_mrr_at_1_max": 0.505229,
                "nauc_mrr_at_1_std": -0.097656,
                "nauc_mrr_at_1_diff1": 0.829509,
                "nauc_mrr_at_3_max": 0.511852,
                "nauc_mrr_at_3_std": -0.124503,
                "nauc_mrr_at_3_diff1": 0.8194,
                "nauc_mrr_at_5_max": 0.510291,
                "nauc_mrr_at_5_std": -0.12325,
                "nauc_mrr_at_5_diff1": 0.817006,
                "nauc_mrr_at_10_max": 0.509515,
                "nauc_mrr_at_10_std": -0.123118,
                "nauc_mrr_at_10_diff1": 0.818923,
                "nauc_mrr_at_20_max": 0.509482,
                "nauc_mrr_at_20_std": -0.122988,
                "nauc_mrr_at_20_diff1": 0.820126,
                "nauc_mrr_at_100_max": 0.509591,
                "nauc_mrr_at_100_std": -0.121935,
                "nauc_mrr_at_100_diff1": 0.820059,
                "nauc_mrr_at_1000_max": 0.509588,
                "nauc_mrr_at_1000_std": -0.121887,
                "nauc_mrr_at_1000_diff1": 0.82004,
                "main_score": 0.83639,
                "hf_subset": "slk",
                "languages": [
                    "slk-Latn"
                ]
            }
        ]
    },
    "evaluation_time": 51.2894389629364,
    "kg_co2_emissions": null
}
