{
  "dataset_revision": "75b399394a9803252cfec289d103de462763db7c",
  "task_name": "BelebeleRetrieval",
  "mteb_version": "2.3.0",
  "scores": {
    "test": [
      {
        "ndcg_at_1": 0.89111,
        "ndcg_at_3": 0.92509,
        "ndcg_at_5": 0.92911,
        "ndcg_at_10": 0.93334,
        "ndcg_at_20": 0.93709,
        "ndcg_at_100": 0.93879,
        "ndcg_at_1000": 0.93935,
        "map_at_1": 0.89111,
        "map_at_3": 0.91685,
        "map_at_5": 0.91902,
        "map_at_10": 0.92071,
        "map_at_20": 0.92179,
        "map_at_100": 0.92205,
        "map_at_1000": 0.92207,
        "recall_at_1": 0.89111,
        "recall_at_3": 0.94889,
        "recall_at_5": 0.95889,
        "recall_at_10": 0.97222,
        "recall_at_20": 0.98667,
        "recall_at_100": 0.99556,
        "recall_at_1000": 1.0,
        "accuracy": 0.89111,
        "precision_at_1": 0.89111,
        "precision_at_3": 0.3163,
        "precision_at_5": 0.19178,
        "precision_at_10": 0.09722,
        "precision_at_20": 0.04933,
        "precision_at_100": 0.00996,
        "precision_at_1000": 0.001,
        "mrr_at_1": 0.891111,
        "mrr_at_3": 0.916852,
        "mrr_at_5": 0.919019,
        "mrr_at_10": 0.920715,
        "mrr_at_20": 0.921795,
        "mrr_at_100": 0.922046,
        "mrr_at_1000": 0.922066,
        "nauc_ndcg_at_1_max": 0.823928,
        "nauc_ndcg_at_1_std": 0.071486,
        "nauc_ndcg_at_1_diff1": 0.909739,
        "nauc_ndcg_at_3_max": 0.858216,
        "nauc_ndcg_at_3_std": 0.097493,
        "nauc_ndcg_at_3_diff1": 0.906783,
        "nauc_ndcg_at_5_max": 0.855404,
        "nauc_ndcg_at_5_std": 0.080853,
        "nauc_ndcg_at_5_diff1": 0.909916,
        "nauc_ndcg_at_10_max": 0.852072,
        "nauc_ndcg_at_10_std": 0.08595,
        "nauc_ndcg_at_10_diff1": 0.909724,
        "nauc_ndcg_at_20_max": 0.850203,
        "nauc_ndcg_at_20_std": 0.102262,
        "nauc_ndcg_at_20_diff1": 0.907324,
        "nauc_ndcg_at_100_max": 0.848433,
        "nauc_ndcg_at_100_std": 0.099521,
        "nauc_ndcg_at_100_diff1": 0.907714,
        "nauc_ndcg_at_1000_max": 0.847651,
        "nauc_ndcg_at_1000_std": 0.093084,
        "nauc_ndcg_at_1000_diff1": 0.90819,
        "nauc_map_at_1_max": 0.823928,
        "nauc_map_at_1_std": 0.071486,
        "nauc_map_at_1_diff1": 0.909739,
        "nauc_map_at_3_max": 0.84858,
        "nauc_map_at_3_std": 0.090677,
        "nauc_map_at_3_diff1": 0.907538,
        "nauc_map_at_5_max": 0.84704,
        "nauc_map_at_5_std": 0.083162,
        "nauc_map_at_5_diff1": 0.90902,
        "nauc_map_at_10_max": 0.845554,
        "nauc_map_at_10_std": 0.08453,
        "nauc_map_at_10_diff1": 0.90885,
        "nauc_map_at_20_max": 0.845017,
        "nauc_map_at_20_std": 0.088044,
        "nauc_map_at_20_diff1": 0.908251,
        "nauc_map_at_100_max": 0.844786,
        "nauc_map_at_100_std": 0.087832,
        "nauc_map_at_100_diff1": 0.908345,
        "nauc_map_at_1000_max": 0.844766,
        "nauc_map_at_1000_std": 0.087673,
        "nauc_map_at_1000_diff1": 0.908368,
        "nauc_recall_at_1_max": 0.823928,
        "nauc_recall_at_1_std": 0.071486,
        "nauc_recall_at_1_diff1": 0.909739,
        "nauc_recall_at_3_max": 0.902367,
        "nauc_recall_at_3_std": 0.128354,
        "nauc_recall_at_3_diff1": 0.903382,
        "nauc_recall_at_5_max": 0.900699,
        "nauc_recall_at_5_std": 0.060451,
        "nauc_recall_at_5_diff1": 0.916093,
        "nauc_recall_at_10_max": 0.90028,
        "nauc_recall_at_10_std": 0.095145,
        "nauc_recall_at_10_diff1": 0.918954,
        "nauc_recall_at_20_max": 0.919273,
        "nauc_recall_at_20_std": 0.409119,
        "nauc_recall_at_20_diff1": 0.886983,
        "nauc_recall_at_100_max": 0.934641,
        "nauc_recall_at_100_std": 0.806839,
        "nauc_recall_at_100_diff1": 0.865196,
        "nauc_recall_at_1000_max": NaN,
        "nauc_recall_at_1000_std": NaN,
        "nauc_recall_at_1000_diff1": NaN,
        "nauc_precision_at_1_max": 0.823928,
        "nauc_precision_at_1_std": 0.071486,
        "nauc_precision_at_1_diff1": 0.909739,
        "nauc_precision_at_3_max": 0.902367,
        "nauc_precision_at_3_std": 0.128354,
        "nauc_precision_at_3_diff1": 0.903382,
        "nauc_precision_at_5_max": 0.900699,
        "nauc_precision_at_5_std": 0.060451,
        "nauc_precision_at_5_diff1": 0.916093,
        "nauc_precision_at_10_max": 0.90028,
        "nauc_precision_at_10_std": 0.095145,
        "nauc_precision_at_10_diff1": 0.918954,
        "nauc_precision_at_20_max": 0.919273,
        "nauc_precision_at_20_std": 0.409119,
        "nauc_precision_at_20_diff1": 0.886983,
        "nauc_precision_at_100_max": 0.934641,
        "nauc_precision_at_100_std": 0.806839,
        "nauc_precision_at_100_diff1": 0.865196,
        "nauc_precision_at_1000_max": NaN,
        "nauc_precision_at_1000_std": NaN,
        "nauc_precision_at_1000_diff1": NaN,
        "nauc_mrr_at_1_max": 0.823928,
        "nauc_mrr_at_1_std": 0.071486,
        "nauc_mrr_at_1_diff1": 0.909739,
        "nauc_mrr_at_3_max": 0.84858,
        "nauc_mrr_at_3_std": 0.090677,
        "nauc_mrr_at_3_diff1": 0.907538,
        "nauc_mrr_at_5_max": 0.84704,
        "nauc_mrr_at_5_std": 0.083162,
        "nauc_mrr_at_5_diff1": 0.90902,
        "nauc_mrr_at_10_max": 0.845554,
        "nauc_mrr_at_10_std": 0.08453,
        "nauc_mrr_at_10_diff1": 0.90885,
        "nauc_mrr_at_20_max": 0.845017,
        "nauc_mrr_at_20_std": 0.088044,
        "nauc_mrr_at_20_diff1": 0.908251,
        "nauc_mrr_at_100_max": 0.844786,
        "nauc_mrr_at_100_std": 0.087832,
        "nauc_mrr_at_100_diff1": 0.908345,
        "nauc_mrr_at_1000_max": 0.844766,
        "nauc_mrr_at_1000_std": 0.087673,
        "nauc_mrr_at_1000_diff1": 0.908368,
        "cv_recall_at_1": 0.89111,
        "cv_recall_at_3": 0.94889,
        "cv_recall_at_5": 0.95889,
        "cv_recall_at_10": 0.97222,
        "cv_recall_at_20": 0.98667,
        "cv_recall_at_100": 0.99556,
        "cv_recall_at_1000": 1.0,
        "main_score": 0.93334,
        "hf_subset": "slk_Latn-slk_Latn",
        "languages": [
          "slk-Latn",
          "slk-Latn"
        ]
      },
      {
        "ndcg_at_1": 0.9,
        "ndcg_at_3": 0.93766,
        "ndcg_at_5": 0.94397,
        "ndcg_at_10": 0.94793,
        "ndcg_at_20": 0.94937,
        "ndcg_at_100": 0.94962,
        "ndcg_at_1000": 0.95001,
        "map_at_1": 0.9,
        "map_at_3": 0.92907,
        "map_at_5": 0.93252,
        "map_at_10": 0.93416,
        "map_at_20": 0.93457,
        "map_at_100": 0.93462,
        "map_at_1000": 0.93463,
        "recall_at_1": 0.9,
        "recall_at_3": 0.96222,
        "recall_at_5": 0.97778,
        "recall_at_10": 0.99,
        "recall_at_20": 0.99556,
        "recall_at_100": 0.99667,
        "recall_at_1000": 1.0,
        "accuracy": 0.9,
        "precision_at_1": 0.9,
        "precision_at_3": 0.32074,
        "precision_at_5": 0.19556,
        "precision_at_10": 0.099,
        "precision_at_20": 0.04978,
        "precision_at_100": 0.00997,
        "precision_at_1000": 0.001,
        "mrr_at_1": 0.9,
        "mrr_at_3": 0.929074,
        "mrr_at_5": 0.932519,
        "mrr_at_10": 0.934157,
        "mrr_at_20": 0.93457,
        "mrr_at_100": 0.934621,
        "mrr_at_1000": 0.93463,
        "nauc_ndcg_at_1_max": 0.794927,
        "nauc_ndcg_at_1_std": -0.214706,
        "nauc_ndcg_at_1_diff1": 0.90375,
        "nauc_ndcg_at_3_max": 0.813049,
        "nauc_ndcg_at_3_std": -0.125091,
        "nauc_ndcg_at_3_diff1": 0.906441,
        "nauc_ndcg_at_5_max": 0.820196,
        "nauc_ndcg_at_5_std": -0.145295,
        "nauc_ndcg_at_5_diff1": 0.908195,
        "nauc_ndcg_at_10_max": 0.816478,
        "nauc_ndcg_at_10_std": -0.132537,
        "nauc_ndcg_at_10_diff1": 0.90779,
        "nauc_ndcg_at_20_max": 0.813547,
        "nauc_ndcg_at_20_std": -0.134038,
        "nauc_ndcg_at_20_diff1": 0.906721,
        "nauc_ndcg_at_100_max": 0.812638,
        "nauc_ndcg_at_100_std": -0.139567,