{
  "dataset_revision": "09f81f51dd5b8497da16d02c69c98d5cb5993ef2",
  "task_name": "SKQuadRetrieval",
  "mteb_version": "2.3.0",
  "scores": {
    "test": [
      {
        "ndcg_at_1": 0.58413,
        "ndcg_at_3": 0.64205,
        "ndcg_at_5": 0.66153,
        "ndcg_at_10": 0.68467,
        "ndcg_at_20": 0.70441,
        "ndcg_at_100": 0.72567,
        "ndcg_at_1000": 0.73241,
        "map_at_1": 0.40047,
        "map_at_3": 0.52468,
        "map_at_5": 0.54195,
        "map_at_10": 0.55781,
        "map_at_20": 0.56879,
        "map_at_100": 0.57562,
        "map_at_1000": 0.57619,
        "recall_at_1": 0.40047,
        "recall_at_3": 0.63959,
        "recall_at_5": 0.68928,
        "recall_at_10": 0.75596,
        "recall_at_20": 0.82924,
        "recall_at_100": 0.93655,
        "recall_at_1000": 0.98914,
        "accuracy": 0.40047,
        "precision_at_1": 0.59524,
        "precision_at_3": 0.33245,
        "precision_at_5": 0.22028,
        "precision_at_10": 0.1246,
        "precision_at_20": 0.07156,
        "precision_at_100": 0.017,
        "precision_at_1000": 0.00183,
        "mrr_at_1": 0.595238,
        "mrr_at_3": 0.736772,
        "mrr_at_5": 0.746296,
        "mrr_at_10": 0.750609,
        "mrr_at_20": 0.751942,
        "mrr_at_100": 0.75223,
        "mrr_at_1000": 0.752237,
        "nauc_ndcg_at_1_max": 0.047182,
        "nauc_ndcg_at_1_std": -0.079252,
        "nauc_ndcg_at_1_diff1": 0.37173,
        "nauc_ndcg_at_3_max": 0.068058,
        "nauc_ndcg_at_3_std": -0.16364,
        "nauc_ndcg_at_3_diff1": 0.245049,
        "nauc_ndcg_at_5_max": 0.069559,
        "nauc_ndcg_at_5_std": -0.138515,
        "nauc_ndcg_at_5_diff1": 0.244018,
        "nauc_ndcg_at_10_max": 0.062242,
        "nauc_ndcg_at_10_std": -0.125206,
        "nauc_ndcg_at_10_diff1": 0.25043,
        "nauc_ndcg_at_20_max": 0.065382,
        "nauc_ndcg_at_20_std": -0.109597,
        "nauc_ndcg_at_20_diff1": 0.261668,
        "nauc_ndcg_at_100_max": 0.076048,
        "nauc_ndcg_at_100_std": -0.085593,
        "nauc_ndcg_at_100_diff1": 0.267059,
        "nauc_ndcg_at_1000_max": 0.08035,
        "nauc_ndcg_at_1000_std": -0.098298,
        "nauc_ndcg_at_1000_diff1": 0.273636,
        "nauc_map_at_1_max": -0.025489,
        "nauc_map_at_1_std": -0.137511,
        "nauc_map_at_1_diff1": 0.298472,
        "nauc_map_at_3_max": -0.001331,
        "nauc_map_at_3_std": -0.173429,
        "nauc_map_at_3_diff1": 0.228195,
        "nauc_map_at_5_max": 0.003926,
        "nauc_map_at_5_std": -0.162261,
        "nauc_map_at_5_diff1": 0.224988,
        "nauc_map_at_10_max": 0.009207,
        "nauc_map_at_10_std": -0.155184,
        "nauc_map_at_10_diff1": 0.228611,
        "nauc_map_at_20_max": 0.014793,
        "nauc_map_at_20_std": -0.146179,
        "nauc_map_at_20_diff1": 0.232248,
        "nauc_map_at_100_max": 0.017818,
        "nauc_map_at_100_std": -0.138937,
        "nauc_map_at_100_diff1": 0.233709,
        "nauc_map_at_1000_max": 0.017987,
        "nauc_map_at_1000_std": -0.139639,
        "nauc_map_at_1000_diff1": 0.234235,
        "nauc_recall_at_1_max": -0.025489,
        "nauc_recall_at_1_std": -0.137511,
        "nauc_recall_at_1_diff1": 0.298472,
        "nauc_recall_at_3_max": 0.013566,
        "nauc_recall_at_3_std": -0.17923,
        "nauc_recall_at_3_diff1": 0.105492,
        "nauc_recall_at_5_max": 0.01305,
        "nauc_recall_at_5_std": -0.136701,
        "nauc_recall_at_5_diff1": 0.080298,
        "nauc_recall_at_10_max": -0.012891,
        "nauc_recall_at_10_std": -0.098155,
        "nauc_recall_at_10_diff1": 0.066346,
        "nauc_recall_at_20_max": -0.026971,
        "nauc_recall_at_20_std": -0.011167,
        "nauc_recall_at_20_diff1": 0.062647,
        "nauc_recall_at_100_max": 0.019129,
        "nauc_recall_at_100_std": 0.378551,
        "nauc_recall_at_100_diff1": -0.005428,
        "nauc_recall_at_1000_max": 0.440929,
        "nauc_recall_at_1000_std": 0.706788,
        "nauc_recall_at_1000_diff1": 0.06003,
        "nauc_precision_at_1_max": 0.047281,
        "nauc_precision_at_1_std": -0.084178,
        "nauc_precision_at_1_diff1": 0.366263,
        "nauc_precision_at_3_max": 0.221825,
        "nauc_precision_at_3_std": -0.03291,
        "nauc_precision_at_3_diff1": 0.065929,
        "nauc_precision_at_5_max": 0.235176,
        "nauc_precision_at_5_std": 0.072304,
        "nauc_precision_at_5_diff1": 0.007094,
        "nauc_precision_at_10_max": 0.209421,
        "nauc_precision_at_10_std": 0.134372,
        "nauc_precision_at_10_diff1": -0.020855,
        "nauc_precision_at_20_max": 0.191688,
        "nauc_precision_at_20_std": 0.191196,
        "nauc_precision_at_20_diff1": -0.020869,
        "nauc_precision_at_100_max": 0.190715,
        "nauc_precision_at_100_std": 0.26378,
        "nauc_precision_at_100_diff1": -0.052777,
        "nauc_precision_at_1000_max": 0.189315,
        "nauc_precision_at_1000_std": 0.204128,
        "nauc_precision_at_1000_diff1": -0.043446,
        "nauc_mrr_at_1_max": 0.047281,
        "nauc_mrr_at_1_std": -0.084178,
        "nauc_mrr_at_1_diff1": 0.366263,
        "nauc_mrr_at_3_max": 0.142858,
        "nauc_mrr_at_3_std": -0.112498,
        "nauc_mrr_at_3_diff1": 0.323133,
        "nauc_mrr_at_5_max": 0.141933,
        "nauc_mrr_at_5_std": -0.098952,
        "nauc_mrr_at_5_diff1": 0.328749,
        "nauc_mrr_at_10_max": 0.133854,
        "nauc_mrr_at_10_std": -0.096186,
        "nauc_mrr_at_10_diff1": 0.3311,
        "nauc_mrr_at_20_max": 0.130108,
        "nauc_mrr_at_20_std": -0.097222,
        "nauc_mrr_at_20_diff1": 0.332782,
        "nauc_mrr_at_100_max": 0.129335,
        "nauc_mrr_at_100_std": -0.09786,
        "nauc_mrr_at_100_diff1": 0.332678,
        "nauc_mrr_at_1000_max": 0.129307,
        "nauc_mrr_at_1000_std": -0.097875,
        "nauc_mrr_at_1000_diff1": 0.332665,
        "cv_recall_at_1": 0.59524,
        "cv_recall_at_3": 0.89859,
        "cv_recall_at_5": 0.93915,
        "cv_recall_at_10": 0.97002,
        "cv_recall_at_20": 0.98854,
        "cv_recall_at_100": 0.99912,
        "cv_recall_at_1000": 1.0,
        "main_score": 0.68467,
        "hf_subset": "default",
        "languages": [
          "slk-Latn"
        ]
      }
    ]
  },
  "evaluation_time": 76.91838788986206,
  "kg_co2_emissions": null
}