{
  "dataset_revision": "3997eba1c60721e34f7b01db400f5b14a40218ea",
  "task_name": "SkQuadReranking",
  "mteb_version": "2.3.0",
  "scores": {
    "test": [
      {
        "ndcg_at_1": 0.65578,
        "ndcg_at_3": 0.70282,
        "ndcg_at_5": 0.74122,
        "ndcg_at_10": 0.79513,
        "ndcg_at_20": 0.80383,
        "ndcg_at_100": 0.80383,
        "ndcg_at_1000": 0.80383,
        "map_at_1": 0.49932,
        "map_at_3": 0.63534,
        "map_at_5": 0.66528,
        "map_at_10": 0.70073,
        "map_at_20": 0.70554,
        "map_at_100": 0.70554,
        "map_at_1000": 0.70554,
        "recall_at_1": 0.49932,
        "recall_at_3": 0.75541,
        "recall_at_5": 0.83729,
        "recall_at_10": 0.97478,
        "recall_at_20": 1.0,
        "recall_at_100": 1.0,
        "recall_at_1000": 1.0,
        "accuracy": 0.49932,
        "precision_at_1": 0.65578,
        "precision_at_3": 0.3454,
        "precision_at_5": 0.23795,
        "precision_at_10": 0.14757,
        "precision_at_20": 0.07643,
        "precision_at_100": 0.01529,
        "precision_at_1000": 0.00153,
        "mrr_at_1": 0.655781,
        "mrr_at_3": 0.778464,
        "mrr_at_5": 0.788658,
        "mrr_at_10": 0.792765,
        "mrr_at_20": 0.793086,
        "mrr_at_100": 0.793086,
        "mrr_at_1000": 0.793086,
        "nauc_ndcg_at_1_max": 0.136694,
        "nauc_ndcg_at_1_std": 0.062769,
        "nauc_ndcg_at_1_diff1": 0.432689,
        "nauc_ndcg_at_3_max": 0.049346,
        "nauc_ndcg_at_3_std": 0.064231,
        "nauc_ndcg_at_3_diff1": 0.27252,
        "nauc_ndcg_at_5_max": 0.078154,
        "nauc_ndcg_at_5_std": 0.082569,
        "nauc_ndcg_at_5_diff1": 0.291562,
        "nauc_ndcg_at_10_max": 0.097324,
        "nauc_ndcg_at_10_std": 0.094381,
        "nauc_ndcg_at_10_diff1": 0.320765,
        "nauc_ndcg_at_20_max": 0.104923,
        "nauc_ndcg_at_20_std": 0.088016,
        "nauc_ndcg_at_20_diff1": 0.324607,
        "nauc_ndcg_at_100_max": 0.104923,
        "nauc_ndcg_at_100_std": 0.088016,
        "nauc_ndcg_at_100_diff1": 0.324607,
        "nauc_ndcg_at_1000_max": 0.104923,
        "nauc_ndcg_at_1000_std": 0.088016,
        "nauc_ndcg_at_1000_diff1": 0.324607,
        "nauc_map_at_1_max": 0.03139,
        "nauc_map_at_1_std": 0.004601,
        "nauc_map_at_1_diff1": 0.338786,
        "nauc_map_at_3_max": 0.025259,
        "nauc_map_at_3_std": 0.033754,
        "nauc_map_at_3_diff1": 0.274784,
        "nauc_map_at_5_max": 0.051728,
        "nauc_map_at_5_std": 0.049662,
        "nauc_map_at_5_diff1": 0.285366,
        "nauc_map_at_10_max": 0.065273,
        "nauc_map_at_10_std": 0.060968,
        "nauc_map_at_10_diff1": 0.298028,
        "nauc_map_at_20_max": 0.069084,
        "nauc_map_at_20_std": 0.059041,
        "nauc_map_at_20_diff1": 0.299646,
        "nauc_map_at_100_max": 0.069084,
        "nauc_map_at_100_std": 0.059041,
        "nauc_map_at_100_diff1": 0.299646,
        "nauc_map_at_1000_max": 0.069084,
        "nauc_map_at_1000_std": 0.059041,
        "nauc_map_at_1000_diff1": 0.299646,
        "nauc_recall_at_1_max": 0.03139,
        "nauc_recall_at_1_std": 0.004601,
        "nauc_recall_at_1_diff1": 0.338786,
        "nauc_recall_at_3_max": -0.026093,
        "nauc_recall_at_3_std": 0.047169,
        "nauc_recall_at_3_diff1": 0.14504,
        "nauc_recall_at_5_max": 0.013104,
        "nauc_recall_at_5_std": 0.081303,
        "nauc_recall_at_5_diff1": 0.147544,
        "nauc_recall_at_10_max": -0.021513,
        "nauc_recall_at_10_std": 0.20644,
        "nauc_recall_at_10_diff1": 0.189702,
        "nauc_recall_at_20_max": NaN,
        "nauc_recall_at_20_std": NaN,
        "nauc_recall_at_20_diff1": NaN,
        "nauc_recall_at_100_max": NaN,
        "nauc_recall_at_100_std": NaN,
        "nauc_recall_at_100_diff1": NaN,
        "nauc_recall_at_1000_max": NaN,
        "nauc_recall_at_1000_std": NaN,
        "nauc_recall_at_1000_diff1": NaN,
        "nauc_precision_at_1_max": 0.136694,
        "nauc_precision_at_1_std": 0.062769,
        "nauc_precision_at_1_diff1": 0.432689,
        "nauc_precision_at_3_max": 0.155824,
        "nauc_precision_at_3_std": 0.164637,
        "nauc_precision_at_3_diff1": 0.051518,
        "nauc_precision_at_5_max": 0.190448,
        "nauc_precision_at_5_std": 0.159637,
        "nauc_precision_at_5_diff1": -0.005778,
        "nauc_precision_at_10_max": 0.170534,
        "nauc_precision_at_10_std": 0.122827,
        "nauc_precision_at_10_diff1": -0.078635,
        "nauc_precision_at_20_max": 0.175934,
        "nauc_precision_at_20_std": 0.10491,
        "nauc_precision_at_20_diff1": -0.09097,
        "nauc_precision_at_100_max": 0.175934,
        "nauc_precision_at_100_std": 0.10491,
        "nauc_precision_at_100_diff1": -0.09097,
        "nauc_precision_at_1000_max": 0.175934,
        "nauc_precision_at_1000_std": 0.10491,
        "nauc_precision_at_1000_diff1": -0.09097,
        "nauc_mrr_at_1_max": 0.136694,
        "nauc_mrr_at_1_std": 0.062769,
        "nauc_mrr_at_1_diff1": 0.432689,
        "nauc_mrr_at_3_max": 0.174351,
        "nauc_mrr_at_3_std": 0.148991,
        "nauc_mrr_at_3_diff1": 0.387636,
        "nauc_mrr_at_5_max": 0.174435,
        "nauc_mrr_at_5_std": 0.143256,
        "nauc_mrr_at_5_diff1": 0.397716,
        "nauc_mrr_at_10_max": 0.167764,
        "nauc_mrr_at_10_std": 0.129677,
        "nauc_mrr_at_10_diff1": 0.399529,
        "nauc_mrr_at_20_max": 0.166627,
        "nauc_mrr_at_20_std": 0.128087,
        "nauc_mrr_at_20_diff1": 0.399613,
        "nauc_mrr_at_100_max": 0.166627,
        "nauc_mrr_at_100_std": 0.128087,
        "nauc_mrr_at_100_diff1": 0.399613,
        "nauc_mrr_at_1000_max": 0.166627,
        "nauc_mrr_at_1000_std": 0.128087,
        "nauc_mrr_at_1000_diff1": 0.399613,
        "cv_recall_at_1": 0.65578,
        "cv_recall_at_3": 0.92233,
        "cv_recall_at_5": 0.96646,
        "cv_recall_at_10": 0.99647,
        "cv_recall_at_20": 1.0,
        "cv_recall_at_100": 1.0,
        "cv_recall_at_1000": 1.0,
        "main_score": 0.70554,
        "hf_subset": "default",
        "languages": [
          "slk-Latn"
        ]
      }
    ]
  },
  "evaluation_time": 147.926038980484,
  "kg_co2_emissions": null
}