{
  "dataset_revision": "82320d7f1d6561a12516605ec24f5d61aceb915c",
  "task_name": "SlovakPharmacyMojaLekarenReranking",
  "mteb_version": "2.3.0",
  "scores": {
    "test": [
      {
        "ndcg_at_1": 0.95122,
        "ndcg_at_3": 0.9799,
        "ndcg_at_5": 0.98048,
        "ndcg_at_10": 0.98048,
        "ndcg_at_20": 0.98048,
        "ndcg_at_100": 0.98048,
        "ndcg_at_1000": 0.98048,
        "map_at_1": 0.95122,
        "map_at_3": 0.97335,
        "map_at_5": 0.97369,
        "map_at_10": 0.97369,
        "map_at_20": 0.97369,
        "map_at_100": 0.97369,
        "map_at_1000": 0.97369,
        "recall_at_1": 0.95122,
        "recall_at_3": 0.99864,
        "recall_at_5": 1.0,
        "recall_at_10": 1.0,
        "recall_at_20": 1.0,
        "recall_at_100": 1.0,
        "recall_at_1000": 1.0,
        "accuracy": 0.95122,
        "precision_at_1": 0.95122,
        "precision_at_3": 0.33288,
        "precision_at_5": 0.2,
        "precision_at_10": 0.1,
        "precision_at_20": 0.05,
        "precision_at_100": 0.01,
        "precision_at_1000": 0.001,
        "mrr_at_1": 0.95122,
        "mrr_at_3": 0.973351,
        "mrr_at_5": 0.97369,
        "mrr_at_10": 0.97369,
        "mrr_at_20": 0.97369,
        "mrr_at_100": 0.97369,
        "mrr_at_1000": 0.97369,
        "nauc_ndcg_at_1_max": 0.713117,
        "nauc_ndcg_at_1_std": 0.58375,
        "nauc_ndcg_at_1_diff1": 0.947783,
        "nauc_ndcg_at_3_max": 0.72926,
        "nauc_ndcg_at_3_std": 0.611926,
        "nauc_ndcg_at_3_diff1": 0.950922,
        "nauc_ndcg_at_5_max": 0.721165,
        "nauc_ndcg_at_5_std": 0.600322,
        "nauc_ndcg_at_5_diff1": 0.949454,
        "nauc_ndcg_at_10_max": 0.721165,
        "nauc_ndcg_at_10_std": 0.600322,
        "nauc_ndcg_at_10_diff1": 0.949454,
        "nauc_ndcg_at_20_max": 0.721165,
        "nauc_ndcg_at_20_std": 0.600322,
        "nauc_ndcg_at_20_diff1": 0.949454,
        "nauc_ndcg_at_100_max": 0.721165,
        "nauc_ndcg_at_100_std": 0.600322,
        "nauc_ndcg_at_100_diff1": 0.949454,
        "nauc_ndcg_at_1000_max": 0.721165,
        "nauc_ndcg_at_1000_std": 0.600322,
        "nauc_ndcg_at_1000_diff1": 0.949454,
        "nauc_map_at_1_max": 0.713117,
        "nauc_map_at_1_std": 0.58375,
        "nauc_map_at_1_diff1": 0.947783,
        "nauc_map_at_3_max": 0.724195,
        "nauc_map_at_3_std": 0.604387,
        "nauc_map_at_3_diff1": 0.949992,
        "nauc_map_at_5_max": 0.720644,
        "nauc_map_at_5_std": 0.599294,
        "nauc_map_at_5_diff1": 0.949348,
        "nauc_map_at_10_max": 0.720644,
        "nauc_map_at_10_std": 0.599294,
        "nauc_map_at_10_diff1": 0.949348,
        "nauc_map_at_20_max": 0.720644,
        "nauc_map_at_20_std": 0.599294,
        "nauc_map_at_20_diff1": 0.949348,
        "nauc_map_at_100_max": 0.720644,
        "nauc_map_at_100_std": 0.599294,
        "nauc_map_at_100_diff1": 0.949348,
        "nauc_map_at_1000_max": 0.720644,
        "nauc_map_at_1000_std": 0.599294,
        "nauc_map_at_1000_diff1": 0.949348,
        "nauc_recall_at_1_max": 0.713117,
        "nauc_recall_at_1_std": 0.58375,
        "nauc_recall_at_1_diff1": 0.947783,
        "nauc_recall_at_3_max": 1.0,
        "nauc_recall_at_3_std": 1.0,
        "nauc_recall_at_3_diff1": 1.0,
        "nauc_recall_at_5_max": NaN,
        "nauc_recall_at_5_std": NaN,
        "nauc_recall_at_5_diff1": NaN,
        "nauc_recall_at_10_max": NaN,
        "nauc_recall_at_10_std": NaN,
        "nauc_recall_at_10_diff1": NaN,
        "nauc_recall_at_20_max": NaN,
        "nauc_recall_at_20_std": NaN,
        "nauc_recall_at_20_diff1": NaN,
        "nauc_recall_at_100_max": NaN,
        "nauc_recall_at_100_std": NaN,
        "nauc_recall_at_100_diff1": NaN,
        "nauc_recall_at_1000_max": NaN,
        "nauc_recall_at_1000_std": NaN,
        "nauc_recall_at_1000_diff1": NaN,
        "nauc_precision_at_1_max": 0.713117,
        "nauc_precision_at_1_std": 0.58375,
        "nauc_precision_at_1_diff1": 0.947783,
        "nauc_precision_at_3_max": 1.0,
        "nauc_precision_at_3_std": 1.0,
        "nauc_precision_at_3_diff1": 1.0,
        "nauc_precision_at_5_max": NaN,
        "nauc_precision_at_5_std": NaN,
        "nauc_precision_at_5_diff1": NaN,
        "nauc_precision_at_10_max": NaN,
        "nauc_precision_at_10_std": NaN,
        "nauc_precision_at_10_diff1": NaN,
        "nauc_precision_at_20_max": NaN,
        "nauc_precision_at_20_std": NaN,
        "nauc_precision_at_20_diff1": NaN,
        "nauc_precision_at_100_max": NaN,
        "nauc_precision_at_100_std": NaN,
        "nauc_precision_at_100_diff1": NaN,
        "nauc_precision_at_1000_max": 1.0,
        "nauc_precision_at_1000_std": 1.0,
        "nauc_precision_at_1000_diff1": 1.0,
        "nauc_mrr_at_1_max": 0.713117,
        "nauc_mrr_at_1_std": 0.58375,
        "nauc_mrr_at_1_diff1": 0.947783,
        "nauc_mrr_at_3_max": 0.724195,
        "nauc_mrr_at_3_std": 0.604387,
        "nauc_mrr_at_3_diff1": 0.949992,
        "nauc_mrr_at_5_max": 0.720644,
        "nauc_mrr_at_5_std": 0.599294,
        "nauc_mrr_at_5_diff1": 0.949348,
        "nauc_mrr_at_10_max": 0.720644,
        "nauc_mrr_at_10_std": 0.599294,
        "nauc_mrr_at_10_diff1": 0.949348,
        "nauc_mrr_at_20_max": 0.720644,
        "nauc_mrr_at_20_std": 0.599294,
        "nauc_mrr_at_20_diff1": 0.949348,
        "nauc_mrr_at_100_max": 0.720644,
        "nauc_mrr_at_100_std": 0.599294,
        "nauc_mrr_at_100_diff1": 0.949348,
        "nauc_mrr_at_1000_max": 0.720644,
        "nauc_mrr_at_1000_std": 0.599294,
        "nauc_mrr_at_1000_diff1": 0.949348,
        "cv_recall_at_1": 0.95122,
        "cv_recall_at_3": 0.99864,
        "cv_recall_at_5": 1.0,
        "cv_recall_at_10": 1.0,
        "cv_recall_at_20": 1.0,
        "cv_recall_at_100": 1.0,
        "cv_recall_at_1000": 1.0,
        "main_score": 0.97369,
        "hf_subset": "default",
        "languages": [
          "slk-Latn"
        ]
      }
    ]
  },
  "evaluation_time": 31.48137402534485,
  "kg_co2_emissions": null
}