{
  "dataset_revision": "c5a6521a4ddce3450fb04ba218623681a9189c6d",
  "task_name": "SMESumRetrieval",
  "mteb_version": "2.3.0",
  "scores": {
    "test": [
      {
        "ndcg_at_1": 0.8,
        "ndcg_at_3": 0.8617,
        "ndcg_at_5": 0.87662,
        "ndcg_at_10": 0.88466,
        "ndcg_at_20": 0.88749,
        "ndcg_at_100": 0.89048,
        "ndcg_at_1000": 0.89167,
        "map_at_1": 0.8,
        "map_at_3": 0.84722,
        "map_at_5": 0.85539,
        "map_at_10": 0.85869,
        "map_at_20": 0.8594,
        "map_at_100": 0.85989,
        "map_at_1000": 0.85996,
        "recall_at_1": 0.8,
        "recall_at_3": 0.90333,
        "recall_at_5": 0.94,
        "recall_at_10": 0.965,
        "recall_at_20": 0.97667,
        "recall_at_100": 0.99167,
        "recall_at_1000": 1.0,
        "accuracy": 0.8,
        "precision_at_1": 0.8,
        "precision_at_3": 0.30111,
        "precision_at_5": 0.188,
        "precision_at_10": 0.0965,
        "precision_at_20": 0.04883,
        "precision_at_100": 0.00992,
        "precision_at_1000": 0.001,
        "mrr_at_1": 0.8,
        "mrr_at_3": 0.847222,
        "mrr_at_5": 0.855389,
        "mrr_at_10": 0.858687,
        "mrr_at_20": 0.8594,
        "mrr_at_100": 0.859892,
        "mrr_at_1000": 0.85996,
        "nauc_ndcg_at_1_max": 0.720209,
        "nauc_ndcg_at_1_std": 0.157201,
        "nauc_ndcg_at_1_diff1": 0.874013,
        "nauc_ndcg_at_3_max": 0.734282,
        "nauc_ndcg_at_3_std": 0.159767,
        "nauc_ndcg_at_3_diff1": 0.850364,
        "nauc_ndcg_at_5_max": 0.731851,
        "nauc_ndcg_at_5_std": 0.141661,
        "nauc_ndcg_at_5_diff1": 0.854549,
        "nauc_ndcg_at_10_max": 0.738851,
        "nauc_ndcg_at_10_std": 0.165114,
        "nauc_ndcg_at_10_diff1": 0.860296,
        "nauc_ndcg_at_20_max": 0.733898,
        "nauc_ndcg_at_20_std": 0.155601,
        "nauc_ndcg_at_20_diff1": 0.861293,
        "nauc_ndcg_at_100_max": 0.735946,
        "nauc_ndcg_at_100_std": 0.162134,
        "nauc_ndcg_at_100_diff1": 0.861985,
        "nauc_ndcg_at_1000_max": 0.733186,
        "nauc_ndcg_at_1000_std": 0.157651,
        "nauc_ndcg_at_1000_diff1": 0.860678,
        "nauc_map_at_1_max": 0.720209,
        "nauc_map_at_1_std": 0.157201,
        "nauc_map_at_1_diff1": 0.874013,
        "nauc_map_at_3_max": 0.730034,
        "nauc_map_at_3_std": 0.157035,
        "nauc_map_at_3_diff1": 0.856976,
        "nauc_map_at_5_max": 0.72871,
        "nauc_map_at_5_std": 0.148574,
        "nauc_map_at_5_diff1": 0.859185,
        "nauc_map_at_10_max": 0.731047,
        "nauc_map_at_10_std": 0.157326,
        "nauc_map_at_10_diff1": 0.861076,
        "nauc_map_at_20_max": 0.729985,
        "nauc_map_at_20_std": 0.155148,
        "nauc_map_at_20_diff1": 0.861273,
        "nauc_map_at_100_max": 0.730407,
        "nauc_map_at_100_std": 0.155989,
        "nauc_map_at_100_diff1": 0.861389,
        "nauc_map_at_1000_max": 0.730283,
        "nauc_map_at_1000_std": 0.155795,
        "nauc_map_at_1000_diff1": 0.86133,
        "nauc_recall_at_1_max": 0.720209,
        "nauc_recall_at_1_std": 0.157201,
        "nauc_recall_at_1_diff1": 0.874013,
        "nauc_recall_at_3_max": 0.752696,
        "nauc_recall_at_3_std": 0.172856,
        "nauc_recall_at_3_diff1": 0.82204,
        "nauc_recall_at_5_max": 0.751504,
        "nauc_recall_at_5_std": 0.091153,
        "nauc_recall_at_5_diff1": 0.826421,
        "nauc_recall_at_10_max": 0.832511,
        "nauc_recall_at_10_std": 0.270219,
        "nauc_recall_at_10_diff1": 0.865724,
        "nauc_recall_at_20_max": 0.786114,
        "nauc_recall_at_20_std": 0.151661,
        "nauc_recall_at_20_diff1": 0.887622,
        "nauc_recall_at_100_max": 0.973856,
        "nauc_recall_at_100_std": 0.551447,
        "nauc_recall_at_100_diff1": 0.973856,
        "nauc_recall_at_1000_max": NaN,
        "nauc_recall_at_1000_std": NaN,
        "nauc_recall_at_1000_diff1": NaN,
        "nauc_precision_at_1_max": 0.720209,
        "nauc_precision_at_1_std": 0.157201,
        "nauc_precision_at_1_diff1": 0.874013,
        "nauc_precision_at_3_max": 0.752696,
        "nauc_precision_at_3_std": 0.172856,
        "nauc_precision_at_3_diff1": 0.82204,
        "nauc_precision_at_5_max": 0.751504,
        "nauc_precision_at_5_std": 0.091153,
        "nauc_precision_at_5_diff1": 0.826421,
        "nauc_precision_at_10_max": 0.832511,
        "nauc_precision_at_10_std": 0.270219,
        "nauc_precision_at_10_diff1": 0.865724,
        "nauc_precision_at_20_max": 0.786114,
        "nauc_precision_at_20_std": 0.151661,
        "nauc_precision_at_20_diff1": 0.887622,
        "nauc_precision_at_100_max": 0.973856,
        "nauc_precision_at_100_std": 0.551447,
        "nauc_precision_at_100_diff1": 0.973856,
        "nauc_precision_at_1000_max": 1.0,
        "nauc_precision_at_1000_std": 1.0,
        "nauc_precision_at_1000_diff1": 1.0,
        "nauc_mrr_at_1_max": 0.720209,
        "nauc_mrr_at_1_std": 0.157201,
        "nauc_mrr_at_1_diff1": 0.874013,
        "nauc_mrr_at_3_max": 0.730034,
        "nauc_mrr_at_3_std": 0.157035,
        "nauc_mrr_at_3_diff1": 0.856976,
        "nauc_mrr_at_5_max": 0.72871,
        "nauc_mrr_at_5_std": 0.148574,
        "nauc_mrr_at_5_diff1": 0.859185,
        "nauc_mrr_at_10_max": 0.731047,
        "nauc_mrr_at_10_std": 0.157326,
        "nauc_mrr_at_10_diff1": 0.861076,
        "nauc_mrr_at_20_max": 0.729985,
        "nauc_mrr_at_20_std": 0.155148,
        "nauc_mrr_at_20_diff1": 0.861273,
        "nauc_mrr_at_100_max": 0.730407,
        "nauc_mrr_at_100_std": 0.155989,
        "nauc_mrr_at_100_diff1": 0.861389,
        "nauc_mrr_at_1000_max": 0.730283,
        "nauc_mrr_at_1000_std": 0.155795,
        "nauc_mrr_at_1000_diff1": 0.86133,
        "cv_recall_at_1": 0.8,
        "cv_recall_at_3": 0.90333,
        "cv_recall_at_5": 0.94,
        "cv_recall_at_10": 0.965,
        "cv_recall_at_20": 0.97667,
        "cv_recall_at_100": 0.99167,
        "cv_recall_at_1000": 1.0,
        "main_score": 0.88466,
        "hf_subset": "default",
        "languages": [
          "slk-Latn"
        ]
      }
    ]
  },
  "evaluation_time": 9.78112006187439,
  "kg_co2_emissions": null
}