{
    "dataset_revision": "3997eba1c60721e34f7b01db400f5b14a40218ea",
    "task_name": "SkQuadReranking",
    "mteb_version": "1.39.7",
    "scores": {
        "test": [
            {
                "ndcg_at_1": 0.69462,
                "ndcg_at_3": 0.72607,
                "ndcg_at_5": 0.75885,
                "ndcg_at_10": 0.81307,
                "ndcg_at_20": 0.82088,
                "ndcg_at_100": 0.82088,
                "ndcg_at_1000": 0.82088,
                "map_at_1": 0.531,
                "map_at_3": 0.66098,
                "map_at_5": 0.68752,
                "map_at_10": 0.72314,
                "map_at_20": 0.72772,
                "map_at_100": 0.72772,
                "map_at_1000": 0.72772,
                "recall_at_1": 0.531,
                "recall_at_3": 0.7703,
                "recall_at_5": 0.839,
                "recall_at_10": 0.97808,
                "recall_at_20": 1.0,
                "recall_at_100": 1.0,
                "recall_at_1000": 1.0,
                "accuracy": 0.531,
                "precision_at_1": 0.69462,
                "precision_at_3": 0.35128,
                "precision_at_5": 0.23795,
                "precision_at_10": 0.14784,
                "precision_at_20": 0.07643,
                "precision_at_100": 0.01529,
                "precision_at_1000": 0.00153,
                "mrr_at_1": 0.694616,
                "mrr_at_3": 0.805825,
                "mrr_at_5": 0.814387,
                "mrr_at_10": 0.818066,
                "mrr_at_20": 0.818066,
                "mrr_at_100": 0.818066,
                "mrr_at_1000": 0.818066,
                "nauc_ndcg_at_1_max": 0.236618,
                "nauc_ndcg_at_1_std": 0.117555,
                "nauc_ndcg_at_1_diff1": 0.426569,
                "nauc_ndcg_at_3_max": 0.115763,
                "nauc_ndcg_at_3_std": 0.116715,
                "nauc_ndcg_at_3_diff1": 0.290711,
                "nauc_ndcg_at_5_max": 0.127022,
                "nauc_ndcg_at_5_std": 0.123255,
                "nauc_ndcg_at_5_diff1": 0.288437,
                "nauc_ndcg_at_10_max": 0.153212,
                "nauc_ndcg_at_10_std": 0.127203,
                "nauc_ndcg_at_10_diff1": 0.317322,
                "nauc_ndcg_at_20_max": 0.172303,
                "nauc_ndcg_at_20_std": 0.13676,
                "nauc_ndcg_at_20_diff1": 0.326221,
                "nauc_ndcg_at_100_max": 0.172303,
                "nauc_ndcg_at_100_std": 0.13676,
                "nauc_ndcg_at_100_diff1": 0.326221,
                "nauc_ndcg_at_1000_max": 0.172303,
                "nauc_ndcg_at_1000_std": 0.13676,
                "nauc_ndcg_at_1000_diff1": 0.326221,
                "nauc_map_at_1_max": 0.086091,
                "nauc_map_at_1_std": 0.043816,
                "nauc_map_at_1_diff1": 0.341821,
                "nauc_map_at_3_max": 0.086672,
                "nauc_map_at_3_std": 0.088196,
                "nauc_map_at_3_diff1": 0.291636,
                "nauc_map_at_5_max": 0.10115,
                "nauc_map_at_5_std": 0.095221,
                "nauc_map_at_5_diff1": 0.288416,
                "nauc_map_at_10_max": 0.11647,
                "nauc_map_at_10_std": 0.101157,
                "nauc_map_at_10_diff1": 0.299474,
                "nauc_map_at_20_max": 0.123482,
                "nauc_map_at_20_std": 0.104396,
                "nauc_map_at_20_diff1": 0.302679,
                "nauc_map_at_100_max": 0.123482,
                "nauc_map_at_100_std": 0.104396,
                "nauc_map_at_100_diff1": 0.302679,
                "nauc_map_at_1000_max": 0.123482,
                "nauc_map_at_1000_std": 0.104396,
                "nauc_map_at_1000_diff1": 0.302679,
                "nauc_recall_at_1_max": 0.086091,
                "nauc_recall_at_1_std": 0.043816,
                "nauc_recall_at_1_diff1": 0.341821,
                "nauc_recall_at_3_max": 0.017958,
                "nauc_recall_at_3_std": 0.098216,
                "nauc_recall_at_3_diff1": 0.181752,
                "nauc_recall_at_5_max": 0.009929,
                "nauc_recall_at_5_std": 0.091439,
                "nauc_recall_at_5_diff1": 0.141361,
                "nauc_recall_at_10_max": -0.230661,
                "nauc_recall_at_10_std": -0.082224,
                "nauc_recall_at_10_diff1": 0.063936,
                "nauc_recall_at_20_max": NaN,
                "nauc_recall_at_20_std": NaN,
                "nauc_recall_at_20_diff1": NaN,
                "nauc_recall_at_100_max": NaN,
                "nauc_recall_at_100_std": NaN,
                "nauc_recall_at_100_diff1": NaN,
                "nauc_recall_at_1000_max": NaN,
                "nauc_recall_at_1000_std": NaN,
                "nauc_recall_at_1000_diff1": NaN,
                "nauc_precision_at_1_max": 0.236618,
                "nauc_precision_at_1_std": 0.117555,
                "nauc_precision_at_1_diff1": 0.426569,
                "nauc_precision_at_3_max": 0.18709,
                "nauc_precision_at_3_std": 0.192518,
                "nauc_precision_at_3_diff1": 0.024192,
                "nauc_precision_at_5_max": 0.157796,
                "nauc_precision_at_5_std": 0.143075,
                "nauc_precision_at_5_diff1": -0.073191,
                "nauc_precision_at_10_max": 0.130061,
                "nauc_precision_at_10_std": 0.078639,
                "nauc_precision_at_10_diff1": -0.127908,
                "nauc_precision_at_20_max": 0.145423,
                "nauc_precision_at_20_std": 0.08158,
                "nauc_precision_at_20_diff1": -0.128761,
                "nauc_precision_at_100_max": 0.145423,
                "nauc_precision_at_100_std": 0.08158,
                "nauc_precision_at_100_diff1": -0.128761,
                "nauc_precision_at_1000_max": 0.145423,
                "nauc_precision_at_1000_std": 0.08158,
                "nauc_precision_at_1000_diff1": -0.128761,
                "nauc_mrr_at_1_max": 0.236618,
                "nauc_mrr_at_1_std": 0.117555,
                "nauc_mrr_at_1_diff1": 0.426569,
                "nauc_mrr_at_3_max": 0.295348,
                "nauc_mrr_at_3_std": 0.210326,
                "nauc_mrr_at_3_diff1": 0.400726,
                "nauc_mrr_at_5_max": 0.285184,
                "nauc_mrr_at_5_std": 0.199511,
                "nauc_mrr_at_5_diff1": 0.40105,
                "nauc_mrr_at_10_max": 0.280122,
                "nauc_mrr_at_10_std": 0.187528,
                "nauc_mrr_at_10_diff1": 0.403145,
                "nauc_mrr_at_20_max": 0.280122,
                "nauc_mrr_at_20_std": 0.187528,
                "nauc_mrr_at_20_diff1": 0.403145,
                "nauc_mrr_at_100_max": 0.280122,
                "nauc_mrr_at_100_std": 0.187528,
                "nauc_mrr_at_100_diff1": 0.403145,
                "nauc_mrr_at_1000_max": 0.280122,
                "nauc_mrr_at_1000_std": 0.187528,
                "nauc_mrr_at_1000_diff1": 0.403145,
                "cv_recall_at_1": 0.69462,
                "cv_recall_at_3": 0.93469,
                "cv_recall_at_5": 0.97176,
                "cv_recall_at_10": 1.0,
                "cv_recall_at_20": 1.0,
                "cv_recall_at_100": 1.0,
                "cv_recall_at_1000": 1.0,
                "main_score": 0.72772,
                "hf_subset": "default",
                "languages": [
                    "slk-Latn"
                ]
            }
        ]
    },
    "evaluation_time": 72.13952255249023,
    "kg_co2_emissions": null
}
