{
    "dataset_revision": "faf73c5217c37e8a9ba297b8e29b25d1ccdeccae",
    "task_name": "SlovakPharmacyDrMaxReranking",
    "mteb_version": "1.39.7",
    "scores": {
        "test": [
            {
                "ndcg_at_1": 0.88238,
                "ndcg_at_3": 0.94425,
                "ndcg_at_5": 0.95038,
                "ndcg_at_10": 0.95038,
                "ndcg_at_20": 0.95038,
                "ndcg_at_100": 0.95038,
                "ndcg_at_1000": 0.95038,
                "map_at_1": 0.88238,
                "map_at_3": 0.92989,
                "map_at_5": 0.93338,
                "map_at_10": 0.93338,
                "map_at_20": 0.93338,
                "map_at_100": 0.93338,
                "map_at_1000": 0.93338,
                "recall_at_1": 0.88238,
                "recall_at_3": 0.98546,
                "recall_at_5": 1.0,
                "recall_at_10": 1.0,
                "recall_at_20": 1.0,
                "recall_at_100": 1.0,
                "recall_at_1000": 1.0,
                "accuracy": 0.88238,
                "precision_at_1": 0.88238,
                "precision_at_3": 0.32849,
                "precision_at_5": 0.2,
                "precision_at_10": 0.1,
                "precision_at_20": 0.05,
                "precision_at_100": 0.01,
                "precision_at_1000": 0.001,
                "mrr_at_1": 0.882378,
                "mrr_at_3": 0.92989,
                "mrr_at_5": 0.933376,
                "mrr_at_10": 0.933376,
                "mrr_at_20": 0.933376,
                "mrr_at_100": 0.933376,
                "mrr_at_1000": 0.933376,
                "nauc_ndcg_at_1_max": 0.760934,
                "nauc_ndcg_at_1_std": 0.703503,
                "nauc_ndcg_at_1_diff1": 0.874271,
                "nauc_ndcg_at_3_max": 0.778638,
                "nauc_ndcg_at_3_std": 0.733562,
                "nauc_ndcg_at_3_diff1": 0.865504,
                "nauc_ndcg_at_5_max": 0.769753,
                "nauc_ndcg_at_5_std": 0.719843,
                "nauc_ndcg_at_5_diff1": 0.870084,
                "nauc_ndcg_at_10_max": 0.769753,
                "nauc_ndcg_at_10_std": 0.719843,
                "nauc_ndcg_at_10_diff1": 0.870084,
                "nauc_ndcg_at_20_max": 0.769753,
                "nauc_ndcg_at_20_std": 0.719843,
                "nauc_ndcg_at_20_diff1": 0.870084,
                "nauc_ndcg_at_100_max": 0.769753,
                "nauc_ndcg_at_100_std": 0.719843,
                "nauc_ndcg_at_100_diff1": 0.870084,
                "nauc_ndcg_at_1000_max": 0.769753,
                "nauc_ndcg_at_1000_std": 0.719843,
                "nauc_ndcg_at_1000_diff1": 0.870084,
                "nauc_map_at_1_max": 0.760934,
                "nauc_map_at_1_std": 0.703503,
                "nauc_map_at_1_diff1": 0.874271,
                "nauc_map_at_3_max": 0.773177,
                "nauc_map_at_3_std": 0.725009,
                "nauc_map_at_3_diff1": 0.86822,
                "nauc_map_at_5_max": 0.769165,
                "nauc_map_at_5_std": 0.718794,
                "nauc_map_at_5_diff1": 0.870351,
                "nauc_map_at_10_max": 0.769165,
                "nauc_map_at_10_std": 0.718794,
                "nauc_map_at_10_diff1": 0.870351,
                "nauc_map_at_20_max": 0.769165,
                "nauc_map_at_20_std": 0.718794,
                "nauc_map_at_20_diff1": 0.870351,
                "nauc_map_at_100_max": 0.769165,
                "nauc_map_at_100_std": 0.718794,
                "nauc_map_at_100_diff1": 0.870351,
                "nauc_map_at_1000_max": 0.769165,
                "nauc_map_at_1000_std": 0.718794,
                "nauc_map_at_1000_diff1": 0.870351,
                "nauc_recall_at_1_max": 0.760934,
                "nauc_recall_at_1_std": 0.703503,
                "nauc_recall_at_1_diff1": 0.874271,
                "nauc_recall_at_3_max": 0.850089,
                "nauc_recall_at_3_std": 0.84362,
                "nauc_recall_at_3_diff1": 0.829931,
                "nauc_recall_at_5_max": NaN,
                "nauc_recall_at_5_std": NaN,
                "nauc_recall_at_5_diff1": NaN,
                "nauc_recall_at_10_max": NaN,
                "nauc_recall_at_10_std": NaN,
                "nauc_recall_at_10_diff1": NaN,
                "nauc_recall_at_20_max": NaN,
                "nauc_recall_at_20_std": NaN,
                "nauc_recall_at_20_diff1": NaN,
                "nauc_recall_at_100_max": NaN,
                "nauc_recall_at_100_std": NaN,
                "nauc_recall_at_100_diff1": NaN,
                "nauc_recall_at_1000_max": NaN,
                "nauc_recall_at_1000_std": NaN,
                "nauc_recall_at_1000_diff1": NaN,
                "nauc_precision_at_1_max": 0.760934,
                "nauc_precision_at_1_std": 0.703503,
                "nauc_precision_at_1_diff1": 0.874271,
                "nauc_precision_at_3_max": 0.850089,
                "nauc_precision_at_3_std": 0.84362,
                "nauc_precision_at_3_diff1": 0.829931,
                "nauc_precision_at_5_max": 1.0,
                "nauc_precision_at_5_std": 1.0,
                "nauc_precision_at_5_diff1": 1.0,
                "nauc_precision_at_10_max": 1.0,
                "nauc_precision_at_10_std": 1.0,
                "nauc_precision_at_10_diff1": 1.0,
                "nauc_precision_at_20_max": 1.0,
                "nauc_precision_at_20_std": 1.0,
                "nauc_precision_at_20_diff1": 1.0,
                "nauc_precision_at_100_max": 1.0,
                "nauc_precision_at_100_std": 1.0,
                "nauc_precision_at_100_diff1": 1.0,
                "nauc_precision_at_1000_max": 1.0,
                "nauc_precision_at_1000_std": 1.0,
                "nauc_precision_at_1000_diff1": 1.0,
                "nauc_mrr_at_1_max": 0.760934,
                "nauc_mrr_at_1_std": 0.703503,
                "nauc_mrr_at_1_diff1": 0.874271,
                "nauc_mrr_at_3_max": 0.773177,
                "nauc_mrr_at_3_std": 0.725009,
                "nauc_mrr_at_3_diff1": 0.86822,
                "nauc_mrr_at_5_max": 0.769165,
                "nauc_mrr_at_5_std": 0.718794,
                "nauc_mrr_at_5_diff1": 0.870351,
                "nauc_mrr_at_10_max": 0.769165,
                "nauc_mrr_at_10_std": 0.718794,
                "nauc_mrr_at_10_diff1": 0.870351,
                "nauc_mrr_at_20_max": 0.769165,
                "nauc_mrr_at_20_std": 0.718794,
                "nauc_mrr_at_20_diff1": 0.870351,
                "nauc_mrr_at_100_max": 0.769165,
                "nauc_mrr_at_100_std": 0.718794,
                "nauc_mrr_at_100_diff1": 0.870351,
                "nauc_mrr_at_1000_max": 0.769165,
                "nauc_mrr_at_1000_std": 0.718794,
                "nauc_mrr_at_1000_diff1": 0.870351,
                "cv_recall_at_1": 0.88238,
                "cv_recall_at_3": 0.98546,
                "cv_recall_at_5": 1.0,
                "cv_recall_at_10": 1.0,
                "cv_recall_at_20": 1.0,
                "cv_recall_at_100": 1.0,
                "cv_recall_at_1000": 1.0,
                "main_score": 0.93338,
                "hf_subset": "default",
                "languages": [
                    "slk-Latn"
                ]
            }
        ]
    },
    "evaluation_time": 122.41240930557251,
    "kg_co2_emissions": null
}
