{
    "dataset_revision": "82320d7f1d6561a12516605ec24f5d61aceb915c",
    "task_name": "SlovakPharmacyMojaLekarenReranking",
    "mteb_version": "1.39.7",
    "scores": {
        "test": [
            {
                "ndcg_at_1": 0.95257,
                "ndcg_at_3": 0.98008,
                "ndcg_at_5": 0.98118,
                "ndcg_at_10": 0.98118,
                "ndcg_at_20": 0.98118,
                "ndcg_at_100": 0.98118,
                "ndcg_at_1000": 0.98118,
                "map_at_1": 0.95257,
                "map_at_3": 0.97403,
                "map_at_5": 0.97464,
                "map_at_10": 0.97464,
                "map_at_20": 0.97464,
                "map_at_100": 0.97464,
                "map_at_1000": 0.97464,
                "recall_at_1": 0.95257,
                "recall_at_3": 0.99729,
                "recall_at_5": 1.0,
                "recall_at_10": 1.0,
                "recall_at_20": 1.0,
                "recall_at_100": 1.0,
                "recall_at_1000": 1.0,
                "accuracy": 0.95257,
                "precision_at_1": 0.95257,
                "precision_at_3": 0.33243,
                "precision_at_5": 0.2,
                "precision_at_10": 0.1,
                "precision_at_20": 0.05,
                "precision_at_100": 0.01,
                "precision_at_1000": 0.001,
                "mrr_at_1": 0.952575,
                "mrr_at_3": 0.974029,
                "mrr_at_5": 0.974639,
                "mrr_at_10": 0.974639,
                "mrr_at_20": 0.974639,
                "mrr_at_100": 0.974639,
                "mrr_at_1000": 0.974639,
                "nauc_ndcg_at_1_max": 0.698566,
                "nauc_ndcg_at_1_std": 0.629789,
                "nauc_ndcg_at_1_diff1": 0.920481,
                "nauc_ndcg_at_3_max": 0.71094,
                "nauc_ndcg_at_3_std": 0.656977,
                "nauc_ndcg_at_3_diff1": 0.922093,
                "nauc_ndcg_at_5_max": 0.697977,
                "nauc_ndcg_at_5_std": 0.640836,
                "nauc_ndcg_at_5_diff1": 0.917506,
                "nauc_ndcg_at_10_max": 0.697977,
                "nauc_ndcg_at_10_std": 0.640836,
                "nauc_ndcg_at_10_diff1": 0.917506,
                "nauc_ndcg_at_20_max": 0.697977,
                "nauc_ndcg_at_20_std": 0.640836,
                "nauc_ndcg_at_20_diff1": 0.917506,
                "nauc_ndcg_at_100_max": 0.697977,
                "nauc_ndcg_at_100_std": 0.640836,
                "nauc_ndcg_at_100_diff1": 0.917506,
                "nauc_ndcg_at_1000_max": 0.697977,
                "nauc_ndcg_at_1000_std": 0.640836,
                "nauc_ndcg_at_1000_diff1": 0.917506,
                "nauc_map_at_1_max": 0.698566,
                "nauc_map_at_1_std": 0.629789,
                "nauc_map_at_1_diff1": 0.920481,
                "nauc_map_at_3_max": 0.703182,
                "nauc_map_at_3_std": 0.646695,
                "nauc_map_at_3_diff1": 0.91954,
                "nauc_map_at_5_max": 0.697793,
                "nauc_map_at_5_std": 0.639948,
                "nauc_map_at_5_diff1": 0.917606,
                "nauc_map_at_10_max": 0.697793,
                "nauc_map_at_10_std": 0.639948,
                "nauc_map_at_10_diff1": 0.917606,
                "nauc_map_at_20_max": 0.697793,
                "nauc_map_at_20_std": 0.639948,
                "nauc_map_at_20_diff1": 0.917606,
                "nauc_map_at_100_max": 0.697793,
                "nauc_map_at_100_std": 0.639948,
                "nauc_map_at_100_diff1": 0.917606,
                "nauc_map_at_1000_max": 0.697793,
                "nauc_map_at_1000_std": 0.639948,
                "nauc_map_at_1000_diff1": 0.917606,
                "nauc_recall_at_1_max": 0.698566,
                "nauc_recall_at_1_std": 0.629789,
                "nauc_recall_at_1_diff1": 0.920481,
                "nauc_recall_at_3_max": 0.934621,
                "nauc_recall_at_3_std": 0.934621,
                "nauc_recall_at_3_diff1": 1.0,
                "nauc_recall_at_5_max": NaN,
                "nauc_recall_at_5_std": NaN,
                "nauc_recall_at_5_diff1": NaN,
                "nauc_recall_at_10_max": NaN,
                "nauc_recall_at_10_std": NaN,
                "nauc_recall_at_10_diff1": NaN,
                "nauc_recall_at_20_max": NaN,
                "nauc_recall_at_20_std": NaN,
                "nauc_recall_at_20_diff1": NaN,
                "nauc_recall_at_100_max": NaN,
                "nauc_recall_at_100_std": NaN,
                "nauc_recall_at_100_diff1": NaN,
                "nauc_recall_at_1000_max": NaN,
                "nauc_recall_at_1000_std": NaN,
                "nauc_recall_at_1000_diff1": NaN,
                "nauc_precision_at_1_max": 0.698566,
                "nauc_precision_at_1_std": 0.629789,
                "nauc_precision_at_1_diff1": 0.920481,
                "nauc_precision_at_3_max": 0.934621,
                "nauc_precision_at_3_std": 0.934621,
                "nauc_precision_at_3_diff1": 1.0,
                "nauc_precision_at_5_max": NaN,
                "nauc_precision_at_5_std": NaN,
                "nauc_precision_at_5_diff1": NaN,
                "nauc_precision_at_10_max": NaN,
                "nauc_precision_at_10_std": NaN,
                "nauc_precision_at_10_diff1": NaN,
                "nauc_precision_at_20_max": NaN,
                "nauc_precision_at_20_std": NaN,
                "nauc_precision_at_20_diff1": NaN,
                "nauc_precision_at_100_max": NaN,
                "nauc_precision_at_100_std": NaN,
                "nauc_precision_at_100_diff1": NaN,
                "nauc_precision_at_1000_max": 1.0,
                "nauc_precision_at_1000_std": 1.0,
                "nauc_precision_at_1000_diff1": 1.0,
                "nauc_mrr_at_1_max": 0.698566,
                "nauc_mrr_at_1_std": 0.629789,
                "nauc_mrr_at_1_diff1": 0.920481,
                "nauc_mrr_at_3_max": 0.703182,
                "nauc_mrr_at_3_std": 0.646695,
                "nauc_mrr_at_3_diff1": 0.91954,
                "nauc_mrr_at_5_max": 0.697793,
                "nauc_mrr_at_5_std": 0.639948,
                "nauc_mrr_at_5_diff1": 0.917606,
                "nauc_mrr_at_10_max": 0.697793,
                "nauc_mrr_at_10_std": 0.639948,
                "nauc_mrr_at_10_diff1": 0.917606,
                "nauc_mrr_at_20_max": 0.697793,
                "nauc_mrr_at_20_std": 0.639948,
                "nauc_mrr_at_20_diff1": 0.917606,
                "nauc_mrr_at_100_max": 0.697793,
                "nauc_mrr_at_100_std": 0.639948,
                "nauc_mrr_at_100_diff1": 0.917606,
                "nauc_mrr_at_1000_max": 0.697793,
                "nauc_mrr_at_1000_std": 0.639948,
                "nauc_mrr_at_1000_diff1": 0.917606,
                "cv_recall_at_1": 0.95257,
                "cv_recall_at_3": 0.99729,
                "cv_recall_at_5": 1.0,
                "cv_recall_at_10": 1.0,
                "cv_recall_at_20": 1.0,
                "cv_recall_at_100": 1.0,
                "cv_recall_at_1000": 1.0,
                "main_score": 0.97464,
                "hf_subset": "default",
                "languages": [
                    "slk-Latn"
                ]
            }
        ]
    },
    "evaluation_time": 22.766351461410522,
    "kg_co2_emissions": null
}
