{
    "dataset_revision": "6448ea012b1b7caa3d55cb747b58cda1d7edc714",
    "task_name": "SlovakPharmacyDrMaxReranking",
    "mteb_version": "1.39.7",
    "scores": {
        "test": [
            {
                "ndcg_at_1": 0.88067,
                "ndcg_at_3": 0.94348,
                "ndcg_at_5": 0.94959,
                "ndcg_at_10": 0.94959,
                "ndcg_at_20": 0.94959,
                "ndcg_at_100": 0.94959,
                "ndcg_at_1000": 0.94959,
                "map_at_1": 0.88067,
                "map_at_3": 0.92886,
                "map_at_5": 0.93232,
                "map_at_10": 0.93232,
                "map_at_20": 0.93232,
                "map_at_100": 0.93232,
                "map_at_1000": 0.93232,
                "recall_at_1": 0.88067,
                "recall_at_3": 0.98546,
                "recall_at_5": 1.0,
                "recall_at_10": 1.0,
                "recall_at_20": 1.0,
                "recall_at_100": 1.0,
                "recall_at_1000": 1.0,
                "accuracy": 0.88067,
                "precision_at_1": 0.88067,
                "precision_at_3": 0.32849,
                "precision_at_5": 0.2,
                "precision_at_10": 0.1,
                "precision_at_20": 0.05,
                "precision_at_100": 0.01,
                "precision_at_1000": 0.001,
                "mrr_at_1": 0.880667,
                "mrr_at_3": 0.928857,
                "mrr_at_5": 0.932321,
                "mrr_at_10": 0.932321,
                "mrr_at_20": 0.932321,
                "mrr_at_100": 0.932321,
                "mrr_at_1000": 0.932321,
                "nauc_ndcg_at_1_max": 0.763193,
                "nauc_ndcg_at_1_std": 0.691392,
                "nauc_ndcg_at_1_diff1": 0.872743,
                "nauc_ndcg_at_3_max": 0.781589,
                "nauc_ndcg_at_3_std": 0.721706,
                "nauc_ndcg_at_3_diff1": 0.864523,
                "nauc_ndcg_at_5_max": 0.772137,
                "nauc_ndcg_at_5_std": 0.707688,
                "nauc_ndcg_at_5_diff1": 0.86812,
                "nauc_ndcg_at_10_max": 0.772137,
                "nauc_ndcg_at_10_std": 0.707688,
                "nauc_ndcg_at_10_diff1": 0.86812,
                "nauc_ndcg_at_20_max": 0.772137,
                "nauc_ndcg_at_20_std": 0.707688,
                "nauc_ndcg_at_20_diff1": 0.86812,
                "nauc_ndcg_at_100_max": 0.772137,
                "nauc_ndcg_at_100_std": 0.707688,
                "nauc_ndcg_at_100_diff1": 0.86812,
                "nauc_ndcg_at_1000_max": 0.772137,
                "nauc_ndcg_at_1000_std": 0.707688,
                "nauc_ndcg_at_1000_diff1": 0.86812,
                "nauc_map_at_1_max": 0.763193,
                "nauc_map_at_1_std": 0.691392,
                "nauc_map_at_1_diff1": 0.872743,
                "nauc_map_at_3_max": 0.775892,
                "nauc_map_at_3_std": 0.712919,
                "nauc_map_at_3_diff1": 0.866711,
                "nauc_map_at_5_max": 0.771556,
                "nauc_map_at_5_std": 0.706626,
                "nauc_map_at_5_diff1": 0.868397,
                "nauc_map_at_10_max": 0.771556,
                "nauc_map_at_10_std": 0.706626,
                "nauc_map_at_10_diff1": 0.868397,
                "nauc_map_at_20_max": 0.771556,
                "nauc_map_at_20_std": 0.706626,
                "nauc_map_at_20_diff1": 0.868397,
                "nauc_map_at_100_max": 0.771556,
                "nauc_map_at_100_std": 0.706626,
                "nauc_map_at_100_diff1": 0.868397,
                "nauc_map_at_1000_max": 0.771556,
                "nauc_map_at_1000_std": 0.706626,
                "nauc_map_at_1000_diff1": 0.868397,
                "nauc_recall_at_1_max": 0.763193,
                "nauc_recall_at_1_std": 0.691392,
                "nauc_recall_at_1_diff1": 0.872743,
                "nauc_recall_at_3_max": 0.857195,
                "nauc_recall_at_3_std": 0.836754,
                "nauc_recall_at_3_diff1": 0.836412,
                "nauc_recall_at_5_max": NaN,
                "nauc_recall_at_5_std": NaN,
                "nauc_recall_at_5_diff1": NaN,
                "nauc_recall_at_10_max": NaN,
                "nauc_recall_at_10_std": NaN,
                "nauc_recall_at_10_diff1": NaN,
                "nauc_recall_at_20_max": NaN,
                "nauc_recall_at_20_std": NaN,
                "nauc_recall_at_20_diff1": NaN,
                "nauc_recall_at_100_max": NaN,
                "nauc_recall_at_100_std": NaN,
                "nauc_recall_at_100_diff1": NaN,
                "nauc_recall_at_1000_max": NaN,
                "nauc_recall_at_1000_std": NaN,
                "nauc_recall_at_1000_diff1": NaN,
                "nauc_precision_at_1_max": 0.763193,
                "nauc_precision_at_1_std": 0.691392,
                "nauc_precision_at_1_diff1": 0.872743,
                "nauc_precision_at_3_max": 0.857195,
                "nauc_precision_at_3_std": 0.836754,
                "nauc_precision_at_3_diff1": 0.836412,
                "nauc_precision_at_5_max": 1.0,
                "nauc_precision_at_5_std": 1.0,
                "nauc_precision_at_5_diff1": 1.0,
                "nauc_precision_at_10_max": 1.0,
                "nauc_precision_at_10_std": 1.0,
                "nauc_precision_at_10_diff1": 1.0,
                "nauc_precision_at_20_max": 1.0,
                "nauc_precision_at_20_std": 1.0,
                "nauc_precision_at_20_diff1": 1.0,
                "nauc_precision_at_100_max": 1.0,
                "nauc_precision_at_100_std": 1.0,
                "nauc_precision_at_100_diff1": 1.0,
                "nauc_precision_at_1000_max": 1.0,
                "nauc_precision_at_1000_std": 1.0,
                "nauc_precision_at_1000_diff1": 1.0,
                "nauc_mrr_at_1_max": 0.763193,
                "nauc_mrr_at_1_std": 0.691392,
                "nauc_mrr_at_1_diff1": 0.872743,
                "nauc_mrr_at_3_max": 0.775892,
                "nauc_mrr_at_3_std": 0.712919,
                "nauc_mrr_at_3_diff1": 0.866711,
                "nauc_mrr_at_5_max": 0.771556,
                "nauc_mrr_at_5_std": 0.706626,
                "nauc_mrr_at_5_diff1": 0.868397,
                "nauc_mrr_at_10_max": 0.771556,
                "nauc_mrr_at_10_std": 0.706626,
                "nauc_mrr_at_10_diff1": 0.868397,
                "nauc_mrr_at_20_max": 0.771556,
                "nauc_mrr_at_20_std": 0.706626,
                "nauc_mrr_at_20_diff1": 0.868397,
                "nauc_mrr_at_100_max": 0.771556,
                "nauc_mrr_at_100_std": 0.706626,
                "nauc_mrr_at_100_diff1": 0.868397,
                "nauc_mrr_at_1000_max": 0.771556,
                "nauc_mrr_at_1000_std": 0.706626,
                "nauc_mrr_at_1000_diff1": 0.868397,
                "cv_recall_at_1": 0.88067,
                "cv_recall_at_3": 0.98546,
                "cv_recall_at_5": 1.0,
                "cv_recall_at_10": 1.0,
                "cv_recall_at_20": 1.0,
                "cv_recall_at_100": 1.0,
                "cv_recall_at_1000": 1.0,
                "main_score": 0.93232,
                "hf_subset": "default",
                "languages": [
                    "slk-Latn"
                ]
            }
        ]
    },
    "evaluation_time": 124.63232898712158,
    "kg_co2_emissions": null
}
