{
    "dataset_revision": "c5a6521a4ddce3450fb04ba218623681a9189c6d",
    "task_name": "SMESumRetrieval",
    "mteb_version": "1.39.7",
    "scores": {
        "test": [
            {
                "ndcg_at_1": 0.76667,
                "ndcg_at_3": 0.8296,
                "ndcg_at_5": 0.83864,
                "ndcg_at_10": 0.84886,
                "ndcg_at_20": 0.85574,
                "ndcg_at_100": 0.86346,
                "ndcg_at_1000": 0.86431,
                "map_at_1": 0.76667,
                "map_at_3": 0.81444,
                "map_at_5": 0.81953,
                "map_at_10": 0.82373,
                "map_at_20": 0.82569,
                "map_at_100": 0.82686,
                "map_at_1000": 0.82689,
                "recall_at_1": 0.76667,
                "recall_at_3": 0.87333,
                "recall_at_5": 0.895,
                "recall_at_10": 0.92667,
                "recall_at_20": 0.95333,
                "recall_at_100": 0.99333,
                "recall_at_1000": 1.0,
                "accuracy": 0.76667,
                "precision_at_1": 0.76667,
                "precision_at_3": 0.29111,
                "precision_at_5": 0.179,
                "precision_at_10": 0.09267,
                "precision_at_20": 0.04767,
                "precision_at_100": 0.00993,
                "precision_at_1000": 0.001,
                "mrr_at_1": 0.766667,
                "mrr_at_3": 0.814444,
                "mrr_at_5": 0.819528,
                "mrr_at_10": 0.82373,
                "mrr_at_20": 0.825687,
                "mrr_at_100": 0.82686,
                "mrr_at_1000": 0.826892,
                "nauc_ndcg_at_1_max": 0.774522,
                "nauc_ndcg_at_1_std": 0.373291,
                "nauc_ndcg_at_1_diff1": 0.893525,
                "nauc_ndcg_at_3_max": 0.789841,
                "nauc_ndcg_at_3_std": 0.399607,
                "nauc_ndcg_at_3_diff1": 0.862833,
                "nauc_ndcg_at_5_max": 0.789145,
                "nauc_ndcg_at_5_std": 0.419954,
                "nauc_ndcg_at_5_diff1": 0.855783,
                "nauc_ndcg_at_10_max": 0.792143,
                "nauc_ndcg_at_10_std": 0.426803,
                "nauc_ndcg_at_10_diff1": 0.859862,
                "nauc_ndcg_at_20_max": 0.795848,
                "nauc_ndcg_at_20_std": 0.435678,
                "nauc_ndcg_at_20_diff1": 0.862071,
                "nauc_ndcg_at_100_max": 0.791176,
                "nauc_ndcg_at_100_std": 0.420074,
                "nauc_ndcg_at_100_diff1": 0.86816,
                "nauc_ndcg_at_1000_max": 0.790017,
                "nauc_ndcg_at_1000_std": 0.41616,
                "nauc_ndcg_at_1000_diff1": 0.867458,
                "nauc_map_at_1_max": 0.774522,
                "nauc_map_at_1_std": 0.373291,
                "nauc_map_at_1_diff1": 0.893525,
                "nauc_map_at_3_max": 0.786117,
                "nauc_map_at_3_std": 0.39394,
                "nauc_map_at_3_diff1": 0.870857,
                "nauc_map_at_5_max": 0.785787,
                "nauc_map_at_5_std": 0.404643,
                "nauc_map_at_5_diff1": 0.867543,
                "nauc_map_at_10_max": 0.786844,
                "nauc_map_at_10_std": 0.40659,
                "nauc_map_at_10_diff1": 0.869346,
                "nauc_map_at_20_max": 0.787635,
                "nauc_map_at_20_std": 0.408914,
                "nauc_map_at_20_diff1": 0.869956,
                "nauc_map_at_100_max": 0.787061,
                "nauc_map_at_100_std": 0.406736,
                "nauc_map_at_100_diff1": 0.870768,
                "nauc_map_at_1000_max": 0.78703,
                "nauc_map_at_1000_std": 0.406616,
                "nauc_map_at_1000_diff1": 0.870744,
                "nauc_recall_at_1_max": 0.774522,
                "nauc_recall_at_1_std": 0.373291,
                "nauc_recall_at_1_diff1": 0.893525,
                "nauc_recall_at_3_max": 0.804374,
                "nauc_recall_at_3_std": 0.421206,
                "nauc_recall_at_3_diff1": 0.831125,
                "nauc_recall_at_5_max": 0.80376,
                "nauc_recall_at_5_std": 0.492603,
                "nauc_recall_at_5_diff1": 0.800456,
                "nauc_recall_at_10_max": 0.82702,
                "nauc_recall_at_10_std": 0.56555,
                "nauc_recall_at_10_diff1": 0.800792,
                "nauc_recall_at_20_max": 0.888789,
                "nauc_recall_at_20_std": 0.732376,
                "nauc_recall_at_20_diff1": 0.7925,
                "nauc_recall_at_100_max": 0.96732,
                "nauc_recall_at_100_std": 1.0,
                "nauc_recall_at_100_diff1": 0.96732,
                "nauc_recall_at_1000_max": NaN,
                "nauc_recall_at_1000_std": NaN,
                "nauc_recall_at_1000_diff1": NaN,
                "nauc_precision_at_1_max": 0.774522,
                "nauc_precision_at_1_std": 0.373291,
                "nauc_precision_at_1_diff1": 0.893525,
                "nauc_precision_at_3_max": 0.804374,
                "nauc_precision_at_3_std": 0.421206,
                "nauc_precision_at_3_diff1": 0.831125,
                "nauc_precision_at_5_max": 0.80376,
                "nauc_precision_at_5_std": 0.492603,
                "nauc_precision_at_5_diff1": 0.800456,
                "nauc_precision_at_10_max": 0.82702,
                "nauc_precision_at_10_std": 0.56555,
                "nauc_precision_at_10_diff1": 0.800792,
                "nauc_precision_at_20_max": 0.888789,
                "nauc_precision_at_20_std": 0.732376,
                "nauc_precision_at_20_diff1": 0.7925,
                "nauc_precision_at_100_max": 0.96732,
                "nauc_precision_at_100_std": 1.0,
                "nauc_precision_at_100_diff1": 0.96732,
                "nauc_precision_at_1000_max": 1.0,
                "nauc_precision_at_1000_std": 1.0,
                "nauc_precision_at_1000_diff1": 1.0,
                "nauc_mrr_at_1_max": 0.774522,
                "nauc_mrr_at_1_std": 0.373291,
                "nauc_mrr_at_1_diff1": 0.893525,
                "nauc_mrr_at_3_max": 0.786117,
                "nauc_mrr_at_3_std": 0.39394,
                "nauc_mrr_at_3_diff1": 0.870857,
                "nauc_mrr_at_5_max": 0.785787,
                "nauc_mrr_at_5_std": 0.404643,
                "nauc_mrr_at_5_diff1": 0.867543,
                "nauc_mrr_at_10_max": 0.786844,
                "nauc_mrr_at_10_std": 0.40659,
                "nauc_mrr_at_10_diff1": 0.869346,
                "nauc_mrr_at_20_max": 0.787635,
                "nauc_mrr_at_20_std": 0.408914,
                "nauc_mrr_at_20_diff1": 0.869956,
                "nauc_mrr_at_100_max": 0.787061,
                "nauc_mrr_at_100_std": 0.406736,
                "nauc_mrr_at_100_diff1": 0.870768,
                "nauc_mrr_at_1000_max": 0.78703,
                "nauc_mrr_at_1000_std": 0.406616,
                "nauc_mrr_at_1000_diff1": 0.870744,
                "cv_recall_at_1": 0.76667,
                "cv_recall_at_3": 0.87333,
                "cv_recall_at_5": 0.895,
                "cv_recall_at_10": 0.92667,
                "cv_recall_at_20": 0.95333,
                "cv_recall_at_100": 0.99333,
                "cv_recall_at_1000": 1.0,
                "main_score": 0.84886,
                "hf_subset": "default",
                "languages": [
                    "slk-Latn"
                ]
            }
        ]
    },
    "evaluation_time": 5.307534694671631,
    "kg_co2_emissions": null
}
