{
  "dataset_revision": "75b399394a9803252cfec289d103de462763db7c",
  "task_name": "BelebeleRetrieval",
  "mteb_version": "2.3.0",
  "scores": {
    "test": [
      {
        "ndcg_at_1": 0.87889,
        "ndcg_at_3": 0.91918,
        "ndcg_at_5": 0.92559,
        "ndcg_at_10": 0.93173,
        "ndcg_at_20": 0.93335,
        "ndcg_at_100": 0.93517,
        "ndcg_at_1000": 0.93542,
        "map_at_1": 0.87889,
        "map_at_3": 0.90963,
        "map_at_5": 0.91319,
        "map_at_10": 0.91574,
        "map_at_20": 0.91616,
        "map_at_100": 0.91639,
        "map_at_1000": 0.91639,
        "recall_at_1": 0.87889,
        "recall_at_3": 0.94667,
        "recall_at_5": 0.96222,
        "recall_at_10": 0.98111,
        "recall_at_20": 0.98778,
        "recall_at_100": 0.99778,
        "recall_at_1000": 1.0,
        "accuracy": 0.87889,
        "precision_at_1": 0.87889,
        "precision_at_3": 0.31556,
        "precision_at_5": 0.19244,
        "precision_at_10": 0.09811,
        "precision_at_20": 0.04939,
        "precision_at_100": 0.00998,
        "precision_at_1000": 0.001,
        "mrr_at_1": 0.878889,
        "mrr_at_3": 0.90963,
        "mrr_at_5": 0.913185,
        "mrr_at_10": 0.91574,
        "mrr_at_20": 0.916156,
        "mrr_at_100": 0.916388,
        "mrr_at_1000": 0.916393,
        "nauc_ndcg_at_1_max": 0.847794,
        "nauc_ndcg_at_1_std": 0.024167,
        "nauc_ndcg_at_1_diff1": 0.902668,
        "nauc_ndcg_at_3_max": 0.88014,
        "nauc_ndcg_at_3_std": 0.155953,
        "nauc_ndcg_at_3_diff1": 0.896064,
        "nauc_ndcg_at_5_max": 0.874626,
        "nauc_ndcg_at_5_std": 0.132753,
        "nauc_ndcg_at_5_diff1": 0.895011,
        "nauc_ndcg_at_10_max": 0.876283,
        "nauc_ndcg_at_10_std": 0.126842,
        "nauc_ndcg_at_10_diff1": 0.900518,
        "nauc_ndcg_at_20_max": 0.873736,
        "nauc_ndcg_at_20_std": 0.115493,
        "nauc_ndcg_at_20_diff1": 0.898052,
        "nauc_ndcg_at_100_max": 0.870987,
        "nauc_ndcg_at_100_std": 0.11374,
        "nauc_ndcg_at_100_diff1": 0.898738,
        "nauc_ndcg_at_1000_max": 0.870477,
        "nauc_ndcg_at_1000_std": 0.110494,
        "nauc_ndcg_at_1000_diff1": 0.898338,
        "nauc_map_at_1_max": 0.847794,
        "nauc_map_at_1_std": 0.024167,
        "nauc_map_at_1_diff1": 0.902668,
        "nauc_map_at_3_max": 0.871096,
        "nauc_map_at_3_std": 0.118985,
        "nauc_map_at_3_diff1": 0.897401,
        "nauc_map_at_5_max": 0.868068,
        "nauc_map_at_5_std": 0.106688,
        "nauc_map_at_5_diff1": 0.896786,
        "nauc_map_at_10_max": 0.868245,
        "nauc_map_at_10_std": 0.101842,
        "nauc_map_at_10_diff1": 0.898696,
        "nauc_map_at_20_max": 0.867678,
        "nauc_map_at_20_std": 0.099246,
        "nauc_map_at_20_diff1": 0.898185,
        "nauc_map_at_100_max": 0.867393,
        "nauc_map_at_100_std": 0.099401,
        "nauc_map_at_100_diff1": 0.898273,
        "nauc_map_at_1000_max": 0.867386,
        "nauc_map_at_1000_std": 0.099352,
        "nauc_map_at_1000_diff1": 0.898267,
        "nauc_recall_at_1_max": 0.847794,
        "nauc_recall_at_1_std": 0.024167,
        "nauc_recall_at_1_diff1": 0.902668,
        "nauc_recall_at_3_max": 0.922775,
        "nauc_recall_at_3_std": 0.330309,
        "nauc_recall_at_3_diff1": 0.890163,
        "nauc_recall_at_5_max": 0.914525,
        "nauc_recall_at_5_std": 0.289847,
        "nauc_recall_at_5_diff1": 0.884344,
        "nauc_recall_at_10_max": 0.976932,
        "nauc_recall_at_10_std": 0.430302,
        "nauc_recall_at_10_diff1": 0.934366,
        "nauc_recall_at_20_max": 0.976233,
        "nauc_recall_at_20_std": 0.354809,
        "nauc_recall_at_20_diff1": 0.898565,
        "nauc_recall_at_100_max": 1.0,
        "nauc_recall_at_100_std": 0.934641,
        "nauc_recall_at_100_diff1": 1.0,
        "nauc_recall_at_1000_max": NaN,
        "nauc_recall_at_1000_std": NaN,
        "nauc_recall_at_1000_diff1": NaN,
        "nauc_precision_at_1_max": 0.847794,
        "nauc_precision_at_1_std": 0.024167,
        "nauc_precision_at_1_diff1": 0.902668,
        "nauc_precision_at_3_max": 0.922775,
        "nauc_precision_at_3_std": 0.330309,
        "nauc_precision_at_3_diff1": 0.890163,
        "nauc_precision_at_5_max": 0.914525,
        "nauc_precision_at_5_std": 0.289847,
        "nauc_precision_at_5_diff1": 0.884344,
        "nauc_precision_at_10_max": 0.976932,
        "nauc_precision_at_10_std": 0.430302,
        "nauc_precision_at_10_diff1": 0.934366,
        "nauc_precision_at_20_max": 0.976233,
        "nauc_precision_at_20_std": 0.354809,
        "nauc_precision_at_20_diff1": 0.898565,
        "nauc_precision_at_100_max": 1.0,
        "nauc_precision_at_100_std": 0.934641,
        "nauc_precision_at_100_diff1": 1.0,
        "nauc_precision_at_1000_max": NaN,
        "nauc_precision_at_1000_std": NaN,
        "nauc_precision_at_1000_diff1": NaN,
        "nauc_mrr_at_1_max": 0.847794,
        "nauc_mrr_at_1_std": 0.024167,
        "nauc_mrr_at_1_diff1": 0.902668,
        "nauc_mrr_at_3_max": 0.871096,
        "nauc_mrr_at_3_std": 0.118985,
        "nauc_mrr_at_3_diff1": 0.897401,
        "nauc_mrr_at_5_max": 0.868068,
        "nauc_mrr_at_5_std": 0.106688,
        "nauc_mrr_at_5_diff1": 0.896786,
        "nauc_mrr_at_10_max": 0.868245,
        "nauc_mrr_at_10_std": 0.101842,
        "nauc_mrr_at_10_diff1": 0.898696,
        "nauc_mrr_at_20_max": 0.867678,
        "nauc_mrr_at_20_std": 0.099246,
        "nauc_mrr_at_20_diff1": 0.898185,
        "nauc_mrr_at_100_max": 0.867393,
        "nauc_mrr_at_100_std": 0.099401,
        "nauc_mrr_at_100_diff1": 0.898273,
        "nauc_mrr_at_1000_max": 0.867386,
        "nauc_mrr_at_1000_std": 0.099352,
        "nauc_mrr_at_1000_diff1": 0.898267,
        "cv_recall_at_1": 0.87889,
        "cv_recall_at_3": 0.94667,
        "cv_recall_at_5": 0.96222,
        "cv_recall_at_10": 0.98111,
        "cv_recall_at_20": 0.98778,
        "cv_recall_at_100": 0.99778,
        "cv_recall_at_1000": 1.0,
        "main_score": 0.93173,
        "hf_subset": "slk_Latn-slk_Latn",
        "languages": [
          "slk-Latn",
          "slk-Latn"
        ]
      },
      {
        "ndcg_at_1": 0.83556,
        "ndcg_at_3": 0.87836,
        "ndcg_at_5": 0.88855,
        "ndcg_at_10": 0.89739,
        "ndcg_at_20": 0.90168,
        "ndcg_at_100": 0.9053,
        "ndcg_at_1000": 0.90604,
        "map_at_1": 0.83556,
        "map_at_3": 0.86815,
        "map_at_5": 0.87387,
        "map_at_10": 0.87765,
        "map_at_20": 0.87887,
        "map_at_100": 0.87941,
        "map_at_1000": 0.87944,
        "recall_at_1": 0.83556,
        "recall_at_3": 0.90778,
        "recall_at_5": 0.93222,
        "recall_at_10": 0.95889,
        "recall_at_20": 0.97556,
        "recall_at_100": 0.99444,
        "recall_at_1000": 1.0,
        "accuracy": 0.83556,
        "precision_at_1": 0.83556,
        "precision_at_3": 0.30259,
        "precision_at_5": 0.18644,
        "precision_at_10": 0.09589,
        "precision_at_20": 0.04878,
        "precision_at_100": 0.00994,
        "precision_at_1000": 0.001,
        "mrr_at_1": 0.835556,
        "mrr_at_3": 0.868148,
        "mrr_at_5": 0.87387,
        "mrr_at_10": 0.877649,
        "mrr_at_20": 0.878868,
        "mrr_at_100": 0.879409,
        "mrr_at_1000": 0.879444,
        "nauc_ndcg_at_1_max": 0.856461,
        "nauc_ndcg_at_1_std": -0.18813,
        "nauc_ndcg_at_1_diff1": 0.890985,
        "nauc_ndcg_at_3_max": 0.867365,
        "nauc_ndcg_at_3_std": -0.19637,
        "nauc_ndcg_at_3_diff1": 0.870387,
        "nauc_ndcg_at_5_max": 0.868339,
        "nauc_ndcg_at_5_std": -0.191034,
        "nauc_ndcg_at_5_diff1": 0.865961,
        "nauc_ndcg_at_10_max": 0.870248,
        "nauc_ndcg_at_10_std": -0.163093,
        "nauc_ndcg_at_10_diff1": 0.867686,
        "nauc_ndcg_at_20_max": 0.869449,
        "nauc_ndcg_at_20_std": -0.166617,
        "nauc_ndcg_at_20_diff1": 0.870194,
        "nauc_ndcg_at_100_max": 0.867558,