{
  "dataset_revision": "0f9e0f902da3aca1fd6c940cd852e95c9ef5327f",
  "task_name": "DemagogSKNLI",
  "mteb_version": "2.3.0",
  "scores": {
    "test": [
      {
        "similarity_accuracy": 0.810373,
        "similarity_f1": 0.895255,
        "similarity_precision": 0.810636,
        "similarity_recall": 0.9996,
        "similarity_ap": 0.846557,
        "cosine_accuracy": 0.810373,
        "cosine_f1": 0.895255,
        "cosine_precision": 0.810636,
        "cosine_recall": 0.9996,
        "cosine_ap": 0.846557,
        "manhattan_accuracy": 0.810373,
        "manhattan_f1": 0.895255,
        "manhattan_precision": 0.810636,
        "manhattan_recall": 0.9996,
        "manhattan_ap": 0.842598,
        "euclidean_accuracy": 0.810373,
        "euclidean_f1": 0.895255,
        "euclidean_precision": 0.810636,
        "euclidean_recall": 0.9996,
        "euclidean_ap": 0.841915,
        "dot_accuracy": 0.810373,
        "dot_f1": 0.895255,
        "dot_precision": 0.810636,
        "dot_recall": 0.9996,
        "dot_ap": 0.842653,
        "max_accuracy": 0.810373,
        "max_f1": 0.895255,
        "max_precision": 0.810636,
        "max_recall": 0.9996,
        "max_ap": 0.846557,
        "main_score": 0.846557,
        "hf_subset": "default",
        "languages": [
          "slk-Latn"
        ]
      }
    ]
  },
  "evaluation_time": 39.010658979415894,
  "kg_co2_emissions": null
}