{
  "dataset_revision": "3997eba1c60721e34f7b01db400f5b14a40218ea",
  "task_name": "SkQuadReranking",
  "mteb_version": "2.3.0",
  "scores": {
    "test": [
      {
        "ndcg_at_1": 0.56222,
        "ndcg_at_3": 0.62792,
        "ndcg_at_5": 0.67541,
        "ndcg_at_10": 0.74322,
        "ndcg_at_20": 0.75459,
        "ndcg_at_100": 0.75459,
        "ndcg_at_1000": 0.75459,
        "map_at_1": 0.42426,
        "map_at_3": 0.5615,
        "map_at_5": 0.59675,
        "map_at_10": 0.63786,
        "map_at_20": 0.64411,
        "map_at_100": 0.64411,
        "map_at_1000": 0.64411,
        "recall_at_1": 0.42426,
        "recall_at_3": 0.68712,
        "recall_at_5": 0.78887,
        "recall_at_10": 0.96682,
        "recall_at_20": 1.0,
        "recall_at_100": 1.0,
        "recall_at_1000": 1.0,
        "accuracy": 0.42426,
        "precision_at_1": 0.56222,
        "precision_at_3": 0.31745,
        "precision_at_5": 0.2263,
        "precision_at_10": 0.14598,
        "precision_at_20": 0.07643,
        "precision_at_100": 0.01529,
        "precision_at_1000": 0.00153,
        "mrr_at_1": 0.562224,
        "mrr_at_3": 0.692557,
        "mrr_at_5": 0.708753,
        "mrr_at_10": 0.719431,
        "mrr_at_20": 0.719993,
        "mrr_at_100": 0.719993,
        "mrr_at_1000": 0.719993,
        "nauc_ndcg_at_1_max": 0.077785,
        "nauc_ndcg_at_1_std": 0.105353,
        "nauc_ndcg_at_1_diff1": 0.393311,
        "nauc_ndcg_at_3_max": 0.060509,
        "nauc_ndcg_at_3_std": 0.173203,
        "nauc_ndcg_at_3_diff1": 0.294093,
        "nauc_ndcg_at_5_max": 0.061696,
        "nauc_ndcg_at_5_std": 0.193367,
        "nauc_ndcg_at_5_diff1": 0.284678,
        "nauc_ndcg_at_10_max": 0.074032,
        "nauc_ndcg_at_10_std": 0.178133,
        "nauc_ndcg_at_10_diff1": 0.306058,
        "nauc_ndcg_at_20_max": 0.079155,
        "nauc_ndcg_at_20_std": 0.167822,
        "nauc_ndcg_at_20_diff1": 0.316506,
        "nauc_ndcg_at_100_max": 0.079155,
        "nauc_ndcg_at_100_std": 0.167822,
        "nauc_ndcg_at_100_diff1": 0.316506,
        "nauc_ndcg_at_1000_max": 0.079155,
        "nauc_ndcg_at_1000_std": 0.167822,
        "nauc_ndcg_at_1000_diff1": 0.316506,
        "nauc_map_at_1_max": 0.021515,
        "nauc_map_at_1_std": 0.059014,
        "nauc_map_at_1_diff1": 0.329805,
        "nauc_map_at_3_max": 0.041181,
        "nauc_map_at_3_std": 0.136551,
        "nauc_map_at_3_diff1": 0.29388,
        "nauc_map_at_5_max": 0.044145,
        "nauc_map_at_5_std": 0.149367,
        "nauc_map_at_5_diff1": 0.288693,
        "nauc_map_at_10_max": 0.053392,
        "nauc_map_at_10_std": 0.149119,
        "nauc_map_at_10_diff1": 0.297312,
        "nauc_map_at_20_max": 0.056139,
        "nauc_map_at_20_std": 0.14533,
        "nauc_map_at_20_diff1": 0.301595,
        "nauc_map_at_100_max": 0.056139,
        "nauc_map_at_100_std": 0.14533,
        "nauc_map_at_100_diff1": 0.301595,
        "nauc_map_at_1000_max": 0.056139,
        "nauc_map_at_1000_std": 0.14533,
        "nauc_map_at_1000_diff1": 0.301595,
        "nauc_recall_at_1_max": 0.021515,
        "nauc_recall_at_1_std": 0.059014,
        "nauc_recall_at_1_diff1": 0.329805,
        "nauc_recall_at_3_max": 0.048973,
        "nauc_recall_at_3_std": 0.203583,
        "nauc_recall_at_3_diff1": 0.209505,
        "nauc_recall_at_5_max": 0.033099,
        "nauc_recall_at_5_std": 0.256643,
        "nauc_recall_at_5_diff1": 0.154114,
        "nauc_recall_at_10_max": -0.005061,
        "nauc_recall_at_10_std": 0.297087,
        "nauc_recall_at_10_diff1": 0.054593,
        "nauc_recall_at_20_max": NaN,
        "nauc_recall_at_20_std": NaN,
        "nauc_recall_at_20_diff1": NaN,
        "nauc_recall_at_100_max": NaN,
        "nauc_recall_at_100_std": NaN,
        "nauc_recall_at_100_diff1": NaN,
        "nauc_recall_at_1000_max": NaN,
        "nauc_recall_at_1000_std": NaN,
        "nauc_recall_at_1000_diff1": NaN,
        "nauc_precision_at_1_max": 0.077785,
        "nauc_precision_at_1_std": 0.105353,
        "nauc_precision_at_1_diff1": 0.393311,
        "nauc_precision_at_3_max": 0.117751,
        "nauc_precision_at_3_std": 0.247048,
        "nauc_precision_at_3_diff1": 0.128153,
        "nauc_precision_at_5_max": 0.113392,
        "nauc_precision_at_5_std": 0.208206,
        "nauc_precision_at_5_diff1": 0.013968,
        "nauc_precision_at_10_max": 0.112841,
        "nauc_precision_at_10_std": 0.099416,
        "nauc_precision_at_10_diff1": -0.077236,
        "nauc_precision_at_20_max": 0.11618,
        "nauc_precision_at_20_std": 0.062535,
        "nauc_precision_at_20_diff1": -0.077174,
        "nauc_precision_at_100_max": 0.11618,
        "nauc_precision_at_100_std": 0.062535,
        "nauc_precision_at_100_diff1": -0.077174,
        "nauc_precision_at_1000_max": 0.11618,
        "nauc_precision_at_1000_std": 0.062535,
        "nauc_precision_at_1000_diff1": -0.077174,
        "nauc_mrr_at_1_max": 0.077785,
        "nauc_mrr_at_1_std": 0.105353,
        "nauc_mrr_at_1_diff1": 0.393311,
        "nauc_mrr_at_3_max": 0.115876,
        "nauc_mrr_at_3_std": 0.205138,
        "nauc_mrr_at_3_diff1": 0.362709,
        "nauc_mrr_at_5_max": 0.11207,
        "nauc_mrr_at_5_std": 0.204132,
        "nauc_mrr_at_5_diff1": 0.358497,
        "nauc_mrr_at_10_max": 0.108409,
        "nauc_mrr_at_10_std": 0.185689,
        "nauc_mrr_at_10_diff1": 0.364313,
        "nauc_mrr_at_20_max": 0.107518,
        "nauc_mrr_at_20_std": 0.183878,
        "nauc_mrr_at_20_diff1": 0.364793,
        "nauc_mrr_at_100_max": 0.107518,
        "nauc_mrr_at_100_std": 0.183878,
        "nauc_mrr_at_100_diff1": 0.364793,
        "nauc_mrr_at_1000_max": 0.107518,
        "nauc_mrr_at_1000_std": 0.183878,
        "nauc_mrr_at_1000_diff1": 0.364793,
        "cv_recall_at_1": 0.56222,
        "cv_recall_at_3": 0.84819,
        "cv_recall_at_5": 0.91703,
        "cv_recall_at_10": 0.99382,
        "cv_recall_at_20": 1.0,
        "cv_recall_at_100": 1.0,
        "cv_recall_at_1000": 1.0,
        "main_score": 0.64411,
        "hf_subset": "default",
        "languages": [
          "slk-Latn"
        ]
      }
    ]
  },
  "evaluation_time": 124.32483720779419,
  "kg_co2_emissions": null
}