{
  "dataset_revision": "6448ea012b1b7caa3d55cb747b58cda1d7edc714",
  "task_name": "SlovakPharmacyDrMaxReranking",
  "mteb_version": "2.3.0",
  "scores": {
    "test": [
      {
        "ndcg_at_1": 0.87767,
        "ndcg_at_3": 0.93493,
        "ndcg_at_5": 0.94599,
        "ndcg_at_10": 0.94599,
        "ndcg_at_20": 0.94599,
        "ndcg_at_100": 0.94599,
        "ndcg_at_1000": 0.94599,
        "map_at_1": 0.87767,
        "map_at_3": 0.92159,
        "map_at_5": 0.92774,
        "map_at_10": 0.92774,
        "map_at_20": 0.92774,
        "map_at_100": 0.92774,
        "map_at_1000": 0.92774,
        "recall_at_1": 0.87767,
        "recall_at_3": 0.97327,
        "recall_at_5": 1.0,
        "recall_at_10": 1.0,
        "recall_at_20": 1.0,
        "recall_at_100": 1.0,
        "recall_at_1000": 1.0,
        "accuracy": 0.87767,
        "precision_at_1": 0.87767,
        "precision_at_3": 0.32442,
        "precision_at_5": 0.2,
        "precision_at_10": 0.1,
        "precision_at_20": 0.05,
        "precision_at_100": 0.01,
        "precision_at_1000": 0.001,
        "mrr_at_1": 0.877673,
        "mrr_at_3": 0.921585,
        "mrr_at_5": 0.927745,
        "mrr_at_10": 0.927745,
        "mrr_at_20": 0.927745,
        "mrr_at_100": 0.927745,
        "mrr_at_1000": 0.927745,
        "nauc_ndcg_at_1_max": 0.757136,
        "nauc_ndcg_at_1_std": 0.679132,
        "nauc_ndcg_at_1_diff1": 0.852582,
        "nauc_ndcg_at_3_max": 0.785418,
        "nauc_ndcg_at_3_std": 0.708217,
        "nauc_ndcg_at_3_diff1": 0.833517,
        "nauc_ndcg_at_5_max": 0.771497,
        "nauc_ndcg_at_5_std": 0.695019,
        "nauc_ndcg_at_5_diff1": 0.842707,
        "nauc_ndcg_at_10_max": 0.771497,
        "nauc_ndcg_at_10_std": 0.695019,
        "nauc_ndcg_at_10_diff1": 0.842707,
        "nauc_ndcg_at_20_max": 0.771497,
        "nauc_ndcg_at_20_std": 0.695019,
        "nauc_ndcg_at_20_diff1": 0.842707,
        "nauc_ndcg_at_100_max": 0.771497,
        "nauc_ndcg_at_100_std": 0.695019,
        "nauc_ndcg_at_100_diff1": 0.842707,
        "nauc_ndcg_at_1000_max": 0.771497,
        "nauc_ndcg_at_1000_std": 0.695019,
        "nauc_ndcg_at_1000_diff1": 0.842707,
        "nauc_map_at_1_max": 0.757136,
        "nauc_map_at_1_std": 0.679132,
        "nauc_map_at_1_diff1": 0.852582,
        "nauc_map_at_3_max": 0.776833,
        "nauc_map_at_3_std": 0.700075,
        "nauc_map_at_3_diff1": 0.83891,
        "nauc_map_at_5_max": 0.770494,
        "nauc_map_at_5_std": 0.693976,
        "nauc_map_at_5_diff1": 0.843324,
        "nauc_map_at_10_max": 0.770494,
        "nauc_map_at_10_std": 0.693976,
        "nauc_map_at_10_diff1": 0.843324,
        "nauc_map_at_20_max": 0.770494,
        "nauc_map_at_20_std": 0.693976,
        "nauc_map_at_20_diff1": 0.843324,
        "nauc_map_at_100_max": 0.770494,
        "nauc_map_at_100_std": 0.693976,
        "nauc_map_at_100_diff1": 0.843324,
        "nauc_map_at_1000_max": 0.770494,
        "nauc_map_at_1000_std": 0.693976,
        "nauc_map_at_1000_diff1": 0.843324,
        "nauc_recall_at_1_max": 0.757136,
        "nauc_recall_at_1_std": 0.679132,
        "nauc_recall_at_1_diff1": 0.852582,
        "nauc_recall_at_3_max": 0.854366,
        "nauc_recall_at_3_std": 0.772597,
        "nauc_recall_at_3_diff1": 0.790786,
        "nauc_recall_at_5_max": NaN,
        "nauc_recall_at_5_std": NaN,
        "nauc_recall_at_5_diff1": NaN,
        "nauc_recall_at_10_max": NaN,
        "nauc_recall_at_10_std": NaN,
        "nauc_recall_at_10_diff1": NaN,
        "nauc_recall_at_20_max": NaN,
        "nauc_recall_at_20_std": NaN,
        "nauc_recall_at_20_diff1": NaN,
        "nauc_recall_at_100_max": NaN,
        "nauc_recall_at_100_std": NaN,
        "nauc_recall_at_100_diff1": NaN,
        "nauc_recall_at_1000_max": NaN,
        "nauc_recall_at_1000_std": NaN,
        "nauc_recall_at_1000_diff1": NaN,
        "nauc_precision_at_1_max": 0.757136,
        "nauc_precision_at_1_std": 0.679132,
        "nauc_precision_at_1_diff1": 0.852582,
        "nauc_precision_at_3_max": 0.854366,
        "nauc_precision_at_3_std": 0.772597,
        "nauc_precision_at_3_diff1": 0.790786,
        "nauc_precision_at_5_max": 1.0,
        "nauc_precision_at_5_std": 1.0,
        "nauc_precision_at_5_diff1": 1.0,
        "nauc_precision_at_10_max": 1.0,
        "nauc_precision_at_10_std": 1.0,
        "nauc_precision_at_10_diff1": 1.0,
        "nauc_precision_at_20_max": 1.0,
        "nauc_precision_at_20_std": 1.0,
        "nauc_precision_at_20_diff1": 1.0,
        "nauc_precision_at_100_max": 1.0,
        "nauc_precision_at_100_std": 1.0,
        "nauc_precision_at_100_diff1": 1.0,
        "nauc_precision_at_1000_max": 1.0,
        "nauc_precision_at_1000_std": 1.0,
        "nauc_precision_at_1000_diff1": 1.0,
        "nauc_mrr_at_1_max": 0.757136,
        "nauc_mrr_at_1_std": 0.679132,
        "nauc_mrr_at_1_diff1": 0.852582,
        "nauc_mrr_at_3_max": 0.776833,
        "nauc_mrr_at_3_std": 0.700075,
        "nauc_mrr_at_3_diff1": 0.83891,
        "nauc_mrr_at_5_max": 0.770494,
        "nauc_mrr_at_5_std": 0.693976,
        "nauc_mrr_at_5_diff1": 0.843324,
        "nauc_mrr_at_10_max": 0.770494,
        "nauc_mrr_at_10_std": 0.693976,
        "nauc_mrr_at_10_diff1": 0.843324,
        "nauc_mrr_at_20_max": 0.770494,
        "nauc_mrr_at_20_std": 0.693976,
        "nauc_mrr_at_20_diff1": 0.843324,
        "nauc_mrr_at_100_max": 0.770494,
        "nauc_mrr_at_100_std": 0.693976,
        "nauc_mrr_at_100_diff1": 0.843324,
        "nauc_mrr_at_1000_max": 0.770494,
        "nauc_mrr_at_1000_std": 0.693976,
        "nauc_mrr_at_1000_diff1": 0.843324,
        "cv_recall_at_1": 0.87767,
        "cv_recall_at_3": 0.97327,
        "cv_recall_at_5": 1.0,
        "cv_recall_at_10": 1.0,
        "cv_recall_at_20": 1.0,
        "cv_recall_at_100": 1.0,
        "cv_recall_at_1000": 1.0,
        "main_score": 0.92774,
        "hf_subset": "default",
        "languages": [
          "slk-Latn"
        ]
      }
    ]
  },
  "evaluation_time": 215.40819096565247,
  "kg_co2_emissions": null
}