{
  "dataset_revision": "f64f483ad0f31d2e78209d524c14a4a867965959",
  "task_name": "WebFAQRetrieval",
  "mteb_version": "2.3.0",
  "scores": {
    "test": [
      {
        "ndcg_at_1": 0.72217,
        "ndcg_at_3": 0.80093,
        "ndcg_at_5": 0.81704,
        "ndcg_at_10": 0.82845,
        "ndcg_at_20": 0.83417,
        "ndcg_at_100": 0.84056,
        "ndcg_at_1000": 0.84216,
        "map_at_1": 0.72217,
        "map_at_3": 0.78195,
        "map_at_5": 0.79091,
        "map_at_10": 0.79571,
        "map_at_20": 0.79729,
        "map_at_100": 0.79818,
        "map_at_1000": 0.79824,
        "recall_at_1": 0.72217,
        "recall_at_3": 0.85569,
        "recall_at_5": 0.8947,
        "recall_at_10": 0.92959,
        "recall_at_20": 0.95211,
        "recall_at_100": 0.98636,
        "recall_at_1000": 0.99905,
        "accuracy": 0.72217,
        "precision_at_1": 0.72217,
        "precision_at_3": 0.28523,
        "precision_at_5": 0.17894,
        "precision_at_10": 0.09296,
        "precision_at_20": 0.04761,
        "precision_at_100": 0.00986,
        "precision_at_1000": 0.001,
        "mrr_at_1": 0.721535,
        "mrr_at_3": 0.782112,
        "mrr_at_5": 0.790676,
        "mrr_at_10": 0.795514,
        "mrr_at_20": 0.797088,
        "mrr_at_100": 0.797999,
        "mrr_at_1000": 0.798056,
        "nauc_ndcg_at_1_max": 0.515647,
        "nauc_ndcg_at_1_std": -0.100196,
        "nauc_ndcg_at_1_diff1": 0.815888,
        "nauc_ndcg_at_3_max": 0.522116,
        "nauc_ndcg_at_3_std": -0.146575,
        "nauc_ndcg_at_3_diff1": 0.785966,
        "nauc_ndcg_at_5_max": 0.51967,
        "nauc_ndcg_at_5_std": -0.145219,
        "nauc_ndcg_at_5_diff1": 0.786366,
        "nauc_ndcg_at_10_max": 0.514577,
        "nauc_ndcg_at_10_std": -0.151179,
        "nauc_ndcg_at_10_diff1": 0.789415,
        "nauc_ndcg_at_20_max": 0.515782,
        "nauc_ndcg_at_20_std": -0.146577,
        "nauc_ndcg_at_20_diff1": 0.792568,
        "nauc_ndcg_at_100_max": 0.516974,
        "nauc_ndcg_at_100_std": -0.136463,
        "nauc_ndcg_at_100_diff1": 0.792932,
        "nauc_ndcg_at_1000_max": 0.51703,
        "nauc_ndcg_at_1000_std": -0.136962,
        "nauc_ndcg_at_1000_diff1": 0.793756,
        "nauc_map_at_1_max": 0.515647,
        "nauc_map_at_1_std": -0.100196,
        "nauc_map_at_1_diff1": 0.815888,
        "nauc_map_at_3_max": 0.519656,
        "nauc_map_at_3_std": -0.133415,
        "nauc_map_at_3_diff1": 0.79375,
        "nauc_map_at_5_max": 0.518407,
        "nauc_map_at_5_std": -0.132068,
        "nauc_map_at_5_diff1": 0.794261,
        "nauc_map_at_10_max": 0.516554,
        "nauc_map_at_10_std": -0.133956,
        "nauc_map_at_10_diff1": 0.795355,
        "nauc_map_at_20_max": 0.51678,
        "nauc_map_at_20_std": -0.132997,
        "nauc_map_at_20_diff1": 0.796127,
        "nauc_map_at_100_max": 0.51684,
        "nauc_map_at_100_std": -0.131888,
        "nauc_map_at_100_diff1": 0.796188,
        "nauc_map_at_1000_max": 0.51685,
        "nauc_map_at_1000_std": -0.131896,
        "nauc_map_at_1000_diff1": 0.796212,
        "nauc_recall_at_1_max": 0.515647,
        "nauc_recall_at_1_std": -0.100196,
        "nauc_recall_at_1_diff1": 0.815888,
        "nauc_recall_at_3_max": 0.532517,
        "nauc_recall_at_3_std": -0.200179,
        "nauc_recall_at_3_diff1": 0.754693,
        "nauc_recall_at_5_max": 0.525938,
        "nauc_recall_at_5_std": -0.213298,
        "nauc_recall_at_5_diff1": 0.746166,
        "nauc_recall_at_10_max": 0.49437,
        "nauc_recall_at_10_std": -0.285536,
        "nauc_recall_at_10_diff1": 0.750053,
        "nauc_recall_at_20_max": 0.501777,
        "nauc_recall_at_20_std": -0.284594,
        "nauc_recall_at_20_diff1": 0.770582,
        "nauc_recall_at_100_max": 0.549711,
        "nauc_recall_at_100_std": -0.03865,
        "nauc_recall_at_100_diff1": 0.736957,
        "nauc_recall_at_1000_max": 0.956432,
        "nauc_recall_at_1000_std": 0.615024,
        "nauc_recall_at_1000_diff1": 0.956432,
        "nauc_precision_at_1_max": 0.515647,
        "nauc_precision_at_1_std": -0.100196,
        "nauc_precision_at_1_diff1": 0.815888,
        "nauc_precision_at_3_max": 0.532517,
        "nauc_precision_at_3_std": -0.200179,
        "nauc_precision_at_3_diff1": 0.754693,
        "nauc_precision_at_5_max": 0.525938,
        "nauc_precision_at_5_std": -0.213298,
        "nauc_precision_at_5_diff1": 0.746166,
        "nauc_precision_at_10_max": 0.49437,
        "nauc_precision_at_10_std": -0.285536,
        "nauc_precision_at_10_diff1": 0.750053,
        "nauc_precision_at_20_max": 0.501777,
        "nauc_precision_at_20_std": -0.284594,
        "nauc_precision_at_20_diff1": 0.770582,
        "nauc_precision_at_100_max": 0.549711,
        "nauc_precision_at_100_std": -0.03865,
        "nauc_precision_at_100_diff1": 0.736957,
        "nauc_precision_at_1000_max": 0.956432,
        "nauc_precision_at_1000_std": 0.615024,
        "nauc_precision_at_1000_diff1": 0.956432,
        "nauc_mrr_at_1_max": 0.515176,
        "nauc_mrr_at_1_std": -0.10173,
        "nauc_mrr_at_1_diff1": 0.816958,
        "nauc_mrr_at_3_max": 0.52034,
        "nauc_mrr_at_3_std": -0.134029,
        "nauc_mrr_at_3_diff1": 0.793688,
        "nauc_mrr_at_5_max": 0.518828,
        "nauc_mrr_at_5_std": -0.134352,
        "nauc_mrr_at_5_diff1": 0.794845,
        "nauc_mrr_at_10_max": 0.516949,
        "nauc_mrr_at_10_std": -0.135847,
        "nauc_mrr_at_10_diff1": 0.795853,
        "nauc_mrr_at_20_max": 0.516992,
        "nauc_mrr_at_20_std": -0.135359,
        "nauc_mrr_at_20_diff1": 0.796571,
        "nauc_mrr_at_100_max": 0.517168,
        "nauc_mrr_at_100_std": -0.133981,
        "nauc_mrr_at_100_diff1": 0.796646,
        "nauc_mrr_at_1000_max": 0.517178,
        "nauc_mrr_at_1000_std": -0.13399,
        "nauc_mrr_at_1000_diff1": 0.796671,
        "cv_recall_at_1": 0.72154,
        "cv_recall_at_3": 0.85664,
        "cv_recall_at_5": 0.89407,
        "cv_recall_at_10": 0.92927,
        "cv_recall_at_20": 0.95147,
        "cv_recall_at_100": 0.98636,
        "cv_recall_at_1000": 0.99905,
        "main_score": 0.82845,
        "hf_subset": "slk",
        "languages": [
          "slk-Latn"
        ]
      }
    ]
  },
  "evaluation_time": 164.1389284133911,
  "kg_co2_emissions": null
}