{
    "dataset_revision": "3997eba1c60721e34f7b01db400f5b14a40218ea",
    "task_name": "SkQuadReranking",
    "mteb_version": "1.39.7",
    "scores": {
        "test": [
            {
                "ndcg_at_1": 0.66019,
                "ndcg_at_3": 0.6939,
                "ndcg_at_5": 0.73151,
                "ndcg_at_10": 0.7921,
                "ndcg_at_20": 0.80012,
                "ndcg_at_100": 0.80012,
                "ndcg_at_1000": 0.80012,
                "map_at_1": 0.50316,
                "map_at_3": 0.62803,
                "map_at_5": 0.65638,
                "map_at_10": 0.69562,
                "map_at_20": 0.70019,
                "map_at_100": 0.70019,
                "map_at_1000": 0.70019,
                "recall_at_1": 0.50316,
                "recall_at_3": 0.74055,
                "recall_at_5": 0.82154,
                "recall_at_10": 0.97711,
                "recall_at_20": 1.0,
                "recall_at_100": 1.0,
                "recall_at_1000": 1.0,
                "accuracy": 0.50316,
                "precision_at_1": 0.66019,
                "precision_at_3": 0.33951,
                "precision_at_5": 0.23266,
                "precision_at_10": 0.14784,
                "precision_at_20": 0.07643,
                "precision_at_100": 0.01529,
                "precision_at_1000": 0.00153,
                "mrr_at_1": 0.660194,
                "mrr_at_3": 0.773316,
                "mrr_at_5": 0.785143,
                "mrr_at_10": 0.790452,
                "mrr_at_20": 0.790532,
                "mrr_at_100": 0.790532,
                "mrr_at_1000": 0.790532,
                "nauc_ndcg_at_1_max": 0.263615,
                "nauc_ndcg_at_1_std": 0.195325,
                "nauc_ndcg_at_1_diff1": 0.404822,
                "nauc_ndcg_at_3_max": 0.164658,
                "nauc_ndcg_at_3_std": 0.201217,
                "nauc_ndcg_at_3_diff1": 0.299796,
                "nauc_ndcg_at_5_max": 0.170001,
                "nauc_ndcg_at_5_std": 0.210209,
                "nauc_ndcg_at_5_diff1": 0.311818,
                "nauc_ndcg_at_10_max": 0.194501,
                "nauc_ndcg_at_10_std": 0.202594,
                "nauc_ndcg_at_10_diff1": 0.32801,
                "nauc_ndcg_at_20_max": 0.208225,
                "nauc_ndcg_at_20_std": 0.212164,
                "nauc_ndcg_at_20_diff1": 0.333436,
                "nauc_ndcg_at_100_max": 0.208225,
                "nauc_ndcg_at_100_std": 0.212164,
                "nauc_ndcg_at_100_diff1": 0.333436,
                "nauc_ndcg_at_1000_max": 0.208225,
                "nauc_ndcg_at_1000_std": 0.212164,
                "nauc_ndcg_at_1000_diff1": 0.333436,
                "nauc_map_at_1_max": 0.110175,
                "nauc_map_at_1_std": 0.104144,
                "nauc_map_at_1_diff1": 0.33105,
                "nauc_map_at_3_max": 0.135965,
                "nauc_map_at_3_std": 0.169868,
                "nauc_map_at_3_diff1": 0.299344,
                "nauc_map_at_5_max": 0.145174,
                "nauc_map_at_5_std": 0.178396,
                "nauc_map_at_5_diff1": 0.306898,
                "nauc_map_at_10_max": 0.160928,
                "nauc_map_at_10_std": 0.177365,
                "nauc_map_at_10_diff1": 0.313138,
                "nauc_map_at_20_max": 0.165885,
                "nauc_map_at_20_std": 0.181101,
                "nauc_map_at_20_diff1": 0.314753,
                "nauc_map_at_100_max": 0.165885,
                "nauc_map_at_100_std": 0.181101,
                "nauc_map_at_100_diff1": 0.314753,
                "nauc_map_at_1000_max": 0.165885,
                "nauc_map_at_1000_std": 0.181101,
                "nauc_map_at_1000_diff1": 0.314753,
                "nauc_recall_at_1_max": 0.110175,
                "nauc_recall_at_1_std": 0.104144,
                "nauc_recall_at_1_diff1": 0.33105,
                "nauc_recall_at_3_max": 0.090293,
                "nauc_recall_at_3_std": 0.181498,
                "nauc_recall_at_3_diff1": 0.205549,
                "nauc_recall_at_5_max": 0.065182,
                "nauc_recall_at_5_std": 0.18254,
                "nauc_recall_at_5_diff1": 0.197628,
                "nauc_recall_at_10_max": -0.111305,
                "nauc_recall_at_10_std": -0.020649,
                "nauc_recall_at_10_diff1": 0.133819,
                "nauc_recall_at_20_max": NaN,
                "nauc_recall_at_20_std": NaN,
                "nauc_recall_at_20_diff1": NaN,
                "nauc_recall_at_100_max": NaN,
                "nauc_recall_at_100_std": NaN,
                "nauc_recall_at_100_diff1": NaN,
                "nauc_recall_at_1000_max": NaN,
                "nauc_recall_at_1000_std": NaN,
                "nauc_recall_at_1000_diff1": NaN,
                "nauc_precision_at_1_max": 0.263615,
                "nauc_precision_at_1_std": 0.195325,
                "nauc_precision_at_1_diff1": 0.404822,
                "nauc_precision_at_3_max": 0.224526,
                "nauc_precision_at_3_std": 0.23361,
                "nauc_precision_at_3_diff1": 0.071434,
                "nauc_precision_at_5_max": 0.174948,
                "nauc_precision_at_5_std": 0.172036,
                "nauc_precision_at_5_diff1": -0.00885,
                "nauc_precision_at_10_max": 0.115996,
                "nauc_precision_at_10_std": 0.039854,
                "nauc_precision_at_10_diff1": -0.116122,
                "nauc_precision_at_20_max": 0.123766,
                "nauc_precision_at_20_std": 0.043588,
                "nauc_precision_at_20_diff1": -0.125761,
                "nauc_precision_at_100_max": 0.123766,
                "nauc_precision_at_100_std": 0.043588,
                "nauc_precision_at_100_diff1": -0.125761,
                "nauc_precision_at_1000_max": 0.123766,
                "nauc_precision_at_1000_std": 0.043588,
                "nauc_precision_at_1000_diff1": -0.125761,
                "nauc_mrr_at_1_max": 0.263615,
                "nauc_mrr_at_1_std": 0.195325,
                "nauc_mrr_at_1_diff1": 0.404822,
                "nauc_mrr_at_3_max": 0.31043,
                "nauc_mrr_at_3_std": 0.283733,
                "nauc_mrr_at_3_diff1": 0.388346,
                "nauc_mrr_at_5_max": 0.303617,
                "nauc_mrr_at_5_std": 0.279983,
                "nauc_mrr_at_5_diff1": 0.392006,
                "nauc_mrr_at_10_max": 0.298077,
                "nauc_mrr_at_10_std": 0.268015,
                "nauc_mrr_at_10_diff1": 0.39319,
                "nauc_mrr_at_20_max": 0.297962,
                "nauc_mrr_at_20_std": 0.267687,
                "nauc_mrr_at_20_diff1": 0.393311,
                "nauc_mrr_at_100_max": 0.297962,
                "nauc_mrr_at_100_std": 0.267687,
                "nauc_mrr_at_100_diff1": 0.393311,
                "nauc_mrr_at_1000_max": 0.297962,
                "nauc_mrr_at_1000_std": 0.267687,
                "nauc_mrr_at_1000_diff1": 0.393311,
                "cv_recall_at_1": 0.66019,
                "cv_recall_at_3": 0.91086,
                "cv_recall_at_5": 0.96117,
                "cv_recall_at_10": 0.99912,
                "cv_recall_at_20": 1.0,
                "cv_recall_at_100": 1.0,
                "cv_recall_at_1000": 1.0,
                "main_score": 0.70019,
                "hf_subset": "default",
                "languages": [
                    "slk-Latn"
                ]
            }
        ]
    },
    "evaluation_time": 35.292590618133545,
    "kg_co2_emissions": null
}
