{
    "dataset_revision": "85d6b32f2762313714618171b9d1a65eb7408835",
    "task_name": "SlovakSumRetrieval",
    "mteb_version": "1.39.7",
    "scores": {
        "test": [
            {
                "ndcg_at_1": 0.85833,
                "ndcg_at_3": 0.89234,
                "ndcg_at_5": 0.90181,
                "ndcg_at_10": 0.90785,
                "ndcg_at_20": 0.91085,
                "ndcg_at_100": 0.91413,
                "ndcg_at_1000": 0.91588,
                "map_at_1": 0.85833,
                "map_at_3": 0.88444,
                "map_at_5": 0.88961,
                "map_at_10": 0.89218,
                "map_at_20": 0.89303,
                "map_at_100": 0.89343,
                "map_at_1000": 0.8935,
                "recall_at_1": 0.85833,
                "recall_at_3": 0.915,
                "recall_at_5": 0.93833,
                "recall_at_10": 0.95667,
                "recall_at_20": 0.96833,
                "recall_at_100": 0.98667,
                "recall_at_1000": 1.0,
                "accuracy": 0.85833,
                "precision_at_1": 0.85833,
                "precision_at_3": 0.305,
                "precision_at_5": 0.18767,
                "precision_at_10": 0.09567,
                "precision_at_20": 0.04842,
                "precision_at_100": 0.00987,
                "precision_at_1000": 0.001,
                "mrr_at_1": 0.858333,
                "mrr_at_3": 0.884444,
                "mrr_at_5": 0.889611,
                "mrr_at_10": 0.892177,
                "mrr_at_20": 0.893027,
                "mrr_at_100": 0.893431,
                "mrr_at_1000": 0.893505,
                "nauc_ndcg_at_1_max": 0.786126,
                "nauc_ndcg_at_1_std": 0.212115,
                "nauc_ndcg_at_1_diff1": 0.910693,
                "nauc_ndcg_at_3_max": 0.816183,
                "nauc_ndcg_at_3_std": 0.295064,
                "nauc_ndcg_at_3_diff1": 0.902587,
                "nauc_ndcg_at_5_max": 0.809668,
                "nauc_ndcg_at_5_std": 0.321168,
                "nauc_ndcg_at_5_diff1": 0.897812,
                "nauc_ndcg_at_10_max": 0.813357,
                "nauc_ndcg_at_10_std": 0.331237,
                "nauc_ndcg_at_10_diff1": 0.90104,
                "nauc_ndcg_at_20_max": 0.813626,
                "nauc_ndcg_at_20_std": 0.325286,
                "nauc_ndcg_at_20_diff1": 0.899689,
                "nauc_ndcg_at_100_max": 0.812191,
                "nauc_ndcg_at_100_std": 0.314671,
                "nauc_ndcg_at_100_diff1": 0.901137,
                "nauc_ndcg_at_1000_max": 0.809943,
                "nauc_ndcg_at_1000_std": 0.303639,
                "nauc_ndcg_at_1000_diff1": 0.901906,
                "nauc_map_at_1_max": 0.786126,
                "nauc_map_at_1_std": 0.212115,
                "nauc_map_at_1_diff1": 0.910693,
                "nauc_map_at_3_max": 0.808445,
                "nauc_map_at_3_std": 0.274331,
                "nauc_map_at_3_diff1": 0.904583,
                "nauc_map_at_5_max": 0.804943,
                "nauc_map_at_5_std": 0.285433,
                "nauc_map_at_5_diff1": 0.902343,
                "nauc_map_at_10_max": 0.806365,
                "nauc_map_at_10_std": 0.288223,
                "nauc_map_at_10_diff1": 0.903636,
                "nauc_map_at_20_max": 0.806258,
                "nauc_map_at_20_std": 0.286408,
                "nauc_map_at_20_diff1": 0.903357,
                "nauc_map_at_100_max": 0.806201,
                "nauc_map_at_100_std": 0.285251,
                "nauc_map_at_100_diff1": 0.903507,
                "nauc_map_at_1000_max": 0.806118,
                "nauc_map_at_1000_std": 0.284881,
                "nauc_map_at_1000_diff1": 0.903535,
                "nauc_recall_at_1_max": 0.786126,
                "nauc_recall_at_1_std": 0.212115,
                "nauc_recall_at_1_diff1": 0.910693,
                "nauc_recall_at_3_max": 0.84527,
                "nauc_recall_at_3_std": 0.372613,
                "nauc_recall_at_3_diff1": 0.895141,
                "nauc_recall_at_5_max": 0.830886,
                "nauc_recall_at_5_std": 0.506914,
                "nauc_recall_at_5_diff1": 0.874013,
                "nauc_recall_at_10_max": 0.860501,
                "nauc_recall_at_10_std": 0.648711,
                "nauc_recall_at_10_diff1": 0.884184,
                "nauc_recall_at_20_max": 0.883655,
                "nauc_recall_at_20_std": 0.703622,
                "nauc_recall_at_20_diff1": 0.863015,
                "nauc_recall_at_100_max": 0.916258,
                "nauc_recall_at_100_std": 0.841328,
                "nauc_recall_at_100_diff1": 0.865196,
                "nauc_recall_at_1000_max": NaN,
                "nauc_recall_at_1000_std": NaN,
                "nauc_recall_at_1000_diff1": NaN,
                "nauc_precision_at_1_max": 0.786126,
                "nauc_precision_at_1_std": 0.212115,
                "nauc_precision_at_1_diff1": 0.910693,
                "nauc_precision_at_3_max": 0.84527,
                "nauc_precision_at_3_std": 0.372613,
                "nauc_precision_at_3_diff1": 0.895141,
                "nauc_precision_at_5_max": 0.830886,
                "nauc_precision_at_5_std": 0.506914,
                "nauc_precision_at_5_diff1": 0.874013,
                "nauc_precision_at_10_max": 0.860501,
                "nauc_precision_at_10_std": 0.648711,
                "nauc_precision_at_10_diff1": 0.884184,
                "nauc_precision_at_20_max": 0.883655,
                "nauc_precision_at_20_std": 0.703622,
                "nauc_precision_at_20_diff1": 0.863015,
                "nauc_precision_at_100_max": 0.916258,
                "nauc_precision_at_100_std": 0.841328,
                "nauc_precision_at_100_diff1": 0.865196,
                "nauc_precision_at_1000_max": 1.0,
                "nauc_precision_at_1000_std": 1.0,
                "nauc_precision_at_1000_diff1": 1.0,
                "nauc_mrr_at_1_max": 0.786126,
                "nauc_mrr_at_1_std": 0.212115,
                "nauc_mrr_at_1_diff1": 0.910693,
                "nauc_mrr_at_3_max": 0.808445,
                "nauc_mrr_at_3_std": 0.274331,
                "nauc_mrr_at_3_diff1": 0.904583,
                "nauc_mrr_at_5_max": 0.804943,
                "nauc_mrr_at_5_std": 0.285433,
                "nauc_mrr_at_5_diff1": 0.902343,
                "nauc_mrr_at_10_max": 0.806365,
                "nauc_mrr_at_10_std": 0.288223,
                "nauc_mrr_at_10_diff1": 0.903636,
                "nauc_mrr_at_20_max": 0.806258,
                "nauc_mrr_at_20_std": 0.286408,
                "nauc_mrr_at_20_diff1": 0.903357,
                "nauc_mrr_at_100_max": 0.806201,
                "nauc_mrr_at_100_std": 0.285251,
                "nauc_mrr_at_100_diff1": 0.903507,
                "nauc_mrr_at_1000_max": 0.806118,
                "nauc_mrr_at_1000_std": 0.284881,
                "nauc_mrr_at_1000_diff1": 0.903535,
                "cv_recall_at_1": 0.85833,
                "cv_recall_at_3": 0.915,
                "cv_recall_at_5": 0.93833,
                "cv_recall_at_10": 0.95667,
                "cv_recall_at_20": 0.96833,
                "cv_recall_at_100": 0.98667,
                "cv_recall_at_1000": 1.0,
                "main_score": 0.90785,
                "hf_subset": "default",
                "languages": [
                    "slk-Latn"
                ]
            }
        ]
    },
    "evaluation_time": 3.2533087730407715,
    "kg_co2_emissions": null
}
