{
    "dataset_revision": "faf73c5217c37e8a9ba297b8e29b25d1ccdeccae",
    "task_name": "SlovakPharmacyDrMaxReranking",
    "mteb_version": "1.39.7",
    "scores": {
        "test": [
            {
                "ndcg_at_1": 0.83704,
                "ndcg_at_3": 0.92085,
                "ndcg_at_5": 0.92984,
                "ndcg_at_10": 0.92984,
                "ndcg_at_20": 0.92984,
                "ndcg_at_100": 0.92984,
                "ndcg_at_1000": 0.92984,
                "map_at_1": 0.83704,
                "map_at_3": 0.90088,
                "map_at_5": 0.90591,
                "map_at_10": 0.90591,
                "map_at_20": 0.90591,
                "map_at_100": 0.90591,
                "map_at_1000": 0.90591,
                "recall_at_1": 0.83704,
                "recall_at_3": 0.9784,
                "recall_at_5": 1.0,
                "recall_at_10": 1.0,
                "recall_at_20": 1.0,
                "recall_at_100": 1.0,
                "recall_at_1000": 1.0,
                "accuracy": 0.83704,
                "precision_at_1": 0.83704,
                "precision_at_3": 0.32613,
                "precision_at_5": 0.2,
                "precision_at_10": 0.1,
                "precision_at_20": 0.05,
                "precision_at_100": 0.01,
                "precision_at_1000": 0.001,
                "mrr_at_1": 0.83704,
                "mrr_at_3": 0.900877,
                "mrr_at_5": 0.905913,
                "mrr_at_10": 0.905913,
                "mrr_at_20": 0.905913,
                "mrr_at_100": 0.905913,
                "mrr_at_1000": 0.905913,
                "nauc_ndcg_at_1_max": 0.632905,
                "nauc_ndcg_at_1_std": 0.605732,
                "nauc_ndcg_at_1_diff1": 0.816765,
                "nauc_ndcg_at_3_max": 0.649506,
                "nauc_ndcg_at_3_std": 0.657112,
                "nauc_ndcg_at_3_diff1": 0.800462,
                "nauc_ndcg_at_5_max": 0.64103,
                "nauc_ndcg_at_5_std": 0.631666,
                "nauc_ndcg_at_5_diff1": 0.809168,
                "nauc_ndcg_at_10_max": 0.64103,
                "nauc_ndcg_at_10_std": 0.631666,
                "nauc_ndcg_at_10_diff1": 0.809168,
                "nauc_ndcg_at_20_max": 0.64103,
                "nauc_ndcg_at_20_std": 0.631666,
                "nauc_ndcg_at_20_diff1": 0.809168,
                "nauc_ndcg_at_100_max": 0.64103,
                "nauc_ndcg_at_100_std": 0.631666,
                "nauc_ndcg_at_100_diff1": 0.809168,
                "nauc_ndcg_at_1000_max": 0.64103,
                "nauc_ndcg_at_1000_std": 0.631666,
                "nauc_ndcg_at_1000_diff1": 0.809168,
                "nauc_map_at_1_max": 0.632905,
                "nauc_map_at_1_std": 0.605732,
                "nauc_map_at_1_diff1": 0.816765,
                "nauc_map_at_3_max": 0.644398,
                "nauc_map_at_3_std": 0.641408,
                "nauc_map_at_3_diff1": 0.805788,
                "nauc_map_at_5_max": 0.640506,
                "nauc_map_at_5_std": 0.629949,
                "nauc_map_at_5_diff1": 0.809693,
                "nauc_map_at_10_max": 0.640506,
                "nauc_map_at_10_std": 0.629949,
                "nauc_map_at_10_diff1": 0.809693,
                "nauc_map_at_20_max": 0.640506,
                "nauc_map_at_20_std": 0.629949,
                "nauc_map_at_20_diff1": 0.809693,
                "nauc_map_at_100_max": 0.640506,
                "nauc_map_at_100_std": 0.629949,
                "nauc_map_at_100_diff1": 0.809693,
                "nauc_map_at_1000_max": 0.640506,
                "nauc_map_at_1000_std": 0.629949,
                "nauc_map_at_1000_diff1": 0.809693,
                "nauc_recall_at_1_max": 0.632905,
                "nauc_recall_at_1_std": 0.605732,
                "nauc_recall_at_1_diff1": 0.816765,
                "nauc_recall_at_3_max": 0.71177,
                "nauc_recall_at_3_std": 0.84833,
                "nauc_recall_at_3_diff1": 0.734802,
                "nauc_recall_at_5_max": NaN,
                "nauc_recall_at_5_std": NaN,
                "nauc_recall_at_5_diff1": NaN,
                "nauc_recall_at_10_max": NaN,
                "nauc_recall_at_10_std": NaN,
                "nauc_recall_at_10_diff1": NaN,
                "nauc_recall_at_20_max": NaN,
                "nauc_recall_at_20_std": NaN,
                "nauc_recall_at_20_diff1": NaN,
                "nauc_recall_at_100_max": NaN,
                "nauc_recall_at_100_std": NaN,
                "nauc_recall_at_100_diff1": NaN,
                "nauc_recall_at_1000_max": NaN,
                "nauc_recall_at_1000_std": NaN,
                "nauc_recall_at_1000_diff1": NaN,
                "nauc_precision_at_1_max": 0.632905,
                "nauc_precision_at_1_std": 0.605732,
                "nauc_precision_at_1_diff1": 0.816765,
                "nauc_precision_at_3_max": 0.71177,
                "nauc_precision_at_3_std": 0.84833,
                "nauc_precision_at_3_diff1": 0.734802,
                "nauc_precision_at_5_max": 1.0,
                "nauc_precision_at_5_std": 1.0,
                "nauc_precision_at_5_diff1": 1.0,
                "nauc_precision_at_10_max": 1.0,
                "nauc_precision_at_10_std": 1.0,
                "nauc_precision_at_10_diff1": 1.0,
                "nauc_precision_at_20_max": 1.0,
                "nauc_precision_at_20_std": 1.0,
                "nauc_precision_at_20_diff1": 1.0,
                "nauc_precision_at_100_max": 1.0,
                "nauc_precision_at_100_std": 1.0,
                "nauc_precision_at_100_diff1": 1.0,
                "nauc_precision_at_1000_max": 1.0,
                "nauc_precision_at_1000_std": 1.0,
                "nauc_precision_at_1000_diff1": 1.0,
                "nauc_mrr_at_1_max": 0.632905,
                "nauc_mrr_at_1_std": 0.605732,
                "nauc_mrr_at_1_diff1": 0.816765,
                "nauc_mrr_at_3_max": 0.644398,
                "nauc_mrr_at_3_std": 0.641408,
                "nauc_mrr_at_3_diff1": 0.805788,
                "nauc_mrr_at_5_max": 0.640506,
                "nauc_mrr_at_5_std": 0.629949,
                "nauc_mrr_at_5_diff1": 0.809693,
                "nauc_mrr_at_10_max": 0.640506,
                "nauc_mrr_at_10_std": 0.629949,
                "nauc_mrr_at_10_diff1": 0.809693,
                "nauc_mrr_at_20_max": 0.640506,
                "nauc_mrr_at_20_std": 0.629949,
                "nauc_mrr_at_20_diff1": 0.809693,
                "nauc_mrr_at_100_max": 0.640506,
                "nauc_mrr_at_100_std": 0.629949,
                "nauc_mrr_at_100_diff1": 0.809693,
                "nauc_mrr_at_1000_max": 0.640506,
                "nauc_mrr_at_1000_std": 0.629949,
                "nauc_mrr_at_1000_diff1": 0.809693,
                "cv_recall_at_1": 0.83704,
                "cv_recall_at_3": 0.9784,
                "cv_recall_at_5": 1.0,
                "cv_recall_at_10": 1.0,
                "cv_recall_at_20": 1.0,
                "cv_recall_at_100": 1.0,
                "cv_recall_at_1000": 1.0,
                "main_score": 0.90591,
                "hf_subset": "default",
                "languages": [
                    "slk-Latn"
                ]
            }
        ]
    },
    "evaluation_time": 44.57585382461548,
    "kg_co2_emissions": null
}
