{
    "dataset_revision": "c5a6521a4ddce3450fb04ba218623681a9189c6d",
    "task_name": "SMESumRetrieval",
    "mteb_version": "1.39.7",
    "scores": {
        "test": [
            {
                "ndcg_at_1": 0.73167,
                "ndcg_at_3": 0.80026,
                "ndcg_at_5": 0.81611,
                "ndcg_at_10": 0.83017,
                "ndcg_at_20": 0.8357,
                "ndcg_at_100": 0.84285,
                "ndcg_at_1000": 0.8442,
                "map_at_1": 0.73167,
                "map_at_3": 0.78361,
                "map_at_5": 0.79244,
                "map_at_10": 0.79827,
                "map_at_20": 0.79982,
                "map_at_100": 0.80081,
                "map_at_1000": 0.80087,
                "recall_at_1": 0.73167,
                "recall_at_3": 0.84833,
                "recall_at_5": 0.88667,
                "recall_at_10": 0.93,
                "recall_at_20": 0.95167,
                "recall_at_100": 0.99,
                "recall_at_1000": 1.0,
                "accuracy": 0.73167,
                "precision_at_1": 0.73167,
                "precision_at_3": 0.28278,
                "precision_at_5": 0.17733,
                "precision_at_10": 0.093,
                "precision_at_20": 0.04758,
                "precision_at_100": 0.0099,
                "precision_at_1000": 0.001,
                "mrr_at_1": 0.731667,
                "mrr_at_3": 0.783611,
                "mrr_at_5": 0.792444,
                "mrr_at_10": 0.798274,
                "mrr_at_20": 0.799819,
                "mrr_at_100": 0.800806,
                "mrr_at_1000": 0.800867,
                "nauc_ndcg_at_1_max": 0.72264,
                "nauc_ndcg_at_1_std": 0.293117,
                "nauc_ndcg_at_1_diff1": 0.840029,
                "nauc_ndcg_at_3_max": 0.756661,
                "nauc_ndcg_at_3_std": 0.367602,
                "nauc_ndcg_at_3_diff1": 0.815768,
                "nauc_ndcg_at_5_max": 0.765282,
                "nauc_ndcg_at_5_std": 0.380381,
                "nauc_ndcg_at_5_diff1": 0.812935,
                "nauc_ndcg_at_10_max": 0.762854,
                "nauc_ndcg_at_10_std": 0.391433,
                "nauc_ndcg_at_10_diff1": 0.816138,
                "nauc_ndcg_at_20_max": 0.7602,
                "nauc_ndcg_at_20_std": 0.387959,
                "nauc_ndcg_at_20_diff1": 0.815743,
                "nauc_ndcg_at_100_max": 0.756378,
                "nauc_ndcg_at_100_std": 0.372589,
                "nauc_ndcg_at_100_diff1": 0.817706,
                "nauc_ndcg_at_1000_max": 0.754706,
                "nauc_ndcg_at_1000_std": 0.367067,
                "nauc_ndcg_at_1000_diff1": 0.819155,
                "nauc_map_at_1_max": 0.72264,
                "nauc_map_at_1_std": 0.293117,
                "nauc_map_at_1_diff1": 0.840029,
                "nauc_map_at_3_max": 0.748299,
                "nauc_map_at_3_std": 0.348135,
                "nauc_map_at_3_diff1": 0.822211,
                "nauc_map_at_5_max": 0.752377,
                "nauc_map_at_5_std": 0.353457,
                "nauc_map_at_5_diff1": 0.820918,
                "nauc_map_at_10_max": 0.751128,
                "nauc_map_at_10_std": 0.356851,
                "nauc_map_at_10_diff1": 0.822173,
                "nauc_map_at_20_max": 0.750442,
                "nauc_map_at_20_std": 0.355604,
                "nauc_map_at_20_diff1": 0.822183,
                "nauc_map_at_100_max": 0.749953,
                "nauc_map_at_100_std": 0.353715,
                "nauc_map_at_100_diff1": 0.822355,
                "nauc_map_at_1000_max": 0.749891,
                "nauc_map_at_1000_std": 0.353515,
                "nauc_map_at_1000_diff1": 0.822407,
                "nauc_recall_at_1_max": 0.72264,
                "nauc_recall_at_1_std": 0.293117,
                "nauc_recall_at_1_diff1": 0.840029,
                "nauc_recall_at_3_max": 0.788474,
                "nauc_recall_at_3_std": 0.44243,
                "nauc_recall_at_3_diff1": 0.790939,
                "nauc_recall_at_5_max": 0.828855,
                "nauc_recall_at_5_std": 0.513583,
                "nauc_recall_at_5_diff1": 0.774098,
                "nauc_recall_at_10_max": 0.850107,
                "nauc_recall_at_10_std": 0.664321,
                "nauc_recall_at_10_diff1": 0.77471,
                "nauc_recall_at_20_max": 0.85608,
                "nauc_recall_at_20_std": 0.748527,
                "nauc_recall_at_20_diff1": 0.749944,
                "nauc_recall_at_100_max": 0.931917,
                "nauc_recall_at_100_std": 0.953704,
                "nauc_recall_at_100_diff1": 0.66511,
                "nauc_recall_at_1000_max": NaN,
                "nauc_recall_at_1000_std": NaN,
                "nauc_recall_at_1000_diff1": NaN,
                "nauc_precision_at_1_max": 0.72264,
                "nauc_precision_at_1_std": 0.293117,
                "nauc_precision_at_1_diff1": 0.840029,
                "nauc_precision_at_3_max": 0.788474,
                "nauc_precision_at_3_std": 0.44243,
                "nauc_precision_at_3_diff1": 0.790939,
                "nauc_precision_at_5_max": 0.828855,
                "nauc_precision_at_5_std": 0.513583,
                "nauc_precision_at_5_diff1": 0.774098,
                "nauc_precision_at_10_max": 0.850107,
                "nauc_precision_at_10_std": 0.664321,
                "nauc_precision_at_10_diff1": 0.77471,
                "nauc_precision_at_20_max": 0.85608,
                "nauc_precision_at_20_std": 0.748527,
                "nauc_precision_at_20_diff1": 0.749944,
                "nauc_precision_at_100_max": 0.931917,
                "nauc_precision_at_100_std": 0.953704,
                "nauc_precision_at_100_diff1": 0.66511,
                "nauc_precision_at_1000_max": 1.0,
                "nauc_precision_at_1000_std": 1.0,
                "nauc_precision_at_1000_diff1": 1.0,
                "nauc_mrr_at_1_max": 0.72264,
                "nauc_mrr_at_1_std": 0.293117,
                "nauc_mrr_at_1_diff1": 0.840029,
                "nauc_mrr_at_3_max": 0.748299,
                "nauc_mrr_at_3_std": 0.348135,
                "nauc_mrr_at_3_diff1": 0.822211,
                "nauc_mrr_at_5_max": 0.752377,
                "nauc_mrr_at_5_std": 0.353457,
                "nauc_mrr_at_5_diff1": 0.820918,
                "nauc_mrr_at_10_max": 0.751128,
                "nauc_mrr_at_10_std": 0.356851,
                "nauc_mrr_at_10_diff1": 0.822173,
                "nauc_mrr_at_20_max": 0.750442,
                "nauc_mrr_at_20_std": 0.355604,
                "nauc_mrr_at_20_diff1": 0.822183,
                "nauc_mrr_at_100_max": 0.749953,
                "nauc_mrr_at_100_std": 0.353715,
                "nauc_mrr_at_100_diff1": 0.822355,
                "nauc_mrr_at_1000_max": 0.749891,
                "nauc_mrr_at_1000_std": 0.353515,
                "nauc_mrr_at_1000_diff1": 0.822407,
                "cv_recall_at_1": 0.73167,
                "cv_recall_at_3": 0.84833,
                "cv_recall_at_5": 0.88667,
                "cv_recall_at_10": 0.93,
                "cv_recall_at_20": 0.95167,
                "cv_recall_at_100": 0.99,
                "cv_recall_at_1000": 1.0,
                "main_score": 0.83017,
                "hf_subset": "default",
                "languages": [
                    "slk-Latn"
                ]
            }
        ]
    },
    "evaluation_time": 3.180283784866333,
    "kg_co2_emissions": null
}
