{
    "dataset_revision": "f64f483ad0f31d2e78209d524c14a4a867965959",
    "task_name": "WebFAQRetrieval",
    "mteb_version": "1.39.7",
    "scores": {
        "test": [
            {
                "ndcg_at_1": 0.73264,
                "ndcg_at_3": 0.80295,
                "ndcg_at_5": 0.81536,
                "ndcg_at_10": 0.8279,
                "ndcg_at_20": 0.83447,
                "ndcg_at_100": 0.84128,
                "ndcg_at_1000": 0.84353,
                "map_at_1": 0.73264,
                "map_at_3": 0.78618,
                "map_at_5": 0.79314,
                "map_at_10": 0.79846,
                "map_at_20": 0.80026,
                "map_at_100": 0.80121,
                "map_at_1000": 0.8013,
                "recall_at_1": 0.73264,
                "recall_at_3": 0.85125,
                "recall_at_5": 0.88107,
                "recall_at_10": 0.91912,
                "recall_at_20": 0.94513,
                "recall_at_100": 0.9816,
                "recall_at_1000": 0.99905,
                "accuracy": 0.73264,
                "precision_at_1": 0.73264,
                "precision_at_3": 0.28375,
                "precision_at_5": 0.17621,
                "precision_at_10": 0.09191,
                "precision_at_20": 0.04726,
                "precision_at_100": 0.00982,
                "precision_at_1000": 0.001,
                "mrr_at_1": 0.732636,
                "mrr_at_3": 0.786711,
                "mrr_at_5": 0.793578,
                "mrr_at_10": 0.798886,
                "mrr_at_20": 0.800621,
                "mrr_at_100": 0.801584,
                "mrr_at_1000": 0.801673,
                "nauc_ndcg_at_1_max": 0.500192,
                "nauc_ndcg_at_1_std": -0.080512,
                "nauc_ndcg_at_1_diff1": 0.829593,
                "nauc_ndcg_at_3_max": 0.500114,
                "nauc_ndcg_at_3_std": -0.139318,
                "nauc_ndcg_at_3_diff1": 0.80206,
                "nauc_ndcg_at_5_max": 0.502404,
                "nauc_ndcg_at_5_std": -0.133397,
                "nauc_ndcg_at_5_diff1": 0.799492,
                "nauc_ndcg_at_10_max": 0.500117,
                "nauc_ndcg_at_10_std": -0.133675,
                "nauc_ndcg_at_10_diff1": 0.804093,
                "nauc_ndcg_at_20_max": 0.499136,
                "nauc_ndcg_at_20_std": -0.131569,
                "nauc_ndcg_at_20_diff1": 0.806245,
                "nauc_ndcg_at_100_max": 0.498226,
                "nauc_ndcg_at_100_std": -0.124753,
                "nauc_ndcg_at_100_diff1": 0.80731,
                "nauc_ndcg_at_1000_max": 0.499713,
                "nauc_ndcg_at_1000_std": -0.123604,
                "nauc_ndcg_at_1000_diff1": 0.808025,
                "nauc_map_at_1_max": 0.500192,
                "nauc_map_at_1_std": -0.080512,
                "nauc_map_at_1_diff1": 0.829593,
                "nauc_map_at_3_max": 0.499839,
                "nauc_map_at_3_std": -0.123253,
                "nauc_map_at_3_diff1": 0.808831,
                "nauc_map_at_5_max": 0.501179,
                "nauc_map_at_5_std": -0.11972,
                "nauc_map_at_5_diff1": 0.807842,
                "nauc_map_at_10_max": 0.500104,
                "nauc_map_at_10_std": -0.119687,
                "nauc_map_at_10_diff1": 0.809604,
                "nauc_map_at_20_max": 0.499836,
                "nauc_map_at_20_std": -0.119291,
                "nauc_map_at_20_diff1": 0.810101,
                "nauc_map_at_100_max": 0.499685,
                "nauc_map_at_100_std": -0.118606,
                "nauc_map_at_100_diff1": 0.810297,
                "nauc_map_at_1000_max": 0.499747,
                "nauc_map_at_1000_std": -0.11853,
                "nauc_map_at_1000_diff1": 0.810321,
                "nauc_recall_at_1_max": 0.500192,
                "nauc_recall_at_1_std": -0.080512,
                "nauc_recall_at_1_diff1": 0.829593,
                "nauc_recall_at_3_max": 0.501364,
                "nauc_recall_at_3_std": -0.201834,
                "nauc_recall_at_3_diff1": 0.776166,
                "nauc_recall_at_5_max": 0.508416,
                "nauc_recall_at_5_std": -0.195077,
                "nauc_recall_at_5_diff1": 0.760754,
                "nauc_recall_at_10_max": 0.499831,
                "nauc_recall_at_10_std": -0.221115,
                "nauc_recall_at_10_diff1": 0.772756,
                "nauc_recall_at_20_max": 0.490058,
                "nauc_recall_at_20_std": -0.233981,
                "nauc_recall_at_20_diff1": 0.78266,
                "nauc_recall_at_100_max": 0.439746,
                "nauc_recall_at_100_std": -0.130186,
                "nauc_recall_at_100_diff1": 0.772396,
                "nauc_recall_at_1000_max": 0.912863,
                "nauc_recall_at_1000_std": 0.702759,
                "nauc_recall_at_1000_diff1": 0.956432,
                "nauc_precision_at_1_max": 0.500192,
                "nauc_precision_at_1_std": -0.080512,
                "nauc_precision_at_1_diff1": 0.829593,
                "nauc_precision_at_3_max": 0.501364,
                "nauc_precision_at_3_std": -0.201834,
                "nauc_precision_at_3_diff1": 0.776166,
                "nauc_precision_at_5_max": 0.508416,
                "nauc_precision_at_5_std": -0.195077,
                "nauc_precision_at_5_diff1": 0.760754,
                "nauc_precision_at_10_max": 0.499831,
                "nauc_precision_at_10_std": -0.221115,
                "nauc_precision_at_10_diff1": 0.772756,
                "nauc_precision_at_20_max": 0.490058,
                "nauc_precision_at_20_std": -0.233981,
                "nauc_precision_at_20_diff1": 0.78266,
                "nauc_precision_at_100_max": 0.439746,
                "nauc_precision_at_100_std": -0.130186,
                "nauc_precision_at_100_diff1": 0.772396,
                "nauc_precision_at_1000_max": 0.912863,
                "nauc_precision_at_1000_std": 0.702759,
                "nauc_precision_at_1000_diff1": 0.956432,
                "nauc_mrr_at_1_max": 0.500127,
                "nauc_mrr_at_1_std": -0.079193,
                "nauc_mrr_at_1_diff1": 0.829593,
                "nauc_mrr_at_3_max": 0.499091,
                "nauc_mrr_at_3_std": -0.120357,
                "nauc_mrr_at_3_diff1": 0.808055,
                "nauc_mrr_at_5_max": 0.500583,
                "nauc_mrr_at_5_std": -0.117106,
                "nauc_mrr_at_5_diff1": 0.807191,
                "nauc_mrr_at_10_max": 0.499501,
                "nauc_mrr_at_10_std": -0.11699,
                "nauc_mrr_at_10_diff1": 0.809001,
                "nauc_mrr_at_20_max": 0.499097,
                "nauc_mrr_at_20_std": -0.117108,
                "nauc_mrr_at_20_diff1": 0.809565,
                "nauc_mrr_at_100_max": 0.499059,
                "nauc_mrr_at_100_std": -0.116305,
                "nauc_mrr_at_100_diff1": 0.809745,
                "nauc_mrr_at_1000_max": 0.499121,
                "nauc_mrr_at_1000_std": -0.116229,
                "nauc_mrr_at_1000_diff1": 0.80977,
                "cv_recall_at_1": 0.73264,
                "cv_recall_at_3": 0.8522,
                "cv_recall_at_5": 0.8817,
                "cv_recall_at_10": 0.91976,
                "cv_recall_at_20": 0.94481,
                "cv_recall_at_100": 0.9816,
                "cv_recall_at_1000": 0.99905,
                "main_score": 0.8279,
                "hf_subset": "slk",
                "languages": [
                    "slk-Latn"
                ]
            }
        ]
    },
    "evaluation_time": 34.47328543663025,
    "kg_co2_emissions": null
}
