{
  "dataset_revision": "6448ea012b1b7caa3d55cb747b58cda1d7edc714",
  "task_name": "SlovakPharmacyDrMaxReranking",
  "mteb_version": "2.3.0",
  "scores": {
    "test": [
      {
        "ndcg_at_1": 0.87853,
        "ndcg_at_3": 0.94123,
        "ndcg_at_5": 0.94822,
        "ndcg_at_10": 0.94822,
        "ndcg_at_20": 0.94822,
        "ndcg_at_100": 0.94822,
        "ndcg_at_1000": 0.94822,
        "map_at_1": 0.87853,
        "map_at_3": 0.92658,
        "map_at_5": 0.93052,
        "map_at_10": 0.93052,
        "map_at_20": 0.93052,
        "map_at_100": 0.93052,
        "map_at_1000": 0.93052,
        "recall_at_1": 0.87853,
        "recall_at_3": 0.98332,
        "recall_at_5": 1.0,
        "recall_at_10": 1.0,
        "recall_at_20": 1.0,
        "recall_at_100": 1.0,
        "recall_at_1000": 1.0,
        "accuracy": 0.87853,
        "precision_at_1": 0.87853,
        "precision_at_3": 0.32777,
        "precision_at_5": 0.2,
        "precision_at_10": 0.1,
        "precision_at_20": 0.05,
        "precision_at_100": 0.01,
        "precision_at_1000": 0.001,
        "mrr_at_1": 0.878529,
        "mrr_at_3": 0.926575,
        "mrr_at_5": 0.930521,
        "mrr_at_10": 0.930521,
        "mrr_at_20": 0.930521,
        "mrr_at_100": 0.930521,
        "mrr_at_1000": 0.930521,
        "nauc_ndcg_at_1_max": 0.725287,
        "nauc_ndcg_at_1_std": 0.632034,
        "nauc_ndcg_at_1_diff1": 0.862018,
        "nauc_ndcg_at_3_max": 0.750236,
        "nauc_ndcg_at_3_std": 0.667434,
        "nauc_ndcg_at_3_diff1": 0.860707,
        "nauc_ndcg_at_5_max": 0.735472,
        "nauc_ndcg_at_5_std": 0.651614,
        "nauc_ndcg_at_5_diff1": 0.860023,
        "nauc_ndcg_at_10_max": 0.735472,
        "nauc_ndcg_at_10_std": 0.651614,
        "nauc_ndcg_at_10_diff1": 0.860023,
        "nauc_ndcg_at_20_max": 0.735472,
        "nauc_ndcg_at_20_std": 0.651614,
        "nauc_ndcg_at_20_diff1": 0.860023,
        "nauc_ndcg_at_100_max": 0.735472,
        "nauc_ndcg_at_100_std": 0.651614,
        "nauc_ndcg_at_100_diff1": 0.860023,
        "nauc_ndcg_at_1000_max": 0.735472,
        "nauc_ndcg_at_1000_std": 0.651614,
        "nauc_ndcg_at_1000_diff1": 0.860023,
        "nauc_map_at_1_max": 0.725287,
        "nauc_map_at_1_std": 0.632034,
        "nauc_map_at_1_diff1": 0.862018,
        "nauc_map_at_3_max": 0.741355,
        "nauc_map_at_3_std": 0.657461,
        "nauc_map_at_3_diff1": 0.860397,
        "nauc_map_at_5_max": 0.734719,
        "nauc_map_at_5_std": 0.650345,
        "nauc_map_at_5_diff1": 0.860113,
        "nauc_map_at_10_max": 0.734719,
        "nauc_map_at_10_std": 0.650345,
        "nauc_map_at_10_diff1": 0.860113,
        "nauc_map_at_20_max": 0.734719,
        "nauc_map_at_20_std": 0.650345,
        "nauc_map_at_20_diff1": 0.860113,
        "nauc_map_at_100_max": 0.734719,
        "nauc_map_at_100_std": 0.650345,
        "nauc_map_at_100_diff1": 0.860113,
        "nauc_map_at_1000_max": 0.734719,
        "nauc_map_at_1000_std": 0.650345,
        "nauc_map_at_1000_diff1": 0.860113,
        "nauc_recall_at_1_max": 0.725287,
        "nauc_recall_at_1_std": 0.632034,
        "nauc_recall_at_1_diff1": 0.862018,
        "nauc_recall_at_3_max": 0.859048,
        "nauc_recall_at_3_std": 0.784413,
        "nauc_recall_at_3_diff1": 0.86605,
        "nauc_recall_at_5_max": NaN,
        "nauc_recall_at_5_std": NaN,
        "nauc_recall_at_5_diff1": NaN,
        "nauc_recall_at_10_max": NaN,
        "nauc_recall_at_10_std": NaN,
        "nauc_recall_at_10_diff1": NaN,
        "nauc_recall_at_20_max": NaN,
        "nauc_recall_at_20_std": NaN,
        "nauc_recall_at_20_diff1": NaN,
        "nauc_recall_at_100_max": NaN,
        "nauc_recall_at_100_std": NaN,
        "nauc_recall_at_100_diff1": NaN,
        "nauc_recall_at_1000_max": NaN,
        "nauc_recall_at_1000_std": NaN,
        "nauc_recall_at_1000_diff1": NaN,
        "nauc_precision_at_1_max": 0.725287,
        "nauc_precision_at_1_std": 0.632034,
        "nauc_precision_at_1_diff1": 0.862018,
        "nauc_precision_at_3_max": 0.859048,
        "nauc_precision_at_3_std": 0.784413,
        "nauc_precision_at_3_diff1": 0.86605,
        "nauc_precision_at_5_max": 1.0,
        "nauc_precision_at_5_std": 1.0,
        "nauc_precision_at_5_diff1": 1.0,
        "nauc_precision_at_10_max": 1.0,
        "nauc_precision_at_10_std": 1.0,
        "nauc_precision_at_10_diff1": 1.0,
        "nauc_precision_at_20_max": 1.0,
        "nauc_precision_at_20_std": 1.0,
        "nauc_precision_at_20_diff1": 1.0,
        "nauc_precision_at_100_max": 1.0,
        "nauc_precision_at_100_std": 1.0,
        "nauc_precision_at_100_diff1": 1.0,
        "nauc_precision_at_1000_max": 1.0,
        "nauc_precision_at_1000_std": 1.0,
        "nauc_precision_at_1000_diff1": 1.0,
        "nauc_mrr_at_1_max": 0.725287,
        "nauc_mrr_at_1_std": 0.632034,
        "nauc_mrr_at_1_diff1": 0.862018,
        "nauc_mrr_at_3_max": 0.741355,
        "nauc_mrr_at_3_std": 0.657461,
        "nauc_mrr_at_3_diff1": 0.860397,
        "nauc_mrr_at_5_max": 0.734719,
        "nauc_mrr_at_5_std": 0.650345,
        "nauc_mrr_at_5_diff1": 0.860113,
        "nauc_mrr_at_10_max": 0.734719,
        "nauc_mrr_at_10_std": 0.650345,
        "nauc_mrr_at_10_diff1": 0.860113,
        "nauc_mrr_at_20_max": 0.734719,
        "nauc_mrr_at_20_std": 0.650345,
        "nauc_mrr_at_20_diff1": 0.860113,
        "nauc_mrr_at_100_max": 0.734719,
        "nauc_mrr_at_100_std": 0.650345,
        "nauc_mrr_at_100_diff1": 0.860113,
        "nauc_mrr_at_1000_max": 0.734719,
        "nauc_mrr_at_1000_std": 0.650345,
        "nauc_mrr_at_1000_diff1": 0.860113,
        "cv_recall_at_1": 0.87853,
        "cv_recall_at_3": 0.98332,
        "cv_recall_at_5": 1.0,
        "cv_recall_at_10": 1.0,
        "cv_recall_at_20": 1.0,
        "cv_recall_at_100": 1.0,
        "cv_recall_at_1000": 1.0,
        "main_score": 0.93052,
        "hf_subset": "default",
        "languages": [
          "slk-Latn"
        ]
      }
    ]
  },
  "evaluation_time": 215.52782702445984,
  "kg_co2_emissions": null
}