{
  "dataset_revision": "82320d7f1d6561a12516605ec24f5d61aceb915c",
  "task_name": "SlovakPharmacyMojaLekarenReranking",
  "mteb_version": "2.3.0",
  "scores": {
    "test": [
      {
        "ndcg_at_1": 0.92954,
        "ndcg_at_3": 0.97066,
        "ndcg_at_5": 0.97124,
        "ndcg_at_10": 0.97124,
        "ndcg_at_20": 0.97124,
        "ndcg_at_100": 0.97124,
        "ndcg_at_1000": 0.97124,
        "map_at_1": 0.92954,
        "map_at_3": 0.96093,
        "map_at_5": 0.96127,
        "map_at_10": 0.96127,
        "map_at_20": 0.96127,
        "map_at_100": 0.96127,
        "map_at_1000": 0.96127,
        "recall_at_1": 0.92954,
        "recall_at_3": 0.99864,
        "recall_at_5": 1.0,
        "recall_at_10": 1.0,
        "recall_at_20": 1.0,
        "recall_at_100": 1.0,
        "recall_at_1000": 1.0,
        "accuracy": 0.92954,
        "precision_at_1": 0.92954,
        "precision_at_3": 0.33288,
        "precision_at_5": 0.2,
        "precision_at_10": 0.1,
        "precision_at_20": 0.05,
        "precision_at_100": 0.01,
        "precision_at_1000": 0.001,
        "mrr_at_1": 0.929539,
        "mrr_at_3": 0.96093,
        "mrr_at_5": 0.961269,
        "mrr_at_10": 0.961269,
        "mrr_at_20": 0.961269,
        "mrr_at_100": 0.961269,
        "mrr_at_1000": 0.961269,
        "nauc_ndcg_at_1_max": 0.609442,
        "nauc_ndcg_at_1_std": 0.48415,
        "nauc_ndcg_at_1_diff1": 0.9269,
        "nauc_ndcg_at_3_max": 0.622398,
        "nauc_ndcg_at_3_std": 0.519896,
        "nauc_ndcg_at_3_diff1": 0.926889,
        "nauc_ndcg_at_5_max": 0.61739,
        "nauc_ndcg_at_5_std": 0.512808,
        "nauc_ndcg_at_5_diff1": 0.925405,
        "nauc_ndcg_at_10_max": 0.61739,
        "nauc_ndcg_at_10_std": 0.512808,
        "nauc_ndcg_at_10_diff1": 0.925405,
        "nauc_ndcg_at_20_max": 0.61739,
        "nauc_ndcg_at_20_std": 0.512808,
        "nauc_ndcg_at_20_diff1": 0.925405,
        "nauc_ndcg_at_100_max": 0.61739,
        "nauc_ndcg_at_100_std": 0.512808,
        "nauc_ndcg_at_100_diff1": 0.925405,
        "nauc_ndcg_at_1000_max": 0.61739,
        "nauc_ndcg_at_1000_std": 0.512808,
        "nauc_ndcg_at_1000_diff1": 0.925405,
        "nauc_map_at_1_max": 0.609442,
        "nauc_map_at_1_std": 0.48415,
        "nauc_map_at_1_diff1": 0.9269,
        "nauc_map_at_3_max": 0.619098,
        "nauc_map_at_3_std": 0.514277,
        "nauc_map_at_3_diff1": 0.926121,
        "nauc_map_at_5_max": 0.61691,
        "nauc_map_at_5_std": 0.511172,
        "nauc_map_at_5_diff1": 0.925474,
        "nauc_map_at_10_max": 0.61691,
        "nauc_map_at_10_std": 0.511172,
        "nauc_map_at_10_diff1": 0.925474,
        "nauc_map_at_20_max": 0.61691,
        "nauc_map_at_20_std": 0.511172,
        "nauc_map_at_20_diff1": 0.925474,
        "nauc_map_at_100_max": 0.61691,
        "nauc_map_at_100_std": 0.511172,
        "nauc_map_at_100_diff1": 0.925474,
        "nauc_map_at_1000_max": 0.61691,
        "nauc_map_at_1000_std": 0.511172,
        "nauc_map_at_1000_diff1": 0.925474,
        "nauc_recall_at_1_max": 0.609442,
        "nauc_recall_at_1_std": 0.48415,
        "nauc_recall_at_1_diff1": 0.9269,
        "nauc_recall_at_3_max": 0.869242,
        "nauc_recall_at_3_std": 0.869242,
        "nauc_recall_at_3_diff1": 1.0,
        "nauc_recall_at_5_max": NaN,
        "nauc_recall_at_5_std": NaN,
        "nauc_recall_at_5_diff1": NaN,
        "nauc_recall_at_10_max": NaN,
        "nauc_recall_at_10_std": NaN,
        "nauc_recall_at_10_diff1": NaN,
        "nauc_recall_at_20_max": NaN,
        "nauc_recall_at_20_std": NaN,
        "nauc_recall_at_20_diff1": NaN,
        "nauc_recall_at_100_max": NaN,
        "nauc_recall_at_100_std": NaN,
        "nauc_recall_at_100_diff1": NaN,
        "nauc_recall_at_1000_max": NaN,
        "nauc_recall_at_1000_std": NaN,
        "nauc_recall_at_1000_diff1": NaN,
        "nauc_precision_at_1_max": 0.609442,
        "nauc_precision_at_1_std": 0.48415,
        "nauc_precision_at_1_diff1": 0.9269,
        "nauc_precision_at_3_max": 0.869242,
        "nauc_precision_at_3_std": 0.869242,
        "nauc_precision_at_3_diff1": 1.0,
        "nauc_precision_at_5_max": NaN,
        "nauc_precision_at_5_std": NaN,
        "nauc_precision_at_5_diff1": NaN,
        "nauc_precision_at_10_max": NaN,
        "nauc_precision_at_10_std": NaN,
        "nauc_precision_at_10_diff1": NaN,
        "nauc_precision_at_20_max": NaN,
        "nauc_precision_at_20_std": NaN,
        "nauc_precision_at_20_diff1": NaN,
        "nauc_precision_at_100_max": NaN,
        "nauc_precision_at_100_std": NaN,
        "nauc_precision_at_100_diff1": NaN,
        "nauc_precision_at_1000_max": 1.0,
        "nauc_precision_at_1000_std": 1.0,
        "nauc_precision_at_1000_diff1": 1.0,
        "nauc_mrr_at_1_max": 0.609442,
        "nauc_mrr_at_1_std": 0.48415,
        "nauc_mrr_at_1_diff1": 0.9269,
        "nauc_mrr_at_3_max": 0.619098,
        "nauc_mrr_at_3_std": 0.514277,
        "nauc_mrr_at_3_diff1": 0.926121,
        "nauc_mrr_at_5_max": 0.61691,
        "nauc_mrr_at_5_std": 0.511172,
        "nauc_mrr_at_5_diff1": 0.925474,
        "nauc_mrr_at_10_max": 0.61691,
        "nauc_mrr_at_10_std": 0.511172,
        "nauc_mrr_at_10_diff1": 0.925474,
        "nauc_mrr_at_20_max": 0.61691,
        "nauc_mrr_at_20_std": 0.511172,
        "nauc_mrr_at_20_diff1": 0.925474,
        "nauc_mrr_at_100_max": 0.61691,
        "nauc_mrr_at_100_std": 0.511172,
        "nauc_mrr_at_100_diff1": 0.925474,
        "nauc_mrr_at_1000_max": 0.61691,
        "nauc_mrr_at_1000_std": 0.511172,
        "nauc_mrr_at_1000_diff1": 0.925474,
        "cv_recall_at_1": 0.92954,
        "cv_recall_at_3": 0.99864,
        "cv_recall_at_5": 1.0,
        "cv_recall_at_10": 1.0,
        "cv_recall_at_20": 1.0,
        "cv_recall_at_100": 1.0,
        "cv_recall_at_1000": 1.0,
        "main_score": 0.96127,
        "hf_subset": "default",
        "languages": [
          "slk-Latn"
        ]
      }
    ]
  },
  "evaluation_time": 40.48669362068176,
  "kg_co2_emissions": null
}