{
  "dataset_revision": "6448ea012b1b7caa3d55cb747b58cda1d7edc714",
  "task_name": "SlovakPharmacyDrMaxReranking",
  "mteb_version": "1.39.7",
  "scores": {
    "test": [
      {
        "ndcg_at_1": 0.69418,
        "ndcg_at_3": 0.82989,
        "ndcg_at_5": 0.86102,
        "ndcg_at_10": 0.86102,
        "ndcg_at_20": 0.86102,
        "ndcg_at_100": 0.86102,
        "ndcg_at_1000": 0.86102,
        "map_at_1": 0.69418,
        "map_at_3": 0.79698,
        "map_at_5": 0.81437,
        "map_at_10": 0.81437,
        "map_at_20": 0.81437,
        "map_at_100": 0.81437,
        "map_at_1000": 0.81437,
        "recall_at_1": 0.69418,
        "recall_at_3": 0.92494,
        "recall_at_5": 1.0,
        "recall_at_10": 1.0,
        "recall_at_20": 1.0,
        "recall_at_100": 1.0,
        "recall_at_1000": 1.0,
        "accuracy": 0.69418,
        "precision_at_1": 0.69418,
        "precision_at_3": 0.30831,
        "precision_at_5": 0.2,
        "precision_at_10": 0.1,
        "precision_at_20": 0.05,
        "precision_at_100": 0.01,
        "precision_at_1000": 0.001,
        "mrr_at_1": 0.694183,
        "mrr_at_3": 0.796977,
        "mrr_at_5": 0.814375,
        "mrr_at_10": 0.814375,
        "mrr_at_20": 0.814375,
        "mrr_at_100": 0.814375,
        "mrr_at_1000": 0.814375,
        "nauc_ndcg_at_1_max": 0.503889,
        "nauc_ndcg_at_1_std": 0.534567,
        "nauc_ndcg_at_1_diff1": 0.689221,
        "nauc_ndcg_at_3_max": 0.51904,
        "nauc_ndcg_at_3_std": 0.582465,
        "nauc_ndcg_at_3_diff1": 0.651185,
        "nauc_ndcg_at_5_max": 0.511683,
        "nauc_ndcg_at_5_std": 0.557561,
        "nauc_ndcg_at_5_diff1": 0.670318,
        "nauc_ndcg_at_10_max": 0.511683,
        "nauc_ndcg_at_10_std": 0.557561,
        "nauc_ndcg_at_10_diff1": 0.670318,
        "nauc_ndcg_at_20_max": 0.511683,
        "nauc_ndcg_at_20_std": 0.557561,
        "nauc_ndcg_at_20_diff1": 0.670318,
        "nauc_ndcg_at_100_max": 0.511683,
        "nauc_ndcg_at_100_std": 0.557561,
        "nauc_ndcg_at_100_diff1": 0.670318,
        "nauc_ndcg_at_1000_max": 0.511683,
        "nauc_ndcg_at_1000_std": 0.557561,
        "nauc_ndcg_at_1000_diff1": 0.670318,
        "nauc_map_at_1_max": 0.503889,
        "nauc_map_at_1_std": 0.534567,
        "nauc_map_at_1_diff1": 0.689221,
        "nauc_map_at_3_max": 0.514606,
        "nauc_map_at_3_std": 0.567651,
        "nauc_map_at_3_diff1": 0.662272,
        "nauc_map_at_5_max": 0.511159,
        "nauc_map_at_5_std": 0.55596,
        "nauc_map_at_5_diff1": 0.671529,
        "nauc_map_at_10_max": 0.511159,
        "nauc_map_at_10_std": 0.55596,
        "nauc_map_at_10_diff1": 0.671529,
        "nauc_map_at_20_max": 0.511159,
        "nauc_map_at_20_std": 0.55596,
        "nauc_map_at_20_diff1": 0.671529,
        "nauc_map_at_100_max": 0.511159,
        "nauc_map_at_100_std": 0.55596,
        "nauc_map_at_100_diff1": 0.671529,
        "nauc_map_at_1000_max": 0.511159,
        "nauc_map_at_1000_std": 0.55596,
        "nauc_map_at_1000_diff1": 0.671529,
        "nauc_recall_at_1_max": 0.503889,
        "nauc_recall_at_1_std": 0.534567,
        "nauc_recall_at_1_diff1": 0.689221,
        "nauc_recall_at_3_max": 0.548877,
        "nauc_recall_at_3_std": 0.683106,
        "nauc_recall_at_3_diff1": 0.576624,
        "nauc_recall_at_5_max": NaN,
        "nauc_recall_at_5_std": NaN,
        "nauc_recall_at_5_diff1": NaN,
        "nauc_recall_at_10_max": NaN,
        "nauc_recall_at_10_std": NaN,
        "nauc_recall_at_10_diff1": NaN,
        "nauc_recall_at_20_max": NaN,
        "nauc_recall_at_20_std": NaN,
        "nauc_recall_at_20_diff1": NaN,
        "nauc_recall_at_100_max": NaN,
        "nauc_recall_at_100_std": NaN,
        "nauc_recall_at_100_diff1": NaN,
        "nauc_recall_at_1000_max": NaN,
        "nauc_recall_at_1000_std": NaN,
        "nauc_recall_at_1000_diff1": NaN,
        "nauc_precision_at_1_max": 0.503889,
        "nauc_precision_at_1_std": 0.534567,
        "nauc_precision_at_1_diff1": 0.689221,
        "nauc_precision_at_3_max": 0.548877,
        "nauc_precision_at_3_std": 0.683106,
        "nauc_precision_at_3_diff1": 0.576624,
        "nauc_precision_at_5_max": 1.0,
        "nauc_precision_at_5_std": 1.0,
        "nauc_precision_at_5_diff1": 1.0,
        "nauc_precision_at_10_max": 1.0,
        "nauc_precision_at_10_std": 1.0,
        "nauc_precision_at_10_diff1": 1.0,
        "nauc_precision_at_20_max": 1.0,
        "nauc_precision_at_20_std": 1.0,
        "nauc_precision_at_20_diff1": 1.0,
        "nauc_precision_at_100_max": 1.0,
        "nauc_precision_at_100_std": 1.0,
        "nauc_precision_at_100_diff1": 1.0,
        "nauc_precision_at_1000_max": 1.0,
        "nauc_precision_at_1000_std": 1.0,
        "nauc_precision_at_1000_diff1": 1.0,
        "nauc_mrr_at_1_max": 0.503889,
        "nauc_mrr_at_1_std": 0.534567,
        "nauc_mrr_at_1_diff1": 0.689221,
        "nauc_mrr_at_3_max": 0.514606,
        "nauc_mrr_at_3_std": 0.567651,
        "nauc_mrr_at_3_diff1": 0.662272,
        "nauc_mrr_at_5_max": 0.511159,
        "nauc_mrr_at_5_std": 0.55596,
        "nauc_mrr_at_5_diff1": 0.671529,
        "nauc_mrr_at_10_max": 0.511159,
        "nauc_mrr_at_10_std": 0.55596,
        "nauc_mrr_at_10_diff1": 0.671529,
        "nauc_mrr_at_20_max": 0.511159,
        "nauc_mrr_at_20_std": 0.55596,
        "nauc_mrr_at_20_diff1": 0.671529,
        "nauc_mrr_at_100_max": 0.511159,
        "nauc_mrr_at_100_std": 0.55596,
        "nauc_mrr_at_100_diff1": 0.671529,
        "nauc_mrr_at_1000_max": 0.511159,
        "nauc_mrr_at_1000_std": 0.55596,
        "nauc_mrr_at_1000_diff1": 0.671529,
        "cv_recall_at_1": 0.69418,
        "cv_recall_at_3": 0.92494,
        "cv_recall_at_5": 1.0,
        "cv_recall_at_10": 1.0,
        "cv_recall_at_20": 1.0,
        "cv_recall_at_100": 1.0,
        "cv_recall_at_1000": 1.0,
        "main_score": 0.81437,
        "hf_subset": "default",
        "languages": [
          "slk-Latn"
        ]
      }
    ]
  },
  "evaluation_time": 131.91187572479248,
  "kg_co2_emissions": null
}