{
  "dataset_revision": "82320d7f1d6561a12516605ec24f5d61aceb915c",
  "task_name": "SlovakPharmacyMojaLekarenReranking",
  "mteb_version": "1.39.7",
  "scores": {
    "test": [
      {
        "ndcg_at_1": 0.74932,
        "ndcg_at_3": 0.87709,
        "ndcg_at_5": 0.89185,
        "ndcg_at_10": 0.89185,
        "ndcg_at_20": 0.89185,
        "ndcg_at_100": 0.89185,
        "ndcg_at_1000": 0.89185,
        "map_at_1": 0.74932,
        "map_at_3": 0.84666,
        "map_at_5": 0.85499,
        "map_at_10": 0.85499,
        "map_at_20": 0.85499,
        "map_at_100": 0.85499,
        "map_at_1000": 0.85499,
        "recall_at_1": 0.74932,
        "recall_at_3": 0.96477,
        "recall_at_5": 1.0,
        "recall_at_10": 1.0,
        "recall_at_20": 1.0,
        "recall_at_100": 1.0,
        "recall_at_1000": 1.0,
        "accuracy": 0.74932,
        "precision_at_1": 0.74932,
        "precision_at_3": 0.32159,
        "precision_at_5": 0.2,
        "precision_at_10": 0.1,
        "precision_at_20": 0.05,
        "precision_at_100": 0.01,
        "precision_at_1000": 0.001,
        "mrr_at_1": 0.749322,
        "mrr_at_3": 0.846658,
        "mrr_at_5": 0.854991,
        "mrr_at_10": 0.854991,
        "mrr_at_20": 0.854991,
        "mrr_at_100": 0.854991,
        "mrr_at_1000": 0.854991,
        "nauc_ndcg_at_1_max": 0.32917,
        "nauc_ndcg_at_1_std": 0.355431,
        "nauc_ndcg_at_1_diff1": 0.595913,
        "nauc_ndcg_at_3_max": 0.370112,
        "nauc_ndcg_at_3_std": 0.422994,
        "nauc_ndcg_at_3_diff1": 0.574805,
        "nauc_ndcg_at_5_max": 0.345253,
        "nauc_ndcg_at_5_std": 0.386899,
        "nauc_ndcg_at_5_diff1": 0.580705,
        "nauc_ndcg_at_10_max": 0.345253,
        "nauc_ndcg_at_10_std": 0.386899,
        "nauc_ndcg_at_10_diff1": 0.580705,
        "nauc_ndcg_at_20_max": 0.345253,
        "nauc_ndcg_at_20_std": 0.386899,
        "nauc_ndcg_at_20_diff1": 0.580705,
        "nauc_ndcg_at_100_max": 0.345253,
        "nauc_ndcg_at_100_std": 0.386899,
        "nauc_ndcg_at_100_diff1": 0.580705,
        "nauc_ndcg_at_1000_max": 0.345253,
        "nauc_ndcg_at_1000_std": 0.386899,
        "nauc_ndcg_at_1000_diff1": 0.580705,
        "nauc_map_at_1_max": 0.32917,
        "nauc_map_at_1_std": 0.355431,
        "nauc_map_at_1_diff1": 0.595913,
        "nauc_map_at_3_max": 0.355663,
        "nauc_map_at_3_std": 0.400992,
        "nauc_map_at_3_diff1": 0.57837,
        "nauc_map_at_5_max": 0.344132,
        "nauc_map_at_5_std": 0.384718,
        "nauc_map_at_5_diff1": 0.581466,
        "nauc_map_at_10_max": 0.344132,
        "nauc_map_at_10_std": 0.384718,
        "nauc_map_at_10_diff1": 0.581466,
        "nauc_map_at_20_max": 0.344132,
        "nauc_map_at_20_std": 0.384718,
        "nauc_map_at_20_diff1": 0.581466,
        "nauc_map_at_100_max": 0.344132,
        "nauc_map_at_100_std": 0.384718,
        "nauc_map_at_100_diff1": 0.581466,
        "nauc_map_at_1000_max": 0.344132,
        "nauc_map_at_1000_std": 0.384718,
        "nauc_map_at_1000_diff1": 0.581466,
        "nauc_recall_at_1_max": 0.32917,
        "nauc_recall_at_1_std": 0.355431,
        "nauc_recall_at_1_diff1": 0.595913,
        "nauc_recall_at_3_max": 0.533391,
        "nauc_recall_at_3_std": 0.668335,
        "nauc_recall_at_3_diff1": 0.541483,
        "nauc_recall_at_5_max": NaN,
        "nauc_recall_at_5_std": NaN,
        "nauc_recall_at_5_diff1": NaN,
        "nauc_recall_at_10_max": NaN,
        "nauc_recall_at_10_std": NaN,
        "nauc_recall_at_10_diff1": NaN,
        "nauc_recall_at_20_max": NaN,
        "nauc_recall_at_20_std": NaN,
        "nauc_recall_at_20_diff1": NaN,
        "nauc_recall_at_100_max": NaN,
        "nauc_recall_at_100_std": NaN,
        "nauc_recall_at_100_diff1": NaN,
        "nauc_recall_at_1000_max": NaN,
        "nauc_recall_at_1000_std": NaN,
        "nauc_recall_at_1000_diff1": NaN,
        "nauc_precision_at_1_max": 0.32917,
        "nauc_precision_at_1_std": 0.355431,
        "nauc_precision_at_1_diff1": 0.595913,
        "nauc_precision_at_3_max": 0.533391,
        "nauc_precision_at_3_std": 0.668335,
        "nauc_precision_at_3_diff1": 0.541483,
        "nauc_precision_at_5_max": NaN,
        "nauc_precision_at_5_std": NaN,
        "nauc_precision_at_5_diff1": NaN,
        "nauc_precision_at_10_max": NaN,
        "nauc_precision_at_10_std": NaN,
        "nauc_precision_at_10_diff1": NaN,
        "nauc_precision_at_20_max": NaN,
        "nauc_precision_at_20_std": NaN,
        "nauc_precision_at_20_diff1": NaN,
        "nauc_precision_at_100_max": NaN,
        "nauc_precision_at_100_std": NaN,
        "nauc_precision_at_100_diff1": NaN,
        "nauc_precision_at_1000_max": 1.0,
        "nauc_precision_at_1000_std": 1.0,
        "nauc_precision_at_1000_diff1": 1.0,
        "nauc_mrr_at_1_max": 0.32917,
        "nauc_mrr_at_1_std": 0.355431,
        "nauc_mrr_at_1_diff1": 0.595913,
        "nauc_mrr_at_3_max": 0.355663,
        "nauc_mrr_at_3_std": 0.400992,
        "nauc_mrr_at_3_diff1": 0.57837,
        "nauc_mrr_at_5_max": 0.344132,
        "nauc_mrr_at_5_std": 0.384718,
        "nauc_mrr_at_5_diff1": 0.581466,
        "nauc_mrr_at_10_max": 0.344132,
        "nauc_mrr_at_10_std": 0.384718,
        "nauc_mrr_at_10_diff1": 0.581466,
        "nauc_mrr_at_20_max": 0.344132,
        "nauc_mrr_at_20_std": 0.384718,
        "nauc_mrr_at_20_diff1": 0.581466,
        "nauc_mrr_at_100_max": 0.344132,
        "nauc_mrr_at_100_std": 0.384718,
        "nauc_mrr_at_100_diff1": 0.581466,
        "nauc_mrr_at_1000_max": 0.344132,
        "nauc_mrr_at_1000_std": 0.384718,
        "nauc_mrr_at_1000_diff1": 0.581466,
        "cv_recall_at_1": 0.74932,
        "cv_recall_at_3": 0.96477,
        "cv_recall_at_5": 1.0,
        "cv_recall_at_10": 1.0,
        "cv_recall_at_20": 1.0,
        "cv_recall_at_100": 1.0,
        "cv_recall_at_1000": 1.0,
        "main_score": 0.85499,
        "hf_subset": "default",
        "languages": [
          "slk-Latn"
        ]
      }
    ]
  },
  "evaluation_time": 23.204094409942627,
  "kg_co2_emissions": null
}