{
    "dataset_revision": "09f81f51dd5b8497da16d02c69c98d5cb5993ef2",
    "task_name": "SKQuadRetrieval",
    "mteb_version": "1.39.7",
    "scores": {
        "test": [
            {
                "ndcg_at_1": 0.49788,
                "ndcg_at_3": 0.56971,
                "ndcg_at_5": 0.60107,
                "ndcg_at_10": 0.62895,
                "ndcg_at_20": 0.65184,
                "ndcg_at_100": 0.67559,
                "ndcg_at_1000": 0.68262,
                "map_at_1": 0.33735,
                "map_at_3": 0.45839,
                "map_at_5": 0.483,
                "map_at_10": 0.50137,
                "map_at_20": 0.51306,
                "map_at_100": 0.52061,
                "map_at_1000": 0.52116,
                "recall_at_1": 0.33735,
                "recall_at_3": 0.57872,
                "recall_at_5": 0.6534,
                "recall_at_10": 0.73261,
                "recall_at_20": 0.81634,
                "recall_at_100": 0.93683,
                "recall_at_1000": 0.98961,
                "accuracy": 0.33735,
                "precision_at_1": 0.51058,
                "precision_at_3": 0.30335,
                "precision_at_5": 0.21111,
                "precision_at_10": 0.12284,
                "precision_at_20": 0.07125,
                "precision_at_100": 0.01719,
                "precision_at_1000": 0.00183,
                "mrr_at_1": 0.510582,
                "mrr_at_3": 0.655203,
                "mrr_at_5": 0.670855,
                "mrr_at_10": 0.677061,
                "mrr_at_20": 0.67913,
                "mrr_at_100": 0.679572,
                "mrr_at_1000": 0.679624,
                "nauc_ndcg_at_1_max": 0.263195,
                "nauc_ndcg_at_1_std": 0.079493,
                "nauc_ndcg_at_1_diff1": 0.382694,
                "nauc_ndcg_at_3_max": 0.245616,
                "nauc_ndcg_at_3_std": -0.006556,
                "nauc_ndcg_at_3_diff1": 0.243126,
                "nauc_ndcg_at_5_max": 0.240286,
                "nauc_ndcg_at_5_std": -0.010089,
                "nauc_ndcg_at_5_diff1": 0.246199,
                "nauc_ndcg_at_10_max": 0.24956,
                "nauc_ndcg_at_10_std": -0.001459,
                "nauc_ndcg_at_10_diff1": 0.259101,
                "nauc_ndcg_at_20_max": 0.264009,
                "nauc_ndcg_at_20_std": 0.031493,
                "nauc_ndcg_at_20_diff1": 0.270469,
                "nauc_ndcg_at_100_max": 0.276806,
                "nauc_ndcg_at_100_std": 0.057196,
                "nauc_ndcg_at_100_diff1": 0.273413,
                "nauc_ndcg_at_1000_max": 0.273951,
                "nauc_ndcg_at_1000_std": 0.045761,
                "nauc_ndcg_at_1000_diff1": 0.277564,
                "nauc_map_at_1_max": 0.161612,
                "nauc_map_at_1_std": -0.028848,
                "nauc_map_at_1_diff1": 0.320593,
                "nauc_map_at_3_max": 0.175435,
                "nauc_map_at_3_std": -0.055084,
                "nauc_map_at_3_diff1": 0.234978,
                "nauc_map_at_5_max": 0.172348,
                "nauc_map_at_5_std": -0.057472,
                "nauc_map_at_5_diff1": 0.232948,
                "nauc_map_at_10_max": 0.180358,
                "nauc_map_at_10_std": -0.053569,
                "nauc_map_at_10_diff1": 0.239495,
                "nauc_map_at_20_max": 0.189162,
                "nauc_map_at_20_std": -0.040553,
                "nauc_map_at_20_diff1": 0.245195,
                "nauc_map_at_100_max": 0.193664,
                "nauc_map_at_100_std": -0.03105,
                "nauc_map_at_100_diff1": 0.245865,
                "nauc_map_at_1000_max": 0.193668,
                "nauc_map_at_1000_std": -0.031422,
                "nauc_map_at_1000_diff1": 0.246098,
                "nauc_recall_at_1_max": 0.161612,
                "nauc_recall_at_1_std": -0.028848,
                "nauc_recall_at_1_diff1": 0.320593,
                "nauc_recall_at_3_max": 0.12951,
                "nauc_recall_at_3_std": -0.093306,
                "nauc_recall_at_3_diff1": 0.108156,
                "nauc_recall_at_5_max": 0.104671,
                "nauc_recall_at_5_std": -0.099471,
                "nauc_recall_at_5_diff1": 0.088329,
                "nauc_recall_at_10_max": 0.100035,
                "nauc_recall_at_10_std": -0.091393,
                "nauc_recall_at_10_diff1": 0.085908,
                "nauc_recall_at_20_max": 0.127254,
                "nauc_recall_at_20_std": 0.034238,
                "nauc_recall_at_20_diff1": 0.091216,
                "nauc_recall_at_100_max": 0.297339,
                "nauc_recall_at_100_std": 0.419854,
                "nauc_recall_at_100_diff1": 0.00887,
                "nauc_recall_at_1000_max": 0.411699,
                "nauc_recall_at_1000_std": 0.601464,
                "nauc_recall_at_1000_diff1": -0.063288,
                "nauc_precision_at_1_max": 0.263924,
                "nauc_precision_at_1_std": 0.080205,
                "nauc_precision_at_1_diff1": 0.377282,
                "nauc_precision_at_3_max": 0.305878,
                "nauc_precision_at_3_std": 0.07944,
                "nauc_precision_at_3_diff1": 0.071339,
                "nauc_precision_at_5_max": 0.212567,
                "nauc_precision_at_5_std": 0.07187,
                "nauc_precision_at_5_diff1": 0.023876,
                "nauc_precision_at_10_max": 0.192187,
                "nauc_precision_at_10_std": 0.114215,
                "nauc_precision_at_10_diff1": 0.013107,
                "nauc_precision_at_20_max": 0.179642,
                "nauc_precision_at_20_std": 0.195223,
                "nauc_precision_at_20_diff1": 0.003881,
                "nauc_precision_at_100_max": 0.165454,
                "nauc_precision_at_100_std": 0.260958,
                "nauc_precision_at_100_diff1": -0.032496,
                "nauc_precision_at_1000_max": 0.134894,
                "nauc_precision_at_1000_std": 0.212156,
                "nauc_precision_at_1000_diff1": -0.034925,
                "nauc_mrr_at_1_max": 0.263924,
                "nauc_mrr_at_1_std": 0.080205,
                "nauc_mrr_at_1_diff1": 0.377282,
                "nauc_mrr_at_3_max": 0.332439,
                "nauc_mrr_at_3_std": 0.069063,
                "nauc_mrr_at_3_diff1": 0.316951,
                "nauc_mrr_at_5_max": 0.335617,
                "nauc_mrr_at_5_std": 0.079665,
                "nauc_mrr_at_5_diff1": 0.326038,
                "nauc_mrr_at_10_max": 0.334961,
                "nauc_mrr_at_10_std": 0.080494,
                "nauc_mrr_at_10_diff1": 0.328342,
                "nauc_mrr_at_20_max": 0.334005,
                "nauc_mrr_at_20_std": 0.084288,
                "nauc_mrr_at_20_diff1": 0.32893,
                "nauc_mrr_at_100_max": 0.333001,
                "nauc_mrr_at_100_std": 0.083644,
                "nauc_mrr_at_100_diff1": 0.3292,
                "nauc_mrr_at_1000_max": 0.332868,
                "nauc_mrr_at_1000_std": 0.083484,
                "nauc_mrr_at_1000_diff1": 0.329216,
                "cv_recall_at_1": 0.51058,
                "cv_recall_at_3": 0.82628,
                "cv_recall_at_5": 0.89418,
                "cv_recall_at_10": 0.93739,
                "cv_recall_at_20": 0.96649,
                "cv_recall_at_100": 0.98413,
                "cv_recall_at_1000": 0.99735,
                "main_score": 0.62895,
                "hf_subset": "default",
                "languages": [
                    "slk-Latn"
                ]
            }
        ]
    },
    "evaluation_time": 45.61377453804016,
    "kg_co2_emissions": null
}
