{
    "dataset_revision": "3997eba1c60721e34f7b01db400f5b14a40218ea",
    "task_name": "SkQuadReranking",
    "mteb_version": "1.39.7",
    "scores": {
        "test": [
            {
                "ndcg_at_1": 0.5481,
                "ndcg_at_3": 0.62091,
                "ndcg_at_5": 0.67363,
                "ndcg_at_10": 0.73809,
                "ndcg_at_20": 0.74816,
                "ndcg_at_100": 0.74816,
                "ndcg_at_1000": 0.74816,
                "map_at_1": 0.41059,
                "map_at_3": 0.55212,
                "map_at_5": 0.59043,
                "map_at_10": 0.62979,
                "map_at_20": 0.63541,
                "map_at_100": 0.63541,
                "map_at_1000": 0.63541,
                "recall_at_1": 0.41059,
                "recall_at_3": 0.68846,
                "recall_at_5": 0.80139,
                "recall_at_10": 0.97079,
                "recall_at_20": 1.0,
                "recall_at_100": 1.0,
                "recall_at_1000": 1.0,
                "accuracy": 0.41059,
                "precision_at_1": 0.5481,
                "precision_at_3": 0.31715,
                "precision_at_5": 0.2293,
                "precision_at_10": 0.14669,
                "precision_at_20": 0.07643,
                "precision_at_100": 0.01529,
                "precision_at_1000": 0.00153,
                "mrr_at_1": 0.548102,
                "mrr_at_3": 0.681965,
                "mrr_at_5": 0.701427,
                "mrr_at_10": 0.71054,
                "mrr_at_20": 0.710941,
                "mrr_at_100": 0.710941,
                "mrr_at_1000": 0.710941,
                "nauc_ndcg_at_1_max": 0.194913,
                "nauc_ndcg_at_1_std": 0.159299,
                "nauc_ndcg_at_1_diff1": 0.451018,
                "nauc_ndcg_at_3_max": 0.160804,
                "nauc_ndcg_at_3_std": 0.199013,
                "nauc_ndcg_at_3_diff1": 0.318719,
                "nauc_ndcg_at_5_max": 0.167824,
                "nauc_ndcg_at_5_std": 0.21013,
                "nauc_ndcg_at_5_diff1": 0.336808,
                "nauc_ndcg_at_10_max": 0.187087,
                "nauc_ndcg_at_10_std": 0.207867,
                "nauc_ndcg_at_10_diff1": 0.350937,
                "nauc_ndcg_at_20_max": 0.194419,
                "nauc_ndcg_at_20_std": 0.200942,
                "nauc_ndcg_at_20_diff1": 0.363632,
                "nauc_ndcg_at_100_max": 0.194419,
                "nauc_ndcg_at_100_std": 0.200942,
                "nauc_ndcg_at_100_diff1": 0.363632,
                "nauc_ndcg_at_1000_max": 0.194419,
                "nauc_ndcg_at_1000_std": 0.200942,
                "nauc_ndcg_at_1000_diff1": 0.363632,
                "nauc_map_at_1_max": 0.117276,
                "nauc_map_at_1_std": 0.108127,
                "nauc_map_at_1_diff1": 0.382688,
                "nauc_map_at_3_max": 0.13266,
                "nauc_map_at_3_std": 0.16516,
                "nauc_map_at_3_diff1": 0.324488,
                "nauc_map_at_5_max": 0.142357,
                "nauc_map_at_5_std": 0.174619,
                "nauc_map_at_5_diff1": 0.334521,
                "nauc_map_at_10_max": 0.157302,
                "nauc_map_at_10_std": 0.178606,
                "nauc_map_at_10_diff1": 0.339645,
                "nauc_map_at_20_max": 0.160486,
                "nauc_map_at_20_std": 0.17551,
                "nauc_map_at_20_diff1": 0.34503,
                "nauc_map_at_100_max": 0.160486,
                "nauc_map_at_100_std": 0.17551,
                "nauc_map_at_100_diff1": 0.34503,
                "nauc_map_at_1000_max": 0.160486,
                "nauc_map_at_1000_std": 0.17551,
                "nauc_map_at_1000_diff1": 0.34503,
                "nauc_recall_at_1_max": 0.117276,
                "nauc_recall_at_1_std": 0.108127,
                "nauc_recall_at_1_diff1": 0.382688,
                "nauc_recall_at_3_max": 0.114009,
                "nauc_recall_at_3_std": 0.202342,
                "nauc_recall_at_3_diff1": 0.197004,
                "nauc_recall_at_5_max": 0.100712,
                "nauc_recall_at_5_std": 0.217879,
                "nauc_recall_at_5_diff1": 0.193807,
                "nauc_recall_at_10_max": 0.017911,
                "nauc_recall_at_10_std": 0.268999,
                "nauc_recall_at_10_diff1": 0.031895,
                "nauc_recall_at_20_max": NaN,
                "nauc_recall_at_20_std": NaN,
                "nauc_recall_at_20_diff1": NaN,
                "nauc_recall_at_100_max": NaN,
                "nauc_recall_at_100_std": NaN,
                "nauc_recall_at_100_diff1": NaN,
                "nauc_recall_at_1000_max": NaN,
                "nauc_recall_at_1000_std": NaN,
                "nauc_recall_at_1000_diff1": NaN,
                "nauc_precision_at_1_max": 0.194913,
                "nauc_precision_at_1_std": 0.159299,
                "nauc_precision_at_1_diff1": 0.451018,
                "nauc_precision_at_3_max": 0.169329,
                "nauc_precision_at_3_std": 0.212204,
                "nauc_precision_at_3_diff1": 0.118121,
                "nauc_precision_at_5_max": 0.13521,
                "nauc_precision_at_5_std": 0.161979,
                "nauc_precision_at_5_diff1": 0.03515,
                "nauc_precision_at_10_max": 0.109995,
                "nauc_precision_at_10_std": 0.069969,
                "nauc_precision_at_10_diff1": -0.086515,
                "nauc_precision_at_20_max": 0.109312,
                "nauc_precision_at_20_std": 0.037957,
                "nauc_precision_at_20_diff1": -0.080719,
                "nauc_precision_at_100_max": 0.109312,
                "nauc_precision_at_100_std": 0.037957,
                "nauc_precision_at_100_diff1": -0.080719,
                "nauc_precision_at_1000_max": 0.109312,
                "nauc_precision_at_1000_std": 0.037957,
                "nauc_precision_at_1000_diff1": -0.080719,
                "nauc_mrr_at_1_max": 0.194913,
                "nauc_mrr_at_1_std": 0.159299,
                "nauc_mrr_at_1_diff1": 0.451018,
                "nauc_mrr_at_3_max": 0.254531,
                "nauc_mrr_at_3_std": 0.250747,
                "nauc_mrr_at_3_diff1": 0.406353,
                "nauc_mrr_at_5_max": 0.250128,
                "nauc_mrr_at_5_std": 0.243837,
                "nauc_mrr_at_5_diff1": 0.41589,
                "nauc_mrr_at_10_max": 0.242997,
                "nauc_mrr_at_10_std": 0.23115,
                "nauc_mrr_at_10_diff1": 0.419151,
                "nauc_mrr_at_20_max": 0.242432,
                "nauc_mrr_at_20_std": 0.22997,
                "nauc_mrr_at_20_diff1": 0.418831,
                "nauc_mrr_at_100_max": 0.242432,
                "nauc_mrr_at_100_std": 0.22997,
                "nauc_mrr_at_100_diff1": 0.418831,
                "nauc_mrr_at_1000_max": 0.242432,
                "nauc_mrr_at_1000_std": 0.22997,
                "nauc_mrr_at_1000_diff1": 0.418831,
                "cv_recall_at_1": 0.5481,
                "cv_recall_at_3": 0.84554,
                "cv_recall_at_5": 0.92851,
                "cv_recall_at_10": 0.99559,
                "cv_recall_at_20": 1.0,
                "cv_recall_at_100": 1.0,
                "cv_recall_at_1000": 1.0,
                "main_score": 0.63541,
                "hf_subset": "default",
                "languages": [
                    "slk-Latn"
                ]
            }
        ]
    },
    "evaluation_time": 72.07643175125122,
    "kg_co2_emissions": null
}
