{
    "dataset_revision": "faf73c5217c37e8a9ba297b8e29b25d1ccdeccae",
    "task_name": "SlovakPharmacyDrMaxReranking",
    "mteb_version": "1.39.7",
    "scores": {
        "test": [
            {
                "ndcg_at_1": 0.8734,
                "ndcg_at_3": 0.93433,
                "ndcg_at_5": 0.94482,
                "ndcg_at_10": 0.94482,
                "ndcg_at_20": 0.94482,
                "ndcg_at_100": 0.94482,
                "ndcg_at_1000": 0.94482,
                "map_at_1": 0.8734,
                "map_at_3": 0.92023,
                "map_at_5": 0.92611,
                "map_at_10": 0.92611,
                "map_at_20": 0.92611,
                "map_at_100": 0.92611,
                "map_at_1000": 0.92611,
                "recall_at_1": 0.8734,
                "recall_at_3": 0.97476,
                "recall_at_5": 1.0,
                "recall_at_10": 1.0,
                "recall_at_20": 1.0,
                "recall_at_100": 1.0,
                "recall_at_1000": 1.0,
                "accuracy": 0.8734,
                "precision_at_1": 0.8734,
                "precision_at_3": 0.32492,
                "precision_at_5": 0.2,
                "precision_at_10": 0.1,
                "precision_at_20": 0.05,
                "precision_at_100": 0.01,
                "precision_at_1000": 0.001,
                "mrr_at_1": 0.873396,
                "mrr_at_3": 0.920231,
                "mrr_at_5": 0.926112,
                "mrr_at_10": 0.926112,
                "mrr_at_20": 0.926112,
                "mrr_at_100": 0.926112,
                "mrr_at_1000": 0.926112,
                "nauc_ndcg_at_1_max": 0.750493,
                "nauc_ndcg_at_1_std": 0.630071,
                "nauc_ndcg_at_1_diff1": 0.850479,
                "nauc_ndcg_at_3_max": 0.77612,
                "nauc_ndcg_at_3_std": 0.670454,
                "nauc_ndcg_at_3_diff1": 0.82813,
                "nauc_ndcg_at_5_max": 0.762135,
                "nauc_ndcg_at_5_std": 0.651884,
                "nauc_ndcg_at_5_diff1": 0.841384,
                "nauc_ndcg_at_10_max": 0.762135,
                "nauc_ndcg_at_10_std": 0.651884,
                "nauc_ndcg_at_10_diff1": 0.841384,
                "nauc_ndcg_at_20_max": 0.762135,
                "nauc_ndcg_at_20_std": 0.651884,
                "nauc_ndcg_at_20_diff1": 0.841384,
                "nauc_ndcg_at_100_max": 0.762135,
                "nauc_ndcg_at_100_std": 0.651884,
                "nauc_ndcg_at_100_diff1": 0.841384,
                "nauc_ndcg_at_1000_max": 0.762135,
                "nauc_ndcg_at_1000_std": 0.651884,
                "nauc_ndcg_at_1000_diff1": 0.841384,
                "nauc_map_at_1_max": 0.750493,
                "nauc_map_at_1_std": 0.630071,
                "nauc_map_at_1_diff1": 0.850479,
                "nauc_map_at_3_max": 0.767662,
                "nauc_map_at_3_std": 0.658954,
                "nauc_map_at_3_diff1": 0.835665,
                "nauc_map_at_5_max": 0.761286,
                "nauc_map_at_5_std": 0.650436,
                "nauc_map_at_5_diff1": 0.842003,
                "nauc_map_at_10_max": 0.761286,
                "nauc_map_at_10_std": 0.650436,
                "nauc_map_at_10_diff1": 0.842003,
                "nauc_map_at_20_max": 0.761286,
                "nauc_map_at_20_std": 0.650436,
                "nauc_map_at_20_diff1": 0.842003,
                "nauc_map_at_100_max": 0.761286,
                "nauc_map_at_100_std": 0.650436,
                "nauc_map_at_100_diff1": 0.842003,
                "nauc_map_at_1000_max": 0.761286,
                "nauc_map_at_1000_std": 0.650436,
                "nauc_map_at_1000_diff1": 0.842003,
                "nauc_recall_at_1_max": 0.750493,
                "nauc_recall_at_1_std": 0.630071,
                "nauc_recall_at_1_diff1": 0.850479,
                "nauc_recall_at_3_max": 0.849947,
                "nauc_recall_at_3_std": 0.768133,
                "nauc_recall_at_3_diff1": 0.762126,
                "nauc_recall_at_5_max": NaN,
                "nauc_recall_at_5_std": NaN,
                "nauc_recall_at_5_diff1": NaN,
                "nauc_recall_at_10_max": NaN,
                "nauc_recall_at_10_std": NaN,
                "nauc_recall_at_10_diff1": NaN,
                "nauc_recall_at_20_max": NaN,
                "nauc_recall_at_20_std": NaN,
                "nauc_recall_at_20_diff1": NaN,
                "nauc_recall_at_100_max": NaN,
                "nauc_recall_at_100_std": NaN,
                "nauc_recall_at_100_diff1": NaN,
                "nauc_recall_at_1000_max": NaN,
                "nauc_recall_at_1000_std": NaN,
                "nauc_recall_at_1000_diff1": NaN,
                "nauc_precision_at_1_max": 0.750493,
                "nauc_precision_at_1_std": 0.630071,
                "nauc_precision_at_1_diff1": 0.850479,
                "nauc_precision_at_3_max": 0.849947,
                "nauc_precision_at_3_std": 0.768133,
                "nauc_precision_at_3_diff1": 0.762126,
                "nauc_precision_at_5_max": 1.0,
                "nauc_precision_at_5_std": 1.0,
                "nauc_precision_at_5_diff1": 1.0,
                "nauc_precision_at_10_max": 1.0,
                "nauc_precision_at_10_std": 1.0,
                "nauc_precision_at_10_diff1": 1.0,
                "nauc_precision_at_20_max": 1.0,
                "nauc_precision_at_20_std": 1.0,
                "nauc_precision_at_20_diff1": 1.0,
                "nauc_precision_at_100_max": 1.0,
                "nauc_precision_at_100_std": 1.0,
                "nauc_precision_at_100_diff1": 1.0,
                "nauc_precision_at_1000_max": 1.0,
                "nauc_precision_at_1000_std": 1.0,
                "nauc_precision_at_1000_diff1": 1.0,
                "nauc_mrr_at_1_max": 0.750493,
                "nauc_mrr_at_1_std": 0.630071,
                "nauc_mrr_at_1_diff1": 0.850479,
                "nauc_mrr_at_3_max": 0.767662,
                "nauc_mrr_at_3_std": 0.658954,
                "nauc_mrr_at_3_diff1": 0.835665,
                "nauc_mrr_at_5_max": 0.761286,
                "nauc_mrr_at_5_std": 0.650436,
                "nauc_mrr_at_5_diff1": 0.842003,
                "nauc_mrr_at_10_max": 0.761286,
                "nauc_mrr_at_10_std": 0.650436,
                "nauc_mrr_at_10_diff1": 0.842003,
                "nauc_mrr_at_20_max": 0.761286,
                "nauc_mrr_at_20_std": 0.650436,
                "nauc_mrr_at_20_diff1": 0.842003,
                "nauc_mrr_at_100_max": 0.761286,
                "nauc_mrr_at_100_std": 0.650436,
                "nauc_mrr_at_100_diff1": 0.842003,
                "nauc_mrr_at_1000_max": 0.761286,
                "nauc_mrr_at_1000_std": 0.650436,
                "nauc_mrr_at_1000_diff1": 0.842003,
                "cv_recall_at_1": 0.8734,
                "cv_recall_at_3": 0.97476,
                "cv_recall_at_5": 1.0,
                "cv_recall_at_10": 1.0,
                "cv_recall_at_20": 1.0,
                "cv_recall_at_100": 1.0,
                "cv_recall_at_1000": 1.0,
                "main_score": 0.92611,
                "hf_subset": "default",
                "languages": [
                    "slk-Latn"
                ]
            }
        ]
    },
    "evaluation_time": 123.24427056312561,
    "kg_co2_emissions": null
}
