{
    "dataset_revision": "6448ea012b1b7caa3d55cb747b58cda1d7edc714",
    "task_name": "SlovakPharmacyDrMaxReranking",
    "mteb_version": "1.39.7",
    "scores": {
        "test": [
            {
                "ndcg_at_1": 0.86784,
                "ndcg_at_3": 0.93076,
                "ndcg_at_5": 0.9422,
                "ndcg_at_10": 0.9422,
                "ndcg_at_20": 0.9422,
                "ndcg_at_100": 0.9422,
                "ndcg_at_1000": 0.9422,
                "map_at_1": 0.86784,
                "map_at_3": 0.91624,
                "map_at_5": 0.92262,
                "map_at_10": 0.92262,
                "map_at_20": 0.92262,
                "map_at_100": 0.92262,
                "map_at_1000": 0.92262,
                "recall_at_1": 0.86784,
                "recall_at_3": 0.97241,
                "recall_at_5": 1.0,
                "recall_at_10": 1.0,
                "recall_at_20": 1.0,
                "recall_at_100": 1.0,
                "recall_at_1000": 1.0,
                "accuracy": 0.86784,
                "precision_at_1": 0.86784,
                "precision_at_3": 0.32414,
                "precision_at_5": 0.2,
                "precision_at_10": 0.1,
                "precision_at_20": 0.05,
                "precision_at_100": 0.01,
                "precision_at_1000": 0.001,
                "mrr_at_1": 0.867836,
                "mrr_at_3": 0.916239,
                "mrr_at_5": 0.922623,
                "mrr_at_10": 0.922623,
                "mrr_at_20": 0.922623,
                "mrr_at_100": 0.922623,
                "mrr_at_1000": 0.922623,
                "nauc_ndcg_at_1_max": 0.749988,
                "nauc_ndcg_at_1_std": 0.630314,
                "nauc_ndcg_at_1_diff1": 0.848059,
                "nauc_ndcg_at_3_max": 0.772454,
                "nauc_ndcg_at_3_std": 0.662302,
                "nauc_ndcg_at_3_diff1": 0.824838,
                "nauc_ndcg_at_5_max": 0.760392,
                "nauc_ndcg_at_5_std": 0.647895,
                "nauc_ndcg_at_5_diff1": 0.837311,
                "nauc_ndcg_at_10_max": 0.760392,
                "nauc_ndcg_at_10_std": 0.647895,
                "nauc_ndcg_at_10_diff1": 0.837311,
                "nauc_ndcg_at_20_max": 0.760392,
                "nauc_ndcg_at_20_std": 0.647895,
                "nauc_ndcg_at_20_diff1": 0.837311,
                "nauc_ndcg_at_100_max": 0.760392,
                "nauc_ndcg_at_100_std": 0.647895,
                "nauc_ndcg_at_100_diff1": 0.837311,
                "nauc_ndcg_at_1000_max": 0.760392,
                "nauc_ndcg_at_1000_std": 0.647895,
                "nauc_ndcg_at_1000_diff1": 0.837311,
                "nauc_map_at_1_max": 0.749988,
                "nauc_map_at_1_std": 0.630314,
                "nauc_map_at_1_diff1": 0.848059,
                "nauc_map_at_3_max": 0.76508,
                "nauc_map_at_3_std": 0.653363,
                "nauc_map_at_3_diff1": 0.832114,
                "nauc_map_at_5_max": 0.759622,
                "nauc_map_at_5_std": 0.646735,
                "nauc_map_at_5_diff1": 0.83803,
                "nauc_map_at_10_max": 0.759622,
                "nauc_map_at_10_std": 0.646735,
                "nauc_map_at_10_diff1": 0.83803,
                "nauc_map_at_20_max": 0.759622,
                "nauc_map_at_20_std": 0.646735,
                "nauc_map_at_20_diff1": 0.83803,
                "nauc_map_at_100_max": 0.759622,
                "nauc_map_at_100_std": 0.646735,
                "nauc_map_at_100_diff1": 0.83803,
                "nauc_map_at_1000_max": 0.759622,
                "nauc_map_at_1000_std": 0.646735,
                "nauc_map_at_1000_diff1": 0.83803,
                "nauc_recall_at_1_max": 0.749988,
                "nauc_recall_at_1_std": 0.630314,
                "nauc_recall_at_1_diff1": 0.848059,
                "nauc_recall_at_3_max": 0.834075,
                "nauc_recall_at_3_std": 0.734809,
                "nauc_recall_at_3_diff1": 0.764517,
                "nauc_recall_at_5_max": NaN,
                "nauc_recall_at_5_std": NaN,
                "nauc_recall_at_5_diff1": NaN,
                "nauc_recall_at_10_max": NaN,
                "nauc_recall_at_10_std": NaN,
                "nauc_recall_at_10_diff1": NaN,
                "nauc_recall_at_20_max": NaN,
                "nauc_recall_at_20_std": NaN,
                "nauc_recall_at_20_diff1": NaN,
                "nauc_recall_at_100_max": NaN,
                "nauc_recall_at_100_std": NaN,
                "nauc_recall_at_100_diff1": NaN,
                "nauc_recall_at_1000_max": NaN,
                "nauc_recall_at_1000_std": NaN,
                "nauc_recall_at_1000_diff1": NaN,
                "nauc_precision_at_1_max": 0.749988,
                "nauc_precision_at_1_std": 0.630314,
                "nauc_precision_at_1_diff1": 0.848059,
                "nauc_precision_at_3_max": 0.834075,
                "nauc_precision_at_3_std": 0.734809,
                "nauc_precision_at_3_diff1": 0.764517,
                "nauc_precision_at_5_max": 1.0,
                "nauc_precision_at_5_std": 1.0,
                "nauc_precision_at_5_diff1": 1.0,
                "nauc_precision_at_10_max": 1.0,
                "nauc_precision_at_10_std": 1.0,
                "nauc_precision_at_10_diff1": 1.0,
                "nauc_precision_at_20_max": 1.0,
                "nauc_precision_at_20_std": 1.0,
                "nauc_precision_at_20_diff1": 1.0,
                "nauc_precision_at_100_max": 1.0,
                "nauc_precision_at_100_std": 1.0,
                "nauc_precision_at_100_diff1": 1.0,
                "nauc_precision_at_1000_max": 1.0,
                "nauc_precision_at_1000_std": 1.0,
                "nauc_precision_at_1000_diff1": 1.0,
                "nauc_mrr_at_1_max": 0.749988,
                "nauc_mrr_at_1_std": 0.630314,
                "nauc_mrr_at_1_diff1": 0.848059,
                "nauc_mrr_at_3_max": 0.76508,
                "nauc_mrr_at_3_std": 0.653363,
                "nauc_mrr_at_3_diff1": 0.832114,
                "nauc_mrr_at_5_max": 0.759622,
                "nauc_mrr_at_5_std": 0.646735,
                "nauc_mrr_at_5_diff1": 0.83803,
                "nauc_mrr_at_10_max": 0.759622,
                "nauc_mrr_at_10_std": 0.646735,
                "nauc_mrr_at_10_diff1": 0.83803,
                "nauc_mrr_at_20_max": 0.759622,
                "nauc_mrr_at_20_std": 0.646735,
                "nauc_mrr_at_20_diff1": 0.83803,
                "nauc_mrr_at_100_max": 0.759622,
                "nauc_mrr_at_100_std": 0.646735,
                "nauc_mrr_at_100_diff1": 0.83803,
                "nauc_mrr_at_1000_max": 0.759622,
                "nauc_mrr_at_1000_std": 0.646735,
                "nauc_mrr_at_1000_diff1": 0.83803,
                "cv_recall_at_1": 0.86784,
                "cv_recall_at_3": 0.97241,
                "cv_recall_at_5": 1.0,
                "cv_recall_at_10": 1.0,
                "cv_recall_at_20": 1.0,
                "cv_recall_at_100": 1.0,
                "cv_recall_at_1000": 1.0,
                "main_score": 0.92262,
                "hf_subset": "default",
                "languages": [
                    "slk-Latn"
                ]
            }
        ]
    },
    "evaluation_time": 124.87429332733154,
    "kg_co2_emissions": null
}
