{
    "dataset_revision": "c5a6521a4ddce3450fb04ba218623681a9189c6d",
    "task_name": "SMESumRetrieval",
    "mteb_version": "1.39.7",
    "scores": {
        "test": [
            {
                "ndcg_at_1": 0.745,
                "ndcg_at_3": 0.80815,
                "ndcg_at_5": 0.82192,
                "ndcg_at_10": 0.83439,
                "ndcg_at_20": 0.84492,
                "ndcg_at_100": 0.85028,
                "ndcg_at_1000": 0.85113,
                "map_at_1": 0.745,
                "map_at_3": 0.79306,
                "map_at_5": 0.80072,
                "map_at_10": 0.80591,
                "map_at_20": 0.8088,
                "map_at_100": 0.80958,
                "map_at_1000": 0.80961,
                "recall_at_1": 0.745,
                "recall_at_3": 0.85167,
                "recall_at_5": 0.885,
                "recall_at_10": 0.92333,
                "recall_at_20": 0.965,
                "recall_at_100": 0.99333,
                "recall_at_1000": 1.0,
                "accuracy": 0.745,
                "precision_at_1": 0.745,
                "precision_at_3": 0.28389,
                "precision_at_5": 0.177,
                "precision_at_10": 0.09233,
                "precision_at_20": 0.04825,
                "precision_at_100": 0.00993,
                "precision_at_1000": 0.001,
                "mrr_at_1": 0.745,
                "mrr_at_3": 0.793056,
                "mrr_at_5": 0.800722,
                "mrr_at_10": 0.805909,
                "mrr_at_20": 0.808796,
                "mrr_at_100": 0.809576,
                "mrr_at_1000": 0.809608,
                "nauc_ndcg_at_1_max": 0.655228,
                "nauc_ndcg_at_1_std": -0.000233,
                "nauc_ndcg_at_1_diff1": 0.869457,
                "nauc_ndcg_at_3_max": 0.678583,
                "nauc_ndcg_at_3_std": 0.021823,
                "nauc_ndcg_at_3_diff1": 0.846934,
                "nauc_ndcg_at_5_max": 0.662937,
                "nauc_ndcg_at_5_std": 0.020292,
                "nauc_ndcg_at_5_diff1": 0.841212,
                "nauc_ndcg_at_10_max": 0.673458,
                "nauc_ndcg_at_10_std": 0.041989,
                "nauc_ndcg_at_10_diff1": 0.846876,
                "nauc_ndcg_at_20_max": 0.678541,
                "nauc_ndcg_at_20_std": 0.041506,
                "nauc_ndcg_at_20_diff1": 0.852359,
                "nauc_ndcg_at_100_max": 0.675255,
                "nauc_ndcg_at_100_std": 0.035498,
                "nauc_ndcg_at_100_diff1": 0.851299,
                "nauc_ndcg_at_1000_max": 0.673832,
                "nauc_ndcg_at_1000_std": 0.029484,
                "nauc_ndcg_at_1000_diff1": 0.851247,
                "nauc_map_at_1_max": 0.655228,
                "nauc_map_at_1_std": -0.000233,
                "nauc_map_at_1_diff1": 0.869457,
                "nauc_map_at_3_max": 0.673887,
                "nauc_map_at_3_std": 0.015791,
                "nauc_map_at_3_diff1": 0.852452,
                "nauc_map_at_5_max": 0.665693,
                "nauc_map_at_5_std": 0.014225,
                "nauc_map_at_5_diff1": 0.849696,
                "nauc_map_at_10_max": 0.669949,
                "nauc_map_at_10_std": 0.021963,
                "nauc_map_at_10_diff1": 0.851898,
                "nauc_map_at_20_max": 0.671327,
                "nauc_map_at_20_std": 0.021858,
                "nauc_map_at_20_diff1": 0.853131,
                "nauc_map_at_100_max": 0.67103,
                "nauc_map_at_100_std": 0.021222,
                "nauc_map_at_100_diff1": 0.853,
                "nauc_map_at_1000_max": 0.670984,
                "nauc_map_at_1000_std": 0.021044,
                "nauc_map_at_1000_diff1": 0.852998,
                "nauc_recall_at_1_max": 0.655228,
                "nauc_recall_at_1_std": -0.000233,
                "nauc_recall_at_1_diff1": 0.869457,
                "nauc_recall_at_3_max": 0.695477,
                "nauc_recall_at_3_std": 0.044785,
                "nauc_recall_at_3_diff1": 0.826297,
                "nauc_recall_at_5_max": 0.645521,
                "nauc_recall_at_5_std": 0.049106,
                "nauc_recall_at_5_diff1": 0.801319,
                "nauc_recall_at_10_max": 0.696829,
                "nauc_recall_at_10_std": 0.194262,
                "nauc_recall_at_10_diff1": 0.817826,
                "nauc_recall_at_20_max": 0.795963,
                "nauc_recall_at_20_std": 0.357032,
                "nauc_recall_at_20_diff1": 0.874505,
                "nauc_recall_at_100_max": 0.897876,
                "nauc_recall_at_100_std": 1.0,
                "nauc_recall_at_100_diff1": 0.861111,
                "nauc_recall_at_1000_max": NaN,
                "nauc_recall_at_1000_std": NaN,
                "nauc_recall_at_1000_diff1": NaN,
                "nauc_precision_at_1_max": 0.655228,
                "nauc_precision_at_1_std": -0.000233,
                "nauc_precision_at_1_diff1": 0.869457,
                "nauc_precision_at_3_max": 0.695477,
                "nauc_precision_at_3_std": 0.044785,
                "nauc_precision_at_3_diff1": 0.826297,
                "nauc_precision_at_5_max": 0.645521,
                "nauc_precision_at_5_std": 0.049106,
                "nauc_precision_at_5_diff1": 0.801319,
                "nauc_precision_at_10_max": 0.696829,
                "nauc_precision_at_10_std": 0.194262,
                "nauc_precision_at_10_diff1": 0.817826,
                "nauc_precision_at_20_max": 0.795963,
                "nauc_precision_at_20_std": 0.357032,
                "nauc_precision_at_20_diff1": 0.874505,
                "nauc_precision_at_100_max": 0.897876,
                "nauc_precision_at_100_std": 1.0,
                "nauc_precision_at_100_diff1": 0.861111,
                "nauc_precision_at_1000_max": 1.0,
                "nauc_precision_at_1000_std": 1.0,
                "nauc_precision_at_1000_diff1": 1.0,
                "nauc_mrr_at_1_max": 0.655228,
                "nauc_mrr_at_1_std": -0.000233,
                "nauc_mrr_at_1_diff1": 0.869457,
                "nauc_mrr_at_3_max": 0.673887,
                "nauc_mrr_at_3_std": 0.015791,
                "nauc_mrr_at_3_diff1": 0.852452,
                "nauc_mrr_at_5_max": 0.665693,
                "nauc_mrr_at_5_std": 0.014225,
                "nauc_mrr_at_5_diff1": 0.849696,
                "nauc_mrr_at_10_max": 0.669949,
                "nauc_mrr_at_10_std": 0.021963,
                "nauc_mrr_at_10_diff1": 0.851898,
                "nauc_mrr_at_20_max": 0.671327,
                "nauc_mrr_at_20_std": 0.021858,
                "nauc_mrr_at_20_diff1": 0.853131,
                "nauc_mrr_at_100_max": 0.67103,
                "nauc_mrr_at_100_std": 0.021222,
                "nauc_mrr_at_100_diff1": 0.853,
                "nauc_mrr_at_1000_max": 0.670984,
                "nauc_mrr_at_1000_std": 0.021044,
                "nauc_mrr_at_1000_diff1": 0.852998,
                "cv_recall_at_1": 0.745,
                "cv_recall_at_3": 0.85167,
                "cv_recall_at_5": 0.885,
                "cv_recall_at_10": 0.92333,
                "cv_recall_at_20": 0.965,
                "cv_recall_at_100": 0.99333,
                "cv_recall_at_1000": 1.0,
                "main_score": 0.83439,
                "hf_subset": "default",
                "languages": [
                    "slk-Latn"
                ]
            }
        ]
    },
    "evaluation_time": 5.265281438827515,
    "kg_co2_emissions": null
}
