{
    "dataset_revision": "f64f483ad0f31d2e78209d524c14a4a867965959",
    "task_name": "WebFAQRetrieval",
    "mteb_version": "1.39.7",
    "scores": {
        "test": [
            {
                "ndcg_at_1": 0.69616,
                "ndcg_at_3": 0.7782,
                "ndcg_at_5": 0.79312,
                "ndcg_at_10": 0.80573,
                "ndcg_at_20": 0.81373,
                "ndcg_at_100": 0.82148,
                "ndcg_at_1000": 0.82351,
                "map_at_1": 0.69616,
                "map_at_3": 0.75848,
                "map_at_5": 0.76678,
                "map_at_10": 0.77216,
                "map_at_20": 0.77439,
                "map_at_100": 0.77552,
                "map_at_1000": 0.77559,
                "recall_at_1": 0.69616,
                "recall_at_3": 0.83508,
                "recall_at_5": 0.87123,
                "recall_at_10": 0.90929,
                "recall_at_20": 0.94069,
                "recall_at_100": 0.9816,
                "recall_at_1000": 0.99778,
                "accuracy": 0.69616,
                "precision_at_1": 0.69616,
                "precision_at_3": 0.27836,
                "precision_at_5": 0.17425,
                "precision_at_10": 0.09093,
                "precision_at_20": 0.04703,
                "precision_at_100": 0.00982,
                "precision_at_1000": 0.001,
                "mrr_at_1": 0.69648,
                "mrr_at_3": 0.759647,
                "mrr_at_5": 0.767576,
                "mrr_at_10": 0.773007,
                "mrr_at_20": 0.775198,
                "mrr_at_100": 0.776343,
                "mrr_at_1000": 0.776415,
                "nauc_ndcg_at_1_max": 0.526773,
                "nauc_ndcg_at_1_std": -0.020462,
                "nauc_ndcg_at_1_diff1": 0.803844,
                "nauc_ndcg_at_3_max": 0.51935,
                "nauc_ndcg_at_3_std": -0.053106,
                "nauc_ndcg_at_3_diff1": 0.775894,
                "nauc_ndcg_at_5_max": 0.52048,
                "nauc_ndcg_at_5_std": -0.046752,
                "nauc_ndcg_at_5_diff1": 0.7733,
                "nauc_ndcg_at_10_max": 0.516329,
                "nauc_ndcg_at_10_std": -0.054356,
                "nauc_ndcg_at_10_diff1": 0.773473,
                "nauc_ndcg_at_20_max": 0.513878,
                "nauc_ndcg_at_20_std": -0.05888,
                "nauc_ndcg_at_20_diff1": 0.775397,
                "nauc_ndcg_at_100_max": 0.51866,
                "nauc_ndcg_at_100_std": -0.048477,
                "nauc_ndcg_at_100_diff1": 0.778884,
                "nauc_ndcg_at_1000_max": 0.518874,
                "nauc_ndcg_at_1000_std": -0.047944,
                "nauc_ndcg_at_1000_diff1": 0.77951,
                "nauc_map_at_1_max": 0.526773,
                "nauc_map_at_1_std": -0.020462,
                "nauc_map_at_1_diff1": 0.803844,
                "nauc_map_at_3_max": 0.521073,
                "nauc_map_at_3_std": -0.044355,
                "nauc_map_at_3_diff1": 0.783445,
                "nauc_map_at_5_max": 0.521591,
                "nauc_map_at_5_std": -0.04112,
                "nauc_map_at_5_diff1": 0.782371,
                "nauc_map_at_10_max": 0.520135,
                "nauc_map_at_10_std": -0.043593,
                "nauc_map_at_10_diff1": 0.782571,
                "nauc_map_at_20_max": 0.51946,
                "nauc_map_at_20_std": -0.044824,
                "nauc_map_at_20_diff1": 0.783059,
                "nauc_map_at_100_max": 0.519987,
                "nauc_map_at_100_std": -0.043758,
                "nauc_map_at_100_diff1": 0.783513,
                "nauc_map_at_1000_max": 0.519985,
                "nauc_map_at_1000_std": -0.04375,
                "nauc_map_at_1000_diff1": 0.783529,
                "nauc_recall_at_1_max": 0.526773,
                "nauc_recall_at_1_std": -0.020462,
                "nauc_recall_at_1_diff1": 0.803844,
                "nauc_recall_at_3_max": 0.512775,
                "nauc_recall_at_3_std": -0.087328,
                "nauc_recall_at_3_diff1": 0.74633,
                "nauc_recall_at_5_max": 0.515959,
                "nauc_recall_at_5_std": -0.071208,
                "nauc_recall_at_5_diff1": 0.729761,
                "nauc_recall_at_10_max": 0.48949,
                "nauc_recall_at_10_std": -0.127198,
                "nauc_recall_at_10_diff1": 0.715296,
                "nauc_recall_at_20_max": 0.451868,
                "nauc_recall_at_20_std": -0.208404,
                "nauc_recall_at_20_diff1": 0.707302,
                "nauc_recall_at_100_max": 0.542499,
                "nauc_recall_at_100_std": -0.03197,
                "nauc_recall_at_100_diff1": 0.71589,
                "nauc_recall_at_1000_max": 0.883288,
                "nauc_recall_at_1000_std": 0.418818,
                "nauc_recall_at_1000_diff1": 0.639929,
                "nauc_precision_at_1_max": 0.526773,
                "nauc_precision_at_1_std": -0.020462,
                "nauc_precision_at_1_diff1": 0.803844,
                "nauc_precision_at_3_max": 0.512775,
                "nauc_precision_at_3_std": -0.087328,
                "nauc_precision_at_3_diff1": 0.74633,
                "nauc_precision_at_5_max": 0.515959,
                "nauc_precision_at_5_std": -0.071208,
                "nauc_precision_at_5_diff1": 0.729761,
                "nauc_precision_at_10_max": 0.48949,
                "nauc_precision_at_10_std": -0.127198,
                "nauc_precision_at_10_diff1": 0.715296,
                "nauc_precision_at_20_max": 0.451868,
                "nauc_precision_at_20_std": -0.208404,
                "nauc_precision_at_20_diff1": 0.707302,
                "nauc_precision_at_100_max": 0.542499,
                "nauc_precision_at_100_std": -0.03197,
                "nauc_precision_at_100_diff1": 0.71589,
                "nauc_precision_at_1000_max": 0.883288,
                "nauc_precision_at_1000_std": 0.418818,
                "nauc_precision_at_1000_diff1": 0.639929,
                "nauc_mrr_at_1_max": 0.526979,
                "nauc_mrr_at_1_std": -0.019077,
                "nauc_mrr_at_1_diff1": 0.80317,
                "nauc_mrr_at_3_max": 0.522582,
                "nauc_mrr_at_3_std": -0.037243,
                "nauc_mrr_at_3_diff1": 0.781341,
                "nauc_mrr_at_5_max": 0.521984,
                "nauc_mrr_at_5_std": -0.036821,
                "nauc_mrr_at_5_diff1": 0.78071,
                "nauc_mrr_at_10_max": 0.520856,
                "nauc_mrr_at_10_std": -0.038559,
                "nauc_mrr_at_10_diff1": 0.780791,
                "nauc_mrr_at_20_max": 0.520176,
                "nauc_mrr_at_20_std": -0.04003,
                "nauc_mrr_at_20_diff1": 0.78122,
                "nauc_mrr_at_100_max": 0.520736,
                "nauc_mrr_at_100_std": -0.038816,
                "nauc_mrr_at_100_diff1": 0.781699,
                "nauc_mrr_at_1000_max": 0.520733,
                "nauc_mrr_at_1000_std": -0.038807,
                "nauc_mrr_at_1000_diff1": 0.781715,
                "cv_recall_at_1": 0.69648,
                "cv_recall_at_3": 0.83666,
                "cv_recall_at_5": 0.87123,
                "cv_recall_at_10": 0.90961,
                "cv_recall_at_20": 0.94037,
                "cv_recall_at_100": 0.9816,
                "cv_recall_at_1000": 0.99778,
                "main_score": 0.80573,
                "hf_subset": "slk",
                "languages": [
                    "slk-Latn"
                ]
            }
        ]
    },
    "evaluation_time": 95.33194398880005,
    "kg_co2_emissions": null
}
