{
  "dataset_revision": "82320d7f1d6561a12516605ec24f5d61aceb915c",
  "task_name": "SlovakPharmacyMojaLekarenReranking",
  "mteb_version": "1.39.7",
  "scores": {
    "test": [
      {
        "ndcg_at_1": 0.81978,
        "ndcg_at_3": 0.91395,
        "ndcg_at_5": 0.92323,
        "ndcg_at_10": 0.92323,
        "ndcg_at_20": 0.92323,
        "ndcg_at_100": 0.92323,
        "ndcg_at_1000": 0.92323,
        "map_at_1": 0.81978,
        "map_at_3": 0.8916,
        "map_at_5": 0.89695,
        "map_at_10": 0.89695,
        "map_at_20": 0.89695,
        "map_at_100": 0.89695,
        "map_at_1000": 0.89695,
        "recall_at_1": 0.81978,
        "recall_at_3": 0.97832,
        "recall_at_5": 1.0,
        "recall_at_10": 1.0,
        "recall_at_20": 1.0,
        "recall_at_100": 1.0,
        "recall_at_1000": 1.0,
        "accuracy": 0.81978,
        "precision_at_1": 0.81978,
        "precision_at_3": 0.32611,
        "precision_at_5": 0.2,
        "precision_at_10": 0.1,
        "precision_at_20": 0.05,
        "precision_at_100": 0.01,
        "precision_at_1000": 0.001,
        "mrr_at_1": 0.819783,
        "mrr_at_3": 0.891599,
        "mrr_at_5": 0.896951,
        "mrr_at_10": 0.896951,
        "mrr_at_20": 0.896951,
        "mrr_at_100": 0.896951,
        "mrr_at_1000": 0.896951,
        "nauc_ndcg_at_1_max": 0.385396,
        "nauc_ndcg_at_1_std": 0.341647,
        "nauc_ndcg_at_1_diff1": 0.743187,
        "nauc_ndcg_at_3_max": 0.402809,
        "nauc_ndcg_at_3_std": 0.407435,
        "nauc_ndcg_at_3_diff1": 0.728747,
        "nauc_ndcg_at_5_max": 0.382676,
        "nauc_ndcg_at_5_std": 0.363021,
        "nauc_ndcg_at_5_diff1": 0.739311,
        "nauc_ndcg_at_10_max": 0.382676,
        "nauc_ndcg_at_10_std": 0.363021,
        "nauc_ndcg_at_10_diff1": 0.739311,
        "nauc_ndcg_at_20_max": 0.382676,
        "nauc_ndcg_at_20_std": 0.363021,
        "nauc_ndcg_at_20_diff1": 0.739311,
        "nauc_ndcg_at_100_max": 0.382676,
        "nauc_ndcg_at_100_std": 0.363021,
        "nauc_ndcg_at_100_diff1": 0.739311,
        "nauc_ndcg_at_1000_max": 0.382676,
        "nauc_ndcg_at_1000_std": 0.363021,
        "nauc_ndcg_at_1000_diff1": 0.739311,
        "nauc_map_at_1_max": 0.385396,
        "nauc_map_at_1_std": 0.341647,
        "nauc_map_at_1_diff1": 0.743187,
        "nauc_map_at_3_max": 0.391868,
        "nauc_map_at_3_std": 0.381835,
        "nauc_map_at_3_diff1": 0.734722,
        "nauc_map_at_5_max": 0.382611,
        "nauc_map_at_5_std": 0.36142,
        "nauc_map_at_5_diff1": 0.739617,
        "nauc_map_at_10_max": 0.382611,
        "nauc_map_at_10_std": 0.36142,
        "nauc_map_at_10_diff1": 0.739617,
        "nauc_map_at_20_max": 0.382611,
        "nauc_map_at_20_std": 0.36142,
        "nauc_map_at_20_diff1": 0.739617,
        "nauc_map_at_100_max": 0.382611,
        "nauc_map_at_100_std": 0.36142,
        "nauc_map_at_100_diff1": 0.739617,
        "nauc_map_at_1000_max": 0.382611,
        "nauc_map_at_1000_std": 0.36142,
        "nauc_map_at_1000_diff1": 0.739617,
        "nauc_recall_at_1_max": 0.385396,
        "nauc_recall_at_1_std": 0.341647,
        "nauc_recall_at_1_diff1": 0.743187,
        "nauc_recall_at_3_max": 0.560977,
        "nauc_recall_at_3_std": 0.75802,
        "nauc_recall_at_3_diff1": 0.646214,
        "nauc_recall_at_5_max": NaN,
        "nauc_recall_at_5_std": NaN,
        "nauc_recall_at_5_diff1": NaN,
        "nauc_recall_at_10_max": NaN,
        "nauc_recall_at_10_std": NaN,
        "nauc_recall_at_10_diff1": NaN,
        "nauc_recall_at_20_max": NaN,
        "nauc_recall_at_20_std": NaN,
        "nauc_recall_at_20_diff1": NaN,
        "nauc_recall_at_100_max": NaN,
        "nauc_recall_at_100_std": NaN,
        "nauc_recall_at_100_diff1": NaN,
        "nauc_recall_at_1000_max": NaN,
        "nauc_recall_at_1000_std": NaN,
        "nauc_recall_at_1000_diff1": NaN,
        "nauc_precision_at_1_max": 0.385396,
        "nauc_precision_at_1_std": 0.341647,
        "nauc_precision_at_1_diff1": 0.743187,
        "nauc_precision_at_3_max": 0.560977,
        "nauc_precision_at_3_std": 0.75802,
        "nauc_precision_at_3_diff1": 0.646214,
        "nauc_precision_at_5_max": NaN,
        "nauc_precision_at_5_std": NaN,
        "nauc_precision_at_5_diff1": NaN,
        "nauc_precision_at_10_max": NaN,
        "nauc_precision_at_10_std": NaN,
        "nauc_precision_at_10_diff1": NaN,
        "nauc_precision_at_20_max": NaN,
        "nauc_precision_at_20_std": NaN,
        "nauc_precision_at_20_diff1": NaN,
        "nauc_precision_at_100_max": NaN,
        "nauc_precision_at_100_std": NaN,
        "nauc_precision_at_100_diff1": NaN,
        "nauc_precision_at_1000_max": 1.0,
        "nauc_precision_at_1000_std": 1.0,
        "nauc_precision_at_1000_diff1": 1.0,
        "nauc_mrr_at_1_max": 0.385396,
        "nauc_mrr_at_1_std": 0.341647,
        "nauc_mrr_at_1_diff1": 0.743187,
        "nauc_mrr_at_3_max": 0.391868,
        "nauc_mrr_at_3_std": 0.381835,
        "nauc_mrr_at_3_diff1": 0.734722,
        "nauc_mrr_at_5_max": 0.382611,
        "nauc_mrr_at_5_std": 0.36142,
        "nauc_mrr_at_5_diff1": 0.739617,
        "nauc_mrr_at_10_max": 0.382611,
        "nauc_mrr_at_10_std": 0.36142,
        "nauc_mrr_at_10_diff1": 0.739617,
        "nauc_mrr_at_20_max": 0.382611,
        "nauc_mrr_at_20_std": 0.36142,
        "nauc_mrr_at_20_diff1": 0.739617,
        "nauc_mrr_at_100_max": 0.382611,
        "nauc_mrr_at_100_std": 0.36142,
        "nauc_mrr_at_100_diff1": 0.739617,
        "nauc_mrr_at_1000_max": 0.382611,
        "nauc_mrr_at_1000_std": 0.36142,
        "nauc_mrr_at_1000_diff1": 0.739617,
        "cv_recall_at_1": 0.81978,
        "cv_recall_at_3": 0.97832,
        "cv_recall_at_5": 1.0,
        "cv_recall_at_10": 1.0,
        "cv_recall_at_20": 1.0,
        "cv_recall_at_100": 1.0,
        "cv_recall_at_1000": 1.0,
        "main_score": 0.89695,
        "hf_subset": "default",
        "languages": [
          "slk-Latn"
        ]
      }
    ]
  },
  "evaluation_time": 22.65311622619629,
  "kg_co2_emissions": null
}