{
    "dataset_revision": "6448ea012b1b7caa3d55cb747b58cda1d7edc714",
    "task_name": "SlovakPharmacyDrMaxReranking",
    "mteb_version": "1.39.7",
    "scores": {
        "test": [
            {
                "ndcg_at_1": 0.70402,
                "ndcg_at_3": 0.83507,
                "ndcg_at_5": 0.86549,
                "ndcg_at_10": 0.86549,
                "ndcg_at_20": 0.86549,
                "ndcg_at_100": 0.86549,
                "ndcg_at_1000": 0.86549,
                "map_at_1": 0.70402,
                "map_at_3": 0.80336,
                "map_at_5": 0.82036,
                "map_at_10": 0.82036,
                "map_at_20": 0.82036,
                "map_at_100": 0.82036,
                "map_at_1000": 0.82036,
                "recall_at_1": 0.70402,
                "recall_at_3": 0.92665,
                "recall_at_5": 1.0,
                "recall_at_10": 1.0,
                "recall_at_20": 1.0,
                "recall_at_100": 1.0,
                "recall_at_1000": 1.0,
                "accuracy": 0.70402,
                "precision_at_1": 0.70402,
                "precision_at_3": 0.30888,
                "precision_at_5": 0.2,
                "precision_at_10": 0.1,
                "precision_at_20": 0.05,
                "precision_at_100": 0.01,
                "precision_at_1000": 0.001,
                "mrr_at_1": 0.704021,
                "mrr_at_3": 0.803358,
                "mrr_at_5": 0.820359,
                "mrr_at_10": 0.820359,
                "mrr_at_20": 0.820359,
                "mrr_at_100": 0.820359,
                "mrr_at_1000": 0.820359,
                "nauc_ndcg_at_1_max": 0.491876,
                "nauc_ndcg_at_1_std": 0.416357,
                "nauc_ndcg_at_1_diff1": 0.63922,
                "nauc_ndcg_at_3_max": 0.511792,
                "nauc_ndcg_at_3_std": 0.475869,
                "nauc_ndcg_at_3_diff1": 0.608196,
                "nauc_ndcg_at_5_max": 0.501417,
                "nauc_ndcg_at_5_std": 0.443885,
                "nauc_ndcg_at_5_diff1": 0.625736,
                "nauc_ndcg_at_10_max": 0.501417,
                "nauc_ndcg_at_10_std": 0.443885,
                "nauc_ndcg_at_10_diff1": 0.625736,
                "nauc_ndcg_at_20_max": 0.501417,
                "nauc_ndcg_at_20_std": 0.443885,
                "nauc_ndcg_at_20_diff1": 0.625736,
                "nauc_ndcg_at_100_max": 0.501417,
                "nauc_ndcg_at_100_std": 0.443885,
                "nauc_ndcg_at_100_diff1": 0.625736,
                "nauc_ndcg_at_1000_max": 0.501417,
                "nauc_ndcg_at_1000_std": 0.443885,
                "nauc_ndcg_at_1000_diff1": 0.625736,
                "nauc_map_at_1_max": 0.491876,
                "nauc_map_at_1_std": 0.416357,
                "nauc_map_at_1_diff1": 0.63922,
                "nauc_map_at_3_max": 0.505687,
                "nauc_map_at_3_std": 0.457086,
                "nauc_map_at_3_diff1": 0.618169,
                "nauc_map_at_5_max": 0.500766,
                "nauc_map_at_5_std": 0.44196,
                "nauc_map_at_5_diff1": 0.626655,
                "nauc_map_at_10_max": 0.500766,
                "nauc_map_at_10_std": 0.44196,
                "nauc_map_at_10_diff1": 0.626655,
                "nauc_map_at_20_max": 0.500766,
                "nauc_map_at_20_std": 0.44196,
                "nauc_map_at_20_diff1": 0.626655,
                "nauc_map_at_100_max": 0.500766,
                "nauc_map_at_100_std": 0.44196,
                "nauc_map_at_100_diff1": 0.626655,
                "nauc_map_at_1000_max": 0.500766,
                "nauc_map_at_1000_std": 0.44196,
                "nauc_map_at_1000_diff1": 0.626655,
                "nauc_recall_at_1_max": 0.491876,
                "nauc_recall_at_1_std": 0.416357,
                "nauc_recall_at_1_diff1": 0.63922,
                "nauc_recall_at_3_max": 0.553122,
                "nauc_recall_at_3_std": 0.60366,
                "nauc_recall_at_3_diff1": 0.540146,
                "nauc_recall_at_5_max": NaN,
                "nauc_recall_at_5_std": NaN,
                "nauc_recall_at_5_diff1": NaN,
                "nauc_recall_at_10_max": NaN,
                "nauc_recall_at_10_std": NaN,
                "nauc_recall_at_10_diff1": NaN,
                "nauc_recall_at_20_max": NaN,
                "nauc_recall_at_20_std": NaN,
                "nauc_recall_at_20_diff1": NaN,
                "nauc_recall_at_100_max": NaN,
                "nauc_recall_at_100_std": NaN,
                "nauc_recall_at_100_diff1": NaN,
                "nauc_recall_at_1000_max": NaN,
                "nauc_recall_at_1000_std": NaN,
                "nauc_recall_at_1000_diff1": NaN,
                "nauc_precision_at_1_max": 0.491876,
                "nauc_precision_at_1_std": 0.416357,
                "nauc_precision_at_1_diff1": 0.63922,
                "nauc_precision_at_3_max": 0.553122,
                "nauc_precision_at_3_std": 0.60366,
                "nauc_precision_at_3_diff1": 0.540146,
                "nauc_precision_at_5_max": 1.0,
                "nauc_precision_at_5_std": 1.0,
                "nauc_precision_at_5_diff1": 1.0,
                "nauc_precision_at_10_max": 1.0,
                "nauc_precision_at_10_std": 1.0,
                "nauc_precision_at_10_diff1": 1.0,
                "nauc_precision_at_20_max": 1.0,
                "nauc_precision_at_20_std": 1.0,
                "nauc_precision_at_20_diff1": 1.0,
                "nauc_precision_at_100_max": 1.0,
                "nauc_precision_at_100_std": 1.0,
                "nauc_precision_at_100_diff1": 1.0,
                "nauc_precision_at_1000_max": 1.0,
                "nauc_precision_at_1000_std": 1.0,
                "nauc_precision_at_1000_diff1": 1.0,
                "nauc_mrr_at_1_max": 0.491876,
                "nauc_mrr_at_1_std": 0.416357,
                "nauc_mrr_at_1_diff1": 0.63922,
                "nauc_mrr_at_3_max": 0.505687,
                "nauc_mrr_at_3_std": 0.457086,
                "nauc_mrr_at_3_diff1": 0.618169,
                "nauc_mrr_at_5_max": 0.500766,
                "nauc_mrr_at_5_std": 0.44196,
                "nauc_mrr_at_5_diff1": 0.626655,
                "nauc_mrr_at_10_max": 0.500766,
                "nauc_mrr_at_10_std": 0.44196,
                "nauc_mrr_at_10_diff1": 0.626655,
                "nauc_mrr_at_20_max": 0.500766,
                "nauc_mrr_at_20_std": 0.44196,
                "nauc_mrr_at_20_diff1": 0.626655,
                "nauc_mrr_at_100_max": 0.500766,
                "nauc_mrr_at_100_std": 0.44196,
                "nauc_mrr_at_100_diff1": 0.626655,
                "nauc_mrr_at_1000_max": 0.500766,
                "nauc_mrr_at_1000_std": 0.44196,
                "nauc_mrr_at_1000_diff1": 0.626655,
                "cv_recall_at_1": 0.70402,
                "cv_recall_at_3": 0.92665,
                "cv_recall_at_5": 1.0,
                "cv_recall_at_10": 1.0,
                "cv_recall_at_20": 1.0,
                "cv_recall_at_100": 1.0,
                "cv_recall_at_1000": 1.0,
                "main_score": 0.82036,
                "hf_subset": "default",
                "languages": [
                    "slk-Latn"
                ]
            }
        ]
    },
    "evaluation_time": 138.83887314796448,
    "kg_co2_emissions": null
}
