{
    "dataset_revision": "f64f483ad0f31d2e78209d524c14a4a867965959",
    "task_name": "WebFAQRetrieval",
    "mteb_version": "1.39.7",
    "scores": {
        "test": [
            {
                "ndcg_at_1": 0.53409,
                "ndcg_at_3": 0.61736,
                "ndcg_at_5": 0.64037,
                "ndcg_at_10": 0.65782,
                "ndcg_at_20": 0.67017,
                "ndcg_at_100": 0.68674,
                "ndcg_at_1000": 0.69469,
                "map_at_1": 0.53409,
                "map_at_3": 0.59721,
                "map_at_5": 0.60999,
                "map_at_10": 0.61726,
                "map_at_20": 0.62064,
                "map_at_100": 0.62293,
                "map_at_1000": 0.62322,
                "recall_at_1": 0.53409,
                "recall_at_3": 0.67555,
                "recall_at_5": 0.73137,
                "recall_at_10": 0.78497,
                "recall_at_20": 0.83381,
                "recall_at_100": 0.92325,
                "recall_at_1000": 0.98636,
                "accuracy": 0.53409,
                "precision_at_1": 0.53409,
                "precision_at_3": 0.22518,
                "precision_at_5": 0.14627,
                "precision_at_10": 0.0785,
                "precision_at_20": 0.04169,
                "precision_at_100": 0.00923,
                "precision_at_1000": 0.00099,
                "mrr_at_1": 0.534095,
                "mrr_at_3": 0.597526,
                "mrr_at_5": 0.610022,
                "mrr_at_10": 0.617367,
                "mrr_at_20": 0.620772,
                "mrr_at_100": 0.623058,
                "mrr_at_1000": 0.623342,
                "nauc_ndcg_at_1_max": 0.471706,
                "nauc_ndcg_at_1_std": 0.049415,
                "nauc_ndcg_at_1_diff1": 0.733433,
                "nauc_ndcg_at_3_max": 0.451255,
                "nauc_ndcg_at_3_std": 0.043115,
                "nauc_ndcg_at_3_diff1": 0.688253,
                "nauc_ndcg_at_5_max": 0.453362,
                "nauc_ndcg_at_5_std": 0.049457,
                "nauc_ndcg_at_5_diff1": 0.68347,
                "nauc_ndcg_at_10_max": 0.44903,
                "nauc_ndcg_at_10_std": 0.053647,
                "nauc_ndcg_at_10_diff1": 0.681958,
                "nauc_ndcg_at_20_max": 0.451598,
                "nauc_ndcg_at_20_std": 0.059887,
                "nauc_ndcg_at_20_diff1": 0.681879,
                "nauc_ndcg_at_100_max": 0.457023,
                "nauc_ndcg_at_100_std": 0.068269,
                "nauc_ndcg_at_100_diff1": 0.684773,
                "nauc_ndcg_at_1000_max": 0.456652,
                "nauc_ndcg_at_1000_std": 0.061538,
                "nauc_ndcg_at_1000_diff1": 0.68848,
                "nauc_map_at_1_max": 0.471706,
                "nauc_map_at_1_std": 0.049415,
                "nauc_map_at_1_diff1": 0.733433,
                "nauc_map_at_3_max": 0.456751,
                "nauc_map_at_3_std": 0.044168,
                "nauc_map_at_3_diff1": 0.700061,
                "nauc_map_at_5_max": 0.458049,
                "nauc_map_at_5_std": 0.047403,
                "nauc_map_at_5_diff1": 0.697826,
                "nauc_map_at_10_max": 0.456353,
                "nauc_map_at_10_std": 0.049183,
                "nauc_map_at_10_diff1": 0.697362,
                "nauc_map_at_20_max": 0.457087,
                "nauc_map_at_20_std": 0.050728,
                "nauc_map_at_20_diff1": 0.697433,
                "nauc_map_at_100_max": 0.45775,
                "nauc_map_at_100_std": 0.051721,
                "nauc_map_at_100_diff1": 0.697872,
                "nauc_map_at_1000_max": 0.457737,
                "nauc_map_at_1000_std": 0.051523,
                "nauc_map_at_1000_diff1": 0.697988,
                "nauc_recall_at_1_max": 0.471706,
                "nauc_recall_at_1_std": 0.049415,
                "nauc_recall_at_1_diff1": 0.733433,
                "nauc_recall_at_3_max": 0.433193,
                "nauc_recall_at_3_std": 0.039949,
                "nauc_recall_at_3_diff1": 0.649602,
                "nauc_recall_at_5_max": 0.43638,
                "nauc_recall_at_5_std": 0.058696,
                "nauc_recall_at_5_diff1": 0.629915,
                "nauc_recall_at_10_max": 0.415678,
                "nauc_recall_at_10_std": 0.076638,
                "nauc_recall_at_10_diff1": 0.614126,
                "nauc_recall_at_20_max": 0.423599,
                "nauc_recall_at_20_std": 0.122825,
                "nauc_recall_at_20_diff1": 0.597017,
                "nauc_recall_at_100_max": 0.49049,
                "nauc_recall_at_100_std": 0.331896,
                "nauc_recall_at_100_diff1": 0.559021,
                "nauc_recall_at_1000_max": 0.599651,
                "nauc_recall_at_1000_std": 0.586031,
                "nauc_recall_at_1000_diff1": 0.501702,
                "nauc_precision_at_1_max": 0.471706,
                "nauc_precision_at_1_std": 0.049415,
                "nauc_precision_at_1_diff1": 0.733433,
                "nauc_precision_at_3_max": 0.433193,
                "nauc_precision_at_3_std": 0.039949,
                "nauc_precision_at_3_diff1": 0.649602,
                "nauc_precision_at_5_max": 0.43638,
                "nauc_precision_at_5_std": 0.058696,
                "nauc_precision_at_5_diff1": 0.629915,
                "nauc_precision_at_10_max": 0.415678,
                "nauc_precision_at_10_std": 0.076638,
                "nauc_precision_at_10_diff1": 0.614126,
                "nauc_precision_at_20_max": 0.423599,
                "nauc_precision_at_20_std": 0.122825,
                "nauc_precision_at_20_diff1": 0.597017,
                "nauc_precision_at_100_max": 0.49049,
                "nauc_precision_at_100_std": 0.331896,
                "nauc_precision_at_100_diff1": 0.559021,
                "nauc_precision_at_1000_max": 0.599651,
                "nauc_precision_at_1000_std": 0.586031,
                "nauc_precision_at_1000_diff1": 0.501702,
                "nauc_mrr_at_1_max": 0.471706,
                "nauc_mrr_at_1_std": 0.049415,
                "nauc_mrr_at_1_diff1": 0.733433,
                "nauc_mrr_at_3_max": 0.457418,
                "nauc_mrr_at_3_std": 0.045909,
                "nauc_mrr_at_3_diff1": 0.699434,
                "nauc_mrr_at_5_max": 0.458747,
                "nauc_mrr_at_5_std": 0.048195,
                "nauc_mrr_at_5_diff1": 0.697649,
                "nauc_mrr_at_10_max": 0.456633,
                "nauc_mrr_at_10_std": 0.04973,
                "nauc_mrr_at_10_diff1": 0.697075,
                "nauc_mrr_at_20_max": 0.457395,
                "nauc_mrr_at_20_std": 0.051395,
                "nauc_mrr_at_20_diff1": 0.697126,
                "nauc_mrr_at_100_max": 0.458067,
                "nauc_mrr_at_100_std": 0.052361,
                "nauc_mrr_at_100_diff1": 0.697606,
                "nauc_mrr_at_1000_max": 0.458053,
                "nauc_mrr_at_1000_std": 0.052169,
                "nauc_mrr_at_1000_diff1": 0.697711,
                "cv_recall_at_1": 0.53409,
                "cv_recall_at_3": 0.67618,
                "cv_recall_at_5": 0.73073,
                "cv_recall_at_10": 0.78497,
                "cv_recall_at_20": 0.83413,
                "cv_recall_at_100": 0.92388,
                "cv_recall_at_1000": 0.98636,
                "main_score": 0.65782,
                "hf_subset": "slk",
                "languages": [
                    "slk-Latn"
                ]
            }
        ]
    },
    "evaluation_time": 148.23967695236206,
    "kg_co2_emissions": null
}
