{
    "dataset_revision": "7cfcb122006b33d150b485caac5aa41939b3ba37",
    "task_name": "SkQuadReranking",
    "mteb_version": "1.39.7",
    "scores": {
        "test": [
            {
                "map": 0.533614,
                "mrr": 0.592584,
                "recall_at_10": 0.966349,
                "nAUC_map_max": 0.003948,
                "nAUC_map_std": 0.09065,
                "nAUC_map_diff1": 0.113672,
                "nAUC_mrr_max": 0.022066,
                "nAUC_mrr_std": 0.111389,
                "nAUC_mrr_diff1": 0.127557,
                "nAUC_recall_at_10_max": -0.21471,
                "nAUC_recall_at_10_std": -0.027366,
                "nAUC_recall_at_10_diff1": -0.12713,
                "main_score": 0.533614,
                "hf_subset": "default",
                "languages": [
                    "slk-Latn"
                ]
            }
        ]
    },
    "evaluation_time": 9.32813286781311,
    "kg_co2_emissions": null
}
