{
    "dataset_revision": "6448ea012b1b7caa3d55cb747b58cda1d7edc714",
    "task_name": "SlovakPharmacyDrMaxReranking",
    "mteb_version": "1.39.7",
    "scores": {
        "test": [
            {
                "ndcg_at_1": 0.82207,
                "ndcg_at_3": 0.90966,
                "ndcg_at_5": 0.92201,
                "ndcg_at_10": 0.92201,
                "ndcg_at_20": 0.92201,
                "ndcg_at_100": 0.92201,
                "ndcg_at_1000": 0.92201,
                "map_at_1": 0.82207,
                "map_at_3": 0.88858,
                "map_at_5": 0.89554,
                "map_at_10": 0.89554,
                "map_at_20": 0.89554,
                "map_at_100": 0.89554,
                "map_at_1000": 0.89554,
                "recall_at_1": 0.82207,
                "recall_at_3": 0.97049,
                "recall_at_5": 1.0,
                "recall_at_10": 1.0,
                "recall_at_20": 1.0,
                "recall_at_100": 1.0,
                "recall_at_1000": 1.0,
                "accuracy": 0.82207,
                "precision_at_1": 0.82207,
                "precision_at_3": 0.3235,
                "precision_at_5": 0.2,
                "precision_at_10": 0.1,
                "precision_at_20": 0.05,
                "precision_at_100": 0.01,
                "precision_at_1000": 0.001,
                "mrr_at_1": 0.82207,
                "mrr_at_3": 0.88858,
                "mrr_at_5": 0.895541,
                "mrr_at_10": 0.895541,
                "mrr_at_20": 0.895541,
                "mrr_at_100": 0.895541,
                "mrr_at_1000": 0.895541,
                "nauc_ndcg_at_1_max": 0.727067,
                "nauc_ndcg_at_1_std": 0.720962,
                "nauc_ndcg_at_1_diff1": 0.847996,
                "nauc_ndcg_at_3_max": 0.742361,
                "nauc_ndcg_at_3_std": 0.747309,
                "nauc_ndcg_at_3_diff1": 0.831154,
                "nauc_ndcg_at_5_max": 0.732935,
                "nauc_ndcg_at_5_std": 0.733587,
                "nauc_ndcg_at_5_diff1": 0.838505,
                "nauc_ndcg_at_10_max": 0.732935,
                "nauc_ndcg_at_10_std": 0.733587,
                "nauc_ndcg_at_10_diff1": 0.838505,
                "nauc_ndcg_at_20_max": 0.732935,
                "nauc_ndcg_at_20_std": 0.733587,
                "nauc_ndcg_at_20_diff1": 0.838505,
                "nauc_ndcg_at_100_max": 0.732935,
                "nauc_ndcg_at_100_std": 0.733587,
                "nauc_ndcg_at_100_diff1": 0.838505,
                "nauc_ndcg_at_1000_max": 0.732935,
                "nauc_ndcg_at_1000_std": 0.733587,
                "nauc_ndcg_at_1000_diff1": 0.838505,
                "nauc_map_at_1_max": 0.727067,
                "nauc_map_at_1_std": 0.720962,
                "nauc_map_at_1_diff1": 0.847996,
                "nauc_map_at_3_max": 0.736829,
                "nauc_map_at_3_std": 0.73906,
                "nauc_map_at_3_diff1": 0.835596,
                "nauc_map_at_5_max": 0.7325,
                "nauc_map_at_5_std": 0.732745,
                "nauc_map_at_5_diff1": 0.839072,
                "nauc_map_at_10_max": 0.7325,
                "nauc_map_at_10_std": 0.732745,
                "nauc_map_at_10_diff1": 0.839072,
                "nauc_map_at_20_max": 0.7325,
                "nauc_map_at_20_std": 0.732745,
                "nauc_map_at_20_diff1": 0.839072,
                "nauc_map_at_100_max": 0.7325,
                "nauc_map_at_100_std": 0.732745,
                "nauc_map_at_100_diff1": 0.839072,
                "nauc_map_at_1000_max": 0.7325,
                "nauc_map_at_1000_std": 0.732745,
                "nauc_map_at_1000_diff1": 0.839072,
                "nauc_recall_at_1_max": 0.727067,
                "nauc_recall_at_1_std": 0.720962,
                "nauc_recall_at_1_diff1": 0.847996,
                "nauc_recall_at_3_max": 0.799444,
                "nauc_recall_at_3_std": 0.830426,
                "nauc_recall_at_3_diff1": 0.787891,
                "nauc_recall_at_5_max": NaN,
                "nauc_recall_at_5_std": NaN,
                "nauc_recall_at_5_diff1": NaN,
                "nauc_recall_at_10_max": NaN,
                "nauc_recall_at_10_std": NaN,
                "nauc_recall_at_10_diff1": NaN,
                "nauc_recall_at_20_max": NaN,
                "nauc_recall_at_20_std": NaN,
                "nauc_recall_at_20_diff1": NaN,
                "nauc_recall_at_100_max": NaN,
                "nauc_recall_at_100_std": NaN,
                "nauc_recall_at_100_diff1": NaN,
                "nauc_recall_at_1000_max": NaN,
                "nauc_recall_at_1000_std": NaN,
                "nauc_recall_at_1000_diff1": NaN,
                "nauc_precision_at_1_max": 0.727067,
                "nauc_precision_at_1_std": 0.720962,
                "nauc_precision_at_1_diff1": 0.847996,
                "nauc_precision_at_3_max": 0.799444,
                "nauc_precision_at_3_std": 0.830426,
                "nauc_precision_at_3_diff1": 0.787891,
                "nauc_precision_at_5_max": 1.0,
                "nauc_precision_at_5_std": 1.0,
                "nauc_precision_at_5_diff1": 1.0,
                "nauc_precision_at_10_max": 1.0,
                "nauc_precision_at_10_std": 1.0,
                "nauc_precision_at_10_diff1": 1.0,
                "nauc_precision_at_20_max": 1.0,
                "nauc_precision_at_20_std": 1.0,
                "nauc_precision_at_20_diff1": 1.0,
                "nauc_precision_at_100_max": 1.0,
                "nauc_precision_at_100_std": 1.0,
                "nauc_precision_at_100_diff1": 1.0,
                "nauc_precision_at_1000_max": 1.0,
                "nauc_precision_at_1000_std": 1.0,
                "nauc_precision_at_1000_diff1": 1.0,
                "nauc_mrr_at_1_max": 0.727067,
                "nauc_mrr_at_1_std": 0.720962,
                "nauc_mrr_at_1_diff1": 0.847996,
                "nauc_mrr_at_3_max": 0.736829,
                "nauc_mrr_at_3_std": 0.73906,
                "nauc_mrr_at_3_diff1": 0.835596,
                "nauc_mrr_at_5_max": 0.7325,
                "nauc_mrr_at_5_std": 0.732745,
                "nauc_mrr_at_5_diff1": 0.839072,
                "nauc_mrr_at_10_max": 0.7325,
                "nauc_mrr_at_10_std": 0.732745,
                "nauc_mrr_at_10_diff1": 0.839072,
                "nauc_mrr_at_20_max": 0.7325,
                "nauc_mrr_at_20_std": 0.732745,
                "nauc_mrr_at_20_diff1": 0.839072,
                "nauc_mrr_at_100_max": 0.7325,
                "nauc_mrr_at_100_std": 0.732745,
                "nauc_mrr_at_100_diff1": 0.839072,
                "nauc_mrr_at_1000_max": 0.7325,
                "nauc_mrr_at_1000_std": 0.732745,
                "nauc_mrr_at_1000_diff1": 0.839072,
                "cv_recall_at_1": 0.82207,
                "cv_recall_at_3": 0.97049,
                "cv_recall_at_5": 1.0,
                "cv_recall_at_10": 1.0,
                "cv_recall_at_20": 1.0,
                "cv_recall_at_100": 1.0,
                "cv_recall_at_1000": 1.0,
                "main_score": 0.89554,
                "hf_subset": "default",
                "languages": [
                    "slk-Latn"
                ]
            }
        ]
    },
    "evaluation_time": 22.685765027999878,
    "kg_co2_emissions": null
}
