{
    "dataset_revision": "82320d7f1d6561a12516605ec24f5d61aceb915c",
    "task_name": "SlovakPharmacyMojaLekarenReranking",
    "mteb_version": "1.39.7",
    "scores": {
        "test": [
            {
                "ndcg_at_1": 0.89024,
                "ndcg_at_3": 0.95035,
                "ndcg_at_5": 0.95484,
                "ndcg_at_10": 0.95484,
                "ndcg_at_20": 0.95484,
                "ndcg_at_100": 0.95484,
                "ndcg_at_1000": 0.95484,
                "map_at_1": 0.89024,
                "map_at_3": 0.93677,
                "map_at_5": 0.93927,
                "map_at_10": 0.93927,
                "map_at_20": 0.93927,
                "map_at_100": 0.93927,
                "map_at_1000": 0.93927,
                "recall_at_1": 0.89024,
                "recall_at_3": 0.98916,
                "recall_at_5": 1.0,
                "recall_at_10": 1.0,
                "recall_at_20": 1.0,
                "recall_at_100": 1.0,
                "recall_at_1000": 1.0,
                "accuracy": 0.89024,
                "precision_at_1": 0.89024,
                "precision_at_3": 0.32972,
                "precision_at_5": 0.2,
                "precision_at_10": 0.1,
                "precision_at_20": 0.05,
                "precision_at_100": 0.01,
                "precision_at_1000": 0.001,
                "mrr_at_1": 0.890244,
                "mrr_at_3": 0.936766,
                "mrr_at_5": 0.939273,
                "mrr_at_10": 0.939273,
                "mrr_at_20": 0.939273,
                "mrr_at_100": 0.939273,
                "mrr_at_1000": 0.939273,
                "nauc_ndcg_at_1_max": 0.414018,
                "nauc_ndcg_at_1_std": 0.458825,
                "nauc_ndcg_at_1_diff1": 0.846881,
                "nauc_ndcg_at_3_max": 0.48978,
                "nauc_ndcg_at_3_std": 0.541639,
                "nauc_ndcg_at_3_diff1": 0.846513,
                "nauc_ndcg_at_5_max": 0.447124,
                "nauc_ndcg_at_5_std": 0.499227,
                "nauc_ndcg_at_5_diff1": 0.850456,
                "nauc_ndcg_at_10_max": 0.447124,
                "nauc_ndcg_at_10_std": 0.499227,
                "nauc_ndcg_at_10_diff1": 0.850456,
                "nauc_ndcg_at_20_max": 0.447124,
                "nauc_ndcg_at_20_std": 0.499227,
                "nauc_ndcg_at_20_diff1": 0.850456,
                "nauc_ndcg_at_100_max": 0.447124,
                "nauc_ndcg_at_100_std": 0.499227,
                "nauc_ndcg_at_100_diff1": 0.850456,
                "nauc_ndcg_at_1000_max": 0.447124,
                "nauc_ndcg_at_1000_std": 0.499227,
                "nauc_ndcg_at_1000_diff1": 0.850456,
                "nauc_map_at_1_max": 0.414018,
                "nauc_map_at_1_std": 0.458825,
                "nauc_map_at_1_diff1": 0.846881,
                "nauc_map_at_3_max": 0.463542,
                "nauc_map_at_3_std": 0.515073,
                "nauc_map_at_3_diff1": 0.848294,
                "nauc_map_at_5_max": 0.444726,
                "nauc_map_at_5_std": 0.496416,
                "nauc_map_at_5_diff1": 0.850253,
                "nauc_map_at_10_max": 0.444726,
                "nauc_map_at_10_std": 0.496416,
                "nauc_map_at_10_diff1": 0.850253,
                "nauc_map_at_20_max": 0.444726,
                "nauc_map_at_20_std": 0.496416,
                "nauc_map_at_20_diff1": 0.850253,
                "nauc_map_at_100_max": 0.444726,
                "nauc_map_at_100_std": 0.496416,
                "nauc_map_at_100_diff1": 0.850253,
                "nauc_map_at_1000_max": 0.444726,
                "nauc_map_at_1000_std": 0.496416,
                "nauc_map_at_1000_diff1": 0.850253,
                "nauc_recall_at_1_max": 0.414018,
                "nauc_recall_at_1_std": 0.458825,
                "nauc_recall_at_1_diff1": 0.846881,
                "nauc_recall_at_3_max": 0.914176,
                "nauc_recall_at_3_std": 0.96526,
                "nauc_recall_at_3_diff1": 0.812953,
                "nauc_recall_at_5_max": NaN,
                "nauc_recall_at_5_std": NaN,
                "nauc_recall_at_5_diff1": NaN,
                "nauc_recall_at_10_max": NaN,
                "nauc_recall_at_10_std": NaN,
                "nauc_recall_at_10_diff1": NaN,
                "nauc_recall_at_20_max": NaN,
                "nauc_recall_at_20_std": NaN,
                "nauc_recall_at_20_diff1": NaN,
                "nauc_recall_at_100_max": NaN,
                "nauc_recall_at_100_std": NaN,
                "nauc_recall_at_100_diff1": NaN,
                "nauc_recall_at_1000_max": NaN,
                "nauc_recall_at_1000_std": NaN,
                "nauc_recall_at_1000_diff1": NaN,
                "nauc_precision_at_1_max": 0.414018,
                "nauc_precision_at_1_std": 0.458825,
                "nauc_precision_at_1_diff1": 0.846881,
                "nauc_precision_at_3_max": 0.914176,
                "nauc_precision_at_3_std": 0.96526,
                "nauc_precision_at_3_diff1": 0.812953,
                "nauc_precision_at_5_max": NaN,
                "nauc_precision_at_5_std": NaN,
                "nauc_precision_at_5_diff1": NaN,
                "nauc_precision_at_10_max": NaN,
                "nauc_precision_at_10_std": NaN,
                "nauc_precision_at_10_diff1": NaN,
                "nauc_precision_at_20_max": NaN,
                "nauc_precision_at_20_std": NaN,
                "nauc_precision_at_20_diff1": NaN,
                "nauc_precision_at_100_max": NaN,
                "nauc_precision_at_100_std": NaN,
                "nauc_precision_at_100_diff1": NaN,
                "nauc_precision_at_1000_max": 1.0,
                "nauc_precision_at_1000_std": 1.0,
                "nauc_precision_at_1000_diff1": 1.0,
                "nauc_mrr_at_1_max": 0.414018,
                "nauc_mrr_at_1_std": 0.458825,
                "nauc_mrr_at_1_diff1": 0.846881,
                "nauc_mrr_at_3_max": 0.463542,
                "nauc_mrr_at_3_std": 0.515073,
                "nauc_mrr_at_3_diff1": 0.848294,
                "nauc_mrr_at_5_max": 0.444726,
                "nauc_mrr_at_5_std": 0.496416,
                "nauc_mrr_at_5_diff1": 0.850253,
                "nauc_mrr_at_10_max": 0.444726,
                "nauc_mrr_at_10_std": 0.496416,
                "nauc_mrr_at_10_diff1": 0.850253,
                "nauc_mrr_at_20_max": 0.444726,
                "nauc_mrr_at_20_std": 0.496416,
                "nauc_mrr_at_20_diff1": 0.850253,
                "nauc_mrr_at_100_max": 0.444726,
                "nauc_mrr_at_100_std": 0.496416,
                "nauc_mrr_at_100_diff1": 0.850253,
                "nauc_mrr_at_1000_max": 0.444726,
                "nauc_mrr_at_1000_std": 0.496416,
                "nauc_mrr_at_1000_diff1": 0.850253,
                "cv_recall_at_1": 0.89024,
                "cv_recall_at_3": 0.98916,
                "cv_recall_at_5": 1.0,
                "cv_recall_at_10": 1.0,
                "cv_recall_at_20": 1.0,
                "cv_recall_at_100": 1.0,
                "cv_recall_at_1000": 1.0,
                "main_score": 0.93927,
                "hf_subset": "default",
                "languages": [
                    "slk-Latn"
                ]
            }
        ]
    },
    "evaluation_time": 4.8131186962127686,
    "kg_co2_emissions": null
}
