{
    "dataset_revision": "85d6b32f2762313714618171b9d1a65eb7408835",
    "task_name": "SlovakSumRetrieval",
    "mteb_version": "1.39.7",
    "scores": {
        "test": [
            {
                "ndcg_at_1": 0.82167,
                "ndcg_at_3": 0.86698,
                "ndcg_at_5": 0.87746,
                "ndcg_at_10": 0.88306,
                "ndcg_at_20": 0.89046,
                "ndcg_at_100": 0.89409,
                "ndcg_at_1000": 0.89586,
                "map_at_1": 0.82167,
                "map_at_3": 0.85611,
                "map_at_5": 0.86203,
                "map_at_10": 0.86446,
                "map_at_20": 0.86662,
                "map_at_100": 0.86722,
                "map_at_1000": 0.8673,
                "recall_at_1": 0.82167,
                "recall_at_3": 0.89833,
                "recall_at_5": 0.92333,
                "recall_at_10": 0.94,
                "recall_at_20": 0.96833,
                "recall_at_100": 0.98667,
                "recall_at_1000": 1.0,
                "accuracy": 0.82167,
                "precision_at_1": 0.82167,
                "precision_at_3": 0.29944,
                "precision_at_5": 0.18467,
                "precision_at_10": 0.094,
                "precision_at_20": 0.04842,
                "precision_at_100": 0.00987,
                "precision_at_1000": 0.001,
                "mrr_at_1": 0.821667,
                "mrr_at_3": 0.856111,
                "mrr_at_5": 0.862028,
                "mrr_at_10": 0.864464,
                "mrr_at_20": 0.866622,
                "mrr_at_100": 0.867219,
                "mrr_at_1000": 0.867295,
                "nauc_ndcg_at_1_max": 0.823694,
                "nauc_ndcg_at_1_std": 0.046766,
                "nauc_ndcg_at_1_diff1": 0.913555,
                "nauc_ndcg_at_3_max": 0.84703,
                "nauc_ndcg_at_3_std": 0.119208,
                "nauc_ndcg_at_3_diff1": 0.894214,
                "nauc_ndcg_at_5_max": 0.84987,
                "nauc_ndcg_at_5_std": 0.120383,
                "nauc_ndcg_at_5_diff1": 0.900211,
                "nauc_ndcg_at_10_max": 0.852931,
                "nauc_ndcg_at_10_std": 0.127735,
                "nauc_ndcg_at_10_diff1": 0.903228,
                "nauc_ndcg_at_20_max": 0.851387,
                "nauc_ndcg_at_20_std": 0.136118,
                "nauc_ndcg_at_20_diff1": 0.90479,
                "nauc_ndcg_at_100_max": 0.848116,
                "nauc_ndcg_at_100_std": 0.120416,
                "nauc_ndcg_at_100_diff1": 0.904409,
                "nauc_ndcg_at_1000_max": 0.846626,
                "nauc_ndcg_at_1000_std": 0.114098,
                "nauc_ndcg_at_1000_diff1": 0.904164,
                "nauc_map_at_1_max": 0.823694,
                "nauc_map_at_1_std": 0.046766,
                "nauc_map_at_1_diff1": 0.913555,
                "nauc_map_at_3_max": 0.841647,
                "nauc_map_at_3_std": 0.100213,
                "nauc_map_at_3_diff1": 0.899786,
                "nauc_map_at_5_max": 0.843032,
                "nauc_map_at_5_std": 0.100272,
                "nauc_map_at_5_diff1": 0.903191,
                "nauc_map_at_10_max": 0.844284,
                "nauc_map_at_10_std": 0.103633,
                "nauc_map_at_10_diff1": 0.904463,
                "nauc_map_at_20_max": 0.843761,
                "nauc_map_at_20_std": 0.105119,
                "nauc_map_at_20_diff1": 0.904815,
                "nauc_map_at_100_max": 0.843235,
                "nauc_map_at_100_std": 0.102614,
                "nauc_map_at_100_diff1": 0.904747,
                "nauc_map_at_1000_max": 0.843182,
                "nauc_map_at_1000_std": 0.102383,
                "nauc_map_at_1000_diff1": 0.904739,
                "nauc_recall_at_1_max": 0.823694,
                "nauc_recall_at_1_std": 0.046766,
                "nauc_recall_at_1_diff1": 0.913555,
                "nauc_recall_at_3_max": 0.867359,
                "nauc_recall_at_3_std": 0.19258,
                "nauc_recall_at_3_diff1": 0.872375,
                "nauc_recall_at_5_max": 0.883043,
                "nauc_recall_at_5_std": 0.218437,
                "nauc_recall_at_5_diff1": 0.886484,
                "nauc_recall_at_10_max": 0.906824,
                "nauc_recall_at_10_std": 0.27582,
                "nauc_recall_at_10_diff1": 0.898654,
                "nauc_recall_at_20_max": 0.935501,
                "nauc_recall_at_20_std": 0.518158,
                "nauc_recall_at_20_diff1": 0.915721,
                "nauc_recall_at_100_max": 0.932598,
                "nauc_recall_at_100_std": 0.474965,
                "nauc_recall_at_100_diff1": 0.918301,
                "nauc_recall_at_1000_max": NaN,
                "nauc_recall_at_1000_std": NaN,
                "nauc_recall_at_1000_diff1": NaN,
                "nauc_precision_at_1_max": 0.823694,
                "nauc_precision_at_1_std": 0.046766,
                "nauc_precision_at_1_diff1": 0.913555,
                "nauc_precision_at_3_max": 0.867359,
                "nauc_precision_at_3_std": 0.19258,
                "nauc_precision_at_3_diff1": 0.872375,
                "nauc_precision_at_5_max": 0.883043,
                "nauc_precision_at_5_std": 0.218437,
                "nauc_precision_at_5_diff1": 0.886484,
                "nauc_precision_at_10_max": 0.906824,
                "nauc_precision_at_10_std": 0.27582,
                "nauc_precision_at_10_diff1": 0.898654,
                "nauc_precision_at_20_max": 0.935501,
                "nauc_precision_at_20_std": 0.518158,
                "nauc_precision_at_20_diff1": 0.915721,
                "nauc_precision_at_100_max": 0.932598,
                "nauc_precision_at_100_std": 0.474965,
                "nauc_precision_at_100_diff1": 0.918301,
                "nauc_precision_at_1000_max": 1.0,
                "nauc_precision_at_1000_std": 1.0,
                "nauc_precision_at_1000_diff1": 1.0,
                "nauc_mrr_at_1_max": 0.823694,
                "nauc_mrr_at_1_std": 0.046766,
                "nauc_mrr_at_1_diff1": 0.913555,
                "nauc_mrr_at_3_max": 0.841647,
                "nauc_mrr_at_3_std": 0.100213,
                "nauc_mrr_at_3_diff1": 0.899786,
                "nauc_mrr_at_5_max": 0.843032,
                "nauc_mrr_at_5_std": 0.100272,
                "nauc_mrr_at_5_diff1": 0.903191,
                "nauc_mrr_at_10_max": 0.844284,
                "nauc_mrr_at_10_std": 0.103633,
                "nauc_mrr_at_10_diff1": 0.904463,
                "nauc_mrr_at_20_max": 0.843761,
                "nauc_mrr_at_20_std": 0.105119,
                "nauc_mrr_at_20_diff1": 0.904815,
                "nauc_mrr_at_100_max": 0.843235,
                "nauc_mrr_at_100_std": 0.102614,
                "nauc_mrr_at_100_diff1": 0.904747,
                "nauc_mrr_at_1000_max": 0.843182,
                "nauc_mrr_at_1000_std": 0.102383,
                "nauc_mrr_at_1000_diff1": 0.904739,
                "cv_recall_at_1": 0.82167,
                "cv_recall_at_3": 0.89833,
                "cv_recall_at_5": 0.92333,
                "cv_recall_at_10": 0.94,
                "cv_recall_at_20": 0.96833,
                "cv_recall_at_100": 0.98667,
                "cv_recall_at_1000": 1.0,
                "main_score": 0.88306,
                "hf_subset": "default",
                "languages": [
                    "slk-Latn"
                ]
            }
        ]
    },
    "evaluation_time": 1.884732723236084,
    "kg_co2_emissions": null
}
