{
    "dataset_revision": "962818770efbb0395130a3abb04dcae3b4ef7c30",
    "task_name": "SlovakPharmacyMojaLekarenReranking",
    "mteb_version": "1.39.7",
    "scores": {
        "test": [
            {
                "ndcg_at_1": 0.88889,
                "ndcg_at_3": 0.9502,
                "ndcg_at_5": 0.95457,
                "ndcg_at_10": 0.95457,
                "ndcg_at_20": 0.95457,
                "ndcg_at_100": 0.95457,
                "ndcg_at_1000": 0.95457,
                "map_at_1": 0.88889,
                "map_at_3": 0.93654,
                "map_at_5": 0.93891,
                "map_at_10": 0.93891,
                "map_at_20": 0.93891,
                "map_at_100": 0.93891,
                "map_at_1000": 0.93891,
                "recall_at_1": 0.88889,
                "recall_at_3": 0.98916,
                "recall_at_5": 1.0,
                "recall_at_10": 1.0,
                "recall_at_20": 1.0,
                "recall_at_100": 1.0,
                "recall_at_1000": 1.0,
                "accuracy": 0.88889,
                "precision_at_1": 0.88889,
                "precision_at_3": 0.32972,
                "precision_at_5": 0.2,
                "precision_at_10": 0.1,
                "precision_at_20": 0.05,
                "precision_at_100": 0.01,
                "precision_at_1000": 0.001,
                "mrr_at_1": 0.888889,
                "mrr_at_3": 0.93654,
                "mrr_at_5": 0.938911,
                "mrr_at_10": 0.938911,
                "mrr_at_20": 0.938911,
                "mrr_at_100": 0.938911,
                "mrr_at_1000": 0.938911,
                "nauc_ndcg_at_1_max": 0.359633,
                "nauc_ndcg_at_1_std": 0.427499,
                "nauc_ndcg_at_1_diff1": 0.851479,
                "nauc_ndcg_at_3_max": 0.437324,
                "nauc_ndcg_at_3_std": 0.511165,
                "nauc_ndcg_at_3_diff1": 0.849666,
                "nauc_ndcg_at_5_max": 0.390927,
                "nauc_ndcg_at_5_std": 0.467185,
                "nauc_ndcg_at_5_diff1": 0.851802,
                "nauc_ndcg_at_10_max": 0.390927,
                "nauc_ndcg_at_10_std": 0.467185,
                "nauc_ndcg_at_10_diff1": 0.851802,
                "nauc_ndcg_at_20_max": 0.390927,
                "nauc_ndcg_at_20_std": 0.467185,
                "nauc_ndcg_at_20_diff1": 0.851802,
                "nauc_ndcg_at_100_max": 0.390927,
                "nauc_ndcg_at_100_std": 0.467185,
                "nauc_ndcg_at_100_diff1": 0.851802,
                "nauc_ndcg_at_1000_max": 0.390927,
                "nauc_ndcg_at_1000_std": 0.467185,
                "nauc_ndcg_at_1000_diff1": 0.851802,
                "nauc_map_at_1_max": 0.359633,
                "nauc_map_at_1_std": 0.427499,
                "nauc_map_at_1_diff1": 0.851479,
                "nauc_map_at_3_max": 0.408253,
                "nauc_map_at_3_std": 0.482969,
                "nauc_map_at_3_diff1": 0.850721,
                "nauc_map_at_5_max": 0.388407,
                "nauc_map_at_5_std": 0.464223,
                "nauc_map_at_5_diff1": 0.851781,
                "nauc_map_at_10_max": 0.388407,
                "nauc_map_at_10_std": 0.464223,
                "nauc_map_at_10_diff1": 0.851781,
                "nauc_map_at_20_max": 0.388407,
                "nauc_map_at_20_std": 0.464223,
                "nauc_map_at_20_diff1": 0.851781,
                "nauc_map_at_100_max": 0.388407,
                "nauc_map_at_100_std": 0.464223,
                "nauc_map_at_100_diff1": 0.851781,
                "nauc_map_at_1000_max": 0.388407,
                "nauc_map_at_1000_std": 0.464223,
                "nauc_map_at_1000_diff1": 0.851781,
                "nauc_recall_at_1_max": 0.359633,
                "nauc_recall_at_1_std": 0.427499,
                "nauc_recall_at_1_diff1": 0.851479,
                "nauc_recall_at_3_max": 0.914176,
                "nauc_recall_at_3_std": 0.96526,
                "nauc_recall_at_3_diff1": 0.831348,
                "nauc_recall_at_5_max": NaN,
                "nauc_recall_at_5_std": NaN,
                "nauc_recall_at_5_diff1": NaN,
                "nauc_recall_at_10_max": NaN,
                "nauc_recall_at_10_std": NaN,
                "nauc_recall_at_10_diff1": NaN,
                "nauc_recall_at_20_max": NaN,
                "nauc_recall_at_20_std": NaN,
                "nauc_recall_at_20_diff1": NaN,
                "nauc_recall_at_100_max": NaN,
                "nauc_recall_at_100_std": NaN,
                "nauc_recall_at_100_diff1": NaN,
                "nauc_recall_at_1000_max": NaN,
                "nauc_recall_at_1000_std": NaN,
                "nauc_recall_at_1000_diff1": NaN,
                "nauc_precision_at_1_max": 0.359633,
                "nauc_precision_at_1_std": 0.427499,
                "nauc_precision_at_1_diff1": 0.851479,
                "nauc_precision_at_3_max": 0.914176,
                "nauc_precision_at_3_std": 0.96526,
                "nauc_precision_at_3_diff1": 0.831348,
                "nauc_precision_at_5_max": NaN,
                "nauc_precision_at_5_std": NaN,
                "nauc_precision_at_5_diff1": NaN,
                "nauc_precision_at_10_max": NaN,
                "nauc_precision_at_10_std": NaN,
                "nauc_precision_at_10_diff1": NaN,
                "nauc_precision_at_20_max": NaN,
                "nauc_precision_at_20_std": NaN,
                "nauc_precision_at_20_diff1": NaN,
                "nauc_precision_at_100_max": NaN,
                "nauc_precision_at_100_std": NaN,
                "nauc_precision_at_100_diff1": NaN,
                "nauc_precision_at_1000_max": 1.0,
                "nauc_precision_at_1000_std": 1.0,
                "nauc_precision_at_1000_diff1": 1.0,
                "nauc_mrr_at_1_max": 0.359633,
                "nauc_mrr_at_1_std": 0.427499,
                "nauc_mrr_at_1_diff1": 0.851479,
                "nauc_mrr_at_3_max": 0.408253,
                "nauc_mrr_at_3_std": 0.482969,
                "nauc_mrr_at_3_diff1": 0.850721,
                "nauc_mrr_at_5_max": 0.388407,
                "nauc_mrr_at_5_std": 0.464223,
                "nauc_mrr_at_5_diff1": 0.851781,
                "nauc_mrr_at_10_max": 0.388407,
                "nauc_mrr_at_10_std": 0.464223,
                "nauc_mrr_at_10_diff1": 0.851781,
                "nauc_mrr_at_20_max": 0.388407,
                "nauc_mrr_at_20_std": 0.464223,
                "nauc_mrr_at_20_diff1": 0.851781,
                "nauc_mrr_at_100_max": 0.388407,
                "nauc_mrr_at_100_std": 0.464223,
                "nauc_mrr_at_100_diff1": 0.851781,
                "nauc_mrr_at_1000_max": 0.388407,
                "nauc_mrr_at_1000_std": 0.464223,
                "nauc_mrr_at_1000_diff1": 0.851781,
                "cv_recall_at_1": 0.88889,
                "cv_recall_at_3": 0.98916,
                "cv_recall_at_5": 1.0,
                "cv_recall_at_10": 1.0,
                "cv_recall_at_20": 1.0,
                "cv_recall_at_100": 1.0,
                "cv_recall_at_1000": 1.0,
                "main_score": 0.93891,
                "hf_subset": "default",
                "languages": [
                    "slk-Latn"
                ]
            }
        ]
    },
    "evaluation_time": 4.023737668991089,
    "kg_co2_emissions": null
}
