{
    "dataset_revision": "85d6b32f2762313714618171b9d1a65eb7408835",
    "task_name": "SlovakSumRetrieval",
    "mteb_version": "1.39.7",
    "scores": {
        "test": [
            {
                "ndcg_at_1": 0.81333,
                "ndcg_at_3": 0.86282,
                "ndcg_at_5": 0.86985,
                "ndcg_at_10": 0.87891,
                "ndcg_at_20": 0.88571,
                "ndcg_at_100": 0.88937,
                "ndcg_at_1000": 0.89066,
                "map_at_1": 0.81333,
                "map_at_3": 0.85056,
                "map_at_5": 0.85456,
                "map_at_10": 0.85824,
                "map_at_20": 0.86014,
                "map_at_100": 0.86063,
                "map_at_1000": 0.86068,
                "recall_at_1": 0.81333,
                "recall_at_3": 0.89833,
                "recall_at_5": 0.915,
                "recall_at_10": 0.94333,
                "recall_at_20": 0.97,
                "recall_at_100": 0.99,
                "recall_at_1000": 1.0,
                "accuracy": 0.81333,
                "precision_at_1": 0.81333,
                "precision_at_3": 0.29944,
                "precision_at_5": 0.183,
                "precision_at_10": 0.09433,
                "precision_at_20": 0.0485,
                "precision_at_100": 0.0099,
                "precision_at_1000": 0.001,
                "mrr_at_1": 0.813333,
                "mrr_at_3": 0.850556,
                "mrr_at_5": 0.854556,
                "mrr_at_10": 0.858244,
                "mrr_at_20": 0.860139,
                "mrr_at_100": 0.86063,
                "mrr_at_1000": 0.860679,
                "nauc_ndcg_at_1_max": 0.821553,
                "nauc_ndcg_at_1_std": 0.032035,
                "nauc_ndcg_at_1_diff1": 0.920921,
                "nauc_ndcg_at_3_max": 0.840261,
                "nauc_ndcg_at_3_std": 0.109754,
                "nauc_ndcg_at_3_diff1": 0.90236,
                "nauc_ndcg_at_5_max": 0.84902,
                "nauc_ndcg_at_5_std": 0.12424,
                "nauc_ndcg_at_5_diff1": 0.910154,
                "nauc_ndcg_at_10_max": 0.850224,
                "nauc_ndcg_at_10_std": 0.122049,
                "nauc_ndcg_at_10_diff1": 0.912645,
                "nauc_ndcg_at_20_max": 0.848073,
                "nauc_ndcg_at_20_std": 0.126476,
                "nauc_ndcg_at_20_diff1": 0.911929,
                "nauc_ndcg_at_100_max": 0.844806,
                "nauc_ndcg_at_100_std": 0.109524,
                "nauc_ndcg_at_100_diff1": 0.912332,
                "nauc_ndcg_at_1000_max": 0.844019,
                "nauc_ndcg_at_1000_std": 0.107933,
                "nauc_ndcg_at_1000_diff1": 0.912346,
                "nauc_map_at_1_max": 0.821553,
                "nauc_map_at_1_std": 0.032035,
                "nauc_map_at_1_diff1": 0.920921,
                "nauc_map_at_3_max": 0.836569,
                "nauc_map_at_3_std": 0.089184,
                "nauc_map_at_3_diff1": 0.907996,
                "nauc_map_at_5_max": 0.840873,
                "nauc_map_at_5_std": 0.095989,
                "nauc_map_at_5_diff1": 0.911973,
                "nauc_map_at_10_max": 0.841581,
                "nauc_map_at_10_std": 0.096212,
                "nauc_map_at_10_diff1": 0.913142,
                "nauc_map_at_20_max": 0.840923,
                "nauc_map_at_20_std": 0.096643,
                "nauc_map_at_20_diff1": 0.91293,
                "nauc_map_at_100_max": 0.840546,
                "nauc_map_at_100_std": 0.094981,
                "nauc_map_at_100_diff1": 0.912983,
                "nauc_map_at_1000_max": 0.840523,
                "nauc_map_at_1000_std": 0.094949,
                "nauc_map_at_1000_diff1": 0.912986,
                "nauc_recall_at_1_max": 0.821553,
                "nauc_recall_at_1_std": 0.032035,
                "nauc_recall_at_1_diff1": 0.920921,
                "nauc_recall_at_3_max": 0.854205,
                "nauc_recall_at_3_std": 0.192013,
                "nauc_recall_at_3_diff1": 0.879355,
                "nauc_recall_at_5_max": 0.888102,
                "nauc_recall_at_5_std": 0.258866,
                "nauc_recall_at_5_diff1": 0.90338,
                "nauc_recall_at_10_max": 0.909032,
                "nauc_recall_at_10_std": 0.290342,
                "nauc_recall_at_10_diff1": 0.912877,
                "nauc_recall_at_20_max": 0.931917,
                "nauc_recall_at_20_std": 0.510608,
                "nauc_recall_at_20_diff1": 0.904684,
                "nauc_recall_at_100_max": 0.910131,
                "nauc_recall_at_100_std": 0.250934,
                "nauc_recall_at_100_diff1": 0.912854,
                "nauc_recall_at_1000_max": NaN,
                "nauc_recall_at_1000_std": NaN,
                "nauc_recall_at_1000_diff1": NaN,
                "nauc_precision_at_1_max": 0.821553,
                "nauc_precision_at_1_std": 0.032035,
                "nauc_precision_at_1_diff1": 0.920921,
                "nauc_precision_at_3_max": 0.854205,
                "nauc_precision_at_3_std": 0.192013,
                "nauc_precision_at_3_diff1": 0.879355,
                "nauc_precision_at_5_max": 0.888102,
                "nauc_precision_at_5_std": 0.258866,
                "nauc_precision_at_5_diff1": 0.90338,
                "nauc_precision_at_10_max": 0.909032,
                "nauc_precision_at_10_std": 0.290342,
                "nauc_precision_at_10_diff1": 0.912877,
                "nauc_precision_at_20_max": 0.931917,
                "nauc_precision_at_20_std": 0.510608,
                "nauc_precision_at_20_diff1": 0.904684,
                "nauc_precision_at_100_max": 0.910131,
                "nauc_precision_at_100_std": 0.250934,
                "nauc_precision_at_100_diff1": 0.912854,
                "nauc_precision_at_1000_max": 1.0,
                "nauc_precision_at_1000_std": 1.0,
                "nauc_precision_at_1000_diff1": 1.0,
                "nauc_mrr_at_1_max": 0.821553,
                "nauc_mrr_at_1_std": 0.032035,
                "nauc_mrr_at_1_diff1": 0.920921,
                "nauc_mrr_at_3_max": 0.836569,
                "nauc_mrr_at_3_std": 0.089184,
                "nauc_mrr_at_3_diff1": 0.907996,
                "nauc_mrr_at_5_max": 0.840873,
                "nauc_mrr_at_5_std": 0.095989,
                "nauc_mrr_at_5_diff1": 0.911973,
                "nauc_mrr_at_10_max": 0.841581,
                "nauc_mrr_at_10_std": 0.096212,
                "nauc_mrr_at_10_diff1": 0.913142,
                "nauc_mrr_at_20_max": 0.840923,
                "nauc_mrr_at_20_std": 0.096643,
                "nauc_mrr_at_20_diff1": 0.91293,
                "nauc_mrr_at_100_max": 0.840546,
                "nauc_mrr_at_100_std": 0.094981,
                "nauc_mrr_at_100_diff1": 0.912983,
                "nauc_mrr_at_1000_max": 0.840523,
                "nauc_mrr_at_1000_std": 0.094949,
                "nauc_mrr_at_1000_diff1": 0.912986,
                "cv_recall_at_1": 0.81333,
                "cv_recall_at_3": 0.89833,
                "cv_recall_at_5": 0.915,
                "cv_recall_at_10": 0.94333,
                "cv_recall_at_20": 0.97,
                "cv_recall_at_100": 0.99,
                "cv_recall_at_1000": 1.0,
                "main_score": 0.87891,
                "hf_subset": "default",
                "languages": [
                    "slk-Latn"
                ]
            }
        ]
    },
    "evaluation_time": 1.772346019744873,
    "kg_co2_emissions": null
}
