{
    "dataset_revision": "79914f425b59d8b9fabb6d38c37f6d81f9723f46",
    "task_name": "SlovakNLI",
    "mteb_version": "1.39.7",
    "scores": {
        "test": [
            {
                "similarity_accuracy": 0.641361,
                "similarity_f1": 0.72211,
                "similarity_precision": 0.615917,
                "similarity_recall": 0.872549,
                "similarity_ap": 0.666683,
                "cosine_accuracy": 0.641361,
                "cosine_f1": 0.72211,
                "cosine_precision": 0.615917,
                "cosine_recall": 0.872549,
                "cosine_ap": 0.666683,
                "manhattan_accuracy": 0.625654,
                "manhattan_f1": 0.715385,
                "manhattan_precision": 0.588608,
                "manhattan_recall": 0.911765,
                "manhattan_ap": 0.663304,
                "euclidean_accuracy": 0.628272,
                "euclidean_f1": 0.71345,
                "euclidean_precision": 0.592233,
                "euclidean_recall": 0.897059,
                "euclidean_ap": 0.664378,
                "dot_accuracy": 0.643979,
                "dot_f1": 0.720472,
                "dot_precision": 0.601974,
                "dot_recall": 0.897059,
                "dot_ap": 0.657884,
                "max_accuracy": 0.643979,
                "max_f1": 0.72211,
                "max_precision": 0.615917,
                "max_recall": 0.911765,
                "max_ap": 0.666683,
                "main_score": 0.666683,
                "hf_subset": "default",
                "languages": [
                    "slk-Latn"
                ]
            }
        ]
    },
    "evaluation_time": 0.17505788803100586,
    "kg_co2_emissions": null
}
