{
    "dataset_revision": "2e428d17ae4178dae14f6643785647fc9f30edaa",
    "task_name": "SlovakRTE",
    "mteb_version": "1.39.7",
    "scores": {
        "test": [
            {
                "similarity_accuracy": 0.51506,
                "similarity_f1": 0.65205,
                "similarity_precision": 0.484027,
                "similarity_recall": 0.998756,
                "similarity_ap": 0.389039,
                "cosine_accuracy": 0.51506,
                "cosine_f1": 0.65205,
                "cosine_precision": 0.484027,
                "cosine_recall": 0.998756,
                "cosine_ap": 0.38904,
                "manhattan_accuracy": 0.51506,
                "manhattan_f1": 0.65205,
                "manhattan_precision": 0.484027,
                "manhattan_recall": 0.998756,
                "manhattan_ap": 0.391094,
                "euclidean_accuracy": 0.51506,
                "euclidean_f1": 0.65205,
                "euclidean_precision": 0.484027,
                "euclidean_recall": 0.998756,
                "euclidean_ap": 0.390551,
                "dot_accuracy": 0.516265,
                "dot_f1": 0.65205,
                "dot_precision": 0.484027,
                "dot_recall": 0.998756,
                "dot_ap": 0.392984,
                "max_accuracy": 0.516265,
                "max_f1": 0.65205,
                "max_precision": 0.484027,
                "max_recall": 0.998756,
                "max_ap": 0.392984,
                "main_score": 0.392984,
                "hf_subset": "default",
                "languages": [
                    "slk-Latn"
                ]
            }
        ]
    },
    "evaluation_time": 1.3548319339752197,
    "kg_co2_emissions": null
}
