{
    "dataset_revision": "c5a6521a4ddce3450fb04ba218623681a9189c6d",
    "task_name": "SMESumRetrieval",
    "mteb_version": "1.39.7",
    "scores": {
        "test": [
            {
                "ndcg_at_1": 0.69667,
                "ndcg_at_3": 0.76188,
                "ndcg_at_5": 0.77881,
                "ndcg_at_10": 0.79081,
                "ndcg_at_20": 0.80086,
                "ndcg_at_100": 0.8117,
                "ndcg_at_1000": 0.814,
                "map_at_1": 0.69667,
                "map_at_3": 0.74583,
                "map_at_5": 0.75508,
                "map_at_10": 0.76013,
                "map_at_20": 0.76285,
                "map_at_100": 0.76448,
                "map_at_1000": 0.76459,
                "recall_at_1": 0.69667,
                "recall_at_3": 0.80833,
                "recall_at_5": 0.85,
                "recall_at_10": 0.88667,
                "recall_at_20": 0.92667,
                "recall_at_100": 0.98333,
                "recall_at_1000": 1.0,
                "accuracy": 0.69667,
                "precision_at_1": 0.69667,
                "precision_at_3": 0.26944,
                "precision_at_5": 0.17,
                "precision_at_10": 0.08867,
                "precision_at_20": 0.04633,
                "precision_at_100": 0.00983,
                "precision_at_1000": 0.001,
                "mrr_at_1": 0.696667,
                "mrr_at_3": 0.745833,
                "mrr_at_5": 0.755083,
                "mrr_at_10": 0.760126,
                "mrr_at_20": 0.762853,
                "mrr_at_100": 0.764478,
                "mrr_at_1000": 0.764592,
                "nauc_ndcg_at_1_max": 0.731512,
                "nauc_ndcg_at_1_std": 0.10126,
                "nauc_ndcg_at_1_diff1": 0.835804,
                "nauc_ndcg_at_3_max": 0.722906,
                "nauc_ndcg_at_3_std": 0.080935,
                "nauc_ndcg_at_3_diff1": 0.810904,
                "nauc_ndcg_at_5_max": 0.734908,
                "nauc_ndcg_at_5_std": 0.09521,
                "nauc_ndcg_at_5_diff1": 0.813527,
                "nauc_ndcg_at_10_max": 0.73856,
                "nauc_ndcg_at_10_std": 0.112461,
                "nauc_ndcg_at_10_diff1": 0.812245,
                "nauc_ndcg_at_20_max": 0.745301,
                "nauc_ndcg_at_20_std": 0.128433,
                "nauc_ndcg_at_20_diff1": 0.815944,
                "nauc_ndcg_at_100_max": 0.740809,
                "nauc_ndcg_at_100_std": 0.119103,
                "nauc_ndcg_at_100_diff1": 0.816093,
                "nauc_ndcg_at_1000_max": 0.738607,
                "nauc_ndcg_at_1000_std": 0.113793,
                "nauc_ndcg_at_1000_diff1": 0.81686,
                "nauc_map_at_1_max": 0.731512,
                "nauc_map_at_1_std": 0.10126,
                "nauc_map_at_1_diff1": 0.835804,
                "nauc_map_at_3_max": 0.727901,
                "nauc_map_at_3_std": 0.090482,
                "nauc_map_at_3_diff1": 0.817901,
                "nauc_map_at_5_max": 0.734458,
                "nauc_map_at_5_std": 0.098836,
                "nauc_map_at_5_diff1": 0.819304,
                "nauc_map_at_10_max": 0.736209,
                "nauc_map_at_10_std": 0.106106,
                "nauc_map_at_10_diff1": 0.818922,
                "nauc_map_at_20_max": 0.737366,
                "nauc_map_at_20_std": 0.109774,
                "nauc_map_at_20_diff1": 0.819629,
                "nauc_map_at_100_max": 0.736781,
                "nauc_map_at_100_std": 0.108673,
                "nauc_map_at_100_diff1": 0.819591,
                "nauc_map_at_1000_max": 0.736692,
                "nauc_map_at_1000_std": 0.108459,
                "nauc_map_at_1000_diff1": 0.819617,
                "nauc_recall_at_1_max": 0.731512,
                "nauc_recall_at_1_std": 0.10126,
                "nauc_recall_at_1_diff1": 0.835804,
                "nauc_recall_at_3_max": 0.703486,
                "nauc_recall_at_3_std": 0.044373,
                "nauc_recall_at_3_diff1": 0.785554,
                "nauc_recall_at_5_max": 0.737255,
                "nauc_recall_at_5_std": 0.078495,
                "nauc_recall_at_5_diff1": 0.789169,
                "nauc_recall_at_10_max": 0.752719,
                "nauc_recall_at_10_std": 0.154948,
                "nauc_recall_at_10_diff1": 0.775799,
                "nauc_recall_at_20_max": 0.834076,
                "nauc_recall_at_20_std": 0.332018,
                "nauc_recall_at_20_diff1": 0.797768,
                "nauc_recall_at_100_max": 0.89986,
                "nauc_recall_at_100_std": 0.502661,
                "nauc_recall_at_100_diff1": 0.758403,
                "nauc_recall_at_1000_max": NaN,
                "nauc_recall_at_1000_std": NaN,
                "nauc_recall_at_1000_diff1": NaN,
                "nauc_precision_at_1_max": 0.731512,
                "nauc_precision_at_1_std": 0.10126,
                "nauc_precision_at_1_diff1": 0.835804,
                "nauc_precision_at_3_max": 0.703486,
                "nauc_precision_at_3_std": 0.044373,
                "nauc_precision_at_3_diff1": 0.785554,
                "nauc_precision_at_5_max": 0.737255,
                "nauc_precision_at_5_std": 0.078495,
                "nauc_precision_at_5_diff1": 0.789169,
                "nauc_precision_at_10_max": 0.752719,
                "nauc_precision_at_10_std": 0.154948,
                "nauc_precision_at_10_diff1": 0.775799,
                "nauc_precision_at_20_max": 0.834076,
                "nauc_precision_at_20_std": 0.332018,
                "nauc_precision_at_20_diff1": 0.797768,
                "nauc_precision_at_100_max": 0.89986,
                "nauc_precision_at_100_std": 0.502661,
                "nauc_precision_at_100_diff1": 0.758403,
                "nauc_precision_at_1000_max": 1.0,
                "nauc_precision_at_1000_std": 1.0,
                "nauc_precision_at_1000_diff1": 1.0,
                "nauc_mrr_at_1_max": 0.731512,
                "nauc_mrr_at_1_std": 0.10126,
                "nauc_mrr_at_1_diff1": 0.835804,
                "nauc_mrr_at_3_max": 0.727901,
                "nauc_mrr_at_3_std": 0.090482,
                "nauc_mrr_at_3_diff1": 0.817901,
                "nauc_mrr_at_5_max": 0.734458,
                "nauc_mrr_at_5_std": 0.098836,
                "nauc_mrr_at_5_diff1": 0.819304,
                "nauc_mrr_at_10_max": 0.736209,
                "nauc_mrr_at_10_std": 0.106106,
                "nauc_mrr_at_10_diff1": 0.818922,
                "nauc_mrr_at_20_max": 0.737366,
                "nauc_mrr_at_20_std": 0.109774,
                "nauc_mrr_at_20_diff1": 0.819629,
                "nauc_mrr_at_100_max": 0.736781,
                "nauc_mrr_at_100_std": 0.108673,
                "nauc_mrr_at_100_diff1": 0.819591,
                "nauc_mrr_at_1000_max": 0.736692,
                "nauc_mrr_at_1000_std": 0.108459,
                "nauc_mrr_at_1000_diff1": 0.819617,
                "cv_recall_at_1": 0.69667,
                "cv_recall_at_3": 0.80833,
                "cv_recall_at_5": 0.85,
                "cv_recall_at_10": 0.88667,
                "cv_recall_at_20": 0.92667,
                "cv_recall_at_100": 0.98333,
                "cv_recall_at_1000": 1.0,
                "main_score": 0.79081,
                "hf_subset": "default",
                "languages": [
                    "slk-Latn"
                ]
            }
        ]
    },
    "evaluation_time": 1.6949448585510254,
    "kg_co2_emissions": null
}
