{
    "dataset_revision": "f64f483ad0f31d2e78209d524c14a4a867965959",
    "task_name": "WebFAQRetrieval",
    "mteb_version": "1.39.7",
    "scores": {
        "test": [
            {
                "ndcg_at_1": 0.64954,
                "ndcg_at_3": 0.73324,
                "ndcg_at_5": 0.75302,
                "ndcg_at_10": 0.76671,
                "ndcg_at_20": 0.77497,
                "ndcg_at_100": 0.78514,
                "ndcg_at_1000": 0.78876,
                "map_at_1": 0.64954,
                "map_at_3": 0.7135,
                "map_at_5": 0.72451,
                "map_at_10": 0.73018,
                "map_at_20": 0.73249,
                "map_at_100": 0.73394,
                "map_at_1000": 0.73407,
                "recall_at_1": 0.64954,
                "recall_at_3": 0.79004,
                "recall_at_5": 0.83793,
                "recall_at_10": 0.88011,
                "recall_at_20": 0.91246,
                "recall_at_100": 0.9667,
                "recall_at_1000": 0.99556,
                "accuracy": 0.64954,
                "precision_at_1": 0.64954,
                "precision_at_3": 0.26335,
                "precision_at_5": 0.16759,
                "precision_at_10": 0.08801,
                "precision_at_20": 0.04562,
                "precision_at_100": 0.00967,
                "precision_at_1000": 0.001,
                "mrr_at_1": 0.648906,
                "mrr_at_3": 0.713659,
                "mrr_at_5": 0.724426,
                "mrr_at_10": 0.730189,
                "mrr_at_20": 0.732418,
                "mrr_at_100": 0.733894,
                "mrr_at_1000": 0.734021,
                "nauc_ndcg_at_1_max": 0.531388,
                "nauc_ndcg_at_1_std": -0.100494,
                "nauc_ndcg_at_1_diff1": 0.780357,
                "nauc_ndcg_at_3_max": 0.548272,
                "nauc_ndcg_at_3_std": -0.134738,
                "nauc_ndcg_at_3_diff1": 0.739321,
                "nauc_ndcg_at_5_max": 0.550995,
                "nauc_ndcg_at_5_std": -0.131517,
                "nauc_ndcg_at_5_diff1": 0.736858,
                "nauc_ndcg_at_10_max": 0.547847,
                "nauc_ndcg_at_10_std": -0.133759,
                "nauc_ndcg_at_10_diff1": 0.735837,
                "nauc_ndcg_at_20_max": 0.545409,
                "nauc_ndcg_at_20_std": -0.127365,
                "nauc_ndcg_at_20_diff1": 0.738013,
                "nauc_ndcg_at_100_max": 0.544622,
                "nauc_ndcg_at_100_std": -0.124857,
                "nauc_ndcg_at_100_diff1": 0.742397,
                "nauc_ndcg_at_1000_max": 0.544599,
                "nauc_ndcg_at_1000_std": -0.124773,
                "nauc_ndcg_at_1000_diff1": 0.744078,
                "nauc_map_at_1_max": 0.531388,
                "nauc_map_at_1_std": -0.100494,
                "nauc_map_at_1_diff1": 0.780357,
                "nauc_map_at_3_max": 0.543618,
                "nauc_map_at_3_std": -0.126467,
                "nauc_map_at_3_diff1": 0.750038,
                "nauc_map_at_5_max": 0.544724,
                "nauc_map_at_5_std": -0.124584,
                "nauc_map_at_5_diff1": 0.749141,
                "nauc_map_at_10_max": 0.543453,
                "nauc_map_at_10_std": -0.125471,
                "nauc_map_at_10_diff1": 0.749045,
                "nauc_map_at_20_max": 0.542758,
                "nauc_map_at_20_std": -0.123879,
                "nauc_map_at_20_diff1": 0.749614,
                "nauc_map_at_100_max": 0.542609,
                "nauc_map_at_100_std": -0.123489,
                "nauc_map_at_100_diff1": 0.750097,
                "nauc_map_at_1000_max": 0.542591,
                "nauc_map_at_1000_std": -0.123467,
                "nauc_map_at_1000_diff1": 0.750139,
                "nauc_recall_at_1_max": 0.531388,
                "nauc_recall_at_1_std": -0.100494,
                "nauc_recall_at_1_diff1": 0.780357,
                "nauc_recall_at_3_max": 0.565172,
                "nauc_recall_at_3_std": -0.164154,
                "nauc_recall_at_3_diff1": 0.700715,
                "nauc_recall_at_5_max": 0.57942,
                "nauc_recall_at_5_std": -0.16043,
                "nauc_recall_at_5_diff1": 0.6827,
                "nauc_recall_at_10_max": 0.571367,
                "nauc_recall_at_10_std": -0.17923,
                "nauc_recall_at_10_diff1": 0.660125,
                "nauc_recall_at_20_max": 0.559376,
                "nauc_recall_at_20_std": -0.138283,
                "nauc_recall_at_20_diff1": 0.654923,
                "nauc_recall_at_100_max": 0.562733,
                "nauc_recall_at_100_std": -0.087622,
                "nauc_recall_at_100_diff1": 0.659378,
                "nauc_recall_at_1000_max": 0.741096,
                "nauc_recall_at_1000_std": 0.149601,
                "nauc_recall_at_1000_diff1": 0.701996,
                "nauc_precision_at_1_max": 0.531388,
                "nauc_precision_at_1_std": -0.100494,
                "nauc_precision_at_1_diff1": 0.780357,
                "nauc_precision_at_3_max": 0.565172,
                "nauc_precision_at_3_std": -0.164154,
                "nauc_precision_at_3_diff1": 0.700715,
                "nauc_precision_at_5_max": 0.57942,
                "nauc_precision_at_5_std": -0.16043,
                "nauc_precision_at_5_diff1": 0.6827,
                "nauc_precision_at_10_max": 0.571367,
                "nauc_precision_at_10_std": -0.17923,
                "nauc_precision_at_10_diff1": 0.660125,
                "nauc_precision_at_20_max": 0.559376,
                "nauc_precision_at_20_std": -0.138283,
                "nauc_precision_at_20_diff1": 0.654923,
                "nauc_precision_at_100_max": 0.562733,
                "nauc_precision_at_100_std": -0.087622,
                "nauc_precision_at_100_diff1": 0.659378,
                "nauc_precision_at_1000_max": 0.741096,
                "nauc_precision_at_1000_std": 0.149601,
                "nauc_precision_at_1000_diff1": 0.701996,
                "nauc_mrr_at_1_max": 0.533811,
                "nauc_mrr_at_1_std": -0.097383,
                "nauc_mrr_at_1_diff1": 0.781609,
                "nauc_mrr_at_3_max": 0.545346,
                "nauc_mrr_at_3_std": -0.123896,
                "nauc_mrr_at_3_diff1": 0.749876,
                "nauc_mrr_at_5_max": 0.546603,
                "nauc_mrr_at_5_std": -0.121893,
                "nauc_mrr_at_5_diff1": 0.749472,
                "nauc_mrr_at_10_max": 0.545366,
                "nauc_mrr_at_10_std": -0.122133,
                "nauc_mrr_at_10_diff1": 0.749277,
                "nauc_mrr_at_20_max": 0.54476,
                "nauc_mrr_at_20_std": -0.120918,
                "nauc_mrr_at_20_diff1": 0.749951,
                "nauc_mrr_at_100_max": 0.544605,
                "nauc_mrr_at_100_std": -0.120349,
                "nauc_mrr_at_100_diff1": 0.75043,
                "nauc_mrr_at_1000_max": 0.544587,
                "nauc_mrr_at_1000_std": -0.120326,
                "nauc_mrr_at_1000_diff1": 0.750472,
                "cv_recall_at_1": 0.64891,
                "cv_recall_at_3": 0.79131,
                "cv_recall_at_5": 0.83825,
                "cv_recall_at_10": 0.88107,
                "cv_recall_at_20": 0.91215,
                "cv_recall_at_100": 0.9667,
                "cv_recall_at_1000": 0.99556,
                "main_score": 0.76671,
                "hf_subset": "slk",
                "languages": [
                    "slk-Latn"
                ]
            }
        ]
    },
    "evaluation_time": 19.917253017425537,
    "kg_co2_emissions": null
}
