{
    "dataset_revision": "f64f483ad0f31d2e78209d524c14a4a867965959",
    "task_name": "WebFAQRetrieval",
    "mteb_version": "1.39.7",
    "scores": {
        "test": [
            {
                "ndcg_at_1": 0.66254,
                "ndcg_at_3": 0.74234,
                "ndcg_at_5": 0.7594,
                "ndcg_at_10": 0.77352,
                "ndcg_at_20": 0.78274,
                "ndcg_at_100": 0.79204,
                "ndcg_at_1000": 0.7953,
                "map_at_1": 0.66254,
                "map_at_3": 0.72307,
                "map_at_5": 0.73258,
                "map_at_10": 0.7385,
                "map_at_20": 0.74104,
                "map_at_100": 0.7423,
                "map_at_1000": 0.74242,
                "recall_at_1": 0.66254,
                "recall_at_3": 0.79797,
                "recall_at_5": 0.8392,
                "recall_at_10": 0.88233,
                "recall_at_20": 0.91881,
                "recall_at_100": 0.96924,
                "recall_at_1000": 0.99524,
                "accuracy": 0.66254,
                "precision_at_1": 0.66254,
                "precision_at_3": 0.26599,
                "precision_at_5": 0.16784,
                "precision_at_10": 0.08823,
                "precision_at_20": 0.04594,
                "precision_at_100": 0.00969,
                "precision_at_1000": 0.001,
                "mrr_at_1": 0.662861,
                "mrr_at_3": 0.723649,
                "mrr_at_5": 0.733243,
                "mrr_at_10": 0.739183,
                "mrr_at_20": 0.741661,
                "mrr_at_100": 0.742926,
                "mrr_at_1000": 0.743041,
                "nauc_ndcg_at_1_max": 0.534001,
                "nauc_ndcg_at_1_std": -0.089484,
                "nauc_ndcg_at_1_diff1": 0.772826,
                "nauc_ndcg_at_3_max": 0.549055,
                "nauc_ndcg_at_3_std": -0.123657,
                "nauc_ndcg_at_3_diff1": 0.732962,
                "nauc_ndcg_at_5_max": 0.553616,
                "nauc_ndcg_at_5_std": -0.127494,
                "nauc_ndcg_at_5_diff1": 0.733596,
                "nauc_ndcg_at_10_max": 0.5528,
                "nauc_ndcg_at_10_std": -0.126468,
                "nauc_ndcg_at_10_diff1": 0.734767,
                "nauc_ndcg_at_20_max": 0.548938,
                "nauc_ndcg_at_20_std": -0.119277,
                "nauc_ndcg_at_20_diff1": 0.736034,
                "nauc_ndcg_at_100_max": 0.548022,
                "nauc_ndcg_at_100_std": -0.116046,
                "nauc_ndcg_at_100_diff1": 0.739193,
                "nauc_ndcg_at_1000_max": 0.547441,
                "nauc_ndcg_at_1000_std": -0.11724,
                "nauc_ndcg_at_1000_diff1": 0.740761,
                "nauc_map_at_1_max": 0.534001,
                "nauc_map_at_1_std": -0.089484,
                "nauc_map_at_1_diff1": 0.772826,
                "nauc_map_at_3_max": 0.545436,
                "nauc_map_at_3_std": -0.115596,
                "nauc_map_at_3_diff1": 0.744034,
                "nauc_map_at_5_max": 0.547739,
                "nauc_map_at_5_std": -0.11705,
                "nauc_map_at_5_diff1": 0.744649,
                "nauc_map_at_10_max": 0.547177,
                "nauc_map_at_10_std": -0.116442,
                "nauc_map_at_10_diff1": 0.745167,
                "nauc_map_at_20_max": 0.546139,
                "nauc_map_at_20_std": -0.114692,
                "nauc_map_at_20_diff1": 0.745497,
                "nauc_map_at_100_max": 0.54595,
                "nauc_map_at_100_std": -0.114481,
                "nauc_map_at_100_diff1": 0.7458,
                "nauc_map_at_1000_max": 0.545921,
                "nauc_map_at_1000_std": -0.11452,
                "nauc_map_at_1000_diff1": 0.745845,
                "nauc_recall_at_1_max": 0.534001,
                "nauc_recall_at_1_std": -0.089484,
                "nauc_recall_at_1_diff1": 0.772826,
                "nauc_recall_at_3_max": 0.561995,
                "nauc_recall_at_3_std": -0.152381,
                "nauc_recall_at_3_diff1": 0.69246,
                "nauc_recall_at_5_max": 0.579612,
                "nauc_recall_at_5_std": -0.173272,
                "nauc_recall_at_5_diff1": 0.685792,
                "nauc_recall_at_10_max": 0.585116,
                "nauc_recall_at_10_std": -0.18253,
                "nauc_recall_at_10_diff1": 0.678219,
                "nauc_recall_at_20_max": 0.564382,
                "nauc_recall_at_20_std": -0.138591,
                "nauc_recall_at_20_diff1": 0.667753,
                "nauc_recall_at_100_max": 0.567868,
                "nauc_recall_at_100_std": -0.047056,
                "nauc_recall_at_100_diff1": 0.666292,
                "nauc_recall_at_1000_max": 0.541296,
                "nauc_recall_at_1000_std": -0.014388,
                "nauc_recall_at_1000_diff1": 0.750933,
                "nauc_precision_at_1_max": 0.534001,
                "nauc_precision_at_1_std": -0.089484,
                "nauc_precision_at_1_diff1": 0.772826,
                "nauc_precision_at_3_max": 0.561995,
                "nauc_precision_at_3_std": -0.152381,
                "nauc_precision_at_3_diff1": 0.69246,
                "nauc_precision_at_5_max": 0.579612,
                "nauc_precision_at_5_std": -0.173272,
                "nauc_precision_at_5_diff1": 0.685792,
                "nauc_precision_at_10_max": 0.585116,
                "nauc_precision_at_10_std": -0.18253,
                "nauc_precision_at_10_diff1": 0.678219,
                "nauc_precision_at_20_max": 0.564382,
                "nauc_precision_at_20_std": -0.138591,
                "nauc_precision_at_20_diff1": 0.667753,
                "nauc_precision_at_100_max": 0.567868,
                "nauc_precision_at_100_std": -0.047056,
                "nauc_precision_at_100_diff1": 0.666292,
                "nauc_precision_at_1000_max": 0.541296,
                "nauc_precision_at_1000_std": -0.014388,
                "nauc_precision_at_1000_diff1": 0.750933,
                "nauc_mrr_at_1_max": 0.533202,
                "nauc_mrr_at_1_std": -0.090526,
                "nauc_mrr_at_1_diff1": 0.772178,
                "nauc_mrr_at_3_max": 0.544512,
                "nauc_mrr_at_3_std": -0.115647,
                "nauc_mrr_at_3_diff1": 0.743051,
                "nauc_mrr_at_5_max": 0.54667,
                "nauc_mrr_at_5_std": -0.117271,
                "nauc_mrr_at_5_diff1": 0.743631,
                "nauc_mrr_at_10_max": 0.546029,
                "nauc_mrr_at_10_std": -0.116438,
                "nauc_mrr_at_10_diff1": 0.744099,
                "nauc_mrr_at_20_max": 0.54514,
                "nauc_mrr_at_20_std": -0.114712,
                "nauc_mrr_at_20_diff1": 0.744537,
                "nauc_mrr_at_100_max": 0.544963,
                "nauc_mrr_at_100_std": -0.114376,
                "nauc_mrr_at_100_diff1": 0.744822,
                "nauc_mrr_at_1000_max": 0.544934,
                "nauc_mrr_at_1000_std": -0.114415,
                "nauc_mrr_at_1000_diff1": 0.744867,
                "cv_recall_at_1": 0.66286,
                "cv_recall_at_3": 0.7986,
                "cv_recall_at_5": 0.84015,
                "cv_recall_at_10": 0.8836,
                "cv_recall_at_20": 0.91912,
                "cv_recall_at_100": 0.96924,
                "cv_recall_at_1000": 0.99524,
                "main_score": 0.77352,
                "hf_subset": "slk",
                "languages": [
                    "slk-Latn"
                ]
            }
        ]
    },
    "evaluation_time": 22.74132752418518,
    "kg_co2_emissions": null
}
