{
    "dataset_revision": "3997eba1c60721e34f7b01db400f5b14a40218ea",
    "task_name": "SkQuadReranking",
    "mteb_version": "1.39.7",
    "scores": {
        "test": [
            {
                "ndcg_at_1": 0.62665,
                "ndcg_at_3": 0.6688,
                "ndcg_at_5": 0.71455,
                "ndcg_at_10": 0.77529,
                "ndcg_at_20": 0.78499,
                "ndcg_at_100": 0.78499,
                "ndcg_at_1000": 0.78499,
                "map_at_1": 0.47731,
                "map_at_3": 0.60571,
                "map_at_5": 0.63994,
                "map_at_10": 0.67782,
                "map_at_20": 0.68311,
                "map_at_100": 0.68311,
                "map_at_1000": 0.68311,
                "recall_at_1": 0.47731,
                "recall_at_3": 0.71551,
                "recall_at_5": 0.81307,
                "recall_at_10": 0.97158,
                "recall_at_20": 1.0,
                "recall_at_100": 1.0,
                "recall_at_1000": 1.0,
                "accuracy": 0.47731,
                "precision_at_1": 0.62665,
                "precision_at_3": 0.32804,
                "precision_at_5": 0.2323,
                "precision_at_10": 0.14704,
                "precision_at_20": 0.07643,
                "precision_at_100": 0.01529,
                "precision_at_1000": 0.00153,
                "mrr_at_1": 0.626655,
                "mrr_at_3": 0.741542,
                "mrr_at_5": 0.756325,
                "mrr_at_10": 0.763748,
                "mrr_at_20": 0.764229,
                "mrr_at_100": 0.764229,
                "mrr_at_1000": 0.764229,
                "nauc_ndcg_at_1_max": 0.248747,
                "nauc_ndcg_at_1_std": 0.126397,
                "nauc_ndcg_at_1_diff1": 0.404707,
                "nauc_ndcg_at_3_max": 0.171327,
                "nauc_ndcg_at_3_std": 0.172883,
                "nauc_ndcg_at_3_diff1": 0.24341,
                "nauc_ndcg_at_5_max": 0.177284,
                "nauc_ndcg_at_5_std": 0.177196,
                "nauc_ndcg_at_5_diff1": 0.27477,
                "nauc_ndcg_at_10_max": 0.188348,
                "nauc_ndcg_at_10_std": 0.170027,
                "nauc_ndcg_at_10_diff1": 0.299021,
                "nauc_ndcg_at_20_max": 0.206678,
                "nauc_ndcg_at_20_std": 0.173169,
                "nauc_ndcg_at_20_diff1": 0.304323,
                "nauc_ndcg_at_100_max": 0.206678,
                "nauc_ndcg_at_100_std": 0.173169,
                "nauc_ndcg_at_100_diff1": 0.304323,
                "nauc_ndcg_at_1000_max": 0.206678,
                "nauc_ndcg_at_1000_std": 0.173169,
                "nauc_ndcg_at_1000_diff1": 0.304323,
                "nauc_map_at_1_max": 0.117623,
                "nauc_map_at_1_std": 0.072106,
                "nauc_map_at_1_diff1": 0.334012,
                "nauc_map_at_3_max": 0.141883,
                "nauc_map_at_3_std": 0.141488,
                "nauc_map_at_3_diff1": 0.259341,
                "nauc_map_at_5_max": 0.151688,
                "nauc_map_at_5_std": 0.145606,
                "nauc_map_at_5_diff1": 0.278856,
                "nauc_map_at_10_max": 0.160324,
                "nauc_map_at_10_std": 0.14709,
                "nauc_map_at_10_diff1": 0.286621,
                "nauc_map_at_20_max": 0.167367,
                "nauc_map_at_20_std": 0.149093,
                "nauc_map_at_20_diff1": 0.287967,
                "nauc_map_at_100_max": 0.167367,
                "nauc_map_at_100_std": 0.149093,
                "nauc_map_at_100_diff1": 0.287967,
                "nauc_map_at_1000_max": 0.167367,
                "nauc_map_at_1000_std": 0.149093,
                "nauc_map_at_1000_diff1": 0.287967,
                "nauc_recall_at_1_max": 0.117623,
                "nauc_recall_at_1_std": 0.072106,
                "nauc_recall_at_1_diff1": 0.334012,
                "nauc_recall_at_3_max": 0.115786,
                "nauc_recall_at_3_std": 0.177841,
                "nauc_recall_at_3_diff1": 0.125205,
                "nauc_recall_at_5_max": 0.093551,
                "nauc_recall_at_5_std": 0.183085,
                "nauc_recall_at_5_diff1": 0.151914,
                "nauc_recall_at_10_max": -0.145681,
                "nauc_recall_at_10_std": 0.104909,
                "nauc_recall_at_10_diff1": 0.130129,
                "nauc_recall_at_20_max": NaN,
                "nauc_recall_at_20_std": NaN,
                "nauc_recall_at_20_diff1": NaN,
                "nauc_recall_at_100_max": NaN,
                "nauc_recall_at_100_std": NaN,
                "nauc_recall_at_100_diff1": NaN,
                "nauc_recall_at_1000_max": NaN,
                "nauc_recall_at_1000_std": NaN,
                "nauc_recall_at_1000_diff1": NaN,
                "nauc_precision_at_1_max": 0.248747,
                "nauc_precision_at_1_std": 0.126397,
                "nauc_precision_at_1_diff1": 0.404707,
                "nauc_precision_at_3_max": 0.210477,
                "nauc_precision_at_3_std": 0.241597,
                "nauc_precision_at_3_diff1": -0.003893,
                "nauc_precision_at_5_max": 0.157767,
                "nauc_precision_at_5_std": 0.168237,
                "nauc_precision_at_5_diff1": -0.021056,
                "nauc_precision_at_10_max": 0.086615,
                "nauc_precision_at_10_std": 0.0734,
                "nauc_precision_at_10_diff1": -0.108949,
                "nauc_precision_at_20_max": 0.103938,
                "nauc_precision_at_20_std": 0.068388,
                "nauc_precision_at_20_diff1": -0.121374,
                "nauc_precision_at_100_max": 0.103938,
                "nauc_precision_at_100_std": 0.068388,
                "nauc_precision_at_100_diff1": -0.121374,
                "nauc_precision_at_1000_max": 0.103938,
                "nauc_precision_at_1000_std": 0.068388,
                "nauc_precision_at_1000_diff1": -0.121374,
                "nauc_mrr_at_1_max": 0.248747,
                "nauc_mrr_at_1_std": 0.126397,
                "nauc_mrr_at_1_diff1": 0.404707,
                "nauc_mrr_at_3_max": 0.298945,
                "nauc_mrr_at_3_std": 0.218468,
                "nauc_mrr_at_3_diff1": 0.344472,
                "nauc_mrr_at_5_max": 0.292983,
                "nauc_mrr_at_5_std": 0.214551,
                "nauc_mrr_at_5_diff1": 0.356305,
                "nauc_mrr_at_10_max": 0.287902,
                "nauc_mrr_at_10_std": 0.202472,
                "nauc_mrr_at_10_diff1": 0.36378,
                "nauc_mrr_at_20_max": 0.287615,
                "nauc_mrr_at_20_std": 0.200902,
                "nauc_mrr_at_20_diff1": 0.364248,
                "nauc_mrr_at_100_max": 0.287615,
                "nauc_mrr_at_100_std": 0.200902,
                "nauc_mrr_at_100_diff1": 0.364248,
                "nauc_mrr_at_1000_max": 0.287615,
                "nauc_mrr_at_1000_std": 0.200902,
                "nauc_mrr_at_1000_diff1": 0.364248,
                "cv_recall_at_1": 0.62665,
                "cv_recall_at_3": 0.87643,
                "cv_recall_at_5": 0.94086,
                "cv_recall_at_10": 0.9947,
                "cv_recall_at_20": 1.0,
                "cv_recall_at_100": 1.0,
                "cv_recall_at_1000": 1.0,
                "main_score": 0.68311,
                "hf_subset": "default",
                "languages": [
                    "slk-Latn"
                ]
            }
        ]
    },
    "evaluation_time": 15.098530292510986,
    "kg_co2_emissions": null
}
