{
    "dataset_revision": "09f81f51dd5b8497da16d02c69c98d5cb5993ef2",
    "task_name": "SKQuadRetrieval",
    "mteb_version": "1.39.7",
    "scores": {
        "test": [
            {
                "ndcg_at_1": 0.5478,
                "ndcg_at_3": 0.61305,
                "ndcg_at_5": 0.63824,
                "ndcg_at_10": 0.66345,
                "ndcg_at_20": 0.68265,
                "ndcg_at_100": 0.70295,
                "ndcg_at_1000": 0.71146,
                "map_at_1": 0.37848,
                "map_at_3": 0.50007,
                "map_at_5": 0.51994,
                "map_at_10": 0.53738,
                "map_at_20": 0.54772,
                "map_at_100": 0.55431,
                "map_at_1000": 0.55501,
                "recall_at_1": 0.37848,
                "recall_at_3": 0.61249,
                "recall_at_5": 0.67483,
                "recall_at_10": 0.74596,
                "recall_at_20": 0.81791,
                "recall_at_100": 0.91901,
                "recall_at_1000": 0.98399,
                "accuracy": 0.37848,
                "precision_at_1": 0.55732,
                "precision_at_3": 0.31805,
                "precision_at_5": 0.21517,
                "precision_at_10": 0.12407,
                "precision_at_20": 0.07081,
                "precision_at_100": 0.01663,
                "precision_at_1000": 0.00181,
                "mrr_at_1": 0.557319,
                "mrr_at_3": 0.699735,
                "mrr_at_5": 0.713668,
                "mrr_at_10": 0.718489,
                "mrr_at_20": 0.719872,
                "mrr_at_100": 0.720237,
                "mrr_at_1000": 0.72027,
                "nauc_ndcg_at_1_max": 0.020722,
                "nauc_ndcg_at_1_std": -0.087605,
                "nauc_ndcg_at_1_diff1": 0.298795,
                "nauc_ndcg_at_3_max": 0.064555,
                "nauc_ndcg_at_3_std": -0.129246,
                "nauc_ndcg_at_3_diff1": 0.23728,
                "nauc_ndcg_at_5_max": 0.066665,
                "nauc_ndcg_at_5_std": -0.119472,
                "nauc_ndcg_at_5_diff1": 0.242317,
                "nauc_ndcg_at_10_max": 0.081879,
                "nauc_ndcg_at_10_std": -0.084727,
                "nauc_ndcg_at_10_diff1": 0.245892,
                "nauc_ndcg_at_20_max": 0.077632,
                "nauc_ndcg_at_20_std": -0.066734,
                "nauc_ndcg_at_20_diff1": 0.249919,
                "nauc_ndcg_at_100_max": 0.086722,
                "nauc_ndcg_at_100_std": -0.048982,
                "nauc_ndcg_at_100_diff1": 0.25762,
                "nauc_ndcg_at_1000_max": 0.082111,
                "nauc_ndcg_at_1000_std": -0.064278,
                "nauc_ndcg_at_1000_diff1": 0.256372,
                "nauc_map_at_1_max": -0.019092,
                "nauc_map_at_1_std": -0.123788,
                "nauc_map_at_1_diff1": 0.276745,
                "nauc_map_at_3_max": 0.016179,
                "nauc_map_at_3_std": -0.145317,
                "nauc_map_at_3_diff1": 0.239474,
                "nauc_map_at_5_max": 0.02372,
                "nauc_map_at_5_std": -0.139117,
                "nauc_map_at_5_diff1": 0.237769,
                "nauc_map_at_10_max": 0.03293,
                "nauc_map_at_10_std": -0.125074,
                "nauc_map_at_10_diff1": 0.237276,
                "nauc_map_at_20_max": 0.035249,
                "nauc_map_at_20_std": -0.114921,
                "nauc_map_at_20_diff1": 0.239058,
                "nauc_map_at_100_max": 0.038444,
                "nauc_map_at_100_std": -0.109328,
                "nauc_map_at_100_diff1": 0.241753,
                "nauc_map_at_1000_max": 0.038291,
                "nauc_map_at_1000_std": -0.110113,
                "nauc_map_at_1000_diff1": 0.241663,
                "nauc_recall_at_1_max": -0.019092,
                "nauc_recall_at_1_std": -0.123788,
                "nauc_recall_at_1_diff1": 0.276745,
                "nauc_recall_at_3_max": 0.033681,
                "nauc_recall_at_3_std": -0.149577,
                "nauc_recall_at_3_diff1": 0.164771,
                "nauc_recall_at_5_max": 0.043965,
                "nauc_recall_at_5_std": -0.123908,
                "nauc_recall_at_5_diff1": 0.15366,
                "nauc_recall_at_10_max": 0.083839,
                "nauc_recall_at_10_std": -0.027022,
                "nauc_recall_at_10_diff1": 0.137491,
                "nauc_recall_at_20_max": 0.061756,
                "nauc_recall_at_20_std": 0.065843,
                "nauc_recall_at_20_diff1": 0.125707,
                "nauc_recall_at_100_max": 0.190466,
                "nauc_recall_at_100_std": 0.394739,
                "nauc_recall_at_100_diff1": 0.183333,
                "nauc_recall_at_1000_max": 0.240826,
                "nauc_recall_at_1000_std": 0.557007,
                "nauc_recall_at_1000_diff1": 0.126486,
                "nauc_precision_at_1_max": 0.02838,
                "nauc_precision_at_1_std": -0.088524,
                "nauc_precision_at_1_diff1": 0.296089,
                "nauc_precision_at_3_max": 0.1928,
                "nauc_precision_at_3_std": -0.042696,
                "nauc_precision_at_3_diff1": 0.054528,
                "nauc_precision_at_5_max": 0.213384,
                "nauc_precision_at_5_std": 0.029698,
                "nauc_precision_at_5_diff1": -0.004802,
                "nauc_precision_at_10_max": 0.198498,
                "nauc_precision_at_10_std": 0.145991,
                "nauc_precision_at_10_diff1": -0.048782,
                "nauc_precision_at_20_max": 0.167671,
                "nauc_precision_at_20_std": 0.209104,
                "nauc_precision_at_20_diff1": -0.056298,
                "nauc_precision_at_100_max": 0.174522,
                "nauc_precision_at_100_std": 0.260616,
                "nauc_precision_at_100_diff1": -0.058295,
                "nauc_precision_at_1000_max": 0.139428,
                "nauc_precision_at_1000_std": 0.186074,
                "nauc_precision_at_1000_diff1": -0.091335,
                "nauc_mrr_at_1_max": 0.02838,
                "nauc_mrr_at_1_std": -0.088524,
                "nauc_mrr_at_1_diff1": 0.296089,
                "nauc_mrr_at_3_max": 0.104558,
                "nauc_mrr_at_3_std": -0.087506,
                "nauc_mrr_at_3_diff1": 0.259664,
                "nauc_mrr_at_5_max": 0.105258,
                "nauc_mrr_at_5_std": -0.076704,
                "nauc_mrr_at_5_diff1": 0.26899,
                "nauc_mrr_at_10_max": 0.108125,
                "nauc_mrr_at_10_std": -0.06948,
                "nauc_mrr_at_10_diff1": 0.273076,
                "nauc_mrr_at_20_max": 0.103964,
                "nauc_mrr_at_20_std": -0.07107,
                "nauc_mrr_at_20_diff1": 0.273748,
                "nauc_mrr_at_100_max": 0.102825,
                "nauc_mrr_at_100_std": -0.071778,
                "nauc_mrr_at_100_diff1": 0.273347,
                "nauc_mrr_at_1000_max": 0.102688,
                "nauc_mrr_at_1000_std": -0.071934,
                "nauc_mrr_at_1000_diff1": 0.273296,
                "cv_recall_at_1": 0.55732,
                "cv_recall_at_3": 0.86508,
                "cv_recall_at_5": 0.92416,
                "cv_recall_at_10": 0.95855,
                "cv_recall_at_20": 0.97795,
                "cv_recall_at_100": 0.99118,
                "cv_recall_at_1000": 0.99912,
                "main_score": 0.66345,
                "hf_subset": "default",
                "languages": [
                    "slk-Latn"
                ]
            }
        ]
    },
    "evaluation_time": 19.083877086639404,
    "kg_co2_emissions": null
}
