{
    "dataset_revision": "85d6b32f2762313714618171b9d1a65eb7408835",
    "task_name": "SlovakSumRetrieval",
    "mteb_version": "1.39.7",
    "scores": {
        "test": [
            {
                "ndcg_at_1": 0.83667,
                "ndcg_at_3": 0.87401,
                "ndcg_at_5": 0.88369,
                "ndcg_at_10": 0.89312,
                "ndcg_at_20": 0.89574,
                "ndcg_at_100": 0.89976,
                "ndcg_at_1000": 0.90197,
                "map_at_1": 0.83667,
                "map_at_3": 0.865,
                "map_at_5": 0.87042,
                "map_at_10": 0.87446,
                "map_at_20": 0.87524,
                "map_at_100": 0.8758,
                "map_at_1000": 0.87589,
                "recall_at_1": 0.83667,
                "recall_at_3": 0.9,
                "recall_at_5": 0.92333,
                "recall_at_10": 0.95167,
                "recall_at_20": 0.96167,
                "recall_at_100": 0.98333,
                "recall_at_1000": 1.0,
                "accuracy": 0.83667,
                "precision_at_1": 0.83667,
                "precision_at_3": 0.3,
                "precision_at_5": 0.18467,
                "precision_at_10": 0.09517,
                "precision_at_20": 0.04808,
                "precision_at_100": 0.00983,
                "precision_at_1000": 0.001,
                "mrr_at_1": 0.836667,
                "mrr_at_3": 0.865,
                "mrr_at_5": 0.870417,
                "mrr_at_10": 0.874464,
                "mrr_at_20": 0.875235,
                "mrr_at_100": 0.875798,
                "mrr_at_1000": 0.875892,
                "nauc_ndcg_at_1_max": 0.810645,
                "nauc_ndcg_at_1_std": 0.121866,
                "nauc_ndcg_at_1_diff1": 0.914897,
                "nauc_ndcg_at_3_max": 0.82738,
                "nauc_ndcg_at_3_std": 0.254046,
                "nauc_ndcg_at_3_diff1": 0.901502,
                "nauc_ndcg_at_5_max": 0.827757,
                "nauc_ndcg_at_5_std": 0.228008,
                "nauc_ndcg_at_5_diff1": 0.901545,
                "nauc_ndcg_at_10_max": 0.831103,
                "nauc_ndcg_at_10_std": 0.255753,
                "nauc_ndcg_at_10_diff1": 0.901957,
                "nauc_ndcg_at_20_max": 0.828963,
                "nauc_ndcg_at_20_std": 0.253161,
                "nauc_ndcg_at_20_diff1": 0.903547,
                "nauc_ndcg_at_100_max": 0.82685,
                "nauc_ndcg_at_100_std": 0.24218,
                "nauc_ndcg_at_100_diff1": 0.902724,
                "nauc_ndcg_at_1000_max": 0.82591,
                "nauc_ndcg_at_1000_std": 0.228827,
                "nauc_ndcg_at_1000_diff1": 0.90368,
                "nauc_map_at_1_max": 0.810645,
                "nauc_map_at_1_std": 0.121866,
                "nauc_map_at_1_diff1": 0.914897,
                "nauc_map_at_3_max": 0.823314,
                "nauc_map_at_3_std": 0.213272,
                "nauc_map_at_3_diff1": 0.90467,
                "nauc_map_at_5_max": 0.823575,
                "nauc_map_at_5_std": 0.198481,
                "nauc_map_at_5_diff1": 0.904858,
                "nauc_map_at_10_max": 0.82448,
                "nauc_map_at_10_std": 0.207992,
                "nauc_map_at_10_diff1": 0.904986,
                "nauc_map_at_20_max": 0.823803,
                "nauc_map_at_20_std": 0.207361,
                "nauc_map_at_20_diff1": 0.905342,
                "nauc_map_at_100_max": 0.823624,
                "nauc_map_at_100_std": 0.206573,
                "nauc_map_at_100_diff1": 0.905175,
                "nauc_map_at_1000_max": 0.823577,
                "nauc_map_at_1000_std": 0.206117,
                "nauc_map_at_1000_diff1": 0.905217,
                "nauc_recall_at_1_max": 0.810645,
                "nauc_recall_at_1_std": 0.121866,
                "nauc_recall_at_1_diff1": 0.914897,
                "nauc_recall_at_3_max": 0.842289,
                "nauc_recall_at_3_std": 0.409065,
                "nauc_recall_at_3_diff1": 0.889939,
                "nauc_recall_at_5_max": 0.846497,
                "nauc_recall_at_5_std": 0.362958,
                "nauc_recall_at_5_diff1": 0.886382,
                "nauc_recall_at_10_max": 0.881516,
                "nauc_recall_at_10_std": 0.61652,
                "nauc_recall_at_10_diff1": 0.881918,
                "nauc_recall_at_20_max": 0.875675,
                "nauc_recall_at_20_std": 0.677526,
                "nauc_recall_at_20_diff1": 0.893943,
                "nauc_recall_at_100_max": 0.862745,
                "nauc_recall_at_100_std": 0.82521,
                "nauc_recall_at_100_diff1": 0.863912,
                "nauc_recall_at_1000_max": NaN,
                "nauc_recall_at_1000_std": NaN,
                "nauc_recall_at_1000_diff1": NaN,
                "nauc_precision_at_1_max": 0.810645,
                "nauc_precision_at_1_std": 0.121866,
                "nauc_precision_at_1_diff1": 0.914897,
                "nauc_precision_at_3_max": 0.842289,
                "nauc_precision_at_3_std": 0.409065,
                "nauc_precision_at_3_diff1": 0.889939,
                "nauc_precision_at_5_max": 0.846497,
                "nauc_precision_at_5_std": 0.362958,
                "nauc_precision_at_5_diff1": 0.886382,
                "nauc_precision_at_10_max": 0.881516,
                "nauc_precision_at_10_std": 0.61652,
                "nauc_precision_at_10_diff1": 0.881918,
                "nauc_precision_at_20_max": 0.875675,
                "nauc_precision_at_20_std": 0.677526,
                "nauc_precision_at_20_diff1": 0.893943,
                "nauc_precision_at_100_max": 0.862745,
                "nauc_precision_at_100_std": 0.82521,
                "nauc_precision_at_100_diff1": 0.863912,
                "nauc_precision_at_1000_max": 1.0,
                "nauc_precision_at_1000_std": 1.0,
                "nauc_precision_at_1000_diff1": 1.0,
                "nauc_mrr_at_1_max": 0.810645,
                "nauc_mrr_at_1_std": 0.121866,
                "nauc_mrr_at_1_diff1": 0.914897,
                "nauc_mrr_at_3_max": 0.823314,
                "nauc_mrr_at_3_std": 0.213272,
                "nauc_mrr_at_3_diff1": 0.90467,
                "nauc_mrr_at_5_max": 0.823575,
                "nauc_mrr_at_5_std": 0.198481,
                "nauc_mrr_at_5_diff1": 0.904858,
                "nauc_mrr_at_10_max": 0.82448,
                "nauc_mrr_at_10_std": 0.207992,
                "nauc_mrr_at_10_diff1": 0.904986,
                "nauc_mrr_at_20_max": 0.823803,
                "nauc_mrr_at_20_std": 0.207361,
                "nauc_mrr_at_20_diff1": 0.905342,
                "nauc_mrr_at_100_max": 0.823624,
                "nauc_mrr_at_100_std": 0.206573,
                "nauc_mrr_at_100_diff1": 0.905175,
                "nauc_mrr_at_1000_max": 0.823577,
                "nauc_mrr_at_1000_std": 0.206117,
                "nauc_mrr_at_1000_diff1": 0.905217,
                "cv_recall_at_1": 0.83667,
                "cv_recall_at_3": 0.9,
                "cv_recall_at_5": 0.92333,
                "cv_recall_at_10": 0.95167,
                "cv_recall_at_20": 0.96167,
                "cv_recall_at_100": 0.98333,
                "cv_recall_at_1000": 1.0,
                "main_score": 0.89312,
                "hf_subset": "default",
                "languages": [
                    "slk-Latn"
                ]
            }
        ]
    },
    "evaluation_time": 1.925389051437378,
    "kg_co2_emissions": null
}
