{
    "dataset_revision": "faf73c5217c37e8a9ba297b8e29b25d1ccdeccae",
    "task_name": "SlovakPharmacyDrMaxReranking",
    "mteb_version": "1.39.7",
    "scores": {
        "test": [
            {
                "ndcg_at_1": 0.82399,
                "ndcg_at_3": 0.91179,
                "ndcg_at_5": 0.92343,
                "ndcg_at_10": 0.92343,
                "ndcg_at_20": 0.92343,
                "ndcg_at_100": 0.92343,
                "ndcg_at_1000": 0.92343,
                "map_at_1": 0.82399,
                "map_at_3": 0.89083,
                "map_at_5": 0.8974,
                "map_at_10": 0.8974,
                "map_at_20": 0.8974,
                "map_at_100": 0.8974,
                "map_at_1000": 0.8974,
                "recall_at_1": 0.82399,
                "recall_at_3": 0.9722,
                "recall_at_5": 1.0,
                "recall_at_10": 1.0,
                "recall_at_20": 1.0,
                "recall_at_100": 1.0,
                "recall_at_1000": 1.0,
                "accuracy": 0.82399,
                "precision_at_1": 0.82399,
                "precision_at_3": 0.32407,
                "precision_at_5": 0.2,
                "precision_at_10": 0.1,
                "precision_at_20": 0.05,
                "precision_at_100": 0.01,
                "precision_at_1000": 0.001,
                "mrr_at_1": 0.823995,
                "mrr_at_3": 0.890825,
                "mrr_at_5": 0.897402,
                "mrr_at_10": 0.897402,
                "mrr_at_20": 0.897402,
                "mrr_at_100": 0.897402,
                "mrr_at_1000": 0.897402,
                "nauc_ndcg_at_1_max": 0.656863,
                "nauc_ndcg_at_1_std": 0.636537,
                "nauc_ndcg_at_1_diff1": 0.832114,
                "nauc_ndcg_at_3_max": 0.676703,
                "nauc_ndcg_at_3_std": 0.68497,
                "nauc_ndcg_at_3_diff1": 0.816283,
                "nauc_ndcg_at_5_max": 0.665337,
                "nauc_ndcg_at_5_std": 0.656717,
                "nauc_ndcg_at_5_diff1": 0.822621,
                "nauc_ndcg_at_10_max": 0.665337,
                "nauc_ndcg_at_10_std": 0.656717,
                "nauc_ndcg_at_10_diff1": 0.822621,
                "nauc_ndcg_at_20_max": 0.665337,
                "nauc_ndcg_at_20_std": 0.656717,
                "nauc_ndcg_at_20_diff1": 0.822621,
                "nauc_ndcg_at_100_max": 0.665337,
                "nauc_ndcg_at_100_std": 0.656717,
                "nauc_ndcg_at_100_diff1": 0.822621,
                "nauc_ndcg_at_1000_max": 0.665337,
                "nauc_ndcg_at_1000_std": 0.656717,
                "nauc_ndcg_at_1000_diff1": 0.822621,
                "nauc_map_at_1_max": 0.656863,
                "nauc_map_at_1_std": 0.636537,
                "nauc_map_at_1_diff1": 0.832114,
                "nauc_map_at_3_max": 0.669928,
                "nauc_map_at_3_std": 0.668239,
                "nauc_map_at_3_diff1": 0.820288,
                "nauc_map_at_5_max": 0.664735,
                "nauc_map_at_5_std": 0.655282,
                "nauc_map_at_5_diff1": 0.823201,
                "nauc_map_at_10_max": 0.664735,
                "nauc_map_at_10_std": 0.655282,
                "nauc_map_at_10_diff1": 0.823201,
                "nauc_map_at_20_max": 0.664735,
                "nauc_map_at_20_std": 0.655282,
                "nauc_map_at_20_diff1": 0.823201,
                "nauc_map_at_100_max": 0.664735,
                "nauc_map_at_100_std": 0.655282,
                "nauc_map_at_100_diff1": 0.823201,
                "nauc_map_at_1000_max": 0.664735,
                "nauc_map_at_1000_std": 0.655282,
                "nauc_map_at_1000_diff1": 0.823201,
                "nauc_recall_at_1_max": 0.656863,
                "nauc_recall_at_1_std": 0.636537,
                "nauc_recall_at_1_diff1": 0.832114,
                "nauc_recall_at_3_max": 0.748678,
                "nauc_recall_at_3_std": 0.86304,
                "nauc_recall_at_3_diff1": 0.776186,
                "nauc_recall_at_5_max": NaN,
                "nauc_recall_at_5_std": NaN,
                "nauc_recall_at_5_diff1": NaN,
                "nauc_recall_at_10_max": NaN,
                "nauc_recall_at_10_std": NaN,
                "nauc_recall_at_10_diff1": NaN,
                "nauc_recall_at_20_max": NaN,
                "nauc_recall_at_20_std": NaN,
                "nauc_recall_at_20_diff1": NaN,
                "nauc_recall_at_100_max": NaN,
                "nauc_recall_at_100_std": NaN,
                "nauc_recall_at_100_diff1": NaN,
                "nauc_recall_at_1000_max": NaN,
                "nauc_recall_at_1000_std": NaN,
                "nauc_recall_at_1000_diff1": NaN,
                "nauc_precision_at_1_max": 0.656863,
                "nauc_precision_at_1_std": 0.636537,
                "nauc_precision_at_1_diff1": 0.832114,
                "nauc_precision_at_3_max": 0.748678,
                "nauc_precision_at_3_std": 0.86304,
                "nauc_precision_at_3_diff1": 0.776186,
                "nauc_precision_at_5_max": 1.0,
                "nauc_precision_at_5_std": 1.0,
                "nauc_precision_at_5_diff1": 1.0,
                "nauc_precision_at_10_max": 1.0,
                "nauc_precision_at_10_std": 1.0,
                "nauc_precision_at_10_diff1": 1.0,
                "nauc_precision_at_20_max": 1.0,
                "nauc_precision_at_20_std": 1.0,
                "nauc_precision_at_20_diff1": 1.0,
                "nauc_precision_at_100_max": 1.0,
                "nauc_precision_at_100_std": 1.0,
                "nauc_precision_at_100_diff1": 1.0,
                "nauc_precision_at_1000_max": 1.0,
                "nauc_precision_at_1000_std": 1.0,
                "nauc_precision_at_1000_diff1": 1.0,
                "nauc_mrr_at_1_max": 0.656863,
                "nauc_mrr_at_1_std": 0.636537,
                "nauc_mrr_at_1_diff1": 0.832114,
                "nauc_mrr_at_3_max": 0.669928,
                "nauc_mrr_at_3_std": 0.668239,
                "nauc_mrr_at_3_diff1": 0.820288,
                "nauc_mrr_at_5_max": 0.664735,
                "nauc_mrr_at_5_std": 0.655282,
                "nauc_mrr_at_5_diff1": 0.823201,
                "nauc_mrr_at_10_max": 0.664735,
                "nauc_mrr_at_10_std": 0.655282,
                "nauc_mrr_at_10_diff1": 0.823201,
                "nauc_mrr_at_20_max": 0.664735,
                "nauc_mrr_at_20_std": 0.655282,
                "nauc_mrr_at_20_diff1": 0.823201,
                "nauc_mrr_at_100_max": 0.664735,
                "nauc_mrr_at_100_std": 0.655282,
                "nauc_mrr_at_100_diff1": 0.823201,
                "nauc_mrr_at_1000_max": 0.664735,
                "nauc_mrr_at_1000_std": 0.655282,
                "nauc_mrr_at_1000_diff1": 0.823201,
                "cv_recall_at_1": 0.82399,
                "cv_recall_at_3": 0.9722,
                "cv_recall_at_5": 1.0,
                "cv_recall_at_10": 1.0,
                "cv_recall_at_20": 1.0,
                "cv_recall_at_100": 1.0,
                "cv_recall_at_1000": 1.0,
                "main_score": 0.8974,
                "hf_subset": "default",
                "languages": [
                    "slk-Latn"
                ]
            }
        ]
    },
    "evaluation_time": 19.392576217651367,
    "kg_co2_emissions": null
}
