{
    "dataset_revision": "6448ea012b1b7caa3d55cb747b58cda1d7edc714",
    "task_name": "SlovakPharmacyDrMaxReranking",
    "mteb_version": "1.39.7",
    "scores": {
        "test": [
            {
                "ndcg_at_1": 0.8225,
                "ndcg_at_3": 0.91223,
                "ndcg_at_5": 0.92317,
                "ndcg_at_10": 0.92317,
                "ndcg_at_20": 0.92317,
                "ndcg_at_100": 0.92317,
                "ndcg_at_1000": 0.92317,
                "map_at_1": 0.8225,
                "map_at_3": 0.89083,
                "map_at_5": 0.89701,
                "map_at_10": 0.89701,
                "map_at_20": 0.89701,
                "map_at_100": 0.89701,
                "map_at_1000": 0.89701,
                "recall_at_1": 0.8225,
                "recall_at_3": 0.97391,
                "recall_at_5": 1.0,
                "recall_at_10": 1.0,
                "recall_at_20": 1.0,
                "recall_at_100": 1.0,
                "recall_at_1000": 1.0,
                "accuracy": 0.8225,
                "precision_at_1": 0.8225,
                "precision_at_3": 0.32464,
                "precision_at_5": 0.2,
                "precision_at_10": 0.1,
                "precision_at_20": 0.05,
                "precision_at_100": 0.01,
                "precision_at_1000": 0.001,
                "mrr_at_1": 0.822498,
                "mrr_at_3": 0.890825,
                "mrr_at_5": 0.897006,
                "mrr_at_10": 0.897006,
                "mrr_at_20": 0.897006,
                "mrr_at_100": 0.897006,
                "mrr_at_1000": 0.897006,
                "nauc_ndcg_at_1_max": 0.665936,
                "nauc_ndcg_at_1_std": 0.635184,
                "nauc_ndcg_at_1_diff1": 0.830383,
                "nauc_ndcg_at_3_max": 0.687245,
                "nauc_ndcg_at_3_std": 0.683658,
                "nauc_ndcg_at_3_diff1": 0.813805,
                "nauc_ndcg_at_5_max": 0.675262,
                "nauc_ndcg_at_5_std": 0.657412,
                "nauc_ndcg_at_5_diff1": 0.820611,
                "nauc_ndcg_at_10_max": 0.675262,
                "nauc_ndcg_at_10_std": 0.657412,
                "nauc_ndcg_at_10_diff1": 0.820611,
                "nauc_ndcg_at_20_max": 0.675262,
                "nauc_ndcg_at_20_std": 0.657412,
                "nauc_ndcg_at_20_diff1": 0.820611,
                "nauc_ndcg_at_100_max": 0.675262,
                "nauc_ndcg_at_100_std": 0.657412,
                "nauc_ndcg_at_100_diff1": 0.820611,
                "nauc_ndcg_at_1000_max": 0.675262,
                "nauc_ndcg_at_1000_std": 0.657412,
                "nauc_ndcg_at_1000_diff1": 0.820611,
                "nauc_map_at_1_max": 0.665936,
                "nauc_map_at_1_std": 0.635184,
                "nauc_map_at_1_diff1": 0.830383,
                "nauc_map_at_3_max": 0.680159,
                "nauc_map_at_3_std": 0.667935,
                "nauc_map_at_3_diff1": 0.818155,
                "nauc_map_at_5_max": 0.67463,
                "nauc_map_at_5_std": 0.65591,
                "nauc_map_at_5_diff1": 0.821224,
                "nauc_map_at_10_max": 0.67463,
                "nauc_map_at_10_std": 0.65591,
                "nauc_map_at_10_diff1": 0.821224,
                "nauc_map_at_20_max": 0.67463,
                "nauc_map_at_20_std": 0.65591,
                "nauc_map_at_20_diff1": 0.821224,
                "nauc_map_at_100_max": 0.67463,
                "nauc_map_at_100_std": 0.65591,
                "nauc_map_at_100_diff1": 0.821224,
                "nauc_map_at_1000_max": 0.67463,
                "nauc_map_at_1000_std": 0.65591,
                "nauc_map_at_1000_diff1": 0.821224,
                "nauc_recall_at_1_max": 0.665936,
                "nauc_recall_at_1_std": 0.635184,
                "nauc_recall_at_1_diff1": 0.830383,
                "nauc_recall_at_3_max": 0.766911,
                "nauc_recall_at_3_std": 0.85966,
                "nauc_recall_at_3_diff1": 0.767126,
                "nauc_recall_at_5_max": NaN,
                "nauc_recall_at_5_std": NaN,
                "nauc_recall_at_5_diff1": NaN,
                "nauc_recall_at_10_max": NaN,
                "nauc_recall_at_10_std": NaN,
                "nauc_recall_at_10_diff1": NaN,
                "nauc_recall_at_20_max": NaN,
                "nauc_recall_at_20_std": NaN,
                "nauc_recall_at_20_diff1": NaN,
                "nauc_recall_at_100_max": NaN,
                "nauc_recall_at_100_std": NaN,
                "nauc_recall_at_100_diff1": NaN,
                "nauc_recall_at_1000_max": NaN,
                "nauc_recall_at_1000_std": NaN,
                "nauc_recall_at_1000_diff1": NaN,
                "nauc_precision_at_1_max": 0.665936,
                "nauc_precision_at_1_std": 0.635184,
                "nauc_precision_at_1_diff1": 0.830383,
                "nauc_precision_at_3_max": 0.766911,
                "nauc_precision_at_3_std": 0.85966,
                "nauc_precision_at_3_diff1": 0.767126,
                "nauc_precision_at_5_max": 1.0,
                "nauc_precision_at_5_std": 1.0,
                "nauc_precision_at_5_diff1": 1.0,
                "nauc_precision_at_10_max": 1.0,
                "nauc_precision_at_10_std": 1.0,
                "nauc_precision_at_10_diff1": 1.0,
                "nauc_precision_at_20_max": 1.0,
                "nauc_precision_at_20_std": 1.0,
                "nauc_precision_at_20_diff1": 1.0,
                "nauc_precision_at_100_max": 1.0,
                "nauc_precision_at_100_std": 1.0,
                "nauc_precision_at_100_diff1": 1.0,
                "nauc_precision_at_1000_max": 1.0,
                "nauc_precision_at_1000_std": 1.0,
                "nauc_precision_at_1000_diff1": 1.0,
                "nauc_mrr_at_1_max": 0.665936,
                "nauc_mrr_at_1_std": 0.635184,
                "nauc_mrr_at_1_diff1": 0.830383,
                "nauc_mrr_at_3_max": 0.680159,
                "nauc_mrr_at_3_std": 0.667935,
                "nauc_mrr_at_3_diff1": 0.818155,
                "nauc_mrr_at_5_max": 0.67463,
                "nauc_mrr_at_5_std": 0.65591,
                "nauc_mrr_at_5_diff1": 0.821224,
                "nauc_mrr_at_10_max": 0.67463,
                "nauc_mrr_at_10_std": 0.65591,
                "nauc_mrr_at_10_diff1": 0.821224,
                "nauc_mrr_at_20_max": 0.67463,
                "nauc_mrr_at_20_std": 0.65591,
                "nauc_mrr_at_20_diff1": 0.821224,
                "nauc_mrr_at_100_max": 0.67463,
                "nauc_mrr_at_100_std": 0.65591,
                "nauc_mrr_at_100_diff1": 0.821224,
                "nauc_mrr_at_1000_max": 0.67463,
                "nauc_mrr_at_1000_std": 0.65591,
                "nauc_mrr_at_1000_diff1": 0.821224,
                "cv_recall_at_1": 0.8225,
                "cv_recall_at_3": 0.97391,
                "cv_recall_at_5": 1.0,
                "cv_recall_at_10": 1.0,
                "cv_recall_at_20": 1.0,
                "cv_recall_at_100": 1.0,
                "cv_recall_at_1000": 1.0,
                "main_score": 0.89701,
                "hf_subset": "default",
                "languages": [
                    "slk-Latn"
                ]
            }
        ]
    },
    "evaluation_time": 19.82838535308838,
    "kg_co2_emissions": null
}
