{
    "dataset_revision": "c5a6521a4ddce3450fb04ba218623681a9189c6d",
    "task_name": "SMESumRetrieval",
    "mteb_version": "1.39.7",
    "scores": {
        "test": [
            {
                "ndcg_at_1": 0.69667,
                "ndcg_at_3": 0.7724,
                "ndcg_at_5": 0.78223,
                "ndcg_at_10": 0.79595,
                "ndcg_at_20": 0.80516,
                "ndcg_at_100": 0.81608,
                "ndcg_at_1000": 0.81819,
                "map_at_1": 0.69667,
                "map_at_3": 0.75417,
                "map_at_5": 0.75975,
                "map_at_10": 0.76555,
                "map_at_20": 0.76805,
                "map_at_100": 0.76959,
                "map_at_1000": 0.7697,
                "recall_at_1": 0.69667,
                "recall_at_3": 0.825,
                "recall_at_5": 0.84833,
                "recall_at_10": 0.89,
                "recall_at_20": 0.92667,
                "recall_at_100": 0.985,
                "recall_at_1000": 1.0,
                "accuracy": 0.69667,
                "precision_at_1": 0.69667,
                "precision_at_3": 0.275,
                "precision_at_5": 0.16967,
                "precision_at_10": 0.089,
                "precision_at_20": 0.04633,
                "precision_at_100": 0.00985,
                "precision_at_1000": 0.001,
                "mrr_at_1": 0.696667,
                "mrr_at_3": 0.754167,
                "mrr_at_5": 0.75975,
                "mrr_at_10": 0.765553,
                "mrr_at_20": 0.76805,
                "mrr_at_100": 0.769588,
                "mrr_at_1000": 0.769698,
                "nauc_ndcg_at_1_max": 0.722476,
                "nauc_ndcg_at_1_std": 0.242885,
                "nauc_ndcg_at_1_diff1": 0.856619,
                "nauc_ndcg_at_3_max": 0.730347,
                "nauc_ndcg_at_3_std": 0.303864,
                "nauc_ndcg_at_3_diff1": 0.818267,
                "nauc_ndcg_at_5_max": 0.728756,
                "nauc_ndcg_at_5_std": 0.303283,
                "nauc_ndcg_at_5_diff1": 0.815269,
                "nauc_ndcg_at_10_max": 0.719784,
                "nauc_ndcg_at_10_std": 0.296724,
                "nauc_ndcg_at_10_diff1": 0.813049,
                "nauc_ndcg_at_20_max": 0.723381,
                "nauc_ndcg_at_20_std": 0.299013,
                "nauc_ndcg_at_20_diff1": 0.815458,
                "nauc_ndcg_at_100_max": 0.727562,
                "nauc_ndcg_at_100_std": 0.294842,
                "nauc_ndcg_at_100_diff1": 0.824634,
                "nauc_ndcg_at_1000_max": 0.72649,
                "nauc_ndcg_at_1000_std": 0.291215,
                "nauc_ndcg_at_1000_diff1": 0.82414,
                "nauc_map_at_1_max": 0.722476,
                "nauc_map_at_1_std": 0.242885,
                "nauc_map_at_1_diff1": 0.856619,
                "nauc_map_at_3_max": 0.728927,
                "nauc_map_at_3_std": 0.288191,
                "nauc_map_at_3_diff1": 0.828787,
                "nauc_map_at_5_max": 0.72808,
                "nauc_map_at_5_std": 0.287276,
                "nauc_map_at_5_diff1": 0.827489,
                "nauc_map_at_10_max": 0.724871,
                "nauc_map_at_10_std": 0.284423,
                "nauc_map_at_10_diff1": 0.826991,
                "nauc_map_at_20_max": 0.725616,
                "nauc_map_at_20_std": 0.284609,
                "nauc_map_at_20_diff1": 0.827493,
                "nauc_map_at_100_max": 0.726425,
                "nauc_map_at_100_std": 0.284241,
                "nauc_map_at_100_diff1": 0.82885,
                "nauc_map_at_1000_max": 0.726383,
                "nauc_map_at_1000_std": 0.284094,
                "nauc_map_at_1000_diff1": 0.828829,
                "nauc_recall_at_1_max": 0.722476,
                "nauc_recall_at_1_std": 0.242885,
                "nauc_recall_at_1_diff1": 0.856619,
                "nauc_recall_at_3_max": 0.735307,
                "nauc_recall_at_3_std": 0.362658,
                "nauc_recall_at_3_diff1": 0.7784,
                "nauc_recall_at_5_max": 0.730791,
                "nauc_recall_at_5_std": 0.370588,
                "nauc_recall_at_5_diff1": 0.763007,
                "nauc_recall_at_10_max": 0.683554,
                "nauc_recall_at_10_std": 0.359534,
                "nauc_recall_at_10_diff1": 0.733671,
                "nauc_recall_at_20_max": 0.703537,
                "nauc_recall_at_20_std": 0.415913,
                "nauc_recall_at_20_diff1": 0.723177,
                "nauc_recall_at_100_max": 0.811962,
                "nauc_recall_at_100_std": 0.580662,
                "nauc_recall_at_100_diff1": 0.8615,
                "nauc_recall_at_1000_max": NaN,
                "nauc_recall_at_1000_std": NaN,
                "nauc_recall_at_1000_diff1": NaN,
                "nauc_precision_at_1_max": 0.722476,
                "nauc_precision_at_1_std": 0.242885,
                "nauc_precision_at_1_diff1": 0.856619,
                "nauc_precision_at_3_max": 0.735307,
                "nauc_precision_at_3_std": 0.362658,
                "nauc_precision_at_3_diff1": 0.7784,
                "nauc_precision_at_5_max": 0.730791,
                "nauc_precision_at_5_std": 0.370588,
                "nauc_precision_at_5_diff1": 0.763007,
                "nauc_precision_at_10_max": 0.683554,
                "nauc_precision_at_10_std": 0.359534,
                "nauc_precision_at_10_diff1": 0.733671,
                "nauc_precision_at_20_max": 0.703537,
                "nauc_precision_at_20_std": 0.415913,
                "nauc_precision_at_20_diff1": 0.723177,
                "nauc_precision_at_100_max": 0.811962,
                "nauc_precision_at_100_std": 0.580662,
                "nauc_precision_at_100_diff1": 0.8615,
                "nauc_precision_at_1000_max": 1.0,
                "nauc_precision_at_1000_std": 1.0,
                "nauc_precision_at_1000_diff1": 1.0,
                "nauc_mrr_at_1_max": 0.722476,
                "nauc_mrr_at_1_std": 0.242885,
                "nauc_mrr_at_1_diff1": 0.856619,
                "nauc_mrr_at_3_max": 0.728927,
                "nauc_mrr_at_3_std": 0.288191,
                "nauc_mrr_at_3_diff1": 0.828787,
                "nauc_mrr_at_5_max": 0.72808,
                "nauc_mrr_at_5_std": 0.287276,
                "nauc_mrr_at_5_diff1": 0.827489,
                "nauc_mrr_at_10_max": 0.724871,
                "nauc_mrr_at_10_std": 0.284423,
                "nauc_mrr_at_10_diff1": 0.826991,
                "nauc_mrr_at_20_max": 0.725616,
                "nauc_mrr_at_20_std": 0.284609,
                "nauc_mrr_at_20_diff1": 0.827493,
                "nauc_mrr_at_100_max": 0.726425,
                "nauc_mrr_at_100_std": 0.284241,
                "nauc_mrr_at_100_diff1": 0.82885,
                "nauc_mrr_at_1000_max": 0.726383,
                "nauc_mrr_at_1000_std": 0.284094,
                "nauc_mrr_at_1000_diff1": 0.828829,
                "cv_recall_at_1": 0.69667,
                "cv_recall_at_3": 0.825,
                "cv_recall_at_5": 0.84833,
                "cv_recall_at_10": 0.89,
                "cv_recall_at_20": 0.92667,
                "cv_recall_at_100": 0.985,
                "cv_recall_at_1000": 1.0,
                "main_score": 0.79595,
                "hf_subset": "default",
                "languages": [
                    "slk-Latn"
                ]
            }
        ]
    },
    "evaluation_time": 1.7704870700836182,
    "kg_co2_emissions": null
}
