{
  "dataset_revision": "82320d7f1d6561a12516605ec24f5d61aceb915c",
  "task_name": "SlovakPharmacyMojaLekarenReranking",
  "mteb_version": "1.39.7",
  "scores": {
    "test": [
      {
        "ndcg_at_1": 0.92276,
        "ndcg_at_3": 0.9627,
        "ndcg_at_5": 0.96719,
        "ndcg_at_10": 0.96719,
        "ndcg_at_20": 0.96719,
        "ndcg_at_100": 0.96719,
        "ndcg_at_1000": 0.96719,
        "map_at_1": 0.92276,
        "map_at_3": 0.95348,
        "map_at_5": 0.95598,
        "map_at_10": 0.95598,
        "map_at_20": 0.95598,
        "map_at_100": 0.95598,
        "map_at_1000": 0.95598,
        "recall_at_1": 0.92276,
        "recall_at_3": 0.98916,
        "recall_at_5": 1.0,
        "recall_at_10": 1.0,
        "recall_at_20": 1.0,
        "recall_at_100": 1.0,
        "recall_at_1000": 1.0,
        "accuracy": 0.92276,
        "precision_at_1": 0.92276,
        "precision_at_3": 0.32972,
        "precision_at_5": 0.2,
        "precision_at_10": 0.1,
        "precision_at_20": 0.05,
        "precision_at_100": 0.01,
        "precision_at_1000": 0.001,
        "mrr_at_1": 0.922764,
        "mrr_at_3": 0.953478,
        "mrr_at_5": 0.955985,
        "mrr_at_10": 0.955985,
        "mrr_at_20": 0.955985,
        "mrr_at_100": 0.955985,
        "mrr_at_1000": 0.955985,
        "nauc_ndcg_at_1_max": 0.693671,
        "nauc_ndcg_at_1_std": 0.571553,
        "nauc_ndcg_at_1_diff1": 0.892798,
        "nauc_ndcg_at_3_max": 0.738523,
        "nauc_ndcg_at_3_std": 0.65643,
        "nauc_ndcg_at_3_diff1": 0.898124,
        "nauc_ndcg_at_5_max": 0.717405,
        "nauc_ndcg_at_5_std": 0.616381,
        "nauc_ndcg_at_5_diff1": 0.893246,
        "nauc_ndcg_at_10_max": 0.717405,
        "nauc_ndcg_at_10_std": 0.616381,
        "nauc_ndcg_at_10_diff1": 0.893246,
        "nauc_ndcg_at_20_max": 0.717405,
        "nauc_ndcg_at_20_std": 0.616381,
        "nauc_ndcg_at_20_diff1": 0.893246,
        "nauc_ndcg_at_100_max": 0.717405,
        "nauc_ndcg_at_100_std": 0.616381,
        "nauc_ndcg_at_100_diff1": 0.893246,
        "nauc_ndcg_at_1000_max": 0.717405,
        "nauc_ndcg_at_1000_std": 0.616381,
        "nauc_ndcg_at_1000_diff1": 0.893246,
        "nauc_map_at_1_max": 0.693671,
        "nauc_map_at_1_std": 0.571553,
        "nauc_map_at_1_diff1": 0.892798,
        "nauc_map_at_3_max": 0.725206,
        "nauc_map_at_3_std": 0.631371,
        "nauc_map_at_3_diff1": 0.895279,
        "nauc_map_at_5_max": 0.715805,
        "nauc_map_at_5_std": 0.613396,
        "nauc_map_at_5_diff1": 0.893139,
        "nauc_map_at_10_max": 0.715805,
        "nauc_map_at_10_std": 0.613396,
        "nauc_map_at_10_diff1": 0.893139,
        "nauc_map_at_20_max": 0.715805,
        "nauc_map_at_20_std": 0.613396,
        "nauc_map_at_20_diff1": 0.893139,
        "nauc_map_at_100_max": 0.715805,
        "nauc_map_at_100_std": 0.613396,
        "nauc_map_at_100_diff1": 0.893139,
        "nauc_map_at_1000_max": 0.715805,
        "nauc_map_at_1000_std": 0.613396,
        "nauc_map_at_1000_diff1": 0.893139,
        "nauc_recall_at_1_max": 0.693671,
        "nauc_recall_at_1_std": 0.571553,
        "nauc_recall_at_1_diff1": 0.892798,
        "nauc_recall_at_3_max": 0.895234,
        "nauc_recall_at_3_std": 0.950966,
        "nauc_recall_at_3_diff1": 0.934621,
        "nauc_recall_at_5_max": NaN,
        "nauc_recall_at_5_std": NaN,
        "nauc_recall_at_5_diff1": NaN,
        "nauc_recall_at_10_max": NaN,
        "nauc_recall_at_10_std": NaN,
        "nauc_recall_at_10_diff1": NaN,
        "nauc_recall_at_20_max": NaN,
        "nauc_recall_at_20_std": NaN,
        "nauc_recall_at_20_diff1": NaN,
        "nauc_recall_at_100_max": NaN,
        "nauc_recall_at_100_std": NaN,
        "nauc_recall_at_100_diff1": NaN,
        "nauc_recall_at_1000_max": NaN,
        "nauc_recall_at_1000_std": NaN,
        "nauc_recall_at_1000_diff1": NaN,
        "nauc_precision_at_1_max": 0.693671,
        "nauc_precision_at_1_std": 0.571553,
        "nauc_precision_at_1_diff1": 0.892798,
        "nauc_precision_at_3_max": 0.895234,
        "nauc_precision_at_3_std": 0.950966,
        "nauc_precision_at_3_diff1": 0.934621,
        "nauc_precision_at_5_max": NaN,
        "nauc_precision_at_5_std": NaN,
        "nauc_precision_at_5_diff1": NaN,
        "nauc_precision_at_10_max": NaN,
        "nauc_precision_at_10_std": NaN,
        "nauc_precision_at_10_diff1": NaN,
        "nauc_precision_at_20_max": NaN,
        "nauc_precision_at_20_std": NaN,
        "nauc_precision_at_20_diff1": NaN,
        "nauc_precision_at_100_max": NaN,
        "nauc_precision_at_100_std": NaN,
        "nauc_precision_at_100_diff1": NaN,
        "nauc_precision_at_1000_max": 1.0,
        "nauc_precision_at_1000_std": 1.0,
        "nauc_precision_at_1000_diff1": 1.0,
        "nauc_mrr_at_1_max": 0.693671,
        "nauc_mrr_at_1_std": 0.571553,
        "nauc_mrr_at_1_diff1": 0.892798,
        "nauc_mrr_at_3_max": 0.725206,
        "nauc_mrr_at_3_std": 0.631371,
        "nauc_mrr_at_3_diff1": 0.895279,
        "nauc_mrr_at_5_max": 0.715805,
        "nauc_mrr_at_5_std": 0.613396,
        "nauc_mrr_at_5_diff1": 0.893139,
        "nauc_mrr_at_10_max": 0.715805,
        "nauc_mrr_at_10_std": 0.613396,
        "nauc_mrr_at_10_diff1": 0.893139,
        "nauc_mrr_at_20_max": 0.715805,
        "nauc_mrr_at_20_std": 0.613396,
        "nauc_mrr_at_20_diff1": 0.893139,
        "nauc_mrr_at_100_max": 0.715805,
        "nauc_mrr_at_100_std": 0.613396,
        "nauc_mrr_at_100_diff1": 0.893139,
        "nauc_mrr_at_1000_max": 0.715805,
        "nauc_mrr_at_1000_std": 0.613396,
        "nauc_mrr_at_1000_diff1": 0.893139,
        "cv_recall_at_1": 0.92276,
        "cv_recall_at_3": 0.98916,
        "cv_recall_at_5": 1.0,
        "cv_recall_at_10": 1.0,
        "cv_recall_at_20": 1.0,
        "cv_recall_at_100": 1.0,
        "cv_recall_at_1000": 1.0,
        "main_score": 0.95598,
        "hf_subset": "default",
        "languages": [
          "slk-Latn"
        ]
      }
    ]
  },
  "evaluation_time": 28.53214955329895,
  "kg_co2_emissions": null
}