{
  "dataset_revision": "f64f483ad0f31d2e78209d524c14a4a867965959",
  "task_name": "WebFAQRetrieval",
  "mteb_version": "1.39.7",
  "scores": {
    "test": [
      {
        "ndcg_at_1": 0.65525,
        "ndcg_at_3": 0.73718,
        "ndcg_at_5": 0.75645,
        "ndcg_at_10": 0.76985,
        "ndcg_at_20": 0.77811,
        "ndcg_at_100": 0.78801,
        "ndcg_at_1000": 0.79141,
        "map_at_1": 0.65525,
        "map_at_3": 0.71704,
        "map_at_5": 0.72778,
        "map_at_10": 0.73335,
        "map_at_20": 0.73566,
        "map_at_100": 0.73706,
        "map_at_1000": 0.73719,
        "recall_at_1": 0.65525,
        "recall_at_3": 0.79543,
        "recall_at_5": 0.84206,
        "recall_at_10": 0.88329,
        "recall_at_20": 0.91564,
        "recall_at_100": 0.9686,
        "recall_at_1000": 0.99493,
        "accuracy": 0.65525,
        "precision_at_1": 0.65525,
        "precision_at_3": 0.26514,
        "precision_at_5": 0.16841,
        "precision_at_10": 0.08833,
        "precision_at_20": 0.04578,
        "precision_at_100": 0.00969,
        "precision_at_1000": 0.00099,
        "mrr_at_1": 0.654932,
        "mrr_at_3": 0.716725,
        "mrr_at_5": 0.727476,
        "mrr_at_10": 0.733086,
        "mrr_at_20": 0.735436,
        "mrr_at_100": 0.736849,
        "mrr_at_1000": 0.736982,
        "nauc_ndcg_at_1_max": 0.534886,
        "nauc_ndcg_at_1_std": -0.009963,
        "nauc_ndcg_at_1_diff1": 0.78951,
        "nauc_ndcg_at_3_max": 0.534079,
        "nauc_ndcg_at_3_std": -0.021511,
        "nauc_ndcg_at_3_diff1": 0.744716,
        "nauc_ndcg_at_5_max": 0.530281,
        "nauc_ndcg_at_5_std": -0.022298,
        "nauc_ndcg_at_5_diff1": 0.745789,
        "nauc_ndcg_at_10_max": 0.52807,
        "nauc_ndcg_at_10_std": -0.026582,
        "nauc_ndcg_at_10_diff1": 0.74546,
        "nauc_ndcg_at_20_max": 0.526176,
        "nauc_ndcg_at_20_std": -0.026079,
        "nauc_ndcg_at_20_diff1": 0.748994,
        "nauc_ndcg_at_100_max": 0.530401,
        "nauc_ndcg_at_100_std": -0.01556,
        "nauc_ndcg_at_100_diff1": 0.752868,
        "nauc_ndcg_at_1000_max": 0.530664,
        "nauc_ndcg_at_1000_std": -0.017941,
        "nauc_ndcg_at_1000_diff1": 0.754392,
        "nauc_map_at_1_max": 0.534886,
        "nauc_map_at_1_std": -0.009963,
        "nauc_map_at_1_diff1": 0.78951,
        "nauc_map_at_3_max": 0.534502,
        "nauc_map_at_3_std": -0.01796,
        "nauc_map_at_3_diff1": 0.757061,
        "nauc_map_at_5_max": 0.532785,
        "nauc_map_at_5_std": -0.018246,
        "nauc_map_at_5_diff1": 0.758143,
        "nauc_map_at_10_max": 0.532228,
        "nauc_map_at_10_std": -0.019672,
        "nauc_map_at_10_diff1": 0.758463,
        "nauc_map_at_20_max": 0.531834,
        "nauc_map_at_20_std": -0.0195,
        "nauc_map_at_20_diff1": 0.759435,
        "nauc_map_at_100_max": 0.532206,
        "nauc_map_at_100_std": -0.018319,
        "nauc_map_at_100_diff1": 0.759915,
        "nauc_map_at_1000_max": 0.532209,
        "nauc_map_at_1000_std": -0.018397,
        "nauc_map_at_1000_diff1": 0.75997,
        "nauc_recall_at_1_max": 0.534886,
        "nauc_recall_at_1_std": -0.009963,
        "nauc_recall_at_1_diff1": 0.78951,
        "nauc_recall_at_3_max": 0.532417,
        "nauc_recall_at_3_std": -0.034765,
        "nauc_recall_at_3_diff1": 0.699334,
        "nauc_recall_at_5_max": 0.517709,
        "nauc_recall_at_5_std": -0.04081,
        "nauc_recall_at_5_diff1": 0.690632,
        "nauc_recall_at_10_max": 0.499725,
        "nauc_recall_at_10_std": -0.070378,
        "nauc_recall_at_10_diff1": 0.669703,
        "nauc_recall_at_20_max": 0.472191,
        "nauc_recall_at_20_std": -0.081221,
        "nauc_recall_at_20_diff1": 0.674305,
        "nauc_recall_at_100_max": 0.529451,
        "nauc_recall_at_100_std": 0.164585,
        "nauc_recall_at_100_diff1": 0.673252,
        "nauc_recall_at_1000_max": 0.624171,
        "nauc_recall_at_1000_std": 0.445995,
        "nauc_recall_at_1000_diff1": 0.678481,
        "nauc_precision_at_1_max": 0.534886,
        "nauc_precision_at_1_std": -0.009963,
        "nauc_precision_at_1_diff1": 0.78951,
        "nauc_precision_at_3_max": 0.532417,
        "nauc_precision_at_3_std": -0.034765,
        "nauc_precision_at_3_diff1": 0.699334,
        "nauc_precision_at_5_max": 0.517709,
        "nauc_precision_at_5_std": -0.04081,
        "nauc_precision_at_5_diff1": 0.690632,
        "nauc_precision_at_10_max": 0.499725,
        "nauc_precision_at_10_std": -0.070378,
        "nauc_precision_at_10_diff1": 0.669703,
        "nauc_precision_at_20_max": 0.472191,
        "nauc_precision_at_20_std": -0.081221,
        "nauc_precision_at_20_diff1": 0.674305,
        "nauc_precision_at_100_max": 0.529451,
        "nauc_precision_at_100_std": 0.164585,
        "nauc_precision_at_100_diff1": 0.673252,
        "nauc_precision_at_1000_max": 0.624171,
        "nauc_precision_at_1000_std": 0.445995,
        "nauc_precision_at_1000_diff1": 0.678481,
        "nauc_mrr_at_1_max": 0.540328,
        "nauc_mrr_at_1_std": -0.003033,
        "nauc_mrr_at_1_diff1": 0.790138,
        "nauc_mrr_at_3_max": 0.539214,
        "nauc_mrr_at_3_std": -0.011729,
        "nauc_mrr_at_3_diff1": 0.757444,
        "nauc_mrr_at_5_max": 0.537534,
        "nauc_mrr_at_5_std": -0.012917,
        "nauc_mrr_at_5_diff1": 0.758593,
        "nauc_mrr_at_10_max": 0.536908,
        "nauc_mrr_at_10_std": -0.014269,
        "nauc_mrr_at_10_diff1": 0.758791,
        "nauc_mrr_at_20_max": 0.536501,
        "nauc_mrr_at_20_std": -0.013706,
        "nauc_mrr_at_20_diff1": 0.759712,
        "nauc_mrr_at_100_max": 0.536988,
        "nauc_mrr_at_100_std": -0.012443,
        "nauc_mrr_at_100_diff1": 0.760261,
        "nauc_mrr_at_1000_max": 0.53698,
        "nauc_mrr_at_1000_std": -0.012531,
        "nauc_mrr_at_1000_diff1": 0.760305,
        "cv_recall_at_1": 0.65493,
        "cv_recall_at_3": 0.7948,
        "cv_recall_at_5": 0.84142,
        "cv_recall_at_10": 0.88297,
        "cv_recall_at_20": 0.91595,
        "cv_recall_at_100": 0.96892,
        "cv_recall_at_1000": 0.99493,
        "main_score": 0.76985,
        "hf_subset": "slk",
        "languages": [
          "slk-Latn"
        ]
      }
    ]
  },
  "evaluation_time": 162.91193962097168,
  "kg_co2_emissions": null
}