{
  "dataset_revision": "c3262adb1c32ac0c3ea8de6393a44366edaa62e1",
  "task_name": "WebFAQRetrieval",
  "mteb_version": "1.39.7",
  "scores": {
    "test": [
      {
        "ndcg_at_1": 0.56962,
        "ndcg_at_3": 0.65763,
        "ndcg_at_5": 0.67843,
        "ndcg_at_10": 0.69648,
        "ndcg_at_20": 0.70634,
        "ndcg_at_100": 0.72086,
        "ndcg_at_1000": 0.72714,
        "map_at_1": 0.56962,
        "map_at_3": 0.63627,
        "map_at_5": 0.64791,
        "map_at_10": 0.65542,
        "map_at_20": 0.65813,
        "map_at_100": 0.66019,
        "map_at_1000": 0.66042,
        "recall_at_1": 0.56962,
        "recall_at_3": 0.71931,
        "recall_at_5": 0.76943,
        "recall_at_10": 0.82493,
        "recall_at_20": 0.86394,
        "recall_at_100": 0.94164,
        "recall_at_1000": 0.99144,
        "precision_at_1": 0.56962,
        "precision_at_3": 0.23977,
        "precision_at_5": 0.15389,
        "precision_at_10": 0.08249,
        "precision_at_20": 0.0432,
        "precision_at_100": 0.00942,
        "precision_at_1000": 0.00099,
        "mrr_at_1": 0.569616,
        "mrr_at_3": 0.636272,
        "mrr_at_5": 0.64796,
        "mrr_at_10": 0.65552,
        "mrr_at_20": 0.658279,
        "mrr_at_100": 0.660314,
        "mrr_at_1000": 0.660533,
        "nauc_ndcg_at_1_max": 0.433702,
        "nauc_ndcg_at_1_std": 0.067243,
        "nauc_ndcg_at_1_diff1": 0.748053,
        "nauc_ndcg_at_3_max": 0.41274,
        "nauc_ndcg_at_3_std": 0.060474,
        "nauc_ndcg_at_3_diff1": 0.707424,
        "nauc_ndcg_at_5_max": 0.407414,
        "nauc_ndcg_at_5_std": 0.061062,
        "nauc_ndcg_at_5_diff1": 0.707609,
        "nauc_ndcg_at_10_max": 0.404217,
        "nauc_ndcg_at_10_std": 0.062448,
        "nauc_ndcg_at_10_diff1": 0.706818,
        "nauc_ndcg_at_20_max": 0.406624,
        "nauc_ndcg_at_20_std": 0.066346,
        "nauc_ndcg_at_20_diff1": 0.709559,
        "nauc_ndcg_at_100_max": 0.408899,
        "nauc_ndcg_at_100_std": 0.069423,
        "nauc_ndcg_at_100_diff1": 0.710823,
        "nauc_ndcg_at_1000_max": 0.41134,
        "nauc_ndcg_at_1000_std": 0.068275,
        "nauc_ndcg_at_1000_diff1": 0.712876,
        "nauc_map_at_1_max": 0.433702,
        "nauc_map_at_1_std": 0.067243,
        "nauc_map_at_1_diff1": 0.748053,
        "nauc_map_at_3_max": 0.418807,
        "nauc_map_at_3_std": 0.062625,
        "nauc_map_at_3_diff1": 0.717774,
        "nauc_map_at_5_max": 0.416179,
        "nauc_map_at_5_std": 0.06297,
        "nauc_map_at_5_diff1": 0.718228,
        "nauc_map_at_10_max": 0.415307,
        "nauc_map_at_10_std": 0.063662,
        "nauc_map_at_10_diff1": 0.717957,
        "nauc_map_at_20_max": 0.41609,
        "nauc_map_at_20_std": 0.064624,
        "nauc_map_at_20_diff1": 0.718788,
        "nauc_map_at_100_max": 0.416363,
        "nauc_map_at_100_std": 0.065303,
        "nauc_map_at_100_diff1": 0.718932,
        "nauc_map_at_1000_max": 0.416381,
        "nauc_map_at_1000_std": 0.065237,
        "nauc_map_at_1000_diff1": 0.719007,
        "nauc_recall_at_1_max": 0.433702,
        "nauc_recall_at_1_std": 0.067243,
        "nauc_recall_at_1_diff1": 0.748053,
        "nauc_recall_at_3_max": 0.39181,
        "nauc_recall_at_3_std": 0.052966,
        "nauc_recall_at_3_diff1": 0.672358,
        "nauc_recall_at_5_max": 0.372111,
        "nauc_recall_at_5_std": 0.053607,
        "nauc_recall_at_5_diff1": 0.66658,
        "nauc_recall_at_10_max": 0.346634,
        "nauc_recall_at_10_std": 0.056881,
        "nauc_recall_at_10_diff1": 0.653752,
        "nauc_recall_at_20_max": 0.347564,
        "nauc_recall_at_20_std": 0.083507,
        "nauc_recall_at_20_diff1": 0.658919,
        "nauc_recall_at_100_max": 0.325079,
        "nauc_recall_at_100_std": 0.148541,
        "nauc_recall_at_100_diff1": 0.626536,
        "nauc_recall_at_1000_max": 0.435254,
        "nauc_recall_at_1000_std": 0.423354,
        "nauc_recall_at_1000_diff1": 0.545774,
        "nauc_precision_at_1_max": 0.433702,
        "nauc_precision_at_1_std": 0.067243,
        "nauc_precision_at_1_diff1": 0.748053,
        "nauc_precision_at_3_max": 0.39181,
        "nauc_precision_at_3_std": 0.052966,
        "nauc_precision_at_3_diff1": 0.672358,
        "nauc_precision_at_5_max": 0.372111,
        "nauc_precision_at_5_std": 0.053607,
        "nauc_precision_at_5_diff1": 0.66658,
        "nauc_precision_at_10_max": 0.346634,
        "nauc_precision_at_10_std": 0.056881,
        "nauc_precision_at_10_diff1": 0.653752,
        "nauc_precision_at_20_max": 0.347564,
        "nauc_precision_at_20_std": 0.083507,
        "nauc_precision_at_20_diff1": 0.658919,
        "nauc_precision_at_100_max": 0.325079,
        "nauc_precision_at_100_std": 0.148541,
        "nauc_precision_at_100_diff1": 0.626536,
        "nauc_precision_at_1000_max": 0.435254,
        "nauc_precision_at_1000_std": 0.423354,
        "nauc_precision_at_1000_diff1": 0.545774,
        "nauc_mrr_at_1_max": 0.433341,
        "nauc_mrr_at_1_std": 0.066547,
        "nauc_mrr_at_1_diff1": 0.748053,
        "nauc_mrr_at_3_max": 0.419116,
        "nauc_mrr_at_3_std": 0.061881,
        "nauc_mrr_at_3_diff1": 0.71773,
        "nauc_mrr_at_5_max": 0.416381,
        "nauc_mrr_at_5_std": 0.062326,
        "nauc_mrr_at_5_diff1": 0.718101,
        "nauc_mrr_at_10_max": 0.415451,
        "nauc_mrr_at_10_std": 0.063162,
        "nauc_mrr_at_10_diff1": 0.717751,
        "nauc_mrr_at_20_max": 0.416366,
        "nauc_mrr_at_20_std": 0.064273,
        "nauc_mrr_at_20_diff1": 0.718502,
        "nauc_mrr_at_100_max": 0.416535,
        "nauc_mrr_at_100_std": 0.064836,
        "nauc_mrr_at_100_diff1": 0.718692,
        "nauc_mrr_at_1000_max": 0.416565,
        "nauc_mrr_at_1000_std": 0.064765,
        "nauc_mrr_at_1000_diff1": 0.718763,
        "main_score": 0.69648,
        "hf_subset": "slk",
        "languages": [
          "slk-Latn"
        ]
      }
    ]
  },
  "evaluation_time": 62.02110409736633,
  "kg_co2_emissions": null
}