{
    "dataset_revision": "c3262adb1c32ac0c3ea8de6393a44366edaa62e1",
    "task_name": "WebFAQRetrieval",
    "mteb_version": "1.39.7",
    "scores": {
        "test": [
            {
                "ndcg_at_1": 0.5693,
                "ndcg_at_3": 0.65751,
                "ndcg_at_5": 0.67833,
                "ndcg_at_10": 0.69638,
                "ndcg_at_20": 0.70624,
                "ndcg_at_100": 0.72078,
                "ndcg_at_1000": 0.72706,
                "map_at_1": 0.5693,
                "map_at_3": 0.63611,
                "map_at_5": 0.64777,
                "map_at_10": 0.65528,
                "map_at_20": 0.65799,
                "map_at_100": 0.66005,
                "map_at_1000": 0.66028,
                "recall_at_1": 0.5693,
                "recall_at_3": 0.71931,
                "recall_at_5": 0.76943,
                "recall_at_10": 0.82493,
                "recall_at_20": 0.86394,
                "recall_at_100": 0.94164,
                "recall_at_1000": 0.99144,
                "precision_at_1": 0.5693,
                "precision_at_3": 0.23977,
                "precision_at_5": 0.15389,
                "precision_at_10": 0.08249,
                "precision_at_20": 0.0432,
                "precision_at_100": 0.00942,
                "precision_at_1000": 0.00099,
                "mrr_at_1": 0.569299,
                "mrr_at_3": 0.636061,
                "mrr_at_5": 0.647748,
                "mrr_at_10": 0.655309,
                "mrr_at_20": 0.658068,
                "mrr_at_100": 0.660111,
                "mrr_at_1000": 0.660331,
                "nauc_ndcg_at_1_max": 0.432429,
                "nauc_ndcg_at_1_std": 0.065525,
                "nauc_ndcg_at_1_diff1": 0.748767,
                "nauc_ndcg_at_3_max": 0.412195,
                "nauc_ndcg_at_3_std": 0.059735,
                "nauc_ndcg_at_3_diff1": 0.707737,
                "nauc_ndcg_at_5_max": 0.406914,
                "nauc_ndcg_at_5_std": 0.060375,
                "nauc_ndcg_at_5_diff1": 0.707915,
                "nauc_ndcg_at_10_max": 0.40369,
                "nauc_ndcg_at_10_std": 0.061722,
                "nauc_ndcg_at_10_diff1": 0.707141,
                "nauc_ndcg_at_20_max": 0.406078,
                "nauc_ndcg_at_20_std": 0.065593,
                "nauc_ndcg_at_20_diff1": 0.709893,
                "nauc_ndcg_at_100_max": 0.408374,
                "nauc_ndcg_at_100_std": 0.068786,
                "nauc_ndcg_at_100_diff1": 0.711164,
                "nauc_ndcg_at_1000_max": 0.410798,
                "nauc_ndcg_at_1000_std": 0.067617,
                "nauc_ndcg_at_1000_diff1": 0.713226,
                "nauc_map_at_1_max": 0.432429,
                "nauc_map_at_1_std": 0.065525,
                "nauc_map_at_1_diff1": 0.748767,
                "nauc_map_at_3_max": 0.418096,
                "nauc_map_at_3_std": 0.061663,
                "nauc_map_at_3_diff1": 0.718179,
                "nauc_map_at_5_max": 0.415529,
                "nauc_map_at_5_std": 0.062079,
                "nauc_map_at_5_diff1": 0.718618,
                "nauc_map_at_10_max": 0.414644,
                "nauc_map_at_10_std": 0.062752,
                "nauc_map_at_10_diff1": 0.718356,
                "nauc_map_at_20_max": 0.415421,
                "nauc_map_at_20_std": 0.063706,
                "nauc_map_at_20_diff1": 0.71919,
                "nauc_map_at_100_max": 0.415707,
                "nauc_map_at_100_std": 0.064442,
                "nauc_map_at_100_diff1": 0.719332,
                "nauc_map_at_1000_max": 0.415724,
                "nauc_map_at_1000_std": 0.064375,
                "nauc_map_at_1000_diff1": 0.719408,
                "nauc_recall_at_1_max": 0.432429,
                "nauc_recall_at_1_std": 0.065525,
                "nauc_recall_at_1_diff1": 0.748767,
                "nauc_recall_at_3_max": 0.39181,
                "nauc_recall_at_3_std": 0.052966,
                "nauc_recall_at_3_diff1": 0.672358,
                "nauc_recall_at_5_max": 0.372111,
                "nauc_recall_at_5_std": 0.053607,
                "nauc_recall_at_5_diff1": 0.66658,
                "nauc_recall_at_10_max": 0.346634,
                "nauc_recall_at_10_std": 0.056881,
                "nauc_recall_at_10_diff1": 0.653752,
                "nauc_recall_at_20_max": 0.347564,
                "nauc_recall_at_20_std": 0.083507,
                "nauc_recall_at_20_diff1": 0.658919,
                "nauc_recall_at_100_max": 0.325079,
                "nauc_recall_at_100_std": 0.148541,
                "nauc_recall_at_100_diff1": 0.626536,
                "nauc_recall_at_1000_max": 0.435254,
                "nauc_recall_at_1000_std": 0.423354,
                "nauc_recall_at_1000_diff1": 0.545774,
                "nauc_precision_at_1_max": 0.432429,
                "nauc_precision_at_1_std": 0.065525,
                "nauc_precision_at_1_diff1": 0.748767,
                "nauc_precision_at_3_max": 0.39181,
                "nauc_precision_at_3_std": 0.052966,
                "nauc_precision_at_3_diff1": 0.672358,
                "nauc_precision_at_5_max": 0.372111,
                "nauc_precision_at_5_std": 0.053607,
                "nauc_precision_at_5_diff1": 0.66658,
                "nauc_precision_at_10_max": 0.346634,
                "nauc_precision_at_10_std": 0.056881,
                "nauc_precision_at_10_diff1": 0.653752,
                "nauc_precision_at_20_max": 0.347564,
                "nauc_precision_at_20_std": 0.083507,
                "nauc_precision_at_20_diff1": 0.658919,
                "nauc_precision_at_100_max": 0.325079,
                "nauc_precision_at_100_std": 0.148541,
                "nauc_precision_at_100_diff1": 0.626536,
                "nauc_precision_at_1000_max": 0.435254,
                "nauc_precision_at_1000_std": 0.423354,
                "nauc_precision_at_1000_diff1": 0.545774,
                "nauc_mrr_at_1_max": 0.433893,
                "nauc_mrr_at_1_std": 0.067064,
                "nauc_mrr_at_1_diff1": 0.748767,
                "nauc_mrr_at_3_max": 0.419177,
                "nauc_mrr_at_3_std": 0.061849,
                "nauc_mrr_at_3_diff1": 0.718245,
                "nauc_mrr_at_5_max": 0.416444,
                "nauc_mrr_at_5_std": 0.062292,
                "nauc_mrr_at_5_diff1": 0.718632,
                "nauc_mrr_at_10_max": 0.415516,
                "nauc_mrr_at_10_std": 0.063127,
                "nauc_mrr_at_10_diff1": 0.718293,
                "nauc_mrr_at_20_max": 0.416432,
                "nauc_mrr_at_20_std": 0.064237,
                "nauc_mrr_at_20_diff1": 0.719048,
                "nauc_mrr_at_100_max": 0.416619,
                "nauc_mrr_at_100_std": 0.064828,
                "nauc_mrr_at_100_diff1": 0.719239,
                "nauc_mrr_at_1000_max": 0.416649,
                "nauc_mrr_at_1000_std": 0.064758,
                "nauc_mrr_at_1000_diff1": 0.71931,
                "main_score": 0.69638,
                "hf_subset": "slk",
                "languages": [
                    "slk-Latn"
                ]
            }
        ]
    },
    "evaluation_time": 29.94892907142639,
    "kg_co2_emissions": null
}
