{
    "dataset_revision": "c5a6521a4ddce3450fb04ba218623681a9189c6d",
    "task_name": "SMESumRetrieval",
    "mteb_version": "1.39.7",
    "scores": {
        "test": [
            {
                "ndcg_at_1": 0.78167,
                "ndcg_at_3": 0.84863,
                "ndcg_at_5": 0.86075,
                "ndcg_at_10": 0.87236,
                "ndcg_at_20": 0.87449,
                "ndcg_at_100": 0.88055,
                "ndcg_at_1000": 0.88075,
                "map_at_1": 0.78167,
                "map_at_3": 0.83306,
                "map_at_5": 0.83964,
                "map_at_10": 0.84461,
                "map_at_20": 0.8452,
                "map_at_100": 0.8461,
                "map_at_1000": 0.84611,
                "recall_at_1": 0.78167,
                "recall_at_3": 0.89333,
                "recall_at_5": 0.92333,
                "recall_at_10": 0.95833,
                "recall_at_20": 0.96667,
                "recall_at_100": 0.99833,
                "recall_at_1000": 1.0,
                "precision_at_1": 0.78167,
                "precision_at_3": 0.29778,
                "precision_at_5": 0.18467,
                "precision_at_10": 0.09583,
                "precision_at_20": 0.04833,
                "precision_at_100": 0.00998,
                "precision_at_1000": 0.001,
                "mrr_at_1": 0.781667,
                "mrr_at_3": 0.833056,
                "mrr_at_5": 0.839639,
                "mrr_at_10": 0.84461,
                "mrr_at_20": 0.845204,
                "mrr_at_100": 0.846102,
                "mrr_at_1000": 0.846109,
                "nauc_ndcg_at_1_max": 0.718231,
                "nauc_ndcg_at_1_std": 0.016182,
                "nauc_ndcg_at_1_diff1": 0.872404,
                "nauc_ndcg_at_3_max": 0.752228,
                "nauc_ndcg_at_3_std": 0.091946,
                "nauc_ndcg_at_3_diff1": 0.843825,
                "nauc_ndcg_at_5_max": 0.756484,
                "nauc_ndcg_at_5_std": 0.108376,
                "nauc_ndcg_at_5_diff1": 0.854782,
                "nauc_ndcg_at_10_max": 0.759078,
                "nauc_ndcg_at_10_std": 0.097109,
                "nauc_ndcg_at_10_diff1": 0.864264,
                "nauc_ndcg_at_20_max": 0.756292,
                "nauc_ndcg_at_20_std": 0.09502,
                "nauc_ndcg_at_20_diff1": 0.863373,
                "nauc_ndcg_at_100_max": 0.748965,
                "nauc_ndcg_at_100_std": 0.082969,
                "nauc_ndcg_at_100_diff1": 0.859612,
                "nauc_ndcg_at_1000_max": 0.748499,
                "nauc_ndcg_at_1000_std": 0.081269,
                "nauc_ndcg_at_1000_diff1": 0.860178,
                "nauc_map_at_1_max": 0.718231,
                "nauc_map_at_1_std": 0.016182,
                "nauc_map_at_1_diff1": 0.872404,
                "nauc_map_at_3_max": 0.743244,
                "nauc_map_at_3_std": 0.070926,
                "nauc_map_at_3_diff1": 0.85197,
                "nauc_map_at_5_max": 0.744971,
                "nauc_map_at_5_std": 0.077726,
                "nauc_map_at_5_diff1": 0.857578,
                "nauc_map_at_10_max": 0.745149,
                "nauc_map_at_10_std": 0.072495,
                "nauc_map_at_10_diff1": 0.860849,
                "nauc_map_at_20_max": 0.744494,
                "nauc_map_at_20_std": 0.072057,
                "nauc_map_at_20_diff1": 0.860669,
                "nauc_map_at_100_max": 0.743632,
                "nauc_map_at_100_std": 0.070704,
                "nauc_map_at_100_diff1": 0.86029,
                "nauc_map_at_1000_max": 0.743621,
                "nauc_map_at_1000_std": 0.070663,
                "nauc_map_at_1000_diff1": 0.860303,
                "nauc_recall_at_1_max": 0.718231,
                "nauc_recall_at_1_std": 0.016182,
                "nauc_recall_at_1_diff1": 0.872404,
                "nauc_recall_at_3_max": 0.789759,
                "nauc_recall_at_3_std": 0.180469,
                "nauc_recall_at_3_diff1": 0.809382,
                "nauc_recall_at_5_max": 0.8215,
                "nauc_recall_at_5_std": 0.285207,
                "nauc_recall_at_5_diff1": 0.842599,
                "nauc_recall_at_10_max": 0.904855,
                "nauc_recall_at_10_std": 0.338954,
                "nauc_recall_at_10_diff1": 0.918114,
                "nauc_recall_at_20_max": 0.901494,
                "nauc_recall_at_20_std": 0.36599,
                "nauc_recall_at_20_diff1": 0.918067,
                "nauc_recall_at_100_max": 1.0,
                "nauc_recall_at_100_std": 1.0,
                "nauc_recall_at_100_diff1": 0.554155,
                "nauc_recall_at_1000_max": NaN,
                "nauc_recall_at_1000_std": NaN,
                "nauc_recall_at_1000_diff1": NaN,
                "nauc_precision_at_1_max": 0.718231,
                "nauc_precision_at_1_std": 0.016182,
                "nauc_precision_at_1_diff1": 0.872404,
                "nauc_precision_at_3_max": 0.789759,
                "nauc_precision_at_3_std": 0.180469,
                "nauc_precision_at_3_diff1": 0.809382,
                "nauc_precision_at_5_max": 0.8215,
                "nauc_precision_at_5_std": 0.285207,
                "nauc_precision_at_5_diff1": 0.842599,
                "nauc_precision_at_10_max": 0.904855,
                "nauc_precision_at_10_std": 0.338954,
                "nauc_precision_at_10_diff1": 0.918114,
                "nauc_precision_at_20_max": 0.901494,
                "nauc_precision_at_20_std": 0.36599,
                "nauc_precision_at_20_diff1": 0.918067,
                "nauc_precision_at_100_max": 1.0,
                "nauc_precision_at_100_std": 1.0,
                "nauc_precision_at_100_diff1": 0.554155,
                "nauc_precision_at_1000_max": 1.0,
                "nauc_precision_at_1000_std": 1.0,
                "nauc_precision_at_1000_diff1": 1.0,
                "nauc_mrr_at_1_max": 0.718231,
                "nauc_mrr_at_1_std": 0.016182,
                "nauc_mrr_at_1_diff1": 0.872404,
                "nauc_mrr_at_3_max": 0.743244,
                "nauc_mrr_at_3_std": 0.070926,
                "nauc_mrr_at_3_diff1": 0.85197,
                "nauc_mrr_at_5_max": 0.744971,
                "nauc_mrr_at_5_std": 0.077726,
                "nauc_mrr_at_5_diff1": 0.857578,
                "nauc_mrr_at_10_max": 0.745149,
                "nauc_mrr_at_10_std": 0.072495,
                "nauc_mrr_at_10_diff1": 0.860849,
                "nauc_mrr_at_20_max": 0.744494,
                "nauc_mrr_at_20_std": 0.072057,
                "nauc_mrr_at_20_diff1": 0.860669,
                "nauc_mrr_at_100_max": 0.743632,
                "nauc_mrr_at_100_std": 0.070704,
                "nauc_mrr_at_100_diff1": 0.86029,
                "nauc_mrr_at_1000_max": 0.743621,
                "nauc_mrr_at_1000_std": 0.070663,
                "nauc_mrr_at_1000_diff1": 0.860303,
                "main_score": 0.87236,
                "hf_subset": "default",
                "languages": [
                    "slk-Latn"
                ]
            }
        ]
    },
    "evaluation_time": 366.8487284183502,
    "kg_co2_emissions": null
}
