{
    "dataset_revision": "3997eba1c60721e34f7b01db400f5b14a40218ea",
    "task_name": "SkQuadReranking",
    "mteb_version": "1.39.7",
    "scores": {
        "test": [
            {
                "ndcg_at_1": 0.67255,
                "ndcg_at_3": 0.69952,
                "ndcg_at_5": 0.74049,
                "ndcg_at_10": 0.79652,
                "ndcg_at_20": 0.80578,
                "ndcg_at_100": 0.80578,
                "ndcg_at_1000": 0.80578,
                "map_at_1": 0.51162,
                "map_at_3": 0.63487,
                "map_at_5": 0.66692,
                "map_at_10": 0.70285,
                "map_at_20": 0.70806,
                "map_at_100": 0.70806,
                "map_at_1000": 0.70806,
                "recall_at_1": 0.51162,
                "recall_at_3": 0.74254,
                "recall_at_5": 0.82922,
                "recall_at_10": 0.97337,
                "recall_at_20": 1.0,
                "recall_at_100": 1.0,
                "recall_at_1000": 1.0,
                "accuracy": 0.51162,
                "precision_at_1": 0.67255,
                "precision_at_3": 0.33892,
                "precision_at_5": 0.23566,
                "precision_at_10": 0.14713,
                "precision_at_20": 0.07643,
                "precision_at_100": 0.01529,
                "precision_at_1000": 0.00153,
                "mrr_at_1": 0.672551,
                "mrr_at_3": 0.781259,
                "mrr_at_5": 0.791762,
                "mrr_at_10": 0.797479,
                "mrr_at_20": 0.797719,
                "mrr_at_100": 0.797719,
                "mrr_at_1000": 0.797719,
                "nauc_ndcg_at_1_max": 0.190491,
                "nauc_ndcg_at_1_std": 0.190148,
                "nauc_ndcg_at_1_diff1": 0.374223,
                "nauc_ndcg_at_3_max": 0.105939,
                "nauc_ndcg_at_3_std": 0.201726,
                "nauc_ndcg_at_3_diff1": 0.252685,
                "nauc_ndcg_at_5_max": 0.134008,
                "nauc_ndcg_at_5_std": 0.209422,
                "nauc_ndcg_at_5_diff1": 0.278381,
                "nauc_ndcg_at_10_max": 0.132448,
                "nauc_ndcg_at_10_std": 0.198074,
                "nauc_ndcg_at_10_diff1": 0.287611,
                "nauc_ndcg_at_20_max": 0.149057,
                "nauc_ndcg_at_20_std": 0.208044,
                "nauc_ndcg_at_20_diff1": 0.294124,
                "nauc_ndcg_at_100_max": 0.149057,
                "nauc_ndcg_at_100_std": 0.208044,
                "nauc_ndcg_at_100_diff1": 0.294124,
                "nauc_ndcg_at_1000_max": 0.149057,
                "nauc_ndcg_at_1000_std": 0.208044,
                "nauc_ndcg_at_1000_diff1": 0.294124,
                "nauc_map_at_1_max": 0.054875,
                "nauc_map_at_1_std": 0.10561,
                "nauc_map_at_1_diff1": 0.310375,
                "nauc_map_at_3_max": 0.079302,
                "nauc_map_at_3_std": 0.168303,
                "nauc_map_at_3_diff1": 0.263788,
                "nauc_map_at_5_max": 0.100703,
                "nauc_map_at_5_std": 0.175305,
                "nauc_map_at_5_diff1": 0.275126,
                "nauc_map_at_10_max": 0.103591,
                "nauc_map_at_10_std": 0.17289,
                "nauc_map_at_10_diff1": 0.276699,
                "nauc_map_at_20_max": 0.110054,
                "nauc_map_at_20_std": 0.177136,
                "nauc_map_at_20_diff1": 0.279049,
                "nauc_map_at_100_max": 0.110054,
                "nauc_map_at_100_std": 0.177136,
                "nauc_map_at_100_diff1": 0.279049,
                "nauc_map_at_1000_max": 0.110054,
                "nauc_map_at_1000_std": 0.177136,
                "nauc_map_at_1000_diff1": 0.279049,
                "nauc_recall_at_1_max": 0.054875,
                "nauc_recall_at_1_std": 0.10561,
                "nauc_recall_at_1_diff1": 0.310375,
                "nauc_recall_at_3_max": 0.046745,
                "nauc_recall_at_3_std": 0.190406,
                "nauc_recall_at_3_diff1": 0.157091,
                "nauc_recall_at_5_max": 0.09139,
                "nauc_recall_at_5_std": 0.192372,
                "nauc_recall_at_5_diff1": 0.186673,
                "nauc_recall_at_10_max": -0.152814,
                "nauc_recall_at_10_std": 0.007182,
                "nauc_recall_at_10_diff1": 0.112266,
                "nauc_recall_at_20_max": NaN,
                "nauc_recall_at_20_std": NaN,
                "nauc_recall_at_20_diff1": NaN,
                "nauc_recall_at_100_max": NaN,
                "nauc_recall_at_100_std": NaN,
                "nauc_recall_at_100_diff1": NaN,
                "nauc_recall_at_1000_max": NaN,
                "nauc_recall_at_1000_std": NaN,
                "nauc_recall_at_1000_diff1": NaN,
                "nauc_precision_at_1_max": 0.190491,
                "nauc_precision_at_1_std": 0.190148,
                "nauc_precision_at_1_diff1": 0.374223,
                "nauc_precision_at_3_max": 0.200434,
                "nauc_precision_at_3_std": 0.248294,
                "nauc_precision_at_3_diff1": 0.026867,
                "nauc_precision_at_5_max": 0.191896,
                "nauc_precision_at_5_std": 0.162562,
                "nauc_precision_at_5_diff1": -0.022527,
                "nauc_precision_at_10_max": 0.118798,
                "nauc_precision_at_10_std": 0.04367,
                "nauc_precision_at_10_diff1": -0.118368,
                "nauc_precision_at_20_max": 0.134104,
                "nauc_precision_at_20_std": 0.047068,
                "nauc_precision_at_20_diff1": -0.124215,
                "nauc_precision_at_100_max": 0.134104,
                "nauc_precision_at_100_std": 0.047068,
                "nauc_precision_at_100_diff1": -0.124215,
                "nauc_precision_at_1000_max": 0.134104,
                "nauc_precision_at_1000_std": 0.047068,
                "nauc_precision_at_1000_diff1": -0.124215,
                "nauc_mrr_at_1_max": 0.190491,
                "nauc_mrr_at_1_std": 0.190148,
                "nauc_mrr_at_1_diff1": 0.374223,
                "nauc_mrr_at_3_max": 0.237432,
                "nauc_mrr_at_3_std": 0.280797,
                "nauc_mrr_at_3_diff1": 0.328282,
                "nauc_mrr_at_5_max": 0.238428,
                "nauc_mrr_at_5_std": 0.275702,
                "nauc_mrr_at_5_diff1": 0.345915,
                "nauc_mrr_at_10_max": 0.229252,
                "nauc_mrr_at_10_std": 0.260437,
                "nauc_mrr_at_10_diff1": 0.346561,
                "nauc_mrr_at_20_max": 0.228544,
                "nauc_mrr_at_20_std": 0.259545,
                "nauc_mrr_at_20_diff1": 0.346083,
                "nauc_mrr_at_100_max": 0.228544,
                "nauc_mrr_at_100_std": 0.259545,
                "nauc_mrr_at_100_diff1": 0.346083,
                "nauc_mrr_at_1000_max": 0.228544,
                "nauc_mrr_at_1000_std": 0.259545,
                "nauc_mrr_at_1000_diff1": 0.346083,
                "cv_recall_at_1": 0.67255,
                "cv_recall_at_3": 0.91262,
                "cv_recall_at_5": 0.95675,
                "cv_recall_at_10": 0.99735,
                "cv_recall_at_20": 1.0,
                "cv_recall_at_100": 1.0,
                "cv_recall_at_1000": 1.0,
                "main_score": 0.70806,
                "hf_subset": "default",
                "languages": [
                    "slk-Latn"
                ]
            }
        ]
    },
    "evaluation_time": 27.96568727493286,
    "kg_co2_emissions": null
}
