{
    "dataset_revision": "09f81f51dd5b8497da16d02c69c98d5cb5993ef2",
    "task_name": "SKQuadRetrieval",
    "mteb_version": "1.39.7",
    "scores": {
        "test": [
            {
                "ndcg_at_1": 0.58501,
                "ndcg_at_3": 0.63685,
                "ndcg_at_5": 0.65952,
                "ndcg_at_10": 0.6792,
                "ndcg_at_20": 0.7003,
                "ndcg_at_100": 0.72144,
                "ndcg_at_1000": 0.7284,
                "map_at_1": 0.39804,
                "map_at_3": 0.519,
                "map_at_5": 0.5382,
                "map_at_10": 0.55209,
                "map_at_20": 0.56368,
                "map_at_100": 0.5707,
                "map_at_1000": 0.57131,
                "recall_at_1": 0.39804,
                "recall_at_3": 0.63397,
                "recall_at_5": 0.69248,
                "recall_at_10": 0.74923,
                "recall_at_20": 0.82687,
                "recall_at_100": 0.93524,
                "recall_at_1000": 0.98843,
                "accuracy": 0.39804,
                "precision_at_1": 0.59524,
                "precision_at_3": 0.32951,
                "precision_at_5": 0.22063,
                "precision_at_10": 0.12346,
                "precision_at_20": 0.07143,
                "precision_at_100": 0.01703,
                "precision_at_1000": 0.00183,
                "mrr_at_1": 0.595238,
                "mrr_at_3": 0.731628,
                "mrr_at_5": 0.742651,
                "mrr_at_10": 0.746395,
                "mrr_at_20": 0.74748,
                "mrr_at_100": 0.747696,
                "mrr_at_1000": 0.747717,
                "nauc_ndcg_at_1_max": 0.092828,
                "nauc_ndcg_at_1_std": -0.167398,
                "nauc_ndcg_at_1_diff1": 0.410302,
                "nauc_ndcg_at_3_max": 0.089796,
                "nauc_ndcg_at_3_std": -0.163455,
                "nauc_ndcg_at_3_diff1": 0.271734,
                "nauc_ndcg_at_5_max": 0.086262,
                "nauc_ndcg_at_5_std": -0.166337,
                "nauc_ndcg_at_5_diff1": 0.285384,
                "nauc_ndcg_at_10_max": 0.079891,
                "nauc_ndcg_at_10_std": -0.157521,
                "nauc_ndcg_at_10_diff1": 0.2922,
                "nauc_ndcg_at_20_max": 0.093356,
                "nauc_ndcg_at_20_std": -0.121017,
                "nauc_ndcg_at_20_diff1": 0.299607,
                "nauc_ndcg_at_100_max": 0.108087,
                "nauc_ndcg_at_100_std": -0.108637,
                "nauc_ndcg_at_100_diff1": 0.308537,
                "nauc_ndcg_at_1000_max": 0.107331,
                "nauc_ndcg_at_1000_std": -0.122027,
                "nauc_ndcg_at_1000_diff1": 0.311161,
                "nauc_map_at_1_max": -0.001675,
                "nauc_map_at_1_std": -0.176969,
                "nauc_map_at_1_diff1": 0.361369,
                "nauc_map_at_3_max": 0.020314,
                "nauc_map_at_3_std": -0.184485,
                "nauc_map_at_3_diff1": 0.274947,
                "nauc_map_at_5_max": 0.02321,
                "nauc_map_at_5_std": -0.18225,
                "nauc_map_at_5_diff1": 0.278918,
                "nauc_map_at_10_max": 0.027798,
                "nauc_map_at_10_std": -0.176714,
                "nauc_map_at_10_diff1": 0.282668,
                "nauc_map_at_20_max": 0.036521,
                "nauc_map_at_20_std": -0.161182,
                "nauc_map_at_20_diff1": 0.284398,
                "nauc_map_at_100_max": 0.040948,
                "nauc_map_at_100_std": -0.156373,
                "nauc_map_at_100_diff1": 0.286204,
                "nauc_map_at_1000_max": 0.040916,
                "nauc_map_at_1000_std": -0.157012,
                "nauc_map_at_1000_diff1": 0.286301,
                "nauc_recall_at_1_max": -0.001675,
                "nauc_recall_at_1_std": -0.176969,
                "nauc_recall_at_1_diff1": 0.361369,
                "nauc_recall_at_3_max": 0.016822,
                "nauc_recall_at_3_std": -0.153148,
                "nauc_recall_at_3_diff1": 0.127825,
                "nauc_recall_at_5_max": 0.000748,
                "nauc_recall_at_5_std": -0.142509,
                "nauc_recall_at_5_diff1": 0.115719,
                "nauc_recall_at_10_max": -0.029973,
                "nauc_recall_at_10_std": -0.118023,
                "nauc_recall_at_10_diff1": 0.10719,
                "nauc_recall_at_20_max": -0.004022,
                "nauc_recall_at_20_std": 0.050037,
                "nauc_recall_at_20_diff1": 0.091481,
                "nauc_recall_at_100_max": 0.121962,
                "nauc_recall_at_100_std": 0.381212,
                "nauc_recall_at_100_diff1": 0.081429,
                "nauc_recall_at_1000_max": 0.330351,
                "nauc_recall_at_1000_std": 0.731155,
                "nauc_recall_at_1000_diff1": -3.8e-05,
                "nauc_precision_at_1_max": 0.098715,
                "nauc_precision_at_1_std": -0.167926,
                "nauc_precision_at_1_diff1": 0.397252,
                "nauc_precision_at_3_max": 0.227985,
                "nauc_precision_at_3_std": -0.013076,
                "nauc_precision_at_3_diff1": -0.017281,
                "nauc_precision_at_5_max": 0.217579,
                "nauc_precision_at_5_std": 0.054367,
                "nauc_precision_at_5_diff1": -0.055045,
                "nauc_precision_at_10_max": 0.181524,
                "nauc_precision_at_10_std": 0.108306,
                "nauc_precision_at_10_diff1": -0.058536,
                "nauc_precision_at_20_max": 0.189492,
                "nauc_precision_at_20_std": 0.225381,
                "nauc_precision_at_20_diff1": -0.071297,
                "nauc_precision_at_100_max": 0.189765,
                "nauc_precision_at_100_std": 0.254789,
                "nauc_precision_at_100_diff1": -0.094285,
                "nauc_precision_at_1000_max": 0.17225,
                "nauc_precision_at_1000_std": 0.201616,
                "nauc_precision_at_1000_diff1": -0.107723,
                "nauc_mrr_at_1_max": 0.098715,
                "nauc_mrr_at_1_std": -0.167926,
                "nauc_mrr_at_1_diff1": 0.397252,
                "nauc_mrr_at_3_max": 0.175503,
                "nauc_mrr_at_3_std": -0.147161,
                "nauc_mrr_at_3_diff1": 0.338038,
                "nauc_mrr_at_5_max": 0.175528,
                "nauc_mrr_at_5_std": -0.150583,
                "nauc_mrr_at_5_diff1": 0.349982,
                "nauc_mrr_at_10_max": 0.169616,
                "nauc_mrr_at_10_std": -0.149861,
                "nauc_mrr_at_10_diff1": 0.354349,
                "nauc_mrr_at_20_max": 0.167862,
                "nauc_mrr_at_20_std": -0.148494,
                "nauc_mrr_at_20_diff1": 0.354985,
                "nauc_mrr_at_100_max": 0.167055,
                "nauc_mrr_at_100_std": -0.149132,
                "nauc_mrr_at_100_diff1": 0.355098,
                "nauc_mrr_at_1000_max": 0.166972,
                "nauc_mrr_at_1000_std": -0.14924,
                "nauc_mrr_at_1000_diff1": 0.355069,
                "cv_recall_at_1": 0.59524,
                "cv_recall_at_3": 0.89418,
                "cv_recall_at_5": 0.94268,
                "cv_recall_at_10": 0.9709,
                "cv_recall_at_20": 0.98677,
                "cv_recall_at_100": 0.99559,
                "cv_recall_at_1000": 0.99912,
                "main_score": 0.6792,
                "hf_subset": "default",
                "languages": [
                    "slk-Latn"
                ]
            }
        ]
    },
    "evaluation_time": 24.230794429779053,
    "kg_co2_emissions": null
}
