{
    "dataset_revision": "962818770efbb0395130a3abb04dcae3b4ef7c30",
    "task_name": "SlovakPharmacyMojaLekarenReranking",
    "mteb_version": "1.39.7",
    "scores": {
        "test": [
            {
                "ndcg_at_1": 0.92412,
                "ndcg_at_3": 0.96716,
                "ndcg_at_5": 0.96943,
                "ndcg_at_10": 0.96943,
                "ndcg_at_20": 0.96943,
                "ndcg_at_100": 0.96943,
                "ndcg_at_1000": 0.96943,
                "map_at_1": 0.92412,
                "map_at_3": 0.95754,
                "map_at_5": 0.95883,
                "map_at_10": 0.95883,
                "map_at_20": 0.95883,
                "map_at_100": 0.95883,
                "map_at_1000": 0.95883,
                "recall_at_1": 0.92412,
                "recall_at_3": 0.99458,
                "recall_at_5": 1.0,
                "recall_at_10": 1.0,
                "recall_at_20": 1.0,
                "recall_at_100": 1.0,
                "recall_at_1000": 1.0,
                "accuracy": 0.92412,
                "precision_at_1": 0.92412,
                "precision_at_3": 0.33153,
                "precision_at_5": 0.2,
                "precision_at_10": 0.1,
                "precision_at_20": 0.05,
                "precision_at_100": 0.01,
                "precision_at_1000": 0.001,
                "mrr_at_1": 0.924119,
                "mrr_at_3": 0.957543,
                "mrr_at_5": 0.95883,
                "mrr_at_10": 0.95883,
                "mrr_at_20": 0.95883,
                "mrr_at_100": 0.95883,
                "mrr_at_1000": 0.95883,
                "nauc_ndcg_at_1_max": 0.475298,
                "nauc_ndcg_at_1_std": 0.533626,
                "nauc_ndcg_at_1_diff1": 0.880058,
                "nauc_ndcg_at_3_max": 0.528161,
                "nauc_ndcg_at_3_std": 0.56061,
                "nauc_ndcg_at_3_diff1": 0.877046,
                "nauc_ndcg_at_5_max": 0.504055,
                "nauc_ndcg_at_5_std": 0.548676,
                "nauc_ndcg_at_5_diff1": 0.878903,
                "nauc_ndcg_at_10_max": 0.504055,
                "nauc_ndcg_at_10_std": 0.548676,
                "nauc_ndcg_at_10_diff1": 0.878903,
                "nauc_ndcg_at_20_max": 0.504055,
                "nauc_ndcg_at_20_std": 0.548676,
                "nauc_ndcg_at_20_diff1": 0.878903,
                "nauc_ndcg_at_100_max": 0.504055,
                "nauc_ndcg_at_100_std": 0.548676,
                "nauc_ndcg_at_100_diff1": 0.878903,
                "nauc_ndcg_at_1000_max": 0.504055,
                "nauc_ndcg_at_1000_std": 0.548676,
                "nauc_ndcg_at_1000_diff1": 0.878903,
                "nauc_map_at_1_max": 0.475298,
                "nauc_map_at_1_std": 0.533626,
                "nauc_map_at_1_diff1": 0.880058,
                "nauc_map_at_3_max": 0.512627,
                "nauc_map_at_3_std": 0.552673,
                "nauc_map_at_3_diff1": 0.878029,
                "nauc_map_at_5_max": 0.502133,
                "nauc_map_at_5_std": 0.547636,
                "nauc_map_at_5_diff1": 0.878959,
                "nauc_map_at_10_max": 0.502133,
                "nauc_map_at_10_std": 0.547636,
                "nauc_map_at_10_diff1": 0.878959,
                "nauc_map_at_20_max": 0.502133,
                "nauc_map_at_20_std": 0.547636,
                "nauc_map_at_20_diff1": 0.878959,
                "nauc_map_at_100_max": 0.502133,
                "nauc_map_at_100_std": 0.547636,
                "nauc_map_at_100_diff1": 0.878959,
                "nauc_map_at_1000_max": 0.502133,
                "nauc_map_at_1000_std": 0.547636,
                "nauc_map_at_1000_diff1": 0.878959,
                "nauc_recall_at_1_max": 0.475298,
                "nauc_recall_at_1_std": 0.533626,
                "nauc_recall_at_1_diff1": 0.880058,
                "nauc_recall_at_3_max": 0.855847,
                "nauc_recall_at_3_std": 0.728075,
                "nauc_recall_at_3_diff1": 0.855847,
                "nauc_recall_at_5_max": NaN,
                "nauc_recall_at_5_std": NaN,
                "nauc_recall_at_5_diff1": NaN,
                "nauc_recall_at_10_max": NaN,
                "nauc_recall_at_10_std": NaN,
                "nauc_recall_at_10_diff1": NaN,
                "nauc_recall_at_20_max": NaN,
                "nauc_recall_at_20_std": NaN,
                "nauc_recall_at_20_diff1": NaN,
                "nauc_recall_at_100_max": NaN,
                "nauc_recall_at_100_std": NaN,
                "nauc_recall_at_100_diff1": NaN,
                "nauc_recall_at_1000_max": NaN,
                "nauc_recall_at_1000_std": NaN,
                "nauc_recall_at_1000_diff1": NaN,
                "nauc_precision_at_1_max": 0.475298,
                "nauc_precision_at_1_std": 0.533626,
                "nauc_precision_at_1_diff1": 0.880058,
                "nauc_precision_at_3_max": 0.855847,
                "nauc_precision_at_3_std": 0.728075,
                "nauc_precision_at_3_diff1": 0.855847,
                "nauc_precision_at_5_max": NaN,
                "nauc_precision_at_5_std": NaN,
                "nauc_precision_at_5_diff1": NaN,
                "nauc_precision_at_10_max": NaN,
                "nauc_precision_at_10_std": NaN,
                "nauc_precision_at_10_diff1": NaN,
                "nauc_precision_at_20_max": NaN,
                "nauc_precision_at_20_std": NaN,
                "nauc_precision_at_20_diff1": NaN,
                "nauc_precision_at_100_max": NaN,
                "nauc_precision_at_100_std": NaN,
                "nauc_precision_at_100_diff1": NaN,
                "nauc_precision_at_1000_max": 1.0,
                "nauc_precision_at_1000_std": 1.0,
                "nauc_precision_at_1000_diff1": 1.0,
                "nauc_mrr_at_1_max": 0.475298,
                "nauc_mrr_at_1_std": 0.533626,
                "nauc_mrr_at_1_diff1": 0.880058,
                "nauc_mrr_at_3_max": 0.512627,
                "nauc_mrr_at_3_std": 0.552673,
                "nauc_mrr_at_3_diff1": 0.878029,
                "nauc_mrr_at_5_max": 0.502133,
                "nauc_mrr_at_5_std": 0.547636,
                "nauc_mrr_at_5_diff1": 0.878959,
                "nauc_mrr_at_10_max": 0.502133,
                "nauc_mrr_at_10_std": 0.547636,
                "nauc_mrr_at_10_diff1": 0.878959,
                "nauc_mrr_at_20_max": 0.502133,
                "nauc_mrr_at_20_std": 0.547636,
                "nauc_mrr_at_20_diff1": 0.878959,
                "nauc_mrr_at_100_max": 0.502133,
                "nauc_mrr_at_100_std": 0.547636,
                "nauc_mrr_at_100_diff1": 0.878959,
                "nauc_mrr_at_1000_max": 0.502133,
                "nauc_mrr_at_1000_std": 0.547636,
                "nauc_mrr_at_1000_diff1": 0.878959,
                "cv_recall_at_1": 0.92412,
                "cv_recall_at_3": 0.99458,
                "cv_recall_at_5": 1.0,
                "cv_recall_at_10": 1.0,
                "cv_recall_at_20": 1.0,
                "cv_recall_at_100": 1.0,
                "cv_recall_at_1000": 1.0,
                "main_score": 0.95883,
                "hf_subset": "default",
                "languages": [
                    "slk-Latn"
                ]
            }
        ]
    },
    "evaluation_time": 7.979071855545044,
    "kg_co2_emissions": null
}
