{
    "dataset_revision": "79914f425b59d8b9fabb6d38c37f6d81f9723f46",
    "task_name": "SlovakNLI",
    "mteb_version": "1.39.7",
    "scores": {
        "test": [
            {
                "similarity_accuracy": 0.659686,
                "similarity_f1": 0.715631,
                "similarity_precision": 0.58104,
                "similarity_recall": 0.931373,
                "similarity_ap": 0.688856,
                "cosine_accuracy": 0.659686,
                "cosine_f1": 0.715631,
                "cosine_precision": 0.58104,
                "cosine_recall": 0.931373,
                "cosine_ap": 0.688856,
                "manhattan_accuracy": 0.670157,
                "manhattan_f1": 0.712946,
                "manhattan_precision": 0.577508,
                "manhattan_recall": 0.931373,
                "manhattan_ap": 0.694093,
                "euclidean_accuracy": 0.675393,
                "euclidean_f1": 0.718336,
                "euclidean_precision": 0.584615,
                "euclidean_recall": 0.931373,
                "euclidean_ap": 0.691294,
                "dot_accuracy": 0.570681,
                "dot_f1": 0.69863,
                "dot_precision": 0.536842,
                "dot_recall": 1.0,
                "dot_ap": 0.583451,
                "max_accuracy": 0.675393,
                "max_f1": 0.718336,
                "max_precision": 0.584615,
                "max_recall": 1.0,
                "max_ap": 0.694093,
                "main_score": 0.694093,
                "hf_subset": "default",
                "languages": [
                    "slk-Latn"
                ]
            }
        ]
    },
    "evaluation_time": 0.26843833923339844,
    "kg_co2_emissions": null
}
