{
    "dataset_revision": "82320d7f1d6561a12516605ec24f5d61aceb915c",
    "task_name": "SlovakPharmacyMojaLekarenReranking",
    "mteb_version": "1.39.7",
    "scores": {
        "test": [
            {
                "ndcg_at_1": 0.91463,
                "ndcg_at_3": 0.96348,
                "ndcg_at_5": 0.96575,
                "ndcg_at_10": 0.96575,
                "ndcg_at_20": 0.96575,
                "ndcg_at_100": 0.96575,
                "ndcg_at_1000": 0.96575,
                "map_at_1": 0.91463,
                "map_at_3": 0.95257,
                "map_at_5": 0.95386,
                "map_at_10": 0.95386,
                "map_at_20": 0.95386,
                "map_at_100": 0.95386,
                "map_at_1000": 0.95386,
                "recall_at_1": 0.91463,
                "recall_at_3": 0.99458,
                "recall_at_5": 1.0,
                "recall_at_10": 1.0,
                "recall_at_20": 1.0,
                "recall_at_100": 1.0,
                "recall_at_1000": 1.0,
                "accuracy": 0.91463,
                "precision_at_1": 0.91463,
                "precision_at_3": 0.33153,
                "precision_at_5": 0.2,
                "precision_at_10": 0.1,
                "precision_at_20": 0.05,
                "precision_at_100": 0.01,
                "precision_at_1000": 0.001,
                "mrr_at_1": 0.914634,
                "mrr_at_3": 0.952575,
                "mrr_at_5": 0.953862,
                "mrr_at_10": 0.953862,
                "mrr_at_20": 0.953862,
                "mrr_at_100": 0.953862,
                "mrr_at_1000": 0.953862,
                "nauc_ndcg_at_1_max": 0.521769,
                "nauc_ndcg_at_1_std": 0.539693,
                "nauc_ndcg_at_1_diff1": 0.893124,
                "nauc_ndcg_at_3_max": 0.56494,
                "nauc_ndcg_at_3_std": 0.56998,
                "nauc_ndcg_at_3_diff1": 0.887038,
                "nauc_ndcg_at_5_max": 0.545866,
                "nauc_ndcg_at_5_std": 0.55661,
                "nauc_ndcg_at_5_diff1": 0.88936,
                "nauc_ndcg_at_10_max": 0.545866,
                "nauc_ndcg_at_10_std": 0.55661,
                "nauc_ndcg_at_10_diff1": 0.88936,
                "nauc_ndcg_at_20_max": 0.545866,
                "nauc_ndcg_at_20_std": 0.55661,
                "nauc_ndcg_at_20_diff1": 0.88936,
                "nauc_ndcg_at_100_max": 0.545866,
                "nauc_ndcg_at_100_std": 0.55661,
                "nauc_ndcg_at_100_diff1": 0.88936,
                "nauc_ndcg_at_1000_max": 0.545866,
                "nauc_ndcg_at_1000_std": 0.55661,
                "nauc_ndcg_at_1000_diff1": 0.88936,
                "nauc_map_at_1_max": 0.521769,
                "nauc_map_at_1_std": 0.539693,
                "nauc_map_at_1_diff1": 0.893124,
                "nauc_map_at_3_max": 0.552515,
                "nauc_map_at_3_std": 0.561159,
                "nauc_map_at_3_diff1": 0.888449,
                "nauc_map_at_5_max": 0.544264,
                "nauc_map_at_5_std": 0.555463,
                "nauc_map_at_5_diff1": 0.88957,
                "nauc_map_at_10_max": 0.544264,
                "nauc_map_at_10_std": 0.555463,
                "nauc_map_at_10_diff1": 0.88957,
                "nauc_map_at_20_max": 0.544264,
                "nauc_map_at_20_std": 0.555463,
                "nauc_map_at_20_diff1": 0.88957,
                "nauc_map_at_100_max": 0.544264,
                "nauc_map_at_100_std": 0.555463,
                "nauc_map_at_100_diff1": 0.88957,
                "nauc_map_at_1000_max": 0.544264,
                "nauc_map_at_1000_std": 0.555463,
                "nauc_map_at_1000_diff1": 0.88957,
                "nauc_recall_at_1_max": 0.521769,
                "nauc_recall_at_1_std": 0.539693,
                "nauc_recall_at_1_diff1": 0.893124,
                "nauc_recall_at_3_max": 0.855847,
                "nauc_recall_at_3_std": 0.777073,
                "nauc_recall_at_3_diff1": 0.855847,
                "nauc_recall_at_5_max": NaN,
                "nauc_recall_at_5_std": NaN,
                "nauc_recall_at_5_diff1": NaN,
                "nauc_recall_at_10_max": NaN,
                "nauc_recall_at_10_std": NaN,
                "nauc_recall_at_10_diff1": NaN,
                "nauc_recall_at_20_max": NaN,
                "nauc_recall_at_20_std": NaN,
                "nauc_recall_at_20_diff1": NaN,
                "nauc_recall_at_100_max": NaN,
                "nauc_recall_at_100_std": NaN,
                "nauc_recall_at_100_diff1": NaN,
                "nauc_recall_at_1000_max": NaN,
                "nauc_recall_at_1000_std": NaN,
                "nauc_recall_at_1000_diff1": NaN,
                "nauc_precision_at_1_max": 0.521769,
                "nauc_precision_at_1_std": 0.539693,
                "nauc_precision_at_1_diff1": 0.893124,
                "nauc_precision_at_3_max": 0.855847,
                "nauc_precision_at_3_std": 0.777073,
                "nauc_precision_at_3_diff1": 0.855847,
                "nauc_precision_at_5_max": NaN,
                "nauc_precision_at_5_std": NaN,
                "nauc_precision_at_5_diff1": NaN,
                "nauc_precision_at_10_max": NaN,
                "nauc_precision_at_10_std": NaN,
                "nauc_precision_at_10_diff1": NaN,
                "nauc_precision_at_20_max": NaN,
                "nauc_precision_at_20_std": NaN,
                "nauc_precision_at_20_diff1": NaN,
                "nauc_precision_at_100_max": NaN,
                "nauc_precision_at_100_std": NaN,
                "nauc_precision_at_100_diff1": NaN,
                "nauc_precision_at_1000_max": 1.0,
                "nauc_precision_at_1000_std": 1.0,
                "nauc_precision_at_1000_diff1": 1.0,
                "nauc_mrr_at_1_max": 0.521769,
                "nauc_mrr_at_1_std": 0.539693,
                "nauc_mrr_at_1_diff1": 0.893124,
                "nauc_mrr_at_3_max": 0.552515,
                "nauc_mrr_at_3_std": 0.561159,
                "nauc_mrr_at_3_diff1": 0.888449,
                "nauc_mrr_at_5_max": 0.544264,
                "nauc_mrr_at_5_std": 0.555463,
                "nauc_mrr_at_5_diff1": 0.88957,
                "nauc_mrr_at_10_max": 0.544264,
                "nauc_mrr_at_10_std": 0.555463,
                "nauc_mrr_at_10_diff1": 0.88957,
                "nauc_mrr_at_20_max": 0.544264,
                "nauc_mrr_at_20_std": 0.555463,
                "nauc_mrr_at_20_diff1": 0.88957,
                "nauc_mrr_at_100_max": 0.544264,
                "nauc_mrr_at_100_std": 0.555463,
                "nauc_mrr_at_100_diff1": 0.88957,
                "nauc_mrr_at_1000_max": 0.544264,
                "nauc_mrr_at_1000_std": 0.555463,
                "nauc_mrr_at_1000_diff1": 0.88957,
                "cv_recall_at_1": 0.91463,
                "cv_recall_at_3": 0.99458,
                "cv_recall_at_5": 1.0,
                "cv_recall_at_10": 1.0,
                "cv_recall_at_20": 1.0,
                "cv_recall_at_100": 1.0,
                "cv_recall_at_1000": 1.0,
                "main_score": 0.95386,
                "hf_subset": "default",
                "languages": [
                    "slk-Latn"
                ]
            }
        ]
    },
    "evaluation_time": 7.994609832763672,
    "kg_co2_emissions": null
}
