{
    "dataset_revision": "f64f483ad0f31d2e78209d524c14a4a867965959",
    "task_name": "WebFAQRetrieval",
    "mteb_version": "1.39.7",
    "scores": {
        "test": [
            {
                "ndcg_at_1": 0.74881,
                "ndcg_at_3": 0.81194,
                "ndcg_at_5": 0.82644,
                "ndcg_at_10": 0.83755,
                "ndcg_at_20": 0.84435,
                "ndcg_at_100": 0.85072,
                "ndcg_at_1000": 0.85268,
                "map_at_1": 0.74881,
                "map_at_3": 0.79697,
                "map_at_5": 0.80509,
                "map_at_10": 0.80969,
                "map_at_20": 0.81159,
                "map_at_100": 0.81249,
                "map_at_1000": 0.81258,
                "recall_at_1": 0.74881,
                "recall_at_3": 0.85506,
                "recall_at_5": 0.88995,
                "recall_at_10": 0.9242,
                "recall_at_20": 0.95084,
                "recall_at_100": 0.98478,
                "recall_at_1000": 0.99968,
                "accuracy": 0.74881,
                "precision_at_1": 0.74881,
                "precision_at_3": 0.28502,
                "precision_at_5": 0.17799,
                "precision_at_10": 0.09242,
                "precision_at_20": 0.04754,
                "precision_at_100": 0.00985,
                "precision_at_1000": 0.001,
                "mrr_at_1": 0.748176,
                "mrr_at_3": 0.796543,
                "mrr_at_5": 0.804646,
                "mrr_at_10": 0.809313,
                "mrr_at_20": 0.811208,
                "mrr_at_100": 0.812122,
                "mrr_at_1000": 0.812205,
                "nauc_ndcg_at_1_max": 0.504155,
                "nauc_ndcg_at_1_std": -0.096791,
                "nauc_ndcg_at_1_diff1": 0.824472,
                "nauc_ndcg_at_3_max": 0.512258,
                "nauc_ndcg_at_3_std": -0.143067,
                "nauc_ndcg_at_3_diff1": 0.812501,
                "nauc_ndcg_at_5_max": 0.507243,
                "nauc_ndcg_at_5_std": -0.139642,
                "nauc_ndcg_at_5_diff1": 0.806964,
                "nauc_ndcg_at_10_max": 0.506796,
                "nauc_ndcg_at_10_std": -0.141092,
                "nauc_ndcg_at_10_diff1": 0.812244,
                "nauc_ndcg_at_20_max": 0.505623,
                "nauc_ndcg_at_20_std": -0.140235,
                "nauc_ndcg_at_20_diff1": 0.815963,
                "nauc_ndcg_at_100_max": 0.507978,
                "nauc_ndcg_at_100_std": -0.129479,
                "nauc_ndcg_at_100_diff1": 0.815696,
                "nauc_ndcg_at_1000_max": 0.507751,
                "nauc_ndcg_at_1000_std": -0.129815,
                "nauc_ndcg_at_1000_diff1": 0.815142,
                "nauc_map_at_1_max": 0.504155,
                "nauc_map_at_1_std": -0.096791,
                "nauc_map_at_1_diff1": 0.824472,
                "nauc_map_at_3_max": 0.51036,
                "nauc_map_at_3_std": -0.129463,
                "nauc_map_at_3_diff1": 0.815345,
                "nauc_map_at_5_max": 0.507858,
                "nauc_map_at_5_std": -0.127023,
                "nauc_map_at_5_diff1": 0.81267,
                "nauc_map_at_10_max": 0.507959,
                "nauc_map_at_10_std": -0.126632,
                "nauc_map_at_10_diff1": 0.814694,
                "nauc_map_at_20_max": 0.507797,
                "nauc_map_at_20_std": -0.126193,
                "nauc_map_at_20_diff1": 0.81563,
                "nauc_map_at_100_max": 0.507962,
                "nauc_map_at_100_std": -0.125073,
                "nauc_map_at_100_diff1": 0.815633,
                "nauc_map_at_1000_max": 0.507952,
                "nauc_map_at_1000_std": -0.125054,
                "nauc_map_at_1000_diff1": 0.815609,
                "nauc_recall_at_1_max": 0.504155,
                "nauc_recall_at_1_std": -0.096791,
                "nauc_recall_at_1_diff1": 0.824472,
                "nauc_recall_at_3_max": 0.519321,
                "nauc_recall_at_3_std": -0.19561,
                "nauc_recall_at_3_diff1": 0.801884,
                "nauc_recall_at_5_max": 0.502689,
                "nauc_recall_at_5_std": -0.199227,
                "nauc_recall_at_5_diff1": 0.779108,
                "nauc_recall_at_10_max": 0.494942,
                "nauc_recall_at_10_std": -0.241199,
                "nauc_recall_at_10_diff1": 0.799402,
                "nauc_recall_at_20_max": 0.472578,
                "nauc_recall_at_20_std": -0.287588,
                "nauc_recall_at_20_diff1": 0.833855,
                "nauc_recall_at_100_max": 0.529438,
                "nauc_recall_at_100_std": -0.071219,
                "nauc_recall_at_100_diff1": 0.854497,
                "nauc_recall_at_1000_max": 0.869295,
                "nauc_recall_at_1000_std": 0.869295,
                "nauc_recall_at_1000_diff1": 1.0,
                "nauc_precision_at_1_max": 0.504155,
                "nauc_precision_at_1_std": -0.096791,
                "nauc_precision_at_1_diff1": 0.824472,
                "nauc_precision_at_3_max": 0.519321,
                "nauc_precision_at_3_std": -0.19561,
                "nauc_precision_at_3_diff1": 0.801884,
                "nauc_precision_at_5_max": 0.502689,
                "nauc_precision_at_5_std": -0.199227,
                "nauc_precision_at_5_diff1": 0.779108,
                "nauc_precision_at_10_max": 0.494942,
                "nauc_precision_at_10_std": -0.241199,
                "nauc_precision_at_10_diff1": 0.799402,
                "nauc_precision_at_20_max": 0.472578,
                "nauc_precision_at_20_std": -0.287588,
                "nauc_precision_at_20_diff1": 0.833855,
                "nauc_precision_at_100_max": 0.529438,
                "nauc_precision_at_100_std": -0.071219,
                "nauc_precision_at_100_diff1": 0.854497,
                "nauc_precision_at_1000_max": 0.869295,
                "nauc_precision_at_1000_std": 0.869295,
                "nauc_precision_at_1000_diff1": 1.0,
                "nauc_mrr_at_1_max": 0.505768,
                "nauc_mrr_at_1_std": -0.097437,
                "nauc_mrr_at_1_diff1": 0.825616,
                "nauc_mrr_at_3_max": 0.512309,
                "nauc_mrr_at_3_std": -0.129656,
                "nauc_mrr_at_3_diff1": 0.816338,
                "nauc_mrr_at_5_max": 0.509978,
                "nauc_mrr_at_5_std": -0.128641,
                "nauc_mrr_at_5_diff1": 0.813733,
                "nauc_mrr_at_10_max": 0.509907,
                "nauc_mrr_at_10_std": -0.127863,
                "nauc_mrr_at_10_diff1": 0.815658,
                "nauc_mrr_at_20_max": 0.509711,
                "nauc_mrr_at_20_std": -0.127484,
                "nauc_mrr_at_20_diff1": 0.816604,
                "nauc_mrr_at_100_max": 0.509889,
                "nauc_mrr_at_100_std": -0.126249,
                "nauc_mrr_at_100_diff1": 0.816599,
                "nauc_mrr_at_1000_max": 0.50988,
                "nauc_mrr_at_1000_std": -0.126231,
                "nauc_mrr_at_1000_diff1": 0.816576,
                "cv_recall_at_1": 0.74818,
                "cv_recall_at_3": 0.85442,
                "cv_recall_at_5": 0.88931,
                "cv_recall_at_10": 0.92388,
                "cv_recall_at_20": 0.95052,
                "cv_recall_at_100": 0.98478,
                "cv_recall_at_1000": 0.99968,
                "main_score": 0.83755,
                "hf_subset": "slk",
                "languages": [
                    "slk-Latn"
                ]
            }
        ]
    },
    "evaluation_time": 34.83007311820984,
    "kg_co2_emissions": null
}
