{
    "dataset_revision": "09f81f51dd5b8497da16d02c69c98d5cb5993ef2",
    "task_name": "SKQuadRetrieval",
    "mteb_version": "1.39.7",
    "scores": {
        "test": [
            {
                "ndcg_at_1": 0.5933,
                "ndcg_at_3": 0.6356,
                "ndcg_at_5": 0.65763,
                "ndcg_at_10": 0.67969,
                "ndcg_at_20": 0.69868,
                "ndcg_at_100": 0.71794,
                "ndcg_at_1000": 0.72679,
                "map_at_1": 0.40695,
                "map_at_3": 0.52069,
                "map_at_5": 0.53961,
                "map_at_10": 0.55509,
                "map_at_20": 0.56519,
                "map_at_100": 0.57126,
                "map_at_1000": 0.57193,
                "recall_at_1": 0.40695,
                "recall_at_3": 0.62368,
                "recall_at_5": 0.68105,
                "recall_at_10": 0.74347,
                "recall_at_20": 0.8132,
                "recall_at_100": 0.91101,
                "recall_at_1000": 0.98022,
                "accuracy": 0.40695,
                "precision_at_1": 0.60229,
                "precision_at_3": 0.32334,
                "precision_at_5": 0.21693,
                "precision_at_10": 0.12293,
                "precision_at_20": 0.07019,
                "precision_at_100": 0.01649,
                "precision_at_1000": 0.00181,
                "mrr_at_1": 0.602293,
                "mrr_at_3": 0.731628,
                "mrr_at_5": 0.74274,
                "mrr_at_10": 0.747078,
                "mrr_at_20": 0.748348,
                "mrr_at_100": 0.748681,
                "mrr_at_1000": 0.748713,
                "nauc_ndcg_at_1_max": 0.095472,
                "nauc_ndcg_at_1_std": -0.071872,
                "nauc_ndcg_at_1_diff1": 0.353525,
                "nauc_ndcg_at_3_max": 0.110675,
                "nauc_ndcg_at_3_std": -0.097874,
                "nauc_ndcg_at_3_diff1": 0.279569,
                "nauc_ndcg_at_5_max": 0.121279,
                "nauc_ndcg_at_5_std": -0.083409,
                "nauc_ndcg_at_5_diff1": 0.291144,
                "nauc_ndcg_at_10_max": 0.117402,
                "nauc_ndcg_at_10_std": -0.062721,
                "nauc_ndcg_at_10_diff1": 0.290365,
                "nauc_ndcg_at_20_max": 0.125352,
                "nauc_ndcg_at_20_std": -0.045255,
                "nauc_ndcg_at_20_diff1": 0.297182,
                "nauc_ndcg_at_100_max": 0.137612,
                "nauc_ndcg_at_100_std": -0.024939,
                "nauc_ndcg_at_100_diff1": 0.299305,
                "nauc_ndcg_at_1000_max": 0.135509,
                "nauc_ndcg_at_1000_std": -0.0394,
                "nauc_ndcg_at_1000_diff1": 0.303128,
                "nauc_map_at_1_max": 0.041768,
                "nauc_map_at_1_std": -0.106949,
                "nauc_map_at_1_diff1": 0.322688,
                "nauc_map_at_3_max": 0.053627,
                "nauc_map_at_3_std": -0.119648,
                "nauc_map_at_3_diff1": 0.27046,
                "nauc_map_at_5_max": 0.066388,
                "nauc_map_at_5_std": -0.111635,
                "nauc_map_at_5_diff1": 0.275468,
                "nauc_map_at_10_max": 0.068105,
                "nauc_map_at_10_std": -0.099999,
                "nauc_map_at_10_diff1": 0.272982,
                "nauc_map_at_20_max": 0.074564,
                "nauc_map_at_20_std": -0.091455,
                "nauc_map_at_20_diff1": 0.276021,
                "nauc_map_at_100_max": 0.078101,
                "nauc_map_at_100_std": -0.085867,
                "nauc_map_at_100_diff1": 0.276934,
                "nauc_map_at_1000_max": 0.078057,
                "nauc_map_at_1000_std": -0.086663,
                "nauc_map_at_1000_diff1": 0.27717,
                "nauc_recall_at_1_max": 0.041768,
                "nauc_recall_at_1_std": -0.106949,
                "nauc_recall_at_1_diff1": 0.322688,
                "nauc_recall_at_3_max": 0.048696,
                "nauc_recall_at_3_std": -0.112174,
                "nauc_recall_at_3_diff1": 0.183785,
                "nauc_recall_at_5_max": 0.076053,
                "nauc_recall_at_5_std": -0.074956,
                "nauc_recall_at_5_diff1": 0.186085,
                "nauc_recall_at_10_max": 0.063047,
                "nauc_recall_at_10_std": -0.0082,
                "nauc_recall_at_10_diff1": 0.152198,
                "nauc_recall_at_20_max": 0.080936,
                "nauc_recall_at_20_std": 0.068226,
                "nauc_recall_at_20_diff1": 0.157642,
                "nauc_recall_at_100_max": 0.213196,
                "nauc_recall_at_100_std": 0.396275,
                "nauc_recall_at_100_diff1": 0.121,
                "nauc_recall_at_1000_max": 0.409506,
                "nauc_recall_at_1000_std": 0.64117,
                "nauc_recall_at_1000_diff1": 0.18676,
                "nauc_precision_at_1_max": 0.100465,
                "nauc_precision_at_1_std": -0.071267,
                "nauc_precision_at_1_diff1": 0.34571,
                "nauc_precision_at_3_max": 0.203234,
                "nauc_precision_at_3_std": -0.015065,
                "nauc_precision_at_3_diff1": 0.033092,
                "nauc_precision_at_5_max": 0.22798,
                "nauc_precision_at_5_std": 0.058367,
                "nauc_precision_at_5_diff1": -0.004329,
                "nauc_precision_at_10_max": 0.164893,
                "nauc_precision_at_10_std": 0.129341,
                "nauc_precision_at_10_diff1": -0.057188,
                "nauc_precision_at_20_max": 0.162886,
                "nauc_precision_at_20_std": 0.180829,
                "nauc_precision_at_20_diff1": -0.055658,
                "nauc_precision_at_100_max": 0.164828,
                "nauc_precision_at_100_std": 0.23161,
                "nauc_precision_at_100_diff1": -0.091927,
                "nauc_precision_at_1000_max": 0.131655,
                "nauc_precision_at_1000_std": 0.160304,
                "nauc_precision_at_1000_diff1": -0.108251,
                "nauc_mrr_at_1_max": 0.100465,
                "nauc_mrr_at_1_std": -0.071267,
                "nauc_mrr_at_1_diff1": 0.34571,
                "nauc_mrr_at_3_max": 0.179275,
                "nauc_mrr_at_3_std": -0.056314,
                "nauc_mrr_at_3_diff1": 0.319636,
                "nauc_mrr_at_5_max": 0.181877,
                "nauc_mrr_at_5_std": -0.048369,
                "nauc_mrr_at_5_diff1": 0.327549,
                "nauc_mrr_at_10_max": 0.178406,
                "nauc_mrr_at_10_std": -0.045577,
                "nauc_mrr_at_10_diff1": 0.329293,
                "nauc_mrr_at_20_max": 0.175393,
                "nauc_mrr_at_20_std": -0.046226,
                "nauc_mrr_at_20_diff1": 0.329499,
                "nauc_mrr_at_100_max": 0.174538,
                "nauc_mrr_at_100_std": -0.046848,
                "nauc_mrr_at_100_diff1": 0.329491,
                "nauc_mrr_at_1000_max": 0.174412,
                "nauc_mrr_at_1000_std": -0.047001,
                "nauc_mrr_at_1000_diff1": 0.329427,
                "cv_recall_at_1": 0.60229,
                "cv_recall_at_3": 0.88183,
                "cv_recall_at_5": 0.93034,
                "cv_recall_at_10": 0.9612,
                "cv_recall_at_20": 0.97795,
                "cv_recall_at_100": 0.9903,
                "cv_recall_at_1000": 0.99647,
                "main_score": 0.67969,
                "hf_subset": "default",
                "languages": [
                    "slk-Latn"
                ]
            }
        ]
    },
    "evaluation_time": 20.68122124671936,
    "kg_co2_emissions": null
}
