{
    "dataset_revision": "09f81f51dd5b8497da16d02c69c98d5cb5993ef2",
    "task_name": "SKQuadRetrieval",
    "mteb_version": "1.39.7",
    "scores": {
        "test": [
            {
                "ndcg_at_1": 0.54321,
                "ndcg_at_3": 0.61122,
                "ndcg_at_5": 0.63691,
                "ndcg_at_10": 0.65803,
                "ndcg_at_20": 0.67619,
                "ndcg_at_100": 0.69729,
                "ndcg_at_1000": 0.70688,
                "map_at_1": 0.37796,
                "map_at_3": 0.49833,
                "map_at_5": 0.51964,
                "map_at_10": 0.53425,
                "map_at_20": 0.54373,
                "map_at_100": 0.55012,
                "map_at_1000": 0.55081,
                "recall_at_1": 0.37796,
                "recall_at_3": 0.61082,
                "recall_at_5": 0.67495,
                "recall_at_10": 0.73587,
                "recall_at_20": 0.80143,
                "recall_at_100": 0.90876,
                "recall_at_1000": 0.98444,
                "accuracy": 0.37796,
                "precision_at_1": 0.55379,
                "precision_at_3": 0.31746,
                "precision_at_5": 0.2164,
                "precision_at_10": 0.12213,
                "precision_at_20": 0.06918,
                "precision_at_100": 0.01646,
                "precision_at_1000": 0.00182,
                "mrr_at_1": 0.553792,
                "mrr_at_3": 0.697237,
                "mrr_at_5": 0.71042,
                "mrr_at_10": 0.714587,
                "mrr_at_20": 0.71584,
                "mrr_at_100": 0.716387,
                "mrr_at_1000": 0.716439,
                "nauc_ndcg_at_1_max": 0.068871,
                "nauc_ndcg_at_1_std": -0.06059,
                "nauc_ndcg_at_1_diff1": 0.375235,
                "nauc_ndcg_at_3_max": 0.12266,
                "nauc_ndcg_at_3_std": -0.071304,
                "nauc_ndcg_at_3_diff1": 0.274075,
                "nauc_ndcg_at_5_max": 0.116563,
                "nauc_ndcg_at_5_std": -0.067868,
                "nauc_ndcg_at_5_diff1": 0.277751,
                "nauc_ndcg_at_10_max": 0.128629,
                "nauc_ndcg_at_10_std": -0.046952,
                "nauc_ndcg_at_10_diff1": 0.288918,
                "nauc_ndcg_at_20_max": 0.143282,
                "nauc_ndcg_at_20_std": -0.02049,
                "nauc_ndcg_at_20_diff1": 0.29152,
                "nauc_ndcg_at_100_max": 0.148909,
                "nauc_ndcg_at_100_std": -0.003162,
                "nauc_ndcg_at_100_diff1": 0.290829,
                "nauc_ndcg_at_1000_max": 0.142131,
                "nauc_ndcg_at_1000_std": -0.02073,
                "nauc_ndcg_at_1000_diff1": 0.2979,
                "nauc_map_at_1_max": 0.021772,
                "nauc_map_at_1_std": -0.09951,
                "nauc_map_at_1_diff1": 0.336699,
                "nauc_map_at_3_max": 0.06354,
                "nauc_map_at_3_std": -0.099919,
                "nauc_map_at_3_diff1": 0.275395,
                "nauc_map_at_5_max": 0.064269,
                "nauc_map_at_5_std": -0.097434,
                "nauc_map_at_5_diff1": 0.271853,
                "nauc_map_at_10_max": 0.076445,
                "nauc_map_at_10_std": -0.084584,
                "nauc_map_at_10_diff1": 0.277,
                "nauc_map_at_20_max": 0.08519,
                "nauc_map_at_20_std": -0.072953,
                "nauc_map_at_20_diff1": 0.277458,
                "nauc_map_at_100_max": 0.087793,
                "nauc_map_at_100_std": -0.067249,
                "nauc_map_at_100_diff1": 0.277097,
                "nauc_map_at_1000_max": 0.087499,
                "nauc_map_at_1000_std": -0.067952,
                "nauc_map_at_1000_diff1": 0.277393,
                "nauc_recall_at_1_max": 0.021772,
                "nauc_recall_at_1_std": -0.09951,
                "nauc_recall_at_1_diff1": 0.336699,
                "nauc_recall_at_3_max": 0.088136,
                "nauc_recall_at_3_std": -0.074787,
                "nauc_recall_at_3_diff1": 0.16702,
                "nauc_recall_at_5_max": 0.069299,
                "nauc_recall_at_5_std": -0.066378,
                "nauc_recall_at_5_diff1": 0.146138,
                "nauc_recall_at_10_max": 0.103433,
                "nauc_recall_at_10_std": 0.004546,
                "nauc_recall_at_10_diff1": 0.144303,
                "nauc_recall_at_20_max": 0.158407,
                "nauc_recall_at_20_std": 0.124374,
                "nauc_recall_at_20_diff1": 0.126851,
                "nauc_recall_at_100_max": 0.276661,
                "nauc_recall_at_100_std": 0.43341,
                "nauc_recall_at_100_diff1": 0.046386,
                "nauc_recall_at_1000_max": 0.391668,
                "nauc_recall_at_1000_std": 0.622398,
                "nauc_recall_at_1000_diff1": 0.042582,
                "nauc_precision_at_1_max": 0.07474,
                "nauc_precision_at_1_std": -0.062967,
                "nauc_precision_at_1_diff1": 0.363954,
                "nauc_precision_at_3_max": 0.240479,
                "nauc_precision_at_3_std": 0.027605,
                "nauc_precision_at_3_diff1": 0.042313,
                "nauc_precision_at_5_max": 0.211769,
                "nauc_precision_at_5_std": 0.070863,
                "nauc_precision_at_5_diff1": -0.031938,
                "nauc_precision_at_10_max": 0.203442,
                "nauc_precision_at_10_std": 0.137367,
                "nauc_precision_at_10_diff1": -0.038336,
                "nauc_precision_at_20_max": 0.215013,
                "nauc_precision_at_20_std": 0.210987,
                "nauc_precision_at_20_diff1": -0.061812,
                "nauc_precision_at_100_max": 0.186307,
                "nauc_precision_at_100_std": 0.246212,
                "nauc_precision_at_100_diff1": -0.107543,
                "nauc_precision_at_1000_max": 0.133244,
                "nauc_precision_at_1000_std": 0.157875,
                "nauc_precision_at_1000_diff1": -0.111021,
                "nauc_mrr_at_1_max": 0.07474,
                "nauc_mrr_at_1_std": -0.062967,
                "nauc_mrr_at_1_diff1": 0.363954,
                "nauc_mrr_at_3_max": 0.174768,
                "nauc_mrr_at_3_std": -0.04099,
                "nauc_mrr_at_3_diff1": 0.3185,
                "nauc_mrr_at_5_max": 0.170644,
                "nauc_mrr_at_5_std": -0.038099,
                "nauc_mrr_at_5_diff1": 0.327117,
                "nauc_mrr_at_10_max": 0.170138,
                "nauc_mrr_at_10_std": -0.034982,
                "nauc_mrr_at_10_diff1": 0.330605,
                "nauc_mrr_at_20_max": 0.168791,
                "nauc_mrr_at_20_std": -0.033808,
                "nauc_mrr_at_20_diff1": 0.330953,
                "nauc_mrr_at_100_max": 0.167126,
                "nauc_mrr_at_100_std": -0.03468,
                "nauc_mrr_at_100_diff1": 0.331086,
                "nauc_mrr_at_1000_max": 0.166956,
                "nauc_mrr_at_1000_std": -0.034898,
                "nauc_mrr_at_1000_diff1": 0.331158,
                "cv_recall_at_1": 0.55379,
                "cv_recall_at_3": 0.86332,
                "cv_recall_at_5": 0.91975,
                "cv_recall_at_10": 0.94974,
                "cv_recall_at_20": 0.96649,
                "cv_recall_at_100": 0.98589,
                "cv_recall_at_1000": 0.99735,
                "main_score": 0.65803,
                "hf_subset": "default",
                "languages": [
                    "slk-Latn"
                ]
            }
        ]
    },
    "evaluation_time": 19.207911729812622,
    "kg_co2_emissions": null
}
