{
    "dataset_revision": "3997eba1c60721e34f7b01db400f5b14a40218ea",
    "task_name": "SkQuadReranking",
    "mteb_version": "1.39.7",
    "scores": {
        "test": [
            {
                "ndcg_at_1": 0.67167,
                "ndcg_at_3": 0.6948,
                "ndcg_at_5": 0.74051,
                "ndcg_at_10": 0.79704,
                "ndcg_at_20": 0.80573,
                "ndcg_at_100": 0.80573,
                "ndcg_at_1000": 0.80573,
                "map_at_1": 0.51391,
                "map_at_3": 0.63372,
                "map_at_5": 0.66803,
                "map_at_10": 0.70447,
                "map_at_20": 0.70944,
                "map_at_100": 0.70944,
                "map_at_1000": 0.70944,
                "recall_at_1": 0.51391,
                "recall_at_3": 0.7325,
                "recall_at_5": 0.82977,
                "recall_at_10": 0.97526,
                "recall_at_20": 1.0,
                "recall_at_100": 1.0,
                "recall_at_1000": 1.0,
                "accuracy": 0.51391,
                "precision_at_1": 0.67167,
                "precision_at_3": 0.33451,
                "precision_at_5": 0.23601,
                "precision_at_10": 0.1474,
                "precision_at_20": 0.07643,
                "precision_at_100": 0.01529,
                "precision_at_1000": 0.00153,
                "mrr_at_1": 0.671668,
                "mrr_at_3": 0.774345,
                "mrr_at_5": 0.788688,
                "mrr_at_10": 0.79426,
                "mrr_at_20": 0.79442,
                "mrr_at_100": 0.79442,
                "mrr_at_1000": 0.79442,
                "nauc_ndcg_at_1_max": 0.329016,
                "nauc_ndcg_at_1_std": 0.158355,
                "nauc_ndcg_at_1_diff1": 0.4337,
                "nauc_ndcg_at_3_max": 0.194807,
                "nauc_ndcg_at_3_std": 0.177595,
                "nauc_ndcg_at_3_diff1": 0.255995,
                "nauc_ndcg_at_5_max": 0.202264,
                "nauc_ndcg_at_5_std": 0.176437,
                "nauc_ndcg_at_5_diff1": 0.28317,
                "nauc_ndcg_at_10_max": 0.233132,
                "nauc_ndcg_at_10_std": 0.173972,
                "nauc_ndcg_at_10_diff1": 0.317068,
                "nauc_ndcg_at_20_max": 0.250382,
                "nauc_ndcg_at_20_std": 0.185439,
                "nauc_ndcg_at_20_diff1": 0.317475,
                "nauc_ndcg_at_100_max": 0.250382,
                "nauc_ndcg_at_100_std": 0.185439,
                "nauc_ndcg_at_100_diff1": 0.317475,
                "nauc_ndcg_at_1000_max": 0.250382,
                "nauc_ndcg_at_1000_std": 0.185439,
                "nauc_ndcg_at_1000_diff1": 0.317475,
                "nauc_map_at_1_max": 0.161279,
                "nauc_map_at_1_std": 0.100936,
                "nauc_map_at_1_diff1": 0.341684,
                "nauc_map_at_3_max": 0.164351,
                "nauc_map_at_3_std": 0.149161,
                "nauc_map_at_3_diff1": 0.266139,
                "nauc_map_at_5_max": 0.175841,
                "nauc_map_at_5_std": 0.149826,
                "nauc_map_at_5_diff1": 0.282827,
                "nauc_map_at_10_max": 0.19411,
                "nauc_map_at_10_std": 0.154564,
                "nauc_map_at_10_diff1": 0.296219,
                "nauc_map_at_20_max": 0.200504,
                "nauc_map_at_20_std": 0.159008,
                "nauc_map_at_20_diff1": 0.295856,
                "nauc_map_at_100_max": 0.200504,
                "nauc_map_at_100_std": 0.159008,
                "nauc_map_at_100_diff1": 0.295856,
                "nauc_map_at_1000_max": 0.200504,
                "nauc_map_at_1000_std": 0.159008,
                "nauc_map_at_1000_diff1": 0.295856,
                "nauc_recall_at_1_max": 0.161279,
                "nauc_recall_at_1_std": 0.100936,
                "nauc_recall_at_1_diff1": 0.341684,
                "nauc_recall_at_3_max": 0.107135,
                "nauc_recall_at_3_std": 0.170202,
                "nauc_recall_at_3_diff1": 0.134033,
                "nauc_recall_at_5_max": 0.066329,
                "nauc_recall_at_5_std": 0.147891,
                "nauc_recall_at_5_diff1": 0.144738,
                "nauc_recall_at_10_max": -0.123738,
                "nauc_recall_at_10_std": -0.065865,
                "nauc_recall_at_10_diff1": 0.212096,
                "nauc_recall_at_20_max": NaN,
                "nauc_recall_at_20_std": NaN,
                "nauc_recall_at_20_diff1": NaN,
                "nauc_recall_at_100_max": NaN,
                "nauc_recall_at_100_std": NaN,
                "nauc_recall_at_100_diff1": NaN,
                "nauc_recall_at_1000_max": NaN,
                "nauc_recall_at_1000_std": NaN,
                "nauc_recall_at_1000_diff1": NaN,
                "nauc_precision_at_1_max": 0.329016,
                "nauc_precision_at_1_std": 0.158355,
                "nauc_precision_at_1_diff1": 0.4337,
                "nauc_precision_at_3_max": 0.212117,
                "nauc_precision_at_3_std": 0.202054,
                "nauc_precision_at_3_diff1": -0.000311,
                "nauc_precision_at_5_max": 0.1484,
                "nauc_precision_at_5_std": 0.112375,
                "nauc_precision_at_5_diff1": -0.033156,
                "nauc_precision_at_10_max": 0.101284,
                "nauc_precision_at_10_std": 0.03561,
                "nauc_precision_at_10_diff1": -0.089391,
                "nauc_precision_at_20_max": 0.111304,
                "nauc_precision_at_20_std": 0.042823,
                "nauc_precision_at_20_diff1": -0.107894,
                "nauc_precision_at_100_max": 0.111304,
                "nauc_precision_at_100_std": 0.042823,
                "nauc_precision_at_100_diff1": -0.107894,
                "nauc_precision_at_1000_max": 0.111304,
                "nauc_precision_at_1000_std": 0.042823,
                "nauc_precision_at_1000_diff1": -0.107894,
                "nauc_mrr_at_1_max": 0.329016,
                "nauc_mrr_at_1_std": 0.158355,
                "nauc_mrr_at_1_diff1": 0.4337,
                "nauc_mrr_at_3_max": 0.370021,
                "nauc_mrr_at_3_std": 0.244106,
                "nauc_mrr_at_3_diff1": 0.371752,
                "nauc_mrr_at_5_max": 0.366297,
                "nauc_mrr_at_5_std": 0.240425,
                "nauc_mrr_at_5_diff1": 0.386214,
                "nauc_mrr_at_10_max": 0.361615,
                "nauc_mrr_at_10_std": 0.225514,
                "nauc_mrr_at_10_diff1": 0.391186,
                "nauc_mrr_at_20_max": 0.361163,
                "nauc_mrr_at_20_std": 0.224998,
                "nauc_mrr_at_20_diff1": 0.391455,
                "nauc_mrr_at_100_max": 0.361163,
                "nauc_mrr_at_100_std": 0.224998,
                "nauc_mrr_at_100_diff1": 0.391455,
                "nauc_mrr_at_1000_max": 0.361163,
                "nauc_mrr_at_1000_std": 0.224998,
                "nauc_mrr_at_1000_diff1": 0.391455,
                "cv_recall_at_1": 0.67167,
                "cv_recall_at_3": 0.89497,
                "cv_recall_at_5": 0.95763,
                "cv_recall_at_10": 0.99823,
                "cv_recall_at_20": 1.0,
                "cv_recall_at_100": 1.0,
                "cv_recall_at_1000": 1.0,
                "main_score": 0.70944,
                "hf_subset": "default",
                "languages": [
                    "slk-Latn"
                ]
            }
        ]
    },
    "evaluation_time": 17.361478090286255,
    "kg_co2_emissions": null
}
