{
    "dataset_revision": "6448ea012b1b7caa3d55cb747b58cda1d7edc714",
    "task_name": "SlovakPharmacyDrMaxReranking",
    "mteb_version": "1.39.7",
    "scores": {
        "test": [
            {
                "ndcg_at_1": 0.80603,
                "ndcg_at_3": 0.90528,
                "ndcg_at_5": 0.91661,
                "ndcg_at_10": 0.91661,
                "ndcg_at_20": 0.91661,
                "ndcg_at_100": 0.91661,
                "ndcg_at_1000": 0.91661,
                "map_at_1": 0.80603,
                "map_at_3": 0.88174,
                "map_at_5": 0.88816,
                "map_at_10": 0.88816,
                "map_at_20": 0.88816,
                "map_at_100": 0.88816,
                "map_at_1000": 0.88816,
                "recall_at_1": 0.80603,
                "recall_at_3": 0.97305,
                "recall_at_5": 1.0,
                "recall_at_10": 1.0,
                "recall_at_20": 1.0,
                "recall_at_100": 1.0,
                "recall_at_1000": 1.0,
                "accuracy": 0.80603,
                "precision_at_1": 0.80603,
                "precision_at_3": 0.32435,
                "precision_at_5": 0.2,
                "precision_at_10": 0.1,
                "precision_at_20": 0.05,
                "precision_at_100": 0.01,
                "precision_at_1000": 0.001,
                "mrr_at_1": 0.806031,
                "mrr_at_3": 0.881737,
                "mrr_at_5": 0.888163,
                "mrr_at_10": 0.888163,
                "mrr_at_20": 0.888163,
                "mrr_at_100": 0.888163,
                "mrr_at_1000": 0.888163,
                "nauc_ndcg_at_1_max": 0.610704,
                "nauc_ndcg_at_1_std": 0.57669,
                "nauc_ndcg_at_1_diff1": 0.778009,
                "nauc_ndcg_at_3_max": 0.628484,
                "nauc_ndcg_at_3_std": 0.62524,
                "nauc_ndcg_at_3_diff1": 0.757336,
                "nauc_ndcg_at_5_max": 0.61767,
                "nauc_ndcg_at_5_std": 0.599185,
                "nauc_ndcg_at_5_diff1": 0.767957,
                "nauc_ndcg_at_10_max": 0.61767,
                "nauc_ndcg_at_10_std": 0.599185,
                "nauc_ndcg_at_10_diff1": 0.767957,
                "nauc_ndcg_at_20_max": 0.61767,
                "nauc_ndcg_at_20_std": 0.599185,
                "nauc_ndcg_at_20_diff1": 0.767957,
                "nauc_ndcg_at_100_max": 0.61767,
                "nauc_ndcg_at_100_std": 0.599185,
                "nauc_ndcg_at_100_diff1": 0.767957,
                "nauc_ndcg_at_1000_max": 0.61767,
                "nauc_ndcg_at_1000_std": 0.599185,
                "nauc_ndcg_at_1000_diff1": 0.767957,
                "nauc_map_at_1_max": 0.610704,
                "nauc_map_at_1_std": 0.57669,
                "nauc_map_at_1_diff1": 0.778009,
                "nauc_map_at_3_max": 0.622182,
                "nauc_map_at_3_std": 0.609694,
                "nauc_map_at_3_diff1": 0.763751,
                "nauc_map_at_5_max": 0.617182,
                "nauc_map_at_5_std": 0.597696,
                "nauc_map_at_5_diff1": 0.768617,
                "nauc_map_at_10_max": 0.617182,
                "nauc_map_at_10_std": 0.597696,
                "nauc_map_at_10_diff1": 0.768617,
                "nauc_map_at_20_max": 0.617182,
                "nauc_map_at_20_std": 0.597696,
                "nauc_map_at_20_diff1": 0.768617,
                "nauc_map_at_100_max": 0.617182,
                "nauc_map_at_100_std": 0.597696,
                "nauc_map_at_100_diff1": 0.768617,
                "nauc_map_at_1000_max": 0.617182,
                "nauc_map_at_1000_std": 0.597696,
                "nauc_map_at_1000_diff1": 0.768617,
                "nauc_recall_at_1_max": 0.610704,
                "nauc_recall_at_1_std": 0.57669,
                "nauc_recall_at_1_diff1": 0.778009,
                "nauc_recall_at_3_max": 0.703055,
                "nauc_recall_at_3_std": 0.806032,
                "nauc_recall_at_3_diff1": 0.683164,
                "nauc_recall_at_5_max": NaN,
                "nauc_recall_at_5_std": NaN,
                "nauc_recall_at_5_diff1": NaN,
                "nauc_recall_at_10_max": NaN,
                "nauc_recall_at_10_std": NaN,
                "nauc_recall_at_10_diff1": NaN,
                "nauc_recall_at_20_max": NaN,
                "nauc_recall_at_20_std": NaN,
                "nauc_recall_at_20_diff1": NaN,
                "nauc_recall_at_100_max": NaN,
                "nauc_recall_at_100_std": NaN,
                "nauc_recall_at_100_diff1": NaN,
                "nauc_recall_at_1000_max": NaN,
                "nauc_recall_at_1000_std": NaN,
                "nauc_recall_at_1000_diff1": NaN,
                "nauc_precision_at_1_max": 0.610704,
                "nauc_precision_at_1_std": 0.57669,
                "nauc_precision_at_1_diff1": 0.778009,
                "nauc_precision_at_3_max": 0.703055,
                "nauc_precision_at_3_std": 0.806032,
                "nauc_precision_at_3_diff1": 0.683164,
                "nauc_precision_at_5_max": 1.0,
                "nauc_precision_at_5_std": 1.0,
                "nauc_precision_at_5_diff1": 1.0,
                "nauc_precision_at_10_max": 1.0,
                "nauc_precision_at_10_std": 1.0,
                "nauc_precision_at_10_diff1": 1.0,
                "nauc_precision_at_20_max": 1.0,
                "nauc_precision_at_20_std": 1.0,
                "nauc_precision_at_20_diff1": 1.0,
                "nauc_precision_at_100_max": 1.0,
                "nauc_precision_at_100_std": 1.0,
                "nauc_precision_at_100_diff1": 1.0,
                "nauc_precision_at_1000_max": 1.0,
                "nauc_precision_at_1000_std": 1.0,
                "nauc_precision_at_1000_diff1": 1.0,
                "nauc_mrr_at_1_max": 0.610704,
                "nauc_mrr_at_1_std": 0.57669,
                "nauc_mrr_at_1_diff1": 0.778009,
                "nauc_mrr_at_3_max": 0.622182,
                "nauc_mrr_at_3_std": 0.609694,
                "nauc_mrr_at_3_diff1": 0.763751,
                "nauc_mrr_at_5_max": 0.617182,
                "nauc_mrr_at_5_std": 0.597696,
                "nauc_mrr_at_5_diff1": 0.768617,
                "nauc_mrr_at_10_max": 0.617182,
                "nauc_mrr_at_10_std": 0.597696,
                "nauc_mrr_at_10_diff1": 0.768617,
                "nauc_mrr_at_20_max": 0.617182,
                "nauc_mrr_at_20_std": 0.597696,
                "nauc_mrr_at_20_diff1": 0.768617,
                "nauc_mrr_at_100_max": 0.617182,
                "nauc_mrr_at_100_std": 0.597696,
                "nauc_mrr_at_100_diff1": 0.768617,
                "nauc_mrr_at_1000_max": 0.617182,
                "nauc_mrr_at_1000_std": 0.597696,
                "nauc_mrr_at_1000_diff1": 0.768617,
                "cv_recall_at_1": 0.80603,
                "cv_recall_at_3": 0.97305,
                "cv_recall_at_5": 1.0,
                "cv_recall_at_10": 1.0,
                "cv_recall_at_20": 1.0,
                "cv_recall_at_100": 1.0,
                "cv_recall_at_1000": 1.0,
                "main_score": 0.88816,
                "hf_subset": "default",
                "languages": [
                    "slk-Latn"
                ]
            }
        ]
    },
    "evaluation_time": 22.331889390945435,
    "kg_co2_emissions": null
}
