{
    "dataset_revision": "85d6b32f2762313714618171b9d1a65eb7408835",
    "task_name": "SlovakSumRetrieval",
    "mteb_version": "1.39.7",
    "scores": {
        "test": [
            {
                "ndcg_at_1": 0.805,
                "ndcg_at_3": 0.84944,
                "ndcg_at_5": 0.85727,
                "ndcg_at_10": 0.86791,
                "ndcg_at_20": 0.87171,
                "ndcg_at_100": 0.87747,
                "ndcg_at_1000": 0.88023,
                "map_at_1": 0.805,
                "map_at_3": 0.83833,
                "map_at_5": 0.84283,
                "map_at_10": 0.84714,
                "map_at_20": 0.84819,
                "map_at_100": 0.84907,
                "map_at_1000": 0.84917,
                "recall_at_1": 0.805,
                "recall_at_3": 0.88167,
                "recall_at_5": 0.9,
                "recall_at_10": 0.93333,
                "recall_at_20": 0.94833,
                "recall_at_100": 0.97833,
                "recall_at_1000": 1.0,
                "accuracy": 0.805,
                "precision_at_1": 0.805,
                "precision_at_3": 0.29389,
                "precision_at_5": 0.18,
                "precision_at_10": 0.09333,
                "precision_at_20": 0.04742,
                "precision_at_100": 0.00978,
                "precision_at_1000": 0.001,
                "mrr_at_1": 0.805,
                "mrr_at_3": 0.838333,
                "mrr_at_5": 0.842833,
                "mrr_at_10": 0.847141,
                "mrr_at_20": 0.848193,
                "mrr_at_100": 0.84907,
                "mrr_at_1000": 0.849171,
                "nauc_ndcg_at_1_max": 0.803332,
                "nauc_ndcg_at_1_std": 0.236557,
                "nauc_ndcg_at_1_diff1": 0.919298,
                "nauc_ndcg_at_3_max": 0.822026,
                "nauc_ndcg_at_3_std": 0.283226,
                "nauc_ndcg_at_3_diff1": 0.905528,
                "nauc_ndcg_at_5_max": 0.81851,
                "nauc_ndcg_at_5_std": 0.314343,
                "nauc_ndcg_at_5_diff1": 0.904358,
                "nauc_ndcg_at_10_max": 0.824068,
                "nauc_ndcg_at_10_std": 0.326749,
                "nauc_ndcg_at_10_diff1": 0.905335,
                "nauc_ndcg_at_20_max": 0.82496,
                "nauc_ndcg_at_20_std": 0.324389,
                "nauc_ndcg_at_20_diff1": 0.9082,
                "nauc_ndcg_at_100_max": 0.8232,
                "nauc_ndcg_at_100_std": 0.322781,
                "nauc_ndcg_at_100_diff1": 0.908522,
                "nauc_ndcg_at_1000_max": 0.82144,
                "nauc_ndcg_at_1000_std": 0.309517,
                "nauc_ndcg_at_1000_diff1": 0.909138,
                "nauc_map_at_1_max": 0.803332,
                "nauc_map_at_1_std": 0.236557,
                "nauc_map_at_1_diff1": 0.919298,
                "nauc_map_at_3_max": 0.818796,
                "nauc_map_at_3_std": 0.273734,
                "nauc_map_at_3_diff1": 0.909857,
                "nauc_map_at_5_max": 0.81692,
                "nauc_map_at_5_std": 0.290001,
                "nauc_map_at_5_diff1": 0.909406,
                "nauc_map_at_10_max": 0.818794,
                "nauc_map_at_10_std": 0.294061,
                "nauc_map_at_10_diff1": 0.90984,
                "nauc_map_at_20_max": 0.818932,
                "nauc_map_at_20_std": 0.293564,
                "nauc_map_at_20_diff1": 0.910553,
                "nauc_map_at_100_max": 0.818755,
                "nauc_map_at_100_std": 0.293268,
                "nauc_map_at_100_diff1": 0.9106,
                "nauc_map_at_1000_max": 0.818702,
                "nauc_map_at_1000_std": 0.292869,
                "nauc_map_at_1000_diff1": 0.910636,
                "nauc_recall_at_1_max": 0.803332,
                "nauc_recall_at_1_std": 0.236557,
                "nauc_recall_at_1_diff1": 0.919298,
                "nauc_recall_at_3_max": 0.83321,
                "nauc_recall_at_3_std": 0.317392,
                "nauc_recall_at_3_diff1": 0.888767,
                "nauc_recall_at_5_max": 0.823312,
                "nauc_recall_at_5_std": 0.422137,
                "nauc_recall_at_5_diff1": 0.882011,
                "nauc_recall_at_10_max": 0.859127,
                "nauc_recall_at_10_std": 0.544888,
                "nauc_recall_at_10_diff1": 0.877346,
                "nauc_recall_at_20_max": 0.878468,
                "nauc_recall_at_20_std": 0.580193,
                "nauc_recall_at_20_diff1": 0.895862,
                "nauc_recall_at_100_max": 0.895676,
                "nauc_recall_at_100_std": 0.874847,
                "nauc_recall_at_100_diff1": 0.889033,
                "nauc_recall_at_1000_max": NaN,
                "nauc_recall_at_1000_std": NaN,
                "nauc_recall_at_1000_diff1": NaN,
                "nauc_precision_at_1_max": 0.803332,
                "nauc_precision_at_1_std": 0.236557,
                "nauc_precision_at_1_diff1": 0.919298,
                "nauc_precision_at_3_max": 0.83321,
                "nauc_precision_at_3_std": 0.317392,
                "nauc_precision_at_3_diff1": 0.888767,
                "nauc_precision_at_5_max": 0.823312,
                "nauc_precision_at_5_std": 0.422137,
                "nauc_precision_at_5_diff1": 0.882011,
                "nauc_precision_at_10_max": 0.859127,
                "nauc_precision_at_10_std": 0.544888,
                "nauc_precision_at_10_diff1": 0.877346,
                "nauc_precision_at_20_max": 0.878468,
                "nauc_precision_at_20_std": 0.580193,
                "nauc_precision_at_20_diff1": 0.895862,
                "nauc_precision_at_100_max": 0.895676,
                "nauc_precision_at_100_std": 0.874847,
                "nauc_precision_at_100_diff1": 0.889033,
                "nauc_precision_at_1000_max": 1.0,
                "nauc_precision_at_1000_std": 1.0,
                "nauc_precision_at_1000_diff1": 1.0,
                "nauc_mrr_at_1_max": 0.803332,
                "nauc_mrr_at_1_std": 0.236557,
                "nauc_mrr_at_1_diff1": 0.919298,
                "nauc_mrr_at_3_max": 0.818796,
                "nauc_mrr_at_3_std": 0.273734,
                "nauc_mrr_at_3_diff1": 0.909857,
                "nauc_mrr_at_5_max": 0.81692,
                "nauc_mrr_at_5_std": 0.290001,
                "nauc_mrr_at_5_diff1": 0.909406,
                "nauc_mrr_at_10_max": 0.818794,
                "nauc_mrr_at_10_std": 0.294061,
                "nauc_mrr_at_10_diff1": 0.90984,
                "nauc_mrr_at_20_max": 0.818932,
                "nauc_mrr_at_20_std": 0.293564,
                "nauc_mrr_at_20_diff1": 0.910553,
                "nauc_mrr_at_100_max": 0.818755,
                "nauc_mrr_at_100_std": 0.293268,
                "nauc_mrr_at_100_diff1": 0.9106,
                "nauc_mrr_at_1000_max": 0.818702,
                "nauc_mrr_at_1000_std": 0.292869,
                "nauc_mrr_at_1000_diff1": 0.910636,
                "cv_recall_at_1": 0.805,
                "cv_recall_at_3": 0.88167,
                "cv_recall_at_5": 0.9,
                "cv_recall_at_10": 0.93333,
                "cv_recall_at_20": 0.94833,
                "cv_recall_at_100": 0.97833,
                "cv_recall_at_1000": 1.0,
                "main_score": 0.86791,
                "hf_subset": "default",
                "languages": [
                    "slk-Latn"
                ]
            }
        ]
    },
    "evaluation_time": 1.8796746730804443,
    "kg_co2_emissions": null
}
