{
    "dataset_revision": "82320d7f1d6561a12516605ec24f5d61aceb915c",
    "task_name": "SlovakPharmacyMojaLekarenReranking",
    "mteb_version": "1.39.7",
    "scores": {
        "test": [
            {
                "ndcg_at_1": 0.90515,
                "ndcg_at_3": 0.95706,
                "ndcg_at_5": 0.96102,
                "ndcg_at_10": 0.96102,
                "ndcg_at_20": 0.96102,
                "ndcg_at_100": 0.96102,
                "ndcg_at_1000": 0.96102,
                "map_at_1": 0.90515,
                "map_at_3": 0.94535,
                "map_at_5": 0.94758,
                "map_at_10": 0.94758,
                "map_at_20": 0.94758,
                "map_at_100": 0.94758,
                "map_at_1000": 0.94758,
                "recall_at_1": 0.90515,
                "recall_at_3": 0.99051,
                "recall_at_5": 1.0,
                "recall_at_10": 1.0,
                "recall_at_20": 1.0,
                "recall_at_100": 1.0,
                "recall_at_1000": 1.0,
                "accuracy": 0.90515,
                "precision_at_1": 0.90515,
                "precision_at_3": 0.33017,
                "precision_at_5": 0.2,
                "precision_at_10": 0.1,
                "precision_at_20": 0.05,
                "precision_at_100": 0.01,
                "precision_at_1000": 0.001,
                "mrr_at_1": 0.905149,
                "mrr_at_3": 0.945348,
                "mrr_at_5": 0.947584,
                "mrr_at_10": 0.947584,
                "mrr_at_20": 0.947584,
                "mrr_at_100": 0.947584,
                "mrr_at_1000": 0.947584,
                "nauc_ndcg_at_1_max": 0.663106,
                "nauc_ndcg_at_1_std": 0.55355,
                "nauc_ndcg_at_1_diff1": 0.852769,
                "nauc_ndcg_at_3_max": 0.702992,
                "nauc_ndcg_at_3_std": 0.611615,
                "nauc_ndcg_at_3_diff1": 0.838034,
                "nauc_ndcg_at_5_max": 0.684137,
                "nauc_ndcg_at_5_std": 0.582684,
                "nauc_ndcg_at_5_diff1": 0.842301,
                "nauc_ndcg_at_10_max": 0.684137,
                "nauc_ndcg_at_10_std": 0.582684,
                "nauc_ndcg_at_10_diff1": 0.842301,
                "nauc_ndcg_at_20_max": 0.684137,
                "nauc_ndcg_at_20_std": 0.582684,
                "nauc_ndcg_at_20_diff1": 0.842301,
                "nauc_ndcg_at_100_max": 0.684137,
                "nauc_ndcg_at_100_std": 0.582684,
                "nauc_ndcg_at_100_diff1": 0.842301,
                "nauc_ndcg_at_1000_max": 0.684137,
                "nauc_ndcg_at_1000_std": 0.582684,
                "nauc_ndcg_at_1000_diff1": 0.842301,
                "nauc_map_at_1_max": 0.663106,
                "nauc_map_at_1_std": 0.55355,
                "nauc_map_at_1_diff1": 0.852769,
                "nauc_map_at_3_max": 0.691083,
                "nauc_map_at_3_std": 0.593456,
                "nauc_map_at_3_diff1": 0.841041,
                "nauc_map_at_5_max": 0.68273,
                "nauc_map_at_5_std": 0.580687,
                "nauc_map_at_5_diff1": 0.842934,
                "nauc_map_at_10_max": 0.68273,
                "nauc_map_at_10_std": 0.580687,
                "nauc_map_at_10_diff1": 0.842934,
                "nauc_map_at_20_max": 0.68273,
                "nauc_map_at_20_std": 0.580687,
                "nauc_map_at_20_diff1": 0.842934,
                "nauc_map_at_100_max": 0.68273,
                "nauc_map_at_100_std": 0.580687,
                "nauc_map_at_100_diff1": 0.842934,
                "nauc_map_at_1000_max": 0.68273,
                "nauc_map_at_1000_std": 0.580687,
                "nauc_map_at_1000_diff1": 0.842934,
                "nauc_recall_at_1_max": 0.663106,
                "nauc_recall_at_1_std": 0.55355,
                "nauc_recall_at_1_diff1": 0.852769,
                "nauc_recall_at_3_max": 0.889628,
                "nauc_recall_at_3_std": 0.898947,
                "nauc_recall_at_3_diff1": 0.795551,
                "nauc_recall_at_5_max": NaN,
                "nauc_recall_at_5_std": NaN,
                "nauc_recall_at_5_diff1": NaN,
                "nauc_recall_at_10_max": NaN,
                "nauc_recall_at_10_std": NaN,
                "nauc_recall_at_10_diff1": NaN,
                "nauc_recall_at_20_max": NaN,
                "nauc_recall_at_20_std": NaN,
                "nauc_recall_at_20_diff1": NaN,
                "nauc_recall_at_100_max": NaN,
                "nauc_recall_at_100_std": NaN,
                "nauc_recall_at_100_diff1": NaN,
                "nauc_recall_at_1000_max": NaN,
                "nauc_recall_at_1000_std": NaN,
                "nauc_recall_at_1000_diff1": NaN,
                "nauc_precision_at_1_max": 0.663106,
                "nauc_precision_at_1_std": 0.55355,
                "nauc_precision_at_1_diff1": 0.852769,
                "nauc_precision_at_3_max": 0.889628,
                "nauc_precision_at_3_std": 0.898947,
                "nauc_precision_at_3_diff1": 0.795551,
                "nauc_precision_at_5_max": NaN,
                "nauc_precision_at_5_std": NaN,
                "nauc_precision_at_5_diff1": NaN,
                "nauc_precision_at_10_max": NaN,
                "nauc_precision_at_10_std": NaN,
                "nauc_precision_at_10_diff1": NaN,
                "nauc_precision_at_20_max": NaN,
                "nauc_precision_at_20_std": NaN,
                "nauc_precision_at_20_diff1": NaN,
                "nauc_precision_at_100_max": NaN,
                "nauc_precision_at_100_std": NaN,
                "nauc_precision_at_100_diff1": NaN,
                "nauc_precision_at_1000_max": 1.0,
                "nauc_precision_at_1000_std": 1.0,
                "nauc_precision_at_1000_diff1": 1.0,
                "nauc_mrr_at_1_max": 0.663106,
                "nauc_mrr_at_1_std": 0.55355,
                "nauc_mrr_at_1_diff1": 0.852769,
                "nauc_mrr_at_3_max": 0.691083,
                "nauc_mrr_at_3_std": 0.593456,
                "nauc_mrr_at_3_diff1": 0.841041,
                "nauc_mrr_at_5_max": 0.68273,
                "nauc_mrr_at_5_std": 0.580687,
                "nauc_mrr_at_5_diff1": 0.842934,
                "nauc_mrr_at_10_max": 0.68273,
                "nauc_mrr_at_10_std": 0.580687,
                "nauc_mrr_at_10_diff1": 0.842934,
                "nauc_mrr_at_20_max": 0.68273,
                "nauc_mrr_at_20_std": 0.580687,
                "nauc_mrr_at_20_diff1": 0.842934,
                "nauc_mrr_at_100_max": 0.68273,
                "nauc_mrr_at_100_std": 0.580687,
                "nauc_mrr_at_100_diff1": 0.842934,
                "nauc_mrr_at_1000_max": 0.68273,
                "nauc_mrr_at_1000_std": 0.580687,
                "nauc_mrr_at_1000_diff1": 0.842934,
                "cv_recall_at_1": 0.90515,
                "cv_recall_at_3": 0.99051,
                "cv_recall_at_5": 1.0,
                "cv_recall_at_10": 1.0,
                "cv_recall_at_20": 1.0,
                "cv_recall_at_100": 1.0,
                "cv_recall_at_1000": 1.0,
                "main_score": 0.94758,
                "hf_subset": "default",
                "languages": [
                    "slk-Latn"
                ]
            }
        ]
    },
    "evaluation_time": 4.728967189788818,
    "kg_co2_emissions": null
}
