{
    "dataset_revision": "962818770efbb0395130a3abb04dcae3b4ef7c30",
    "task_name": "SlovakPharmacyMojaLekarenReranking",
    "mteb_version": "1.39.7",
    "scores": {
        "test": [
            {
                "ndcg_at_1": 0.91192,
                "ndcg_at_3": 0.95956,
                "ndcg_at_5": 0.96352,
                "ndcg_at_10": 0.96352,
                "ndcg_at_20": 0.96352,
                "ndcg_at_100": 0.96352,
                "ndcg_at_1000": 0.96352,
                "map_at_1": 0.91192,
                "map_at_3": 0.94874,
                "map_at_5": 0.95097,
                "map_at_10": 0.95097,
                "map_at_20": 0.95097,
                "map_at_100": 0.95097,
                "map_at_1000": 0.95097,
                "recall_at_1": 0.91192,
                "recall_at_3": 0.99051,
                "recall_at_5": 1.0,
                "recall_at_10": 1.0,
                "recall_at_20": 1.0,
                "recall_at_100": 1.0,
                "recall_at_1000": 1.0,
                "accuracy": 0.91192,
                "precision_at_1": 0.91192,
                "precision_at_3": 0.33017,
                "precision_at_5": 0.2,
                "precision_at_10": 0.1,
                "precision_at_20": 0.05,
                "precision_at_100": 0.01,
                "precision_at_1000": 0.001,
                "mrr_at_1": 0.911924,
                "mrr_at_3": 0.948735,
                "mrr_at_5": 0.950971,
                "mrr_at_10": 0.950971,
                "mrr_at_20": 0.950971,
                "mrr_at_100": 0.950971,
                "mrr_at_1000": 0.950971,
                "nauc_ndcg_at_1_max": 0.677019,
                "nauc_ndcg_at_1_std": 0.630534,
                "nauc_ndcg_at_1_diff1": 0.858928,
                "nauc_ndcg_at_3_max": 0.711022,
                "nauc_ndcg_at_3_std": 0.676295,
                "nauc_ndcg_at_3_diff1": 0.841524,
                "nauc_ndcg_at_5_max": 0.695512,
                "nauc_ndcg_at_5_std": 0.652414,
                "nauc_ndcg_at_5_diff1": 0.846736,
                "nauc_ndcg_at_10_max": 0.695512,
                "nauc_ndcg_at_10_std": 0.652414,
                "nauc_ndcg_at_10_diff1": 0.846736,
                "nauc_ndcg_at_20_max": 0.695512,
                "nauc_ndcg_at_20_std": 0.652414,
                "nauc_ndcg_at_20_diff1": 0.846736,
                "nauc_ndcg_at_100_max": 0.695512,
                "nauc_ndcg_at_100_std": 0.652414,
                "nauc_ndcg_at_100_diff1": 0.846736,
                "nauc_ndcg_at_1000_max": 0.695512,
                "nauc_ndcg_at_1000_std": 0.652414,
                "nauc_ndcg_at_1000_diff1": 0.846736,
                "nauc_map_at_1_max": 0.677019,
                "nauc_map_at_1_std": 0.630534,
                "nauc_map_at_1_diff1": 0.858928,
                "nauc_map_at_3_max": 0.701126,
                "nauc_map_at_3_std": 0.661433,
                "nauc_map_at_3_diff1": 0.845005,
                "nauc_map_at_5_max": 0.69428,
                "nauc_map_at_5_std": 0.650881,
                "nauc_map_at_5_diff1": 0.847442,
                "nauc_map_at_10_max": 0.69428,
                "nauc_map_at_10_std": 0.650881,
                "nauc_map_at_10_diff1": 0.847442,
                "nauc_map_at_20_max": 0.69428,
                "nauc_map_at_20_std": 0.650881,
                "nauc_map_at_20_diff1": 0.847442,
                "nauc_map_at_100_max": 0.69428,
                "nauc_map_at_100_std": 0.650881,
                "nauc_map_at_100_diff1": 0.847442,
                "nauc_map_at_1000_max": 0.69428,
                "nauc_map_at_1000_std": 0.650881,
                "nauc_map_at_1000_diff1": 0.847442,
                "nauc_recall_at_1_max": 0.677019,
                "nauc_recall_at_1_std": 0.630534,
                "nauc_recall_at_1_diff1": 0.858928,
                "nauc_recall_at_3_max": 0.856015,
                "nauc_recall_at_3_std": 0.898947,
                "nauc_recall_at_3_diff1": 0.795551,
                "nauc_recall_at_5_max": NaN,
                "nauc_recall_at_5_std": NaN,
                "nauc_recall_at_5_diff1": NaN,
                "nauc_recall_at_10_max": NaN,
                "nauc_recall_at_10_std": NaN,
                "nauc_recall_at_10_diff1": NaN,
                "nauc_recall_at_20_max": NaN,
                "nauc_recall_at_20_std": NaN,
                "nauc_recall_at_20_diff1": NaN,
                "nauc_recall_at_100_max": NaN,
                "nauc_recall_at_100_std": NaN,
                "nauc_recall_at_100_diff1": NaN,
                "nauc_recall_at_1000_max": NaN,
                "nauc_recall_at_1000_std": NaN,
                "nauc_recall_at_1000_diff1": NaN,
                "nauc_precision_at_1_max": 0.677019,
                "nauc_precision_at_1_std": 0.630534,
                "nauc_precision_at_1_diff1": 0.858928,
                "nauc_precision_at_3_max": 0.856015,
                "nauc_precision_at_3_std": 0.898947,
                "nauc_precision_at_3_diff1": 0.795551,
                "nauc_precision_at_5_max": NaN,
                "nauc_precision_at_5_std": NaN,
                "nauc_precision_at_5_diff1": NaN,
                "nauc_precision_at_10_max": NaN,
                "nauc_precision_at_10_std": NaN,
                "nauc_precision_at_10_diff1": NaN,
                "nauc_precision_at_20_max": NaN,
                "nauc_precision_at_20_std": NaN,
                "nauc_precision_at_20_diff1": NaN,
                "nauc_precision_at_100_max": NaN,
                "nauc_precision_at_100_std": NaN,
                "nauc_precision_at_100_diff1": NaN,
                "nauc_precision_at_1000_max": 1.0,
                "nauc_precision_at_1000_std": 1.0,
                "nauc_precision_at_1000_diff1": 1.0,
                "nauc_mrr_at_1_max": 0.677019,
                "nauc_mrr_at_1_std": 0.630534,
                "nauc_mrr_at_1_diff1": 0.858928,
                "nauc_mrr_at_3_max": 0.701126,
                "nauc_mrr_at_3_std": 0.661433,
                "nauc_mrr_at_3_diff1": 0.845005,
                "nauc_mrr_at_5_max": 0.69428,
                "nauc_mrr_at_5_std": 0.650881,
                "nauc_mrr_at_5_diff1": 0.847442,
                "nauc_mrr_at_10_max": 0.69428,
                "nauc_mrr_at_10_std": 0.650881,
                "nauc_mrr_at_10_diff1": 0.847442,
                "nauc_mrr_at_20_max": 0.69428,
                "nauc_mrr_at_20_std": 0.650881,
                "nauc_mrr_at_20_diff1": 0.847442,
                "nauc_mrr_at_100_max": 0.69428,
                "nauc_mrr_at_100_std": 0.650881,
                "nauc_mrr_at_100_diff1": 0.847442,
                "nauc_mrr_at_1000_max": 0.69428,
                "nauc_mrr_at_1000_std": 0.650881,
                "nauc_mrr_at_1000_diff1": 0.847442,
                "cv_recall_at_1": 0.91192,
                "cv_recall_at_3": 0.99051,
                "cv_recall_at_5": 1.0,
                "cv_recall_at_10": 1.0,
                "cv_recall_at_20": 1.0,
                "cv_recall_at_100": 1.0,
                "cv_recall_at_1000": 1.0,
                "main_score": 0.95097,
                "hf_subset": "default",
                "languages": [
                    "slk-Latn"
                ]
            }
        ]
    },
    "evaluation_time": 4.392256498336792,
    "kg_co2_emissions": null
}
