{
    "dataset_revision": "6448ea012b1b7caa3d55cb747b58cda1d7edc714",
    "task_name": "SlovakPharmacyDrMaxReranking",
    "mteb_version": "1.39.7",
    "scores": {
        "test": [
            {
                "ndcg_at_1": 0.82186,
                "ndcg_at_3": 0.91142,
                "ndcg_at_5": 0.9227,
                "ndcg_at_10": 0.9227,
                "ndcg_at_20": 0.9227,
                "ndcg_at_100": 0.9227,
                "ndcg_at_1000": 0.9227,
                "map_at_1": 0.82186,
                "map_at_3": 0.88997,
                "map_at_5": 0.89639,
                "map_at_10": 0.89639,
                "map_at_20": 0.89639,
                "map_at_100": 0.89639,
                "map_at_1000": 0.89639,
                "recall_at_1": 0.82186,
                "recall_at_3": 0.97327,
                "recall_at_5": 1.0,
                "recall_at_10": 1.0,
                "recall_at_20": 1.0,
                "recall_at_100": 1.0,
                "recall_at_1000": 1.0,
                "accuracy": 0.82186,
                "precision_at_1": 0.82186,
                "precision_at_3": 0.32442,
                "precision_at_5": 0.2,
                "precision_at_10": 0.1,
                "precision_at_20": 0.05,
                "precision_at_100": 0.01,
                "precision_at_1000": 0.001,
                "mrr_at_1": 0.821856,
                "mrr_at_3": 0.88997,
                "mrr_at_5": 0.896386,
                "mrr_at_10": 0.896386,
                "mrr_at_20": 0.896386,
                "mrr_at_100": 0.896386,
                "mrr_at_1000": 0.896386,
                "nauc_ndcg_at_1_max": 0.650723,
                "nauc_ndcg_at_1_std": 0.623347,
                "nauc_ndcg_at_1_diff1": 0.808433,
                "nauc_ndcg_at_3_max": 0.672353,
                "nauc_ndcg_at_3_std": 0.672459,
                "nauc_ndcg_at_3_diff1": 0.797316,
                "nauc_ndcg_at_5_max": 0.658646,
                "nauc_ndcg_at_5_std": 0.64644,
                "nauc_ndcg_at_5_diff1": 0.800324,
                "nauc_ndcg_at_10_max": 0.658646,
                "nauc_ndcg_at_10_std": 0.64644,
                "nauc_ndcg_at_10_diff1": 0.800324,
                "nauc_ndcg_at_20_max": 0.658646,
                "nauc_ndcg_at_20_std": 0.64644,
                "nauc_ndcg_at_20_diff1": 0.800324,
                "nauc_ndcg_at_100_max": 0.658646,
                "nauc_ndcg_at_100_std": 0.64644,
                "nauc_ndcg_at_100_diff1": 0.800324,
                "nauc_ndcg_at_1000_max": 0.658646,
                "nauc_ndcg_at_1000_std": 0.64644,
                "nauc_ndcg_at_1000_diff1": 0.800324,
                "nauc_map_at_1_max": 0.650723,
                "nauc_map_at_1_std": 0.623347,
                "nauc_map_at_1_diff1": 0.808433,
                "nauc_map_at_3_max": 0.664363,
                "nauc_map_at_3_std": 0.656984,
                "nauc_map_at_3_diff1": 0.79947,
                "nauc_map_at_5_max": 0.658059,
                "nauc_map_at_5_std": 0.644929,
                "nauc_map_at_5_diff1": 0.800801,
                "nauc_map_at_10_max": 0.658059,
                "nauc_map_at_10_std": 0.644929,
                "nauc_map_at_10_diff1": 0.800801,
                "nauc_map_at_20_max": 0.658059,
                "nauc_map_at_20_std": 0.644929,
                "nauc_map_at_20_diff1": 0.800801,
                "nauc_map_at_100_max": 0.658059,
                "nauc_map_at_100_std": 0.644929,
                "nauc_map_at_100_diff1": 0.800801,
                "nauc_map_at_1000_max": 0.658059,
                "nauc_map_at_1000_std": 0.644929,
                "nauc_map_at_1000_diff1": 0.800801,
                "nauc_recall_at_1_max": 0.650723,
                "nauc_recall_at_1_std": 0.623347,
                "nauc_recall_at_1_diff1": 0.808433,
                "nauc_recall_at_3_max": 0.762282,
                "nauc_recall_at_3_std": 0.842107,
                "nauc_recall_at_3_diff1": 0.77638,
                "nauc_recall_at_5_max": NaN,
                "nauc_recall_at_5_std": NaN,
                "nauc_recall_at_5_diff1": NaN,
                "nauc_recall_at_10_max": NaN,
                "nauc_recall_at_10_std": NaN,
                "nauc_recall_at_10_diff1": NaN,
                "nauc_recall_at_20_max": NaN,
                "nauc_recall_at_20_std": NaN,
                "nauc_recall_at_20_diff1": NaN,
                "nauc_recall_at_100_max": NaN,
                "nauc_recall_at_100_std": NaN,
                "nauc_recall_at_100_diff1": NaN,
                "nauc_recall_at_1000_max": NaN,
                "nauc_recall_at_1000_std": NaN,
                "nauc_recall_at_1000_diff1": NaN,
                "nauc_precision_at_1_max": 0.650723,
                "nauc_precision_at_1_std": 0.623347,
                "nauc_precision_at_1_diff1": 0.808433,
                "nauc_precision_at_3_max": 0.762282,
                "nauc_precision_at_3_std": 0.842107,
                "nauc_precision_at_3_diff1": 0.77638,
                "nauc_precision_at_5_max": 1.0,
                "nauc_precision_at_5_std": 1.0,
                "nauc_precision_at_5_diff1": 1.0,
                "nauc_precision_at_10_max": 1.0,
                "nauc_precision_at_10_std": 1.0,
                "nauc_precision_at_10_diff1": 1.0,
                "nauc_precision_at_20_max": 1.0,
                "nauc_precision_at_20_std": 1.0,
                "nauc_precision_at_20_diff1": 1.0,
                "nauc_precision_at_100_max": 1.0,
                "nauc_precision_at_100_std": 1.0,
                "nauc_precision_at_100_diff1": 1.0,
                "nauc_precision_at_1000_max": 1.0,
                "nauc_precision_at_1000_std": 1.0,
                "nauc_precision_at_1000_diff1": 1.0,
                "nauc_mrr_at_1_max": 0.650723,
                "nauc_mrr_at_1_std": 0.623347,
                "nauc_mrr_at_1_diff1": 0.808433,
                "nauc_mrr_at_3_max": 0.664363,
                "nauc_mrr_at_3_std": 0.656984,
                "nauc_mrr_at_3_diff1": 0.79947,
                "nauc_mrr_at_5_max": 0.658059,
                "nauc_mrr_at_5_std": 0.644929,
                "nauc_mrr_at_5_diff1": 0.800801,
                "nauc_mrr_at_10_max": 0.658059,
                "nauc_mrr_at_10_std": 0.644929,
                "nauc_mrr_at_10_diff1": 0.800801,
                "nauc_mrr_at_20_max": 0.658059,
                "nauc_mrr_at_20_std": 0.644929,
                "nauc_mrr_at_20_diff1": 0.800801,
                "nauc_mrr_at_100_max": 0.658059,
                "nauc_mrr_at_100_std": 0.644929,
                "nauc_mrr_at_100_diff1": 0.800801,
                "nauc_mrr_at_1000_max": 0.658059,
                "nauc_mrr_at_1000_std": 0.644929,
                "nauc_mrr_at_1000_diff1": 0.800801,
                "cv_recall_at_1": 0.82186,
                "cv_recall_at_3": 0.97327,
                "cv_recall_at_5": 1.0,
                "cv_recall_at_10": 1.0,
                "cv_recall_at_20": 1.0,
                "cv_recall_at_100": 1.0,
                "cv_recall_at_1000": 1.0,
                "main_score": 0.89639,
                "hf_subset": "default",
                "languages": [
                    "slk-Latn"
                ]
            }
        ]
    },
    "evaluation_time": 19.665345907211304,
    "kg_co2_emissions": null
}
