{
    "dataset_revision": "85d6b32f2762313714618171b9d1a65eb7408835",
    "task_name": "SlovakSumRetrieval",
    "mteb_version": "1.39.7",
    "scores": {
        "test": [
            {
                "ndcg_at_1": 0.81833,
                "ndcg_at_3": 0.85948,
                "ndcg_at_5": 0.86679,
                "ndcg_at_10": 0.88019,
                "ndcg_at_20": 0.88274,
                "ndcg_at_100": 0.8875,
                "ndcg_at_1000": 0.89014,
                "map_at_1": 0.81833,
                "map_at_3": 0.85,
                "map_at_5": 0.85392,
                "map_at_10": 0.85972,
                "map_at_20": 0.86042,
                "map_at_100": 0.86112,
                "map_at_1000": 0.86124,
                "recall_at_1": 0.81833,
                "recall_at_3": 0.88667,
                "recall_at_5": 0.905,
                "recall_at_10": 0.945,
                "recall_at_20": 0.955,
                "recall_at_100": 0.98,
                "recall_at_1000": 1.0,
                "accuracy": 0.81833,
                "precision_at_1": 0.81833,
                "precision_at_3": 0.29556,
                "precision_at_5": 0.181,
                "precision_at_10": 0.0945,
                "precision_at_20": 0.04775,
                "precision_at_100": 0.0098,
                "precision_at_1000": 0.001,
                "mrr_at_1": 0.818333,
                "mrr_at_3": 0.85,
                "mrr_at_5": 0.853917,
                "mrr_at_10": 0.859721,
                "mrr_at_20": 0.860424,
                "mrr_at_100": 0.861122,
                "mrr_at_1000": 0.861236,
                "nauc_ndcg_at_1_max": 0.800535,
                "nauc_ndcg_at_1_std": 0.179338,
                "nauc_ndcg_at_1_diff1": 0.901141,
                "nauc_ndcg_at_3_max": 0.828815,
                "nauc_ndcg_at_3_std": 0.320044,
                "nauc_ndcg_at_3_diff1": 0.891079,
                "nauc_ndcg_at_5_max": 0.827673,
                "nauc_ndcg_at_5_std": 0.32564,
                "nauc_ndcg_at_5_diff1": 0.884253,
                "nauc_ndcg_at_10_max": 0.82608,
                "nauc_ndcg_at_10_std": 0.322958,
                "nauc_ndcg_at_10_diff1": 0.889549,
                "nauc_ndcg_at_20_max": 0.822635,
                "nauc_ndcg_at_20_std": 0.325822,
                "nauc_ndcg_at_20_diff1": 0.889583,
                "nauc_ndcg_at_100_max": 0.824033,
                "nauc_ndcg_at_100_std": 0.317366,
                "nauc_ndcg_at_100_diff1": 0.889512,
                "nauc_ndcg_at_1000_max": 0.822144,
                "nauc_ndcg_at_1000_std": 0.304131,
                "nauc_ndcg_at_1000_diff1": 0.891008,
                "nauc_map_at_1_max": 0.800535,
                "nauc_map_at_1_std": 0.179338,
                "nauc_map_at_1_diff1": 0.901141,
                "nauc_map_at_3_max": 0.821818,
                "nauc_map_at_3_std": 0.285636,
                "nauc_map_at_3_diff1": 0.893535,
                "nauc_map_at_5_max": 0.821061,
                "nauc_map_at_5_std": 0.287611,
                "nauc_map_at_5_diff1": 0.890261,
                "nauc_map_at_10_max": 0.820255,
                "nauc_map_at_10_std": 0.284923,
                "nauc_map_at_10_diff1": 0.89257,
                "nauc_map_at_20_max": 0.819417,
                "nauc_map_at_20_std": 0.285308,
                "nauc_map_at_20_diff1": 0.892597,
                "nauc_map_at_100_max": 0.819558,
                "nauc_map_at_100_std": 0.284142,
                "nauc_map_at_100_diff1": 0.89259,
                "nauc_map_at_1000_max": 0.819482,
                "nauc_map_at_1000_std": 0.283699,
                "nauc_map_at_1000_diff1": 0.892662,
                "nauc_recall_at_1_max": 0.800535,
                "nauc_recall_at_1_std": 0.179338,
                "nauc_recall_at_1_diff1": 0.901141,
                "nauc_recall_at_3_max": 0.854172,
                "nauc_recall_at_3_std": 0.444497,
                "nauc_recall_at_3_diff1": 0.882196,
                "nauc_recall_at_5_max": 0.854833,
                "nauc_recall_at_5_std": 0.484684,
                "nauc_recall_at_5_diff1": 0.857323,
                "nauc_recall_at_10_max": 0.863566,
                "nauc_recall_at_10_std": 0.583666,
                "nauc_recall_at_10_diff1": 0.869847,
                "nauc_recall_at_20_max": 0.838088,
                "nauc_recall_at_20_std": 0.671525,
                "nauc_recall_at_20_diff1": 0.865736,
                "nauc_recall_at_100_max": 0.897487,
                "nauc_recall_at_100_std": 0.855703,
                "nauc_recall_at_100_diff1": 0.835823,
                "nauc_recall_at_1000_max": NaN,
                "nauc_recall_at_1000_std": NaN,
                "nauc_recall_at_1000_diff1": NaN,
                "nauc_precision_at_1_max": 0.800535,
                "nauc_precision_at_1_std": 0.179338,
                "nauc_precision_at_1_diff1": 0.901141,
                "nauc_precision_at_3_max": 0.854172,
                "nauc_precision_at_3_std": 0.444497,
                "nauc_precision_at_3_diff1": 0.882196,
                "nauc_precision_at_5_max": 0.854833,
                "nauc_precision_at_5_std": 0.484684,
                "nauc_precision_at_5_diff1": 0.857323,
                "nauc_precision_at_10_max": 0.863566,
                "nauc_precision_at_10_std": 0.583666,
                "nauc_precision_at_10_diff1": 0.869847,
                "nauc_precision_at_20_max": 0.838088,
                "nauc_precision_at_20_std": 0.671525,
                "nauc_precision_at_20_diff1": 0.865736,
                "nauc_precision_at_100_max": 0.897487,
                "nauc_precision_at_100_std": 0.855703,
                "nauc_precision_at_100_diff1": 0.835823,
                "nauc_precision_at_1000_max": 1.0,
                "nauc_precision_at_1000_std": 1.0,
                "nauc_precision_at_1000_diff1": 1.0,
                "nauc_mrr_at_1_max": 0.800535,
                "nauc_mrr_at_1_std": 0.179338,
                "nauc_mrr_at_1_diff1": 0.901141,
                "nauc_mrr_at_3_max": 0.821818,
                "nauc_mrr_at_3_std": 0.285636,
                "nauc_mrr_at_3_diff1": 0.893535,
                "nauc_mrr_at_5_max": 0.821061,
                "nauc_mrr_at_5_std": 0.287611,
                "nauc_mrr_at_5_diff1": 0.890261,
                "nauc_mrr_at_10_max": 0.820255,
                "nauc_mrr_at_10_std": 0.284923,
                "nauc_mrr_at_10_diff1": 0.89257,
                "nauc_mrr_at_20_max": 0.819417,
                "nauc_mrr_at_20_std": 0.285308,
                "nauc_mrr_at_20_diff1": 0.892597,
                "nauc_mrr_at_100_max": 0.819558,
                "nauc_mrr_at_100_std": 0.284142,
                "nauc_mrr_at_100_diff1": 0.89259,
                "nauc_mrr_at_1000_max": 0.819482,
                "nauc_mrr_at_1000_std": 0.283699,
                "nauc_mrr_at_1000_diff1": 0.892662,
                "cv_recall_at_1": 0.81833,
                "cv_recall_at_3": 0.88667,
                "cv_recall_at_5": 0.905,
                "cv_recall_at_10": 0.945,
                "cv_recall_at_20": 0.955,
                "cv_recall_at_100": 0.98,
                "cv_recall_at_1000": 1.0,
                "main_score": 0.88019,
                "hf_subset": "default",
                "languages": [
                    "slk-Latn"
                ]
            }
        ]
    },
    "evaluation_time": 1.789987564086914,
    "kg_co2_emissions": null
}
