{
    "dataset_revision": "c5a6521a4ddce3450fb04ba218623681a9189c6d",
    "task_name": "SMESumRetrieval",
    "mteb_version": "1.39.7",
    "scores": {
        "test": [
            {
                "ndcg_at_1": 0.64667,
                "ndcg_at_3": 0.72744,
                "ndcg_at_5": 0.74631,
                "ndcg_at_10": 0.75618,
                "ndcg_at_20": 0.76793,
                "ndcg_at_100": 0.78148,
                "ndcg_at_1000": 0.78446,
                "map_at_1": 0.64667,
                "map_at_3": 0.70806,
                "map_at_5": 0.71872,
                "map_at_10": 0.72289,
                "map_at_20": 0.72609,
                "map_at_100": 0.72793,
                "map_at_1000": 0.72808,
                "recall_at_1": 0.64667,
                "recall_at_3": 0.78333,
                "recall_at_5": 0.82833,
                "recall_at_10": 0.85833,
                "recall_at_20": 0.905,
                "recall_at_100": 0.97833,
                "recall_at_1000": 1.0,
                "accuracy": 0.64667,
                "precision_at_1": 0.64667,
                "precision_at_3": 0.26111,
                "precision_at_5": 0.16567,
                "precision_at_10": 0.08583,
                "precision_at_20": 0.04525,
                "precision_at_100": 0.00978,
                "precision_at_1000": 0.001,
                "mrr_at_1": 0.646667,
                "mrr_at_3": 0.708056,
                "mrr_at_5": 0.718722,
                "mrr_at_10": 0.722894,
                "mrr_at_20": 0.726088,
                "mrr_at_100": 0.727927,
                "mrr_at_1000": 0.728076,
                "nauc_ndcg_at_1_max": 0.7118,
                "nauc_ndcg_at_1_std": 0.311559,
                "nauc_ndcg_at_1_diff1": 0.879564,
                "nauc_ndcg_at_3_max": 0.710916,
                "nauc_ndcg_at_3_std": 0.366055,
                "nauc_ndcg_at_3_diff1": 0.824743,
                "nauc_ndcg_at_5_max": 0.701152,
                "nauc_ndcg_at_5_std": 0.376083,
                "nauc_ndcg_at_5_diff1": 0.809541,
                "nauc_ndcg_at_10_max": 0.696878,
                "nauc_ndcg_at_10_std": 0.379549,
                "nauc_ndcg_at_10_diff1": 0.806907,
                "nauc_ndcg_at_20_max": 0.697784,
                "nauc_ndcg_at_20_std": 0.370947,
                "nauc_ndcg_at_20_diff1": 0.807748,
                "nauc_ndcg_at_100_max": 0.704167,
                "nauc_ndcg_at_100_std": 0.366829,
                "nauc_ndcg_at_100_diff1": 0.821422,
                "nauc_ndcg_at_1000_max": 0.704133,
                "nauc_ndcg_at_1000_std": 0.363168,
                "nauc_ndcg_at_1000_diff1": 0.823462,
                "nauc_map_at_1_max": 0.7118,
                "nauc_map_at_1_std": 0.311559,
                "nauc_map_at_1_diff1": 0.879564,
                "nauc_map_at_3_max": 0.71074,
                "nauc_map_at_3_std": 0.350981,
                "nauc_map_at_3_diff1": 0.838316,
                "nauc_map_at_5_max": 0.705815,
                "nauc_map_at_5_std": 0.355892,
                "nauc_map_at_5_diff1": 0.830918,
                "nauc_map_at_10_max": 0.704372,
                "nauc_map_at_10_std": 0.357057,
                "nauc_map_at_10_diff1": 0.830209,
                "nauc_map_at_20_max": 0.704584,
                "nauc_map_at_20_std": 0.354755,
                "nauc_map_at_20_diff1": 0.830524,
                "nauc_map_at_100_max": 0.705717,
                "nauc_map_at_100_std": 0.354295,
                "nauc_map_at_100_diff1": 0.832473,
                "nauc_map_at_1000_max": 0.705733,
                "nauc_map_at_1000_std": 0.354165,
                "nauc_map_at_1000_diff1": 0.832572,
                "nauc_recall_at_1_max": 0.7118,
                "nauc_recall_at_1_std": 0.311559,
                "nauc_recall_at_1_diff1": 0.879564,
                "nauc_recall_at_3_max": 0.711767,
                "nauc_recall_at_3_std": 0.420375,
                "nauc_recall_at_3_diff1": 0.776669,
                "nauc_recall_at_5_max": 0.67937,
                "nauc_recall_at_5_std": 0.463655,
                "nauc_recall_at_5_diff1": 0.716457,
                "nauc_recall_at_10_max": 0.654041,
                "nauc_recall_at_10_std": 0.495196,
                "nauc_recall_at_10_diff1": 0.686537,
                "nauc_recall_at_20_max": 0.644905,
                "nauc_recall_at_20_std": 0.473037,
                "nauc_recall_at_20_diff1": 0.644471,
                "nauc_recall_at_100_max": 0.713783,
                "nauc_recall_at_100_std": 0.606119,
                "nauc_recall_at_100_diff1": 0.698161,
                "nauc_recall_at_1000_max": NaN,
                "nauc_recall_at_1000_std": NaN,
                "nauc_recall_at_1000_diff1": NaN,
                "nauc_precision_at_1_max": 0.7118,
                "nauc_precision_at_1_std": 0.311559,
                "nauc_precision_at_1_diff1": 0.879564,
                "nauc_precision_at_3_max": 0.711767,
                "nauc_precision_at_3_std": 0.420375,
                "nauc_precision_at_3_diff1": 0.776669,
                "nauc_precision_at_5_max": 0.67937,
                "nauc_precision_at_5_std": 0.463655,
                "nauc_precision_at_5_diff1": 0.716457,
                "nauc_precision_at_10_max": 0.654041,
                "nauc_precision_at_10_std": 0.495196,
                "nauc_precision_at_10_diff1": 0.686537,
                "nauc_precision_at_20_max": 0.644905,
                "nauc_precision_at_20_std": 0.473037,
                "nauc_precision_at_20_diff1": 0.644471,
                "nauc_precision_at_100_max": 0.713783,
                "nauc_precision_at_100_std": 0.606119,
                "nauc_precision_at_100_diff1": 0.698161,
                "nauc_precision_at_1000_max": 1.0,
                "nauc_precision_at_1000_std": 1.0,
                "nauc_precision_at_1000_diff1": 1.0,
                "nauc_mrr_at_1_max": 0.7118,
                "nauc_mrr_at_1_std": 0.311559,
                "nauc_mrr_at_1_diff1": 0.879564,
                "nauc_mrr_at_3_max": 0.71074,
                "nauc_mrr_at_3_std": 0.350981,
                "nauc_mrr_at_3_diff1": 0.838316,
                "nauc_mrr_at_5_max": 0.705815,
                "nauc_mrr_at_5_std": 0.355892,
                "nauc_mrr_at_5_diff1": 0.830918,
                "nauc_mrr_at_10_max": 0.704372,
                "nauc_mrr_at_10_std": 0.357057,
                "nauc_mrr_at_10_diff1": 0.830209,
                "nauc_mrr_at_20_max": 0.704584,
                "nauc_mrr_at_20_std": 0.354755,
                "nauc_mrr_at_20_diff1": 0.830524,
                "nauc_mrr_at_100_max": 0.705717,
                "nauc_mrr_at_100_std": 0.354295,
                "nauc_mrr_at_100_diff1": 0.832473,
                "nauc_mrr_at_1000_max": 0.705733,
                "nauc_mrr_at_1000_std": 0.354165,
                "nauc_mrr_at_1000_diff1": 0.832572,
                "cv_recall_at_1": 0.64667,
                "cv_recall_at_3": 0.78333,
                "cv_recall_at_5": 0.82833,
                "cv_recall_at_10": 0.85833,
                "cv_recall_at_20": 0.905,
                "cv_recall_at_100": 0.97833,
                "cv_recall_at_1000": 1.0,
                "main_score": 0.75618,
                "hf_subset": "default",
                "languages": [
                    "slk-Latn"
                ]
            }
        ]
    },
    "evaluation_time": 1.7800092697143555,
    "kg_co2_emissions": null
}
