{
    "dataset_revision": "09f81f51dd5b8497da16d02c69c98d5cb5993ef2",
    "task_name": "SKQuadRetrieval",
    "mteb_version": "1.39.7",
    "scores": {
        "test": [
            {
                "ndcg_at_1": 0.58695,
                "ndcg_at_3": 0.63281,
                "ndcg_at_5": 0.65464,
                "ndcg_at_10": 0.67759,
                "ndcg_at_20": 0.6964,
                "ndcg_at_100": 0.71563,
                "ndcg_at_1000": 0.72443,
                "map_at_1": 0.40283,
                "map_at_3": 0.51746,
                "map_at_5": 0.53623,
                "map_at_10": 0.55225,
                "map_at_20": 0.56218,
                "map_at_100": 0.56829,
                "map_at_1000": 0.56896,
                "recall_at_1": 0.40283,
                "recall_at_3": 0.62219,
                "recall_at_5": 0.67836,
                "recall_at_10": 0.7441,
                "recall_at_20": 0.81342,
                "recall_at_100": 0.91153,
                "recall_at_1000": 0.98022,
                "accuracy": 0.40283,
                "precision_at_1": 0.59524,
                "precision_at_3": 0.32246,
                "precision_at_5": 0.2164,
                "precision_at_10": 0.1231,
                "precision_at_20": 0.07024,
                "precision_at_100": 0.01651,
                "precision_at_1000": 0.00181,
                "mrr_at_1": 0.595238,
                "mrr_at_3": 0.727513,
                "mrr_at_5": 0.738492,
                "mrr_at_10": 0.743014,
                "mrr_at_20": 0.744218,
                "mrr_at_100": 0.744537,
                "mrr_at_1000": 0.744571,
                "nauc_ndcg_at_1_max": 0.097573,
                "nauc_ndcg_at_1_std": -0.073518,
                "nauc_ndcg_at_1_diff1": 0.356123,
                "nauc_ndcg_at_3_max": 0.11006,
                "nauc_ndcg_at_3_std": -0.097462,
                "nauc_ndcg_at_3_diff1": 0.276316,
                "nauc_ndcg_at_5_max": 0.117295,
                "nauc_ndcg_at_5_std": -0.085004,
                "nauc_ndcg_at_5_diff1": 0.284095,
                "nauc_ndcg_at_10_max": 0.11715,
                "nauc_ndcg_at_10_std": -0.063551,
                "nauc_ndcg_at_10_diff1": 0.283708,
                "nauc_ndcg_at_20_max": 0.125367,
                "nauc_ndcg_at_20_std": -0.046709,
                "nauc_ndcg_at_20_diff1": 0.290071,
                "nauc_ndcg_at_100_max": 0.137468,
                "nauc_ndcg_at_100_std": -0.025017,
                "nauc_ndcg_at_100_diff1": 0.293036,
                "nauc_ndcg_at_1000_max": 0.135491,
                "nauc_ndcg_at_1000_std": -0.039428,
                "nauc_ndcg_at_1000_diff1": 0.297712,
                "nauc_map_at_1_max": 0.034304,
                "nauc_map_at_1_std": -0.10973,
                "nauc_map_at_1_diff1": 0.321528,
                "nauc_map_at_3_max": 0.050557,
                "nauc_map_at_3_std": -0.121922,
                "nauc_map_at_3_diff1": 0.268186,
                "nauc_map_at_5_max": 0.06191,
                "nauc_map_at_5_std": -0.115087,
                "nauc_map_at_5_diff1": 0.272153,
                "nauc_map_at_10_max": 0.066145,
                "nauc_map_at_10_std": -0.102258,
                "nauc_map_at_10_diff1": 0.269995,
                "nauc_map_at_20_max": 0.072289,
                "nauc_map_at_20_std": -0.093808,
                "nauc_map_at_20_diff1": 0.271891,
                "nauc_map_at_100_max": 0.076048,
                "nauc_map_at_100_std": -0.087565,
                "nauc_map_at_100_diff1": 0.273395,
                "nauc_map_at_1000_max": 0.076011,
                "nauc_map_at_1000_std": -0.088395,
                "nauc_map_at_1000_diff1": 0.273736,
                "nauc_recall_at_1_max": 0.034304,
                "nauc_recall_at_1_std": -0.10973,
                "nauc_recall_at_1_diff1": 0.321528,
                "nauc_recall_at_3_max": 0.044924,
                "nauc_recall_at_3_std": -0.110951,
                "nauc_recall_at_3_diff1": 0.17949,
                "nauc_recall_at_5_max": 0.064569,
                "nauc_recall_at_5_std": -0.08066,
                "nauc_recall_at_5_diff1": 0.173941,
                "nauc_recall_at_10_max": 0.061459,
                "nauc_recall_at_10_std": -0.011685,
                "nauc_recall_at_10_diff1": 0.140019,
                "nauc_recall_at_20_max": 0.075837,
                "nauc_recall_at_20_std": 0.061012,
                "nauc_recall_at_20_diff1": 0.133503,
                "nauc_recall_at_100_max": 0.208289,
                "nauc_recall_at_100_std": 0.396384,
                "nauc_recall_at_100_diff1": 0.101818,
                "nauc_recall_at_1000_max": 0.417624,
                "nauc_recall_at_1000_std": 0.64117,
                "nauc_recall_at_1000_diff1": 0.174641,
                "nauc_precision_at_1_max": 0.105446,
                "nauc_precision_at_1_std": -0.072555,
                "nauc_precision_at_1_diff1": 0.350916,
                "nauc_precision_at_3_max": 0.220099,
                "nauc_precision_at_3_std": -0.013207,
                "nauc_precision_at_3_diff1": 0.038646,
                "nauc_precision_at_5_max": 0.235728,
                "nauc_precision_at_5_std": 0.051896,
                "nauc_precision_at_5_diff1": -0.005243,
                "nauc_precision_at_10_max": 0.184793,
                "nauc_precision_at_10_std": 0.132809,
                "nauc_precision_at_10_diff1": -0.051027,
                "nauc_precision_at_20_max": 0.173655,
                "nauc_precision_at_20_std": 0.179384,
                "nauc_precision_at_20_diff1": -0.058232,
                "nauc_precision_at_100_max": 0.176001,
                "nauc_precision_at_100_std": 0.23325,
                "nauc_precision_at_100_diff1": -0.081809,
                "nauc_precision_at_1000_max": 0.143584,
                "nauc_precision_at_1000_std": 0.162763,
                "nauc_precision_at_1000_diff1": -0.094586,
                "nauc_mrr_at_1_max": 0.105446,
                "nauc_mrr_at_1_std": -0.072555,
                "nauc_mrr_at_1_diff1": 0.350916,
                "nauc_mrr_at_3_max": 0.183573,
                "nauc_mrr_at_3_std": -0.054399,
                "nauc_mrr_at_3_diff1": 0.32045,
                "nauc_mrr_at_5_max": 0.185265,
                "nauc_mrr_at_5_std": -0.047738,
                "nauc_mrr_at_5_diff1": 0.327012,
                "nauc_mrr_at_10_max": 0.182644,
                "nauc_mrr_at_10_std": -0.045349,
                "nauc_mrr_at_10_diff1": 0.329727,
                "nauc_mrr_at_20_max": 0.179856,
                "nauc_mrr_at_20_std": -0.045566,
                "nauc_mrr_at_20_diff1": 0.330353,
                "nauc_mrr_at_100_max": 0.179047,
                "nauc_mrr_at_100_std": -0.04612,
                "nauc_mrr_at_100_diff1": 0.330245,
                "nauc_mrr_at_1000_max": 0.178916,
                "nauc_mrr_at_1000_std": -0.046281,
                "nauc_mrr_at_1000_diff1": 0.330206,
                "cv_recall_at_1": 0.59524,
                "cv_recall_at_3": 0.88095,
                "cv_recall_at_5": 0.92857,
                "cv_recall_at_10": 0.9612,
                "cv_recall_at_20": 0.97795,
                "cv_recall_at_100": 0.9903,
                "cv_recall_at_1000": 0.99647,
                "main_score": 0.67759,
                "hf_subset": "default",
                "languages": [
                    "slk-Latn"
                ]
            }
        ]
    },
    "evaluation_time": 17.53831148147583,
    "kg_co2_emissions": null
}
