{
    "dataset_revision": "faf73c5217c37e8a9ba297b8e29b25d1ccdeccae",
    "task_name": "SlovakPharmacyDrMaxReranking",
    "mteb_version": "1.39.7",
    "scores": {
        "test": [
            {
                "ndcg_at_1": 0.81031,
                "ndcg_at_3": 0.90519,
                "ndcg_at_5": 0.91757,
                "ndcg_at_10": 0.91757,
                "ndcg_at_20": 0.91757,
                "ndcg_at_100": 0.91757,
                "ndcg_at_1000": 0.91757,
                "map_at_1": 0.81031,
                "map_at_3": 0.88259,
                "map_at_5": 0.88954,
                "map_at_10": 0.88954,
                "map_at_20": 0.88954,
                "map_at_100": 0.88954,
                "map_at_1000": 0.88954,
                "recall_at_1": 0.81031,
                "recall_at_3": 0.97027,
                "recall_at_5": 1.0,
                "recall_at_10": 1.0,
                "recall_at_20": 1.0,
                "recall_at_100": 1.0,
                "recall_at_1000": 1.0,
                "accuracy": 0.81031,
                "precision_at_1": 0.81031,
                "precision_at_3": 0.32342,
                "precision_at_5": 0.2,
                "precision_at_10": 0.1,
                "precision_at_20": 0.05,
                "precision_at_100": 0.01,
                "precision_at_1000": 0.001,
                "mrr_at_1": 0.810308,
                "mrr_at_3": 0.882592,
                "mrr_at_5": 0.889542,
                "mrr_at_10": 0.889542,
                "mrr_at_20": 0.889542,
                "mrr_at_100": 0.889542,
                "mrr_at_1000": 0.889542,
                "nauc_ndcg_at_1_max": 0.615654,
                "nauc_ndcg_at_1_std": 0.582916,
                "nauc_ndcg_at_1_diff1": 0.792196,
                "nauc_ndcg_at_3_max": 0.634775,
                "nauc_ndcg_at_3_std": 0.635933,
                "nauc_ndcg_at_3_diff1": 0.775069,
                "nauc_ndcg_at_5_max": 0.625889,
                "nauc_ndcg_at_5_std": 0.607299,
                "nauc_ndcg_at_5_diff1": 0.782784,
                "nauc_ndcg_at_10_max": 0.625889,
                "nauc_ndcg_at_10_std": 0.607299,
                "nauc_ndcg_at_10_diff1": 0.782784,
                "nauc_ndcg_at_20_max": 0.625889,
                "nauc_ndcg_at_20_std": 0.607299,
                "nauc_ndcg_at_20_diff1": 0.782784,
                "nauc_ndcg_at_100_max": 0.625889,
                "nauc_ndcg_at_100_std": 0.607299,
                "nauc_ndcg_at_100_diff1": 0.782784,
                "nauc_ndcg_at_1000_max": 0.625889,
                "nauc_ndcg_at_1000_std": 0.607299,
                "nauc_ndcg_at_1000_diff1": 0.782784,
                "nauc_map_at_1_max": 0.615654,
                "nauc_map_at_1_std": 0.582916,
                "nauc_map_at_1_diff1": 0.792196,
                "nauc_map_at_3_max": 0.62928,
                "nauc_map_at_3_std": 0.618662,
                "nauc_map_at_3_diff1": 0.780053,
                "nauc_map_at_5_max": 0.625228,
                "nauc_map_at_5_std": 0.605616,
                "nauc_map_at_5_diff1": 0.783426,
                "nauc_map_at_10_max": 0.625228,
                "nauc_map_at_10_std": 0.605616,
                "nauc_map_at_10_diff1": 0.783426,
                "nauc_map_at_20_max": 0.625228,
                "nauc_map_at_20_std": 0.605616,
                "nauc_map_at_20_diff1": 0.783426,
                "nauc_map_at_100_max": 0.625228,
                "nauc_map_at_100_std": 0.605616,
                "nauc_map_at_100_diff1": 0.783426,
                "nauc_map_at_1000_max": 0.625228,
                "nauc_map_at_1000_std": 0.605616,
                "nauc_map_at_1000_diff1": 0.783426,
                "nauc_recall_at_1_max": 0.615654,
                "nauc_recall_at_1_std": 0.582916,
                "nauc_recall_at_1_diff1": 0.792196,
                "nauc_recall_at_3_max": 0.691402,
                "nauc_recall_at_3_std": 0.818117,
                "nauc_recall_at_3_diff1": 0.723582,
                "nauc_recall_at_5_max": NaN,
                "nauc_recall_at_5_std": NaN,
                "nauc_recall_at_5_diff1": NaN,
                "nauc_recall_at_10_max": NaN,
                "nauc_recall_at_10_std": NaN,
                "nauc_recall_at_10_diff1": NaN,
                "nauc_recall_at_20_max": NaN,
                "nauc_recall_at_20_std": NaN,
                "nauc_recall_at_20_diff1": NaN,
                "nauc_recall_at_100_max": NaN,
                "nauc_recall_at_100_std": NaN,
                "nauc_recall_at_100_diff1": NaN,
                "nauc_recall_at_1000_max": NaN,
                "nauc_recall_at_1000_std": NaN,
                "nauc_recall_at_1000_diff1": NaN,
                "nauc_precision_at_1_max": 0.615654,
                "nauc_precision_at_1_std": 0.582916,
                "nauc_precision_at_1_diff1": 0.792196,
                "nauc_precision_at_3_max": 0.691402,
                "nauc_precision_at_3_std": 0.818117,
                "nauc_precision_at_3_diff1": 0.723582,
                "nauc_precision_at_5_max": 1.0,
                "nauc_precision_at_5_std": 1.0,
                "nauc_precision_at_5_diff1": 1.0,
                "nauc_precision_at_10_max": 1.0,
                "nauc_precision_at_10_std": 1.0,
                "nauc_precision_at_10_diff1": 1.0,
                "nauc_precision_at_20_max": 1.0,
                "nauc_precision_at_20_std": 1.0,
                "nauc_precision_at_20_diff1": 1.0,
                "nauc_precision_at_100_max": 1.0,
                "nauc_precision_at_100_std": 1.0,
                "nauc_precision_at_100_diff1": 1.0,
                "nauc_precision_at_1000_max": 1.0,
                "nauc_precision_at_1000_std": 1.0,
                "nauc_precision_at_1000_diff1": 1.0,
                "nauc_mrr_at_1_max": 0.615654,
                "nauc_mrr_at_1_std": 0.582916,
                "nauc_mrr_at_1_diff1": 0.792196,
                "nauc_mrr_at_3_max": 0.62928,
                "nauc_mrr_at_3_std": 0.618662,
                "nauc_mrr_at_3_diff1": 0.780053,
                "nauc_mrr_at_5_max": 0.625228,
                "nauc_mrr_at_5_std": 0.605616,
                "nauc_mrr_at_5_diff1": 0.783426,
                "nauc_mrr_at_10_max": 0.625228,
                "nauc_mrr_at_10_std": 0.605616,
                "nauc_mrr_at_10_diff1": 0.783426,
                "nauc_mrr_at_20_max": 0.625228,
                "nauc_mrr_at_20_std": 0.605616,
                "nauc_mrr_at_20_diff1": 0.783426,
                "nauc_mrr_at_100_max": 0.625228,
                "nauc_mrr_at_100_std": 0.605616,
                "nauc_mrr_at_100_diff1": 0.783426,
                "nauc_mrr_at_1000_max": 0.625228,
                "nauc_mrr_at_1000_std": 0.605616,
                "nauc_mrr_at_1000_diff1": 0.783426,
                "cv_recall_at_1": 0.81031,
                "cv_recall_at_3": 0.97027,
                "cv_recall_at_5": 1.0,
                "cv_recall_at_10": 1.0,
                "cv_recall_at_20": 1.0,
                "cv_recall_at_100": 1.0,
                "cv_recall_at_1000": 1.0,
                "main_score": 0.88954,
                "hf_subset": "default",
                "languages": [
                    "slk-Latn"
                ]
            }
        ]
    },
    "evaluation_time": 19.92399525642395,
    "kg_co2_emissions": null
}
