{
    "dataset_revision": "85d6b32f2762313714618171b9d1a65eb7408835",
    "task_name": "SlovakSumRetrieval",
    "mteb_version": "1.39.7",
    "scores": {
        "test": [
            {
                "ndcg_at_1": 0.81667,
                "ndcg_at_3": 0.85379,
                "ndcg_at_5": 0.86498,
                "ndcg_at_10": 0.87504,
                "ndcg_at_20": 0.87799,
                "ndcg_at_100": 0.88335,
                "ndcg_at_1000": 0.88611,
                "map_at_1": 0.81667,
                "map_at_3": 0.84472,
                "map_at_5": 0.85106,
                "map_at_10": 0.8551,
                "map_at_20": 0.85591,
                "map_at_100": 0.8567,
                "map_at_1000": 0.8568,
                "recall_at_1": 0.81667,
                "recall_at_3": 0.88,
                "recall_at_5": 0.90667,
                "recall_at_10": 0.93833,
                "recall_at_20": 0.95,
                "recall_at_100": 0.97833,
                "recall_at_1000": 1.0,
                "accuracy": 0.81667,
                "precision_at_1": 0.81667,
                "precision_at_3": 0.29333,
                "precision_at_5": 0.18133,
                "precision_at_10": 0.09383,
                "precision_at_20": 0.0475,
                "precision_at_100": 0.00978,
                "precision_at_1000": 0.001,
                "mrr_at_1": 0.816667,
                "mrr_at_3": 0.844722,
                "mrr_at_5": 0.851056,
                "mrr_at_10": 0.855099,
                "mrr_at_20": 0.85591,
                "mrr_at_100": 0.856704,
                "mrr_at_1000": 0.856804,
                "nauc_ndcg_at_1_max": 0.803989,
                "nauc_ndcg_at_1_std": 0.26878,
                "nauc_ndcg_at_1_diff1": 0.905505,
                "nauc_ndcg_at_3_max": 0.827155,
                "nauc_ndcg_at_3_std": 0.33503,
                "nauc_ndcg_at_3_diff1": 0.898164,
                "nauc_ndcg_at_5_max": 0.81811,
                "nauc_ndcg_at_5_std": 0.33649,
                "nauc_ndcg_at_5_diff1": 0.891343,
                "nauc_ndcg_at_10_max": 0.82578,
                "nauc_ndcg_at_10_std": 0.355474,
                "nauc_ndcg_at_10_diff1": 0.891337,
                "nauc_ndcg_at_20_max": 0.827465,
                "nauc_ndcg_at_20_std": 0.356115,
                "nauc_ndcg_at_20_diff1": 0.895376,
                "nauc_ndcg_at_100_max": 0.824989,
                "nauc_ndcg_at_100_std": 0.354994,
                "nauc_ndcg_at_100_diff1": 0.896319,
                "nauc_ndcg_at_1000_max": 0.823295,
                "nauc_ndcg_at_1000_std": 0.34233,
                "nauc_ndcg_at_1000_diff1": 0.896861,
                "nauc_map_at_1_max": 0.803989,
                "nauc_map_at_1_std": 0.26878,
                "nauc_map_at_1_diff1": 0.905505,
                "nauc_map_at_3_max": 0.822226,
                "nauc_map_at_3_std": 0.319394,
                "nauc_map_at_3_diff1": 0.900423,
                "nauc_map_at_5_max": 0.817313,
                "nauc_map_at_5_std": 0.319653,
                "nauc_map_at_5_diff1": 0.896894,
                "nauc_map_at_10_max": 0.820255,
                "nauc_map_at_10_std": 0.326615,
                "nauc_map_at_10_diff1": 0.897174,
                "nauc_map_at_20_max": 0.820543,
                "nauc_map_at_20_std": 0.326657,
                "nauc_map_at_20_diff1": 0.898246,
                "nauc_map_at_100_max": 0.820274,
                "nauc_map_at_100_std": 0.326592,
                "nauc_map_at_100_diff1": 0.898385,
                "nauc_map_at_1000_max": 0.820229,
                "nauc_map_at_1000_std": 0.326226,
                "nauc_map_at_1000_diff1": 0.898413,
                "nauc_recall_at_1_max": 0.803989,
                "nauc_recall_at_1_std": 0.26878,
                "nauc_recall_at_1_diff1": 0.905505,
                "nauc_recall_at_3_max": 0.84427,
                "nauc_recall_at_3_std": 0.390391,
                "nauc_recall_at_3_diff1": 0.889841,
                "nauc_recall_at_5_max": 0.818894,
                "nauc_recall_at_5_std": 0.408697,
                "nauc_recall_at_5_diff1": 0.865621,
                "nauc_recall_at_10_max": 0.86272,
                "nauc_recall_at_10_std": 0.551833,
                "nauc_recall_at_10_diff1": 0.850935,
                "nauc_recall_at_20_max": 0.888578,
                "nauc_recall_at_20_std": 0.602459,
                "nauc_recall_at_20_diff1": 0.876984,
                "nauc_recall_at_100_max": 0.89406,
                "nauc_recall_at_100_std": 0.863535,
                "nauc_recall_at_100_diff1": 0.878977,
                "nauc_recall_at_1000_max": NaN,
                "nauc_recall_at_1000_std": NaN,
                "nauc_recall_at_1000_diff1": NaN,
                "nauc_precision_at_1_max": 0.803989,
                "nauc_precision_at_1_std": 0.26878,
                "nauc_precision_at_1_diff1": 0.905505,
                "nauc_precision_at_3_max": 0.84427,
                "nauc_precision_at_3_std": 0.390391,
                "nauc_precision_at_3_diff1": 0.889841,
                "nauc_precision_at_5_max": 0.818894,
                "nauc_precision_at_5_std": 0.408697,
                "nauc_precision_at_5_diff1": 0.865621,
                "nauc_precision_at_10_max": 0.86272,
                "nauc_precision_at_10_std": 0.551833,
                "nauc_precision_at_10_diff1": 0.850935,
                "nauc_precision_at_20_max": 0.888578,
                "nauc_precision_at_20_std": 0.602459,
                "nauc_precision_at_20_diff1": 0.876984,
                "nauc_precision_at_100_max": 0.89406,
                "nauc_precision_at_100_std": 0.863535,
                "nauc_precision_at_100_diff1": 0.878977,
                "nauc_precision_at_1000_max": 1.0,
                "nauc_precision_at_1000_std": 1.0,
                "nauc_precision_at_1000_diff1": 1.0,
                "nauc_mrr_at_1_max": 0.803989,
                "nauc_mrr_at_1_std": 0.26878,
                "nauc_mrr_at_1_diff1": 0.905505,
                "nauc_mrr_at_3_max": 0.822226,
                "nauc_mrr_at_3_std": 0.319394,
                "nauc_mrr_at_3_diff1": 0.900423,
                "nauc_mrr_at_5_max": 0.817313,
                "nauc_mrr_at_5_std": 0.319653,
                "nauc_mrr_at_5_diff1": 0.896894,
                "nauc_mrr_at_10_max": 0.820255,
                "nauc_mrr_at_10_std": 0.326615,
                "nauc_mrr_at_10_diff1": 0.897174,
                "nauc_mrr_at_20_max": 0.820543,
                "nauc_mrr_at_20_std": 0.326657,
                "nauc_mrr_at_20_diff1": 0.898246,
                "nauc_mrr_at_100_max": 0.820274,
                "nauc_mrr_at_100_std": 0.326592,
                "nauc_mrr_at_100_diff1": 0.898385,
                "nauc_mrr_at_1000_max": 0.820229,
                "nauc_mrr_at_1000_std": 0.326226,
                "nauc_mrr_at_1000_diff1": 0.898413,
                "cv_recall_at_1": 0.81667,
                "cv_recall_at_3": 0.88,
                "cv_recall_at_5": 0.90667,
                "cv_recall_at_10": 0.93833,
                "cv_recall_at_20": 0.95,
                "cv_recall_at_100": 0.97833,
                "cv_recall_at_1000": 1.0,
                "main_score": 0.87504,
                "hf_subset": "default",
                "languages": [
                    "slk-Latn"
                ]
            }
        ]
    },
    "evaluation_time": 2.0585825443267822,
    "kg_co2_emissions": null
}
