{
    "dataset_revision": "f64f483ad0f31d2e78209d524c14a4a867965959",
    "task_name": "WebFAQRetrieval",
    "mteb_version": "1.39.7",
    "scores": {
        "test": [
            {
                "ndcg_at_1": 0.68189,
                "ndcg_at_3": 0.76019,
                "ndcg_at_5": 0.77451,
                "ndcg_at_10": 0.78836,
                "ndcg_at_20": 0.79697,
                "ndcg_at_100": 0.80528,
                "ndcg_at_1000": 0.80874,
                "map_at_1": 0.68189,
                "map_at_3": 0.74157,
                "map_at_5": 0.74948,
                "map_at_10": 0.75521,
                "map_at_20": 0.75758,
                "map_at_100": 0.75874,
                "map_at_1000": 0.75887,
                "recall_at_1": 0.68189,
                "recall_at_3": 0.81383,
                "recall_at_5": 0.84872,
                "recall_at_10": 0.89153,
                "recall_at_20": 0.92547,
                "recall_at_100": 0.97019,
                "recall_at_1000": 0.99746,
                "accuracy": 0.68189,
                "precision_at_1": 0.68189,
                "precision_at_3": 0.27128,
                "precision_at_5": 0.16974,
                "precision_at_10": 0.08915,
                "precision_at_20": 0.04627,
                "precision_at_100": 0.0097,
                "precision_at_1000": 0.001,
                "mrr_at_1": 0.681573,
                "mrr_at_3": 0.741305,
                "mrr_at_5": 0.749075,
                "mrr_at_10": 0.755014,
                "mrr_at_20": 0.757338,
                "mrr_at_100": 0.758505,
                "mrr_at_1000": 0.758634,
                "nauc_ndcg_at_1_max": 0.537815,
                "nauc_ndcg_at_1_std": 0.009289,
                "nauc_ndcg_at_1_diff1": 0.816525,
                "nauc_ndcg_at_3_max": 0.541819,
                "nauc_ndcg_at_3_std": -0.017522,
                "nauc_ndcg_at_3_diff1": 0.783666,
                "nauc_ndcg_at_5_max": 0.541326,
                "nauc_ndcg_at_5_std": -0.017071,
                "nauc_ndcg_at_5_diff1": 0.782152,
                "nauc_ndcg_at_10_max": 0.532142,
                "nauc_ndcg_at_10_std": -0.023346,
                "nauc_ndcg_at_10_diff1": 0.782659,
                "nauc_ndcg_at_20_max": 0.537932,
                "nauc_ndcg_at_20_std": -0.014109,
                "nauc_ndcg_at_20_diff1": 0.785068,
                "nauc_ndcg_at_100_max": 0.536519,
                "nauc_ndcg_at_100_std": -0.010912,
                "nauc_ndcg_at_100_diff1": 0.787044,
                "nauc_ndcg_at_1000_max": 0.53838,
                "nauc_ndcg_at_1000_std": -0.01096,
                "nauc_ndcg_at_1000_diff1": 0.789078,
                "nauc_map_at_1_max": 0.537815,
                "nauc_map_at_1_std": 0.009289,
                "nauc_map_at_1_diff1": 0.816525,
                "nauc_map_at_3_max": 0.541369,
                "nauc_map_at_3_std": -0.009714,
                "nauc_map_at_3_diff1": 0.792731,
                "nauc_map_at_5_max": 0.541267,
                "nauc_map_at_5_std": -0.009007,
                "nauc_map_at_5_diff1": 0.792228,
                "nauc_map_at_10_max": 0.538054,
                "nauc_map_at_10_std": -0.011023,
                "nauc_map_at_10_diff1": 0.792615,
                "nauc_map_at_20_max": 0.539542,
                "nauc_map_at_20_std": -0.008554,
                "nauc_map_at_20_diff1": 0.793228,
                "nauc_map_at_100_max": 0.539313,
                "nauc_map_at_100_std": -0.008228,
                "nauc_map_at_100_diff1": 0.793469,
                "nauc_map_at_1000_max": 0.539389,
                "nauc_map_at_1000_std": -0.008184,
                "nauc_map_at_1000_diff1": 0.793551,
                "nauc_recall_at_1_max": 0.537815,
                "nauc_recall_at_1_std": 0.009289,
                "nauc_recall_at_1_diff1": 0.816525,
                "nauc_recall_at_3_max": 0.543132,
                "nauc_recall_at_3_std": -0.046833,
                "nauc_recall_at_3_diff1": 0.749904,
                "nauc_recall_at_5_max": 0.540719,
                "nauc_recall_at_5_std": -0.052932,
                "nauc_recall_at_5_diff1": 0.737825,
                "nauc_recall_at_10_max": 0.489195,
                "nauc_recall_at_10_std": -0.100339,
                "nauc_recall_at_10_diff1": 0.725529,
                "nauc_recall_at_20_max": 0.524156,
                "nauc_recall_at_20_std": -0.049478,
                "nauc_recall_at_20_diff1": 0.724642,
                "nauc_recall_at_100_max": 0.467824,
                "nauc_recall_at_100_std": 0.001162,
                "nauc_recall_at_100_diff1": 0.698508,
                "nauc_recall_at_1000_max": 0.6333,
                "nauc_recall_at_1000_std": -0.07565,
                "nauc_recall_at_1000_diff1": 0.740671,
                "nauc_precision_at_1_max": 0.537815,
                "nauc_precision_at_1_std": 0.009289,
                "nauc_precision_at_1_diff1": 0.816525,
                "nauc_precision_at_3_max": 0.543132,
                "nauc_precision_at_3_std": -0.046833,
                "nauc_precision_at_3_diff1": 0.749904,
                "nauc_precision_at_5_max": 0.540719,
                "nauc_precision_at_5_std": -0.052932,
                "nauc_precision_at_5_diff1": 0.737825,
                "nauc_precision_at_10_max": 0.489195,
                "nauc_precision_at_10_std": -0.100339,
                "nauc_precision_at_10_diff1": 0.725529,
                "nauc_precision_at_20_max": 0.524156,
                "nauc_precision_at_20_std": -0.049478,
                "nauc_precision_at_20_diff1": 0.724642,
                "nauc_precision_at_100_max": 0.467824,
                "nauc_precision_at_100_std": 0.001162,
                "nauc_precision_at_100_diff1": 0.698508,
                "nauc_precision_at_1000_max": 0.6333,
                "nauc_precision_at_1000_std": -0.07565,
                "nauc_precision_at_1000_diff1": 0.740671,
                "nauc_mrr_at_1_max": 0.541175,
                "nauc_mrr_at_1_std": 0.009313,
                "nauc_mrr_at_1_diff1": 0.817169,
                "nauc_mrr_at_3_max": 0.543388,
                "nauc_mrr_at_3_std": -0.010693,
                "nauc_mrr_at_3_diff1": 0.793164,
                "nauc_mrr_at_5_max": 0.543959,
                "nauc_mrr_at_5_std": -0.009918,
                "nauc_mrr_at_5_diff1": 0.792876,
                "nauc_mrr_at_10_max": 0.540392,
                "nauc_mrr_at_10_std": -0.011682,
                "nauc_mrr_at_10_diff1": 0.792979,
                "nauc_mrr_at_20_max": 0.541974,
                "nauc_mrr_at_20_std": -0.009431,
                "nauc_mrr_at_20_diff1": 0.793661,
                "nauc_mrr_at_100_max": 0.541805,
                "nauc_mrr_at_100_std": -0.008897,
                "nauc_mrr_at_100_diff1": 0.793934,
                "nauc_mrr_at_1000_max": 0.541883,
                "nauc_mrr_at_1000_std": -0.008853,
                "nauc_mrr_at_1000_diff1": 0.794016,
                "cv_recall_at_1": 0.68157,
                "cv_recall_at_3": 0.81351,
                "cv_recall_at_5": 0.84776,
                "cv_recall_at_10": 0.89217,
                "cv_recall_at_20": 0.92547,
                "cv_recall_at_100": 0.97019,
                "cv_recall_at_1000": 0.99746,
                "main_score": 0.78836,
                "hf_subset": "slk",
                "languages": [
                    "slk-Latn"
                ]
            }
        ]
    },
    "evaluation_time": 20.043256282806396,
    "kg_co2_emissions": null
}
