{
  "dataset_revision": "75b399394a9803252cfec289d103de462763db7c",
  "task_name": "BelebeleRetrieval",
  "mteb_version": "2.3.0",
  "scores": {
    "test": [
      {
        "ndcg_at_1": 0.87889,
        "ndcg_at_3": 0.91722,
        "ndcg_at_5": 0.92411,
        "ndcg_at_10": 0.92782,
        "ndcg_at_20": 0.93005,
        "ndcg_at_100": 0.93318,
        "ndcg_at_1000": 0.93363,
        "map_at_1": 0.87889,
        "map_at_3": 0.90815,
        "map_at_5": 0.91198,
        "map_at_10": 0.91359,
        "map_at_20": 0.91419,
        "map_at_100": 0.91463,
        "map_at_1000": 0.91465,
        "recall_at_1": 0.87889,
        "recall_at_3": 0.94333,
        "recall_at_5": 0.96,
        "recall_at_10": 0.97111,
        "recall_at_20": 0.98,
        "recall_at_100": 0.99667,
        "recall_at_1000": 1.0,
        "accuracy": 0.87889,
        "precision_at_1": 0.87889,
        "precision_at_3": 0.31444,
        "precision_at_5": 0.192,
        "precision_at_10": 0.09711,
        "precision_at_20": 0.049,
        "precision_at_100": 0.00997,
        "precision_at_1000": 0.001,
        "mrr_at_1": 0.878889,
        "mrr_at_3": 0.908148,
        "mrr_at_5": 0.911981,
        "mrr_at_10": 0.913587,
        "mrr_at_20": 0.914191,
        "mrr_at_100": 0.914633,
        "mrr_at_1000": 0.914654,
        "nauc_ndcg_at_1_max": 0.834672,
        "nauc_ndcg_at_1_std": 0.052569,
        "nauc_ndcg_at_1_diff1": 0.920301,
        "nauc_ndcg_at_3_max": 0.85359,
        "nauc_ndcg_at_3_std": 0.0816,
        "nauc_ndcg_at_3_diff1": 0.904203,
        "nauc_ndcg_at_5_max": 0.856583,
        "nauc_ndcg_at_5_std": 0.115938,
        "nauc_ndcg_at_5_diff1": 0.90294,
        "nauc_ndcg_at_10_max": 0.852867,
        "nauc_ndcg_at_10_std": 0.098146,
        "nauc_ndcg_at_10_diff1": 0.90136,
        "nauc_ndcg_at_20_max": 0.850541,
        "nauc_ndcg_at_20_std": 0.095315,
        "nauc_ndcg_at_20_diff1": 0.902427,
        "nauc_ndcg_at_100_max": 0.850991,
        "nauc_ndcg_at_100_std": 0.098282,
        "nauc_ndcg_at_100_diff1": 0.90704,
        "nauc_ndcg_at_1000_max": 0.850231,
        "nauc_ndcg_at_1000_std": 0.092046,
        "nauc_ndcg_at_1000_diff1": 0.906978,
        "nauc_map_at_1_max": 0.834672,
        "nauc_map_at_1_std": 0.052569,
        "nauc_map_at_1_diff1": 0.920301,
        "nauc_map_at_3_max": 0.848653,
        "nauc_map_at_3_std": 0.076673,
        "nauc_map_at_3_diff1": 0.908608,
        "nauc_map_at_5_max": 0.849956,
        "nauc_map_at_5_std": 0.092728,
        "nauc_map_at_5_diff1": 0.908263,
        "nauc_map_at_10_max": 0.848524,
        "nauc_map_at_10_std": 0.086003,
        "nauc_map_at_10_diff1": 0.907789,
        "nauc_map_at_20_max": 0.84791,
        "nauc_map_at_20_std": 0.084725,
        "nauc_map_at_20_diff1": 0.907995,
        "nauc_map_at_100_max": 0.848119,
        "nauc_map_at_100_std": 0.085245,
        "nauc_map_at_100_diff1": 0.908788,
        "nauc_map_at_1000_max": 0.848086,
        "nauc_map_at_1000_std": 0.085015,
        "nauc_map_at_1000_diff1": 0.908784,
        "nauc_recall_at_1_max": 0.834672,
        "nauc_recall_at_1_std": 0.052569,
        "nauc_recall_at_1_diff1": 0.920301,
        "nauc_recall_at_3_max": 0.875652,
        "nauc_recall_at_3_std": 0.101509,
        "nauc_recall_at_3_diff1": 0.884349,
        "nauc_recall_at_5_max": 0.897681,
        "nauc_recall_at_5_std": 0.267598,
        "nauc_recall_at_5_diff1": 0.869748,
        "nauc_recall_at_10_max": 0.885531,
        "nauc_recall_at_10_std": 0.192433,
        "nauc_recall_at_10_diff1": 0.845418,
        "nauc_recall_at_20_max": 0.870318,
        "nauc_recall_at_20_std": 0.213274,
        "nauc_recall_at_20_diff1": 0.837535,
        "nauc_recall_at_100_max": 0.956427,
        "nauc_recall_at_100_std": 1.0,
        "nauc_recall_at_100_diff1": 0.912854,
        "nauc_recall_at_1000_max": NaN,
        "nauc_recall_at_1000_std": NaN,
        "nauc_recall_at_1000_diff1": NaN,
        "nauc_precision_at_1_max": 0.834672,
        "nauc_precision_at_1_std": 0.052569,
        "nauc_precision_at_1_diff1": 0.920301,
        "nauc_precision_at_3_max": 0.875652,
        "nauc_precision_at_3_std": 0.101509,
        "nauc_precision_at_3_diff1": 0.884349,
        "nauc_precision_at_5_max": 0.897681,
        "nauc_precision_at_5_std": 0.267598,
        "nauc_precision_at_5_diff1": 0.869748,
        "nauc_precision_at_10_max": 0.885531,
        "nauc_precision_at_10_std": 0.192433,
        "nauc_precision_at_10_diff1": 0.845418,
        "nauc_precision_at_20_max": 0.870318,
        "nauc_precision_at_20_std": 0.213274,
        "nauc_precision_at_20_diff1": 0.837535,
        "nauc_precision_at_100_max": 0.956427,
        "nauc_precision_at_100_std": 1.0,
        "nauc_precision_at_100_diff1": 0.912854,
        "nauc_precision_at_1000_max": NaN,
        "nauc_precision_at_1000_std": NaN,
        "nauc_precision_at_1000_diff1": NaN,
        "nauc_mrr_at_1_max": 0.834672,
        "nauc_mrr_at_1_std": 0.052569,
        "nauc_mrr_at_1_diff1": 0.920301,
        "nauc_mrr_at_3_max": 0.848653,
        "nauc_mrr_at_3_std": 0.076673,
        "nauc_mrr_at_3_diff1": 0.908608,
        "nauc_mrr_at_5_max": 0.849956,
        "nauc_mrr_at_5_std": 0.092728,
        "nauc_mrr_at_5_diff1": 0.908263,
        "nauc_mrr_at_10_max": 0.848524,
        "nauc_mrr_at_10_std": 0.086003,
        "nauc_mrr_at_10_diff1": 0.907789,
        "nauc_mrr_at_20_max": 0.84791,
        "nauc_mrr_at_20_std": 0.084725,
        "nauc_mrr_at_20_diff1": 0.907995,
        "nauc_mrr_at_100_max": 0.848119,
        "nauc_mrr_at_100_std": 0.085245,
        "nauc_mrr_at_100_diff1": 0.908788,
        "nauc_mrr_at_1000_max": 0.848086,
        "nauc_mrr_at_1000_std": 0.085015,
        "nauc_mrr_at_1000_diff1": 0.908784,
        "cv_recall_at_1": 0.87889,
        "cv_recall_at_3": 0.94333,
        "cv_recall_at_5": 0.96,
        "cv_recall_at_10": 0.97111,
        "cv_recall_at_20": 0.98,
        "cv_recall_at_100": 0.99667,
        "cv_recall_at_1000": 1.0,
        "main_score": 0.92782,
        "hf_subset": "slk_Latn-slk_Latn",
        "languages": [
          "slk-Latn",
          "slk-Latn"
        ]
      },
      {
        "ndcg_at_1": 0.89667,
        "ndcg_at_3": 0.93333,
        "ndcg_at_5": 0.94065,
        "ndcg_at_10": 0.94468,
        "ndcg_at_20": 0.94656,
        "ndcg_at_100": 0.94679,
        "ndcg_at_1000": 0.94724,
        "map_at_1": 0.89667,
        "map_at_3": 0.92481,
        "map_at_5": 0.92887,
        "map_at_10": 0.93058,
        "map_at_20": 0.93105,
        "map_at_100": 0.93109,
        "map_at_1000": 0.93111,
        "recall_at_1": 0.89667,
        "recall_at_3": 0.95778,
        "recall_at_5": 0.97556,
        "recall_at_10": 0.98778,
        "recall_at_20": 0.99556,
        "recall_at_100": 0.99667,
        "recall_at_1000": 1.0,
        "accuracy": 0.89667,
        "precision_at_1": 0.89667,
        "precision_at_3": 0.31926,
        "precision_at_5": 0.19511,
        "precision_at_10": 0.09878,
        "precision_at_20": 0.04978,
        "precision_at_100": 0.00997,
        "precision_at_1000": 0.001,
        "mrr_at_1": 0.896667,
        "mrr_at_3": 0.924815,
        "mrr_at_5": 0.92887,
        "mrr_at_10": 0.930581,
        "mrr_at_20": 0.931053,
        "mrr_at_100": 0.93109,
        "mrr_at_1000": 0.93111,
        "nauc_ndcg_at_1_max": 0.794788,
        "nauc_ndcg_at_1_std": 0.00065,
        "nauc_ndcg_at_1_diff1": 0.91798,
        "nauc_ndcg_at_3_max": 0.8156,
        "nauc_ndcg_at_3_std": -0.012391,
        "nauc_ndcg_at_3_diff1": 0.914565,
        "nauc_ndcg_at_5_max": 0.814837,
        "nauc_ndcg_at_5_std": -0.012891,
        "nauc_ndcg_at_5_diff1": 0.914648,
        "nauc_ndcg_at_10_max": 0.807759,
        "nauc_ndcg_at_10_std": -0.010493,
        "nauc_ndcg_at_10_diff1": 0.911892,
        "nauc_ndcg_at_20_max": 0.81096,
        "nauc_ndcg_at_20_std": -0.00184,
        "nauc_ndcg_at_20_diff1": 0.914499,
        "nauc_ndcg_at_100_max": 0.811335,
        "nauc_ndcg_at_100_std": 0.005508,