{
  "dataset_revision": "3997eba1c60721e34f7b01db400f5b14a40218ea",
  "task_name": "SkQuadReranking",
  "mteb_version": "2.3.0",
  "scores": {
    "test": [
      {
        "ndcg_at_1": 0.62489,
        "ndcg_at_3": 0.67561,
        "ndcg_at_5": 0.71754,
        "ndcg_at_10": 0.77768,
        "ndcg_at_20": 0.78662,
        "ndcg_at_100": 0.78662,
        "ndcg_at_1000": 0.78662,
        "map_at_1": 0.47693,
        "map_at_3": 0.61004,
        "map_at_5": 0.64181,
        "map_at_10": 0.68001,
        "map_at_20": 0.68498,
        "map_at_100": 0.68498,
        "map_at_1000": 0.68498,
        "recall_at_1": 0.47693,
        "recall_at_3": 0.7288,
        "recall_at_5": 0.81927,
        "recall_at_10": 0.97405,
        "recall_at_20": 1.0,
        "recall_at_100": 1.0,
        "recall_at_1000": 1.0,
        "accuracy": 0.47693,
        "precision_at_1": 0.62489,
        "precision_at_3": 0.3348,
        "precision_at_5": 0.23283,
        "precision_at_10": 0.1474,
        "precision_at_20": 0.07643,
        "precision_at_100": 0.01529,
        "precision_at_1000": 0.00153,
        "mrr_at_1": 0.62489,
        "mrr_at_3": 0.745513,
        "mrr_at_5": 0.758488,
        "mrr_at_10": 0.764902,
        "mrr_at_20": 0.765303,
        "mrr_at_100": 0.765303,
        "mrr_at_1000": 0.765303,
        "nauc_ndcg_at_1_max": 0.212897,
        "nauc_ndcg_at_1_std": 0.058662,
        "nauc_ndcg_at_1_diff1": 0.409223,
        "nauc_ndcg_at_3_max": 0.138629,
        "nauc_ndcg_at_3_std": 0.111868,
        "nauc_ndcg_at_3_diff1": 0.274668,
        "nauc_ndcg_at_5_max": 0.147132,
        "nauc_ndcg_at_5_std": 0.118401,
        "nauc_ndcg_at_5_diff1": 0.287015,
        "nauc_ndcg_at_10_max": 0.164422,
        "nauc_ndcg_at_10_std": 0.116517,
        "nauc_ndcg_at_10_diff1": 0.306315,
        "nauc_ndcg_at_20_max": 0.172535,
        "nauc_ndcg_at_20_std": 0.111637,
        "nauc_ndcg_at_20_diff1": 0.313747,
        "nauc_ndcg_at_100_max": 0.172535,
        "nauc_ndcg_at_100_std": 0.111637,
        "nauc_ndcg_at_100_diff1": 0.313747,
        "nauc_ndcg_at_1000_max": 0.172535,
        "nauc_ndcg_at_1000_std": 0.111637,
        "nauc_ndcg_at_1000_diff1": 0.313747,
        "nauc_map_at_1_max": 0.084441,
        "nauc_map_at_1_std": 0.01657,
        "nauc_map_at_1_diff1": 0.346776,
        "nauc_map_at_3_max": 0.110444,
        "nauc_map_at_3_std": 0.083902,
        "nauc_map_at_3_diff1": 0.287316,
        "nauc_map_at_5_max": 0.122073,
        "nauc_map_at_5_std": 0.088941,
        "nauc_map_at_5_diff1": 0.293144,
        "nauc_map_at_10_max": 0.131556,
        "nauc_map_at_10_std": 0.090917,
        "nauc_map_at_10_diff1": 0.297764,
        "nauc_map_at_20_max": 0.135224,
        "nauc_map_at_20_std": 0.089359,
        "nauc_map_at_20_diff1": 0.300598,
        "nauc_map_at_100_max": 0.135224,
        "nauc_map_at_100_std": 0.089359,
        "nauc_map_at_100_diff1": 0.300598,
        "nauc_map_at_1000_max": 0.135224,
        "nauc_map_at_1000_std": 0.089359,
        "nauc_map_at_1000_diff1": 0.300598,
        "nauc_recall_at_1_max": 0.084441,
        "nauc_recall_at_1_std": 0.01657,
        "nauc_recall_at_1_diff1": 0.346776,
        "nauc_recall_at_3_max": 0.081945,
        "nauc_recall_at_3_std": 0.132762,
        "nauc_recall_at_3_diff1": 0.161172,
        "nauc_recall_at_5_max": 0.068952,
        "nauc_recall_at_5_std": 0.138761,
        "nauc_recall_at_5_diff1": 0.148138,
        "nauc_recall_at_10_max": -0.001633,
        "nauc_recall_at_10_std": 0.191808,
        "nauc_recall_at_10_diff1": 0.093801,
        "nauc_recall_at_20_max": NaN,
        "nauc_recall_at_20_std": NaN,
        "nauc_recall_at_20_diff1": NaN,
        "nauc_recall_at_100_max": NaN,
        "nauc_recall_at_100_std": NaN,
        "nauc_recall_at_100_diff1": NaN,
        "nauc_recall_at_1000_max": NaN,
        "nauc_recall_at_1000_std": NaN,
        "nauc_recall_at_1000_diff1": NaN,
        "nauc_precision_at_1_max": 0.212897,
        "nauc_precision_at_1_std": 0.058662,
        "nauc_precision_at_1_diff1": 0.409223,
        "nauc_precision_at_3_max": 0.218486,
        "nauc_precision_at_3_std": 0.205094,
        "nauc_precision_at_3_diff1": 0.014961,
        "nauc_precision_at_5_max": 0.171193,
        "nauc_precision_at_5_std": 0.15416,
        "nauc_precision_at_5_diff1": -0.053164,
        "nauc_precision_at_10_max": 0.113731,
        "nauc_precision_at_10_std": 0.075247,
        "nauc_precision_at_10_diff1": -0.133763,
        "nauc_precision_at_20_max": 0.116593,
        "nauc_precision_at_20_std": 0.058218,
        "nauc_precision_at_20_diff1": -0.136031,
        "nauc_precision_at_100_max": 0.116593,
        "nauc_precision_at_100_std": 0.058218,
        "nauc_precision_at_100_diff1": -0.136031,
        "nauc_precision_at_1000_max": 0.116593,
        "nauc_precision_at_1000_std": 0.058218,
        "nauc_precision_at_1000_diff1": -0.136031,
        "nauc_mrr_at_1_max": 0.212897,
        "nauc_mrr_at_1_std": 0.058662,
        "nauc_mrr_at_1_diff1": 0.409223,
        "nauc_mrr_at_3_max": 0.25733,
        "nauc_mrr_at_3_std": 0.150032,
        "nauc_mrr_at_3_diff1": 0.355752,
        "nauc_mrr_at_5_max": 0.252266,
        "nauc_mrr_at_5_std": 0.145072,
        "nauc_mrr_at_5_diff1": 0.364544,
        "nauc_mrr_at_10_max": 0.24691,
        "nauc_mrr_at_10_std": 0.133715,
        "nauc_mrr_at_10_diff1": 0.369759,
        "nauc_mrr_at_20_max": 0.246426,
        "nauc_mrr_at_20_std": 0.132105,
        "nauc_mrr_at_20_diff1": 0.36973,
        "nauc_mrr_at_100_max": 0.246426,
        "nauc_mrr_at_100_std": 0.132105,
        "nauc_mrr_at_100_diff1": 0.36973,
        "nauc_mrr_at_1000_max": 0.246426,
        "nauc_mrr_at_1000_std": 0.132105,
        "nauc_mrr_at_1000_diff1": 0.36973,
        "cv_recall_at_1": 0.62489,
        "cv_recall_at_3": 0.89232,
        "cv_recall_at_5": 0.94881,
        "cv_recall_at_10": 0.99559,
        "cv_recall_at_20": 1.0,
        "cv_recall_at_100": 1.0,
        "cv_recall_at_1000": 1.0,
        "main_score": 0.68498,
        "hf_subset": "default",
        "languages": [
          "slk-Latn"
        ]
      }
    ]
  },
  "evaluation_time": 519.9200179576874,
  "kg_co2_emissions": null
}