{
  "dataset_revision": "09f81f51dd5b8497da16d02c69c98d5cb5993ef2",
  "task_name": "SKQuadRetrieval",
  "mteb_version": "2.3.0",
  "scores": {
    "test": [
      {
        "ndcg_at_1": 0.5746,
        "ndcg_at_3": 0.62709,
        "ndcg_at_5": 0.64802,
        "ndcg_at_10": 0.67531,
        "ndcg_at_20": 0.69499,
        "ndcg_at_100": 0.71723,
        "ndcg_at_1000": 0.72347,
        "map_at_1": 0.38621,
        "map_at_3": 0.50816,
        "map_at_5": 0.52706,
        "map_at_10": 0.54554,
        "map_at_20": 0.5564,
        "map_at_100": 0.56364,
        "map_at_1000": 0.56416,
        "recall_at_1": 0.38621,
        "recall_at_3": 0.62263,
        "recall_at_5": 0.67889,
        "recall_at_10": 0.75661,
        "recall_at_20": 0.82895,
        "recall_at_100": 0.94128,
        "recall_at_1000": 0.9892,
        "accuracy": 0.38621,
        "precision_at_1": 0.58289,
        "precision_at_3": 0.32422,
        "precision_at_5": 0.21693,
        "precision_at_10": 0.12566,
        "precision_at_20": 0.07187,
        "precision_at_100": 0.01717,
        "precision_at_1000": 0.00183,
        "mrr_at_1": 0.582892,
        "mrr_at_3": 0.720312,
        "mrr_at_5": 0.730982,
        "mrr_at_10": 0.736684,
        "mrr_at_20": 0.737904,
        "mrr_at_100": 0.73822,
        "mrr_at_1000": 0.738257,
        "nauc_ndcg_at_1_max": 0.113881,
        "nauc_ndcg_at_1_std": -0.061859,
        "nauc_ndcg_at_1_diff1": 0.40725,
        "nauc_ndcg_at_3_max": 0.1305,
        "nauc_ndcg_at_3_std": -0.131881,
        "nauc_ndcg_at_3_diff1": 0.26332,
        "nauc_ndcg_at_5_max": 0.122551,
        "nauc_ndcg_at_5_std": -0.128484,
        "nauc_ndcg_at_5_diff1": 0.271284,
        "nauc_ndcg_at_10_max": 0.129427,
        "nauc_ndcg_at_10_std": -0.099028,
        "nauc_ndcg_at_10_diff1": 0.279713,
        "nauc_ndcg_at_20_max": 0.128204,
        "nauc_ndcg_at_20_std": -0.085293,
        "nauc_ndcg_at_20_diff1": 0.279425,
        "nauc_ndcg_at_100_max": 0.138324,
        "nauc_ndcg_at_100_std": -0.062495,
        "nauc_ndcg_at_100_diff1": 0.295634,
        "nauc_ndcg_at_1000_max": 0.140765,
        "nauc_ndcg_at_1000_std": -0.074629,
        "nauc_ndcg_at_1000_diff1": 0.300518,
        "nauc_map_at_1_max": 0.040129,
        "nauc_map_at_1_std": -0.103756,
        "nauc_map_at_1_diff1": 0.344398,
        "nauc_map_at_3_max": 0.064366,
        "nauc_map_at_3_std": -0.147111,
        "nauc_map_at_3_diff1": 0.263186,
        "nauc_map_at_5_max": 0.065442,
        "nauc_map_at_5_std": -0.147196,
        "nauc_map_at_5_diff1": 0.264293,
        "nauc_map_at_10_max": 0.073602,
        "nauc_map_at_10_std": -0.133165,
        "nauc_map_at_10_diff1": 0.267392,
        "nauc_map_at_20_max": 0.075981,
        "nauc_map_at_20_std": -0.127332,
        "nauc_map_at_20_diff1": 0.26632,
        "nauc_map_at_100_max": 0.078517,
        "nauc_map_at_100_std": -0.119725,
        "nauc_map_at_100_diff1": 0.270562,
        "nauc_map_at_1000_max": 0.078738,
        "nauc_map_at_1000_std": -0.120311,
        "nauc_map_at_1000_diff1": 0.270756,
        "nauc_recall_at_1_max": 0.040129,
        "nauc_recall_at_1_std": -0.103756,
        "nauc_recall_at_1_diff1": 0.344398,
        "nauc_recall_at_3_max": 0.06879,
        "nauc_recall_at_3_std": -0.161517,
        "nauc_recall_at_3_diff1": 0.124824,
        "nauc_recall_at_5_max": 0.037868,
        "nauc_recall_at_5_std": -0.162734,
        "nauc_recall_at_5_diff1": 0.115781,
        "nauc_recall_at_10_max": 0.041121,
        "nauc_recall_at_10_std": -0.081882,
        "nauc_recall_at_10_diff1": 0.093226,
        "nauc_recall_at_20_max": 0.023037,
        "nauc_recall_at_20_std": -0.01282,
        "nauc_recall_at_20_diff1": 0.045528,
        "nauc_recall_at_100_max": 0.064079,
        "nauc_recall_at_100_std": 0.394473,
        "nauc_recall_at_100_diff1": 0.046321,
        "nauc_recall_at_1000_max": 0.31808,
        "nauc_recall_at_1000_std": 0.631674,
        "nauc_recall_at_1000_diff1": 0.224569,
        "nauc_precision_at_1_max": 0.110266,
        "nauc_precision_at_1_std": -0.062658,
        "nauc_precision_at_1_diff1": 0.399902,
        "nauc_precision_at_3_max": 0.247121,
        "nauc_precision_at_3_std": -0.056158,
        "nauc_precision_at_3_diff1": 0.017945,
        "nauc_precision_at_5_max": 0.215615,
        "nauc_precision_at_5_std": 0.003838,
        "nauc_precision_at_5_diff1": -0.040839,
        "nauc_precision_at_10_max": 0.18894,
        "nauc_precision_at_10_std": 0.112473,
        "nauc_precision_at_10_diff1": -0.065339,
        "nauc_precision_at_20_max": 0.149473,
        "nauc_precision_at_20_std": 0.14755,
        "nauc_precision_at_20_diff1": -0.085973,
        "nauc_precision_at_100_max": 0.127236,
        "nauc_precision_at_100_std": 0.213938,
        "nauc_precision_at_100_diff1": -0.076931,
        "nauc_precision_at_1000_max": 0.125478,
        "nauc_precision_at_1000_std": 0.168708,
        "nauc_precision_at_1000_diff1": -0.077806,
        "nauc_mrr_at_1_max": 0.110266,
        "nauc_mrr_at_1_std": -0.062658,
        "nauc_mrr_at_1_diff1": 0.399902,
        "nauc_mrr_at_3_max": 0.214326,
        "nauc_mrr_at_3_std": -0.085049,
        "nauc_mrr_at_3_diff1": 0.348072,
        "nauc_mrr_at_5_max": 0.204093,
        "nauc_mrr_at_5_std": -0.079097,
        "nauc_mrr_at_5_diff1": 0.360394,
        "nauc_mrr_at_10_max": 0.200852,
        "nauc_mrr_at_10_std": -0.071577,
        "nauc_mrr_at_10_diff1": 0.365139,
        "nauc_mrr_at_20_max": 0.197742,
        "nauc_mrr_at_20_std": -0.070525,
        "nauc_mrr_at_20_diff1": 0.364435,
        "nauc_mrr_at_100_max": 0.197105,
        "nauc_mrr_at_100_std": -0.071346,
        "nauc_mrr_at_100_diff1": 0.364587,
        "nauc_mrr_at_1000_max": 0.196967,
        "nauc_mrr_at_1000_std": -0.071524,
        "nauc_mrr_at_1000_diff1": 0.364583,
        "cv_recall_at_1": 0.58289,
        "cv_recall_at_3": 0.88095,
        "cv_recall_at_5": 0.92681,
        "cv_recall_at_10": 0.96561,
        "cv_recall_at_20": 0.98325,
        "cv_recall_at_100": 0.99383,
        "cv_recall_at_1000": 1.0,
        "main_score": 0.67531,
        "hf_subset": "default",
        "languages": [
          "slk-Latn"
        ]
      }
    ]
  },
  "evaluation_time": 261.5410301685333,
  "kg_co2_emissions": null
}