{
  "dataset_revision": "79914f425b59d8b9fabb6d38c37f6d81f9723f46",
  "task_name": "SlovakNLI",
  "mteb_version": "2.3.0",
  "scores": {
    "test": [
      {
        "similarity_accuracy": 0.717277,
        "similarity_f1": 0.74359,
        "similarity_precision": 0.659091,
        "similarity_recall": 0.852941,
        "similarity_ap": 0.768961,
        "cosine_accuracy": 0.717277,
        "cosine_f1": 0.74359,
        "cosine_precision": 0.659091,
        "cosine_recall": 0.852941,
        "cosine_ap": 0.768961,
        "manhattan_accuracy": 0.717277,
        "manhattan_f1": 0.734864,
        "manhattan_precision": 0.64,
        "manhattan_recall": 0.862745,
        "manhattan_ap": 0.767309,
        "euclidean_accuracy": 0.717277,
        "euclidean_f1": 0.74359,
        "euclidean_precision": 0.659091,
        "euclidean_recall": 0.852941,
        "euclidean_ap": 0.768969,
        "dot_accuracy": 0.717277,
        "dot_f1": 0.74359,
        "dot_precision": 0.659091,
        "dot_recall": 0.852941,
        "dot_ap": 0.768724,
        "max_accuracy": 0.717277,
        "max_f1": 0.74359,
        "max_precision": 0.659091,
        "max_recall": 0.862745,
        "max_ap": 0.768969,
        "main_score": 0.768969,
        "hf_subset": "default",
        "languages": [
          "slk-Latn"
        ]
      }
    ]
  },
  "evaluation_time": 16.281641006469727,
  "kg_co2_emissions": null
}