{
  "dataset_revision": "82320d7f1d6561a12516605ec24f5d61aceb915c",
  "task_name": "SlovakPharmacyMojaLekarenReranking",
  "mteb_version": "2.3.0",
  "scores": {
    "test": [
      {
        "ndcg_at_1": 0.94038,
        "ndcg_at_3": 0.97387,
        "ndcg_at_5": 0.97614,
        "ndcg_at_10": 0.97614,
        "ndcg_at_20": 0.97614,
        "ndcg_at_100": 0.97614,
        "ndcg_at_1000": 0.97614,
        "map_at_1": 0.94038,
        "map_at_3": 0.96658,
        "map_at_5": 0.96786,
        "map_at_10": 0.96786,
        "map_at_20": 0.96786,
        "map_at_100": 0.96786,
        "map_at_1000": 0.96786,
        "recall_at_1": 0.94038,
        "recall_at_3": 0.99458,
        "recall_at_5": 1.0,
        "recall_at_10": 1.0,
        "recall_at_20": 1.0,
        "recall_at_100": 1.0,
        "recall_at_1000": 1.0,
        "accuracy": 0.94038,
        "precision_at_1": 0.94038,
        "precision_at_3": 0.33153,
        "precision_at_5": 0.2,
        "precision_at_10": 0.1,
        "precision_at_20": 0.05,
        "precision_at_100": 0.01,
        "precision_at_1000": 0.001,
        "mrr_at_1": 0.940379,
        "mrr_at_3": 0.966576,
        "mrr_at_5": 0.967864,
        "mrr_at_10": 0.967864,
        "mrr_at_20": 0.967864,
        "mrr_at_100": 0.967864,
        "mrr_at_1000": 0.967864,
        "nauc_ndcg_at_1_max": 0.732752,
        "nauc_ndcg_at_1_std": 0.57481,
        "nauc_ndcg_at_1_diff1": 0.946407,
        "nauc_ndcg_at_3_max": 0.770066,
        "nauc_ndcg_at_3_std": 0.633154,
        "nauc_ndcg_at_3_diff1": 0.950597,
        "nauc_ndcg_at_5_max": 0.748142,
        "nauc_ndcg_at_5_std": 0.598175,
        "nauc_ndcg_at_5_diff1": 0.94876,
        "nauc_ndcg_at_10_max": 0.748142,
        "nauc_ndcg_at_10_std": 0.598175,
        "nauc_ndcg_at_10_diff1": 0.94876,
        "nauc_ndcg_at_20_max": 0.748142,
        "nauc_ndcg_at_20_std": 0.598175,
        "nauc_ndcg_at_20_diff1": 0.94876,
        "nauc_ndcg_at_100_max": 0.748142,
        "nauc_ndcg_at_100_std": 0.598175,
        "nauc_ndcg_at_100_diff1": 0.94876,
        "nauc_ndcg_at_1000_max": 0.748142,
        "nauc_ndcg_at_1000_std": 0.598175,
        "nauc_ndcg_at_1000_diff1": 0.94876,
        "nauc_map_at_1_max": 0.732752,
        "nauc_map_at_1_std": 0.57481,
        "nauc_map_at_1_diff1": 0.946407,
        "nauc_map_at_3_max": 0.756754,
        "nauc_map_at_3_std": 0.611978,
        "nauc_map_at_3_diff1": 0.94955,
        "nauc_map_at_5_max": 0.74701,
        "nauc_map_at_5_std": 0.596435,
        "nauc_map_at_5_diff1": 0.948632,
        "nauc_map_at_10_max": 0.74701,
        "nauc_map_at_10_std": 0.596435,
        "nauc_map_at_10_diff1": 0.948632,
        "nauc_map_at_20_max": 0.74701,
        "nauc_map_at_20_std": 0.596435,
        "nauc_map_at_20_diff1": 0.948632,
        "nauc_map_at_100_max": 0.74701,
        "nauc_map_at_100_std": 0.596435,
        "nauc_map_at_100_diff1": 0.948632,
        "nauc_map_at_1000_max": 0.74701,
        "nauc_map_at_1000_std": 0.596435,
        "nauc_map_at_1000_diff1": 0.948632,
        "nauc_recall_at_1_max": 0.732752,
        "nauc_recall_at_1_std": 0.57481,
        "nauc_recall_at_1_diff1": 0.946407,
        "nauc_recall_at_3_max": 1.0,
        "nauc_recall_at_3_std": 1.0,
        "nauc_recall_at_3_diff1": 0.96731,
        "nauc_recall_at_5_max": NaN,
        "nauc_recall_at_5_std": NaN,
        "nauc_recall_at_5_diff1": NaN,
        "nauc_recall_at_10_max": NaN,
        "nauc_recall_at_10_std": NaN,
        "nauc_recall_at_10_diff1": NaN,
        "nauc_recall_at_20_max": NaN,
        "nauc_recall_at_20_std": NaN,
        "nauc_recall_at_20_diff1": NaN,
        "nauc_recall_at_100_max": NaN,
        "nauc_recall_at_100_std": NaN,
        "nauc_recall_at_100_diff1": NaN,
        "nauc_recall_at_1000_max": NaN,
        "nauc_recall_at_1000_std": NaN,
        "nauc_recall_at_1000_diff1": NaN,
        "nauc_precision_at_1_max": 0.732752,
        "nauc_precision_at_1_std": 0.57481,
        "nauc_precision_at_1_diff1": 0.946407,
        "nauc_precision_at_3_max": 1.0,
        "nauc_precision_at_3_std": 1.0,
        "nauc_precision_at_3_diff1": 0.96731,
        "nauc_precision_at_5_max": NaN,
        "nauc_precision_at_5_std": NaN,
        "nauc_precision_at_5_diff1": NaN,
        "nauc_precision_at_10_max": NaN,
        "nauc_precision_at_10_std": NaN,
        "nauc_precision_at_10_diff1": NaN,
        "nauc_precision_at_20_max": NaN,
        "nauc_precision_at_20_std": NaN,
        "nauc_precision_at_20_diff1": NaN,
        "nauc_precision_at_100_max": NaN,
        "nauc_precision_at_100_std": NaN,
        "nauc_precision_at_100_diff1": NaN,
        "nauc_precision_at_1000_max": 1.0,
        "nauc_precision_at_1000_std": 1.0,
        "nauc_precision_at_1000_diff1": 1.0,
        "nauc_mrr_at_1_max": 0.732752,
        "nauc_mrr_at_1_std": 0.57481,
        "nauc_mrr_at_1_diff1": 0.946407,
        "nauc_mrr_at_3_max": 0.756754,
        "nauc_mrr_at_3_std": 0.611978,
        "nauc_mrr_at_3_diff1": 0.94955,
        "nauc_mrr_at_5_max": 0.74701,
        "nauc_mrr_at_5_std": 0.596435,
        "nauc_mrr_at_5_diff1": 0.948632,
        "nauc_mrr_at_10_max": 0.74701,
        "nauc_mrr_at_10_std": 0.596435,
        "nauc_mrr_at_10_diff1": 0.948632,
        "nauc_mrr_at_20_max": 0.74701,
        "nauc_mrr_at_20_std": 0.596435,
        "nauc_mrr_at_20_diff1": 0.948632,
        "nauc_mrr_at_100_max": 0.74701,
        "nauc_mrr_at_100_std": 0.596435,
        "nauc_mrr_at_100_diff1": 0.948632,
        "nauc_mrr_at_1000_max": 0.74701,
        "nauc_mrr_at_1000_std": 0.596435,
        "nauc_mrr_at_1000_diff1": 0.948632,
        "cv_recall_at_1": 0.94038,
        "cv_recall_at_3": 0.99458,
        "cv_recall_at_5": 1.0,
        "cv_recall_at_10": 1.0,
        "cv_recall_at_20": 1.0,
        "cv_recall_at_100": 1.0,
        "cv_recall_at_1000": 1.0,
        "main_score": 0.96786,
        "hf_subset": "default",
        "languages": [
          "slk-Latn"
        ]
      }
    ]
  },
  "evaluation_time": 133.99709677696228,
  "kg_co2_emissions": null
}