{
  "dataset_revision": "c5a6521a4ddce3450fb04ba218623681a9189c6d",
  "task_name": "SMESumRetrieval",
  "mteb_version": "2.3.0",
  "scores": {
    "test": [
      {
        "ndcg_at_1": 0.75167,
        "ndcg_at_3": 0.81482,
        "ndcg_at_5": 0.83117,
        "ndcg_at_10": 0.84264,
        "ndcg_at_20": 0.84897,
        "ndcg_at_100": 0.85477,
        "ndcg_at_1000": 0.85635,
        "map_at_1": 0.75167,
        "map_at_3": 0.79972,
        "map_at_5": 0.80872,
        "map_at_10": 0.81354,
        "map_at_20": 0.81529,
        "map_at_100": 0.81618,
        "map_at_1000": 0.81625,
        "recall_at_1": 0.75167,
        "recall_at_3": 0.85833,
        "recall_at_5": 0.89833,
        "recall_at_10": 0.93333,
        "recall_at_20": 0.95833,
        "recall_at_100": 0.98833,
        "recall_at_1000": 1.0,
        "accuracy": 0.75167,
        "precision_at_1": 0.75167,
        "precision_at_3": 0.28611,
        "precision_at_5": 0.17967,
        "precision_at_10": 0.09333,
        "precision_at_20": 0.04792,
        "precision_at_100": 0.00988,
        "precision_at_1000": 0.001,
        "mrr_at_1": 0.751667,
        "mrr_at_3": 0.799722,
        "mrr_at_5": 0.808722,
        "mrr_at_10": 0.81354,
        "mrr_at_20": 0.815291,
        "mrr_at_100": 0.816175,
        "mrr_at_1000": 0.816249,
        "nauc_ndcg_at_1_max": 0.721431,
        "nauc_ndcg_at_1_std": 0.107751,
        "nauc_ndcg_at_1_diff1": 0.870808,
        "nauc_ndcg_at_3_max": 0.752651,
        "nauc_ndcg_at_3_std": 0.173586,
        "nauc_ndcg_at_3_diff1": 0.849952,
        "nauc_ndcg_at_5_max": 0.76415,
        "nauc_ndcg_at_5_std": 0.183844,
        "nauc_ndcg_at_5_diff1": 0.85828,
        "nauc_ndcg_at_10_max": 0.75907,
        "nauc_ndcg_at_10_std": 0.179205,
        "nauc_ndcg_at_10_diff1": 0.857312,
        "nauc_ndcg_at_20_max": 0.756776,
        "nauc_ndcg_at_20_std": 0.183139,
        "nauc_ndcg_at_20_diff1": 0.857079,
        "nauc_ndcg_at_100_max": 0.752815,
        "nauc_ndcg_at_100_std": 0.17458,
        "nauc_ndcg_at_100_diff1": 0.859349,
        "nauc_ndcg_at_1000_max": 0.750827,
        "nauc_ndcg_at_1000_std": 0.167033,
        "nauc_ndcg_at_1000_diff1": 0.858571,
        "nauc_map_at_1_max": 0.721431,
        "nauc_map_at_1_std": 0.107751,
        "nauc_map_at_1_diff1": 0.870808,
        "nauc_map_at_3_max": 0.744493,
        "nauc_map_at_3_std": 0.154788,
        "nauc_map_at_3_diff1": 0.855238,
        "nauc_map_at_5_max": 0.749564,
        "nauc_map_at_5_std": 0.158844,
        "nauc_map_at_5_diff1": 0.85945,
        "nauc_map_at_10_max": 0.747266,
        "nauc_map_at_10_std": 0.156059,
        "nauc_map_at_10_diff1": 0.859207,
        "nauc_map_at_20_max": 0.746549,
        "nauc_map_at_20_std": 0.156948,
        "nauc_map_at_20_diff1": 0.85918,
        "nauc_map_at_100_max": 0.746028,
        "nauc_map_at_100_std": 0.155723,
        "nauc_map_at_100_diff1": 0.859455,
        "nauc_map_at_1000_max": 0.745956,
        "nauc_map_at_1000_std": 0.15545,
        "nauc_map_at_1000_diff1": 0.85942,
        "nauc_recall_at_1_max": 0.721431,
        "nauc_recall_at_1_std": 0.107751,
        "nauc_recall_at_1_diff1": 0.870808,
        "nauc_recall_at_3_max": 0.783858,
        "nauc_recall_at_3_std": 0.246496,
        "nauc_recall_at_3_diff1": 0.829828,
        "nauc_recall_at_5_max": 0.839778,
        "nauc_recall_at_5_std": 0.3115,
        "nauc_recall_at_5_diff1": 0.855386,
        "nauc_recall_at_10_max": 0.84623,
        "nauc_recall_at_10_std": 0.352789,
        "nauc_recall_at_10_diff1": 0.846464,
        "nauc_recall_at_20_max": 0.870401,
        "nauc_recall_at_20_std": 0.501569,
        "nauc_recall_at_20_diff1": 0.836695,
        "nauc_recall_at_100_max": 0.922969,
        "nauc_recall_at_100_std": 0.816593,
        "nauc_recall_at_100_diff1": 0.920635,
        "nauc_recall_at_1000_max": NaN,
        "nauc_recall_at_1000_std": NaN,
        "nauc_recall_at_1000_diff1": NaN,
        "nauc_precision_at_1_max": 0.721431,
        "nauc_precision_at_1_std": 0.107751,
        "nauc_precision_at_1_diff1": 0.870808,
        "nauc_precision_at_3_max": 0.783858,
        "nauc_precision_at_3_std": 0.246496,
        "nauc_precision_at_3_diff1": 0.829828,
        "nauc_precision_at_5_max": 0.839778,
        "nauc_precision_at_5_std": 0.3115,
        "nauc_precision_at_5_diff1": 0.855386,
        "nauc_precision_at_10_max": 0.84623,
        "nauc_precision_at_10_std": 0.352789,
        "nauc_precision_at_10_diff1": 0.846464,
        "nauc_precision_at_20_max": 0.870401,
        "nauc_precision_at_20_std": 0.501569,
        "nauc_precision_at_20_diff1": 0.836695,
        "nauc_precision_at_100_max": 0.922969,
        "nauc_precision_at_100_std": 0.816593,
        "nauc_precision_at_100_diff1": 0.920635,
        "nauc_precision_at_1000_max": 1.0,
        "nauc_precision_at_1000_std": 1.0,
        "nauc_precision_at_1000_diff1": 1.0,
        "nauc_mrr_at_1_max": 0.721431,
        "nauc_mrr_at_1_std": 0.107751,
        "nauc_mrr_at_1_diff1": 0.870808,
        "nauc_mrr_at_3_max": 0.744493,
        "nauc_mrr_at_3_std": 0.154788,
        "nauc_mrr_at_3_diff1": 0.855238,
        "nauc_mrr_at_5_max": 0.749564,
        "nauc_mrr_at_5_std": 0.158844,
        "nauc_mrr_at_5_diff1": 0.85945,
        "nauc_mrr_at_10_max": 0.747266,
        "nauc_mrr_at_10_std": 0.156059,
        "nauc_mrr_at_10_diff1": 0.859207,
        "nauc_mrr_at_20_max": 0.746549,
        "nauc_mrr_at_20_std": 0.156948,
        "nauc_mrr_at_20_diff1": 0.85918,
        "nauc_mrr_at_100_max": 0.746028,
        "nauc_mrr_at_100_std": 0.155723,
        "nauc_mrr_at_100_diff1": 0.859455,
        "nauc_mrr_at_1000_max": 0.745956,
        "nauc_mrr_at_1000_std": 0.15545,
        "nauc_mrr_at_1000_diff1": 0.85942,
        "cv_recall_at_1": 0.75167,
        "cv_recall_at_3": 0.85833,
        "cv_recall_at_5": 0.89833,
        "cv_recall_at_10": 0.93333,
        "cv_recall_at_20": 0.95833,
        "cv_recall_at_100": 0.98833,
        "cv_recall_at_1000": 1.0,
        "main_score": 0.84264,
        "hf_subset": "default",
        "languages": [
          "slk-Latn"
        ]
      }
    ]
  },
  "evaluation_time": 40.86617136001587,
  "kg_co2_emissions": null
}