{
  "dataset_revision": "82320d7f1d6561a12516605ec24f5d61aceb915c",
  "task_name": "SlovakPharmacyMojaLekarenReranking",
  "mteb_version": "1.39.7",
  "scores": {
    "test": [
      {
        "ndcg_at_1": 0.90515,
        "ndcg_at_3": 0.96148,
        "ndcg_at_5": 0.962,
        "ndcg_at_10": 0.962,
        "ndcg_at_20": 0.962,
        "ndcg_at_100": 0.962,
        "ndcg_at_1000": 0.962,
        "map_at_1": 0.90515,
        "map_at_3": 0.94851,
        "map_at_5": 0.94878,
        "map_at_10": 0.94878,
        "map_at_20": 0.94878,
        "map_at_100": 0.94878,
        "map_at_1000": 0.94878,
        "recall_at_1": 0.90515,
        "recall_at_3": 0.99864,
        "recall_at_5": 1.0,
        "recall_at_10": 1.0,
        "recall_at_20": 1.0,
        "recall_at_100": 1.0,
        "recall_at_1000": 1.0,
        "accuracy": 0.90515,
        "precision_at_1": 0.90515,
        "precision_at_3": 0.33288,
        "precision_at_5": 0.2,
        "precision_at_10": 0.1,
        "precision_at_20": 0.05,
        "precision_at_100": 0.01,
        "precision_at_1000": 0.001,
        "mrr_at_1": 0.905149,
        "mrr_at_3": 0.948509,
        "mrr_at_5": 0.94878,
        "mrr_at_10": 0.94878,
        "mrr_at_20": 0.94878,
        "mrr_at_100": 0.94878,
        "mrr_at_1000": 0.94878,
        "nauc_ndcg_at_1_max": 0.402121,
        "nauc_ndcg_at_1_std": 0.456246,
        "nauc_ndcg_at_1_diff1": 0.829287,
        "nauc_ndcg_at_3_max": 0.414244,
        "nauc_ndcg_at_3_std": 0.472472,
        "nauc_ndcg_at_3_diff1": 0.822948,
        "nauc_ndcg_at_5_max": 0.406163,
        "nauc_ndcg_at_5_std": 0.465195,
        "nauc_ndcg_at_5_diff1": 0.824339,
        "nauc_ndcg_at_10_max": 0.406163,
        "nauc_ndcg_at_10_std": 0.465195,
        "nauc_ndcg_at_10_diff1": 0.824339,
        "nauc_ndcg_at_20_max": 0.406163,
        "nauc_ndcg_at_20_std": 0.465195,
        "nauc_ndcg_at_20_diff1": 0.824339,
        "nauc_ndcg_at_100_max": 0.406163,
        "nauc_ndcg_at_100_std": 0.465195,
        "nauc_ndcg_at_100_diff1": 0.824339,
        "nauc_ndcg_at_1000_max": 0.406163,
        "nauc_ndcg_at_1000_std": 0.465195,
        "nauc_ndcg_at_1000_diff1": 0.824339,
        "nauc_map_at_1_max": 0.402121,
        "nauc_map_at_1_std": 0.456246,
        "nauc_map_at_1_diff1": 0.829287,
        "nauc_map_at_3_max": 0.408897,
        "nauc_map_at_3_std": 0.467361,
        "nauc_map_at_3_diff1": 0.824105,
        "nauc_map_at_5_max": 0.405769,
        "nauc_map_at_5_std": 0.464543,
        "nauc_map_at_5_diff1": 0.824645,
        "nauc_map_at_10_max": 0.405769,
        "nauc_map_at_10_std": 0.464543,
        "nauc_map_at_10_diff1": 0.824645,
        "nauc_map_at_20_max": 0.405769,
        "nauc_map_at_20_std": 0.464543,
        "nauc_map_at_20_diff1": 0.824645,
        "nauc_map_at_100_max": 0.405769,
        "nauc_map_at_100_std": 0.464543,
        "nauc_map_at_100_diff1": 0.824645,
        "nauc_map_at_1000_max": 0.405769,
        "nauc_map_at_1000_std": 0.464543,
        "nauc_map_at_1000_diff1": 0.824645,
        "nauc_recall_at_1_max": 0.402121,
        "nauc_recall_at_1_std": 0.456246,
        "nauc_recall_at_1_diff1": 0.829287,
        "nauc_recall_at_3_max": 1.0,
        "nauc_recall_at_3_std": 1.0,
        "nauc_recall_at_3_diff1": 0.722083,
        "nauc_recall_at_5_max": NaN,
        "nauc_recall_at_5_std": NaN,
        "nauc_recall_at_5_diff1": NaN,
        "nauc_recall_at_10_max": NaN,
        "nauc_recall_at_10_std": NaN,
        "nauc_recall_at_10_diff1": NaN,
        "nauc_recall_at_20_max": NaN,
        "nauc_recall_at_20_std": NaN,
        "nauc_recall_at_20_diff1": NaN,
        "nauc_recall_at_100_max": NaN,
        "nauc_recall_at_100_std": NaN,
        "nauc_recall_at_100_diff1": NaN,
        "nauc_recall_at_1000_max": NaN,
        "nauc_recall_at_1000_std": NaN,
        "nauc_recall_at_1000_diff1": NaN,
        "nauc_precision_at_1_max": 0.402121,
        "nauc_precision_at_1_std": 0.456246,
        "nauc_precision_at_1_diff1": 0.829287,
        "nauc_precision_at_3_max": 1.0,
        "nauc_precision_at_3_std": 1.0,
        "nauc_precision_at_3_diff1": 0.722083,
        "nauc_precision_at_5_max": NaN,
        "nauc_precision_at_5_std": NaN,
        "nauc_precision_at_5_diff1": NaN,
        "nauc_precision_at_10_max": NaN,
        "nauc_precision_at_10_std": NaN,
        "nauc_precision_at_10_diff1": NaN,
        "nauc_precision_at_20_max": NaN,
        "nauc_precision_at_20_std": NaN,
        "nauc_precision_at_20_diff1": NaN,
        "nauc_precision_at_100_max": NaN,
        "nauc_precision_at_100_std": NaN,
        "nauc_precision_at_100_diff1": NaN,
        "nauc_precision_at_1000_max": 1.0,
        "nauc_precision_at_1000_std": 1.0,
        "nauc_precision_at_1000_diff1": 1.0,
        "nauc_mrr_at_1_max": 0.402121,
        "nauc_mrr_at_1_std": 0.456246,
        "nauc_mrr_at_1_diff1": 0.829287,
        "nauc_mrr_at_3_max": 0.408897,
        "nauc_mrr_at_3_std": 0.467361,
        "nauc_mrr_at_3_diff1": 0.824105,
        "nauc_mrr_at_5_max": 0.405769,
        "nauc_mrr_at_5_std": 0.464543,
        "nauc_mrr_at_5_diff1": 0.824645,
        "nauc_mrr_at_10_max": 0.405769,
        "nauc_mrr_at_10_std": 0.464543,
        "nauc_mrr_at_10_diff1": 0.824645,
        "nauc_mrr_at_20_max": 0.405769,
        "nauc_mrr_at_20_std": 0.464543,
        "nauc_mrr_at_20_diff1": 0.824645,
        "nauc_mrr_at_100_max": 0.405769,
        "nauc_mrr_at_100_std": 0.464543,
        "nauc_mrr_at_100_diff1": 0.824645,
        "nauc_mrr_at_1000_max": 0.405769,
        "nauc_mrr_at_1000_std": 0.464543,
        "nauc_mrr_at_1000_diff1": 0.824645,
        "cv_recall_at_1": 0.90515,
        "cv_recall_at_3": 0.99864,
        "cv_recall_at_5": 1.0,
        "cv_recall_at_10": 1.0,
        "cv_recall_at_20": 1.0,
        "cv_recall_at_100": 1.0,
        "cv_recall_at_1000": 1.0,
        "main_score": 0.94878,
        "hf_subset": "default",
        "languages": [
          "slk-Latn"
        ]
      }
    ]
  },
  "evaluation_time": 208.721177816391,
  "kg_co2_emissions": null
}