{
    "dataset_revision": "09f81f51dd5b8497da16d02c69c98d5cb5993ef2",
    "task_name": "SKQuadRetrieval",
    "mteb_version": "1.39.7",
    "scores": {
        "test": [
            {
                "ndcg_at_1": 0.50511,
                "ndcg_at_3": 0.57622,
                "ndcg_at_5": 0.60769,
                "ndcg_at_10": 0.63535,
                "ndcg_at_20": 0.65792,
                "ndcg_at_100": 0.68107,
                "ndcg_at_1000": 0.68795,
                "map_at_1": 0.34532,
                "map_at_3": 0.46535,
                "map_at_5": 0.4904,
                "map_at_10": 0.50844,
                "map_at_20": 0.52019,
                "map_at_100": 0.52764,
                "map_at_1000": 0.52816,
                "recall_at_1": 0.34532,
                "recall_at_3": 0.58419,
                "recall_at_5": 0.6595,
                "recall_at_10": 0.73749,
                "recall_at_20": 0.82166,
                "recall_at_100": 0.93721,
                "recall_at_1000": 0.98932,
                "accuracy": 0.34532,
                "precision_at_1": 0.51764,
                "precision_at_3": 0.30658,
                "precision_at_5": 0.21305,
                "precision_at_10": 0.12372,
                "precision_at_20": 0.07183,
                "precision_at_100": 0.01723,
                "precision_at_1000": 0.00183,
                "mrr_at_1": 0.517637,
                "mrr_at_3": 0.661817,
                "mrr_at_5": 0.676675,
                "mrr_at_10": 0.682973,
                "mrr_at_20": 0.684718,
                "mrr_at_100": 0.68519,
                "mrr_at_1000": 0.685256,
                "nauc_ndcg_at_1_max": 0.25287,
                "nauc_ndcg_at_1_std": 0.074448,
                "nauc_ndcg_at_1_diff1": 0.372646,
                "nauc_ndcg_at_3_max": 0.225045,
                "nauc_ndcg_at_3_std": -0.015318,
                "nauc_ndcg_at_3_diff1": 0.229893,
                "nauc_ndcg_at_5_max": 0.222769,
                "nauc_ndcg_at_5_std": -0.027363,
                "nauc_ndcg_at_5_diff1": 0.236591,
                "nauc_ndcg_at_10_max": 0.233554,
                "nauc_ndcg_at_10_std": -0.008947,
                "nauc_ndcg_at_10_diff1": 0.250984,
                "nauc_ndcg_at_20_max": 0.247105,
                "nauc_ndcg_at_20_std": 0.024251,
                "nauc_ndcg_at_20_diff1": 0.25879,
                "nauc_ndcg_at_100_max": 0.259389,
                "nauc_ndcg_at_100_std": 0.049906,
                "nauc_ndcg_at_100_diff1": 0.262766,
                "nauc_ndcg_at_1000_max": 0.257577,
                "nauc_ndcg_at_1000_std": 0.037587,
                "nauc_ndcg_at_1000_diff1": 0.266288,
                "nauc_map_at_1_max": 0.151402,
                "nauc_map_at_1_std": -0.031794,
                "nauc_map_at_1_diff1": 0.297102,
                "nauc_map_at_3_max": 0.1562,
                "nauc_map_at_3_std": -0.061526,
                "nauc_map_at_3_diff1": 0.218238,
                "nauc_map_at_5_max": 0.154679,
                "nauc_map_at_5_std": -0.067409,
                "nauc_map_at_5_diff1": 0.216982,
                "nauc_map_at_10_max": 0.163877,
                "nauc_map_at_10_std": -0.060252,
                "nauc_map_at_10_diff1": 0.225272,
                "nauc_map_at_20_max": 0.171808,
                "nauc_map_at_20_std": -0.046984,
                "nauc_map_at_20_diff1": 0.229133,
                "nauc_map_at_100_max": 0.176324,
                "nauc_map_at_100_std": -0.038486,
                "nauc_map_at_100_diff1": 0.229741,
                "nauc_map_at_1000_max": 0.17636,
                "nauc_map_at_1000_std": -0.03889,
                "nauc_map_at_1000_diff1": 0.229949,
                "nauc_recall_at_1_max": 0.151402,
                "nauc_recall_at_1_std": -0.031794,
                "nauc_recall_at_1_diff1": 0.297102,
                "nauc_recall_at_3_max": 0.112929,
                "nauc_recall_at_3_std": -0.102232,
                "nauc_recall_at_3_diff1": 0.102956,
                "nauc_recall_at_5_max": 0.091335,
                "nauc_recall_at_5_std": -0.124789,
                "nauc_recall_at_5_diff1": 0.088863,
                "nauc_recall_at_10_max": 0.091239,
                "nauc_recall_at_10_std": -0.097899,
                "nauc_recall_at_10_diff1": 0.096461,
                "nauc_recall_at_20_max": 0.116523,
                "nauc_recall_at_20_std": 0.044612,
                "nauc_recall_at_20_diff1": 0.091454,
                "nauc_recall_at_100_max": 0.282023,
                "nauc_recall_at_100_std": 0.433572,
                "nauc_recall_at_100_diff1": 0.051769,
                "nauc_recall_at_1000_max": 0.469405,
                "nauc_recall_at_1000_std": 0.655034,
                "nauc_recall_at_1000_diff1": 0.115018,
                "nauc_precision_at_1_max": 0.255876,
                "nauc_precision_at_1_std": 0.076059,
                "nauc_precision_at_1_diff1": 0.366925,
                "nauc_precision_at_3_max": 0.280324,
                "nauc_precision_at_3_std": 0.066051,
                "nauc_precision_at_3_diff1": 0.066962,
                "nauc_precision_at_5_max": 0.207834,
                "nauc_precision_at_5_std": 0.052846,
                "nauc_precision_at_5_diff1": 0.01841,
                "nauc_precision_at_10_max": 0.198264,
                "nauc_precision_at_10_std": 0.110969,
                "nauc_precision_at_10_diff1": 0.014613,
                "nauc_precision_at_20_max": 0.185908,
                "nauc_precision_at_20_std": 0.201228,
                "nauc_precision_at_20_diff1": -0.002284,
                "nauc_precision_at_100_max": 0.169832,
                "nauc_precision_at_100_std": 0.254636,
                "nauc_precision_at_100_diff1": -0.02817,
                "nauc_precision_at_1000_max": 0.148016,
                "nauc_precision_at_1000_std": 0.207146,
                "nauc_precision_at_1000_diff1": -0.031313,
                "nauc_mrr_at_1_max": 0.255876,
                "nauc_mrr_at_1_std": 0.076059,
                "nauc_mrr_at_1_diff1": 0.366925,
                "nauc_mrr_at_3_max": 0.320546,
                "nauc_mrr_at_3_std": 0.066316,
                "nauc_mrr_at_3_diff1": 0.311871,
                "nauc_mrr_at_5_max": 0.326057,
                "nauc_mrr_at_5_std": 0.071144,
                "nauc_mrr_at_5_diff1": 0.321681,
                "nauc_mrr_at_10_max": 0.325724,
                "nauc_mrr_at_10_std": 0.077486,
                "nauc_mrr_at_10_diff1": 0.323392,
                "nauc_mrr_at_20_max": 0.324484,
                "nauc_mrr_at_20_std": 0.081005,
                "nauc_mrr_at_20_diff1": 0.323614,
                "nauc_mrr_at_100_max": 0.323266,
                "nauc_mrr_at_100_std": 0.080124,
                "nauc_mrr_at_100_diff1": 0.323788,
                "nauc_mrr_at_1000_max": 0.323104,
                "nauc_mrr_at_1000_std": 0.079932,
                "nauc_mrr_at_1000_diff1": 0.323793,
                "cv_recall_at_1": 0.51764,
                "cv_recall_at_3": 0.83333,
                "cv_recall_at_5": 0.89771,
                "cv_recall_at_10": 0.94268,
                "cv_recall_at_20": 0.96737,
                "cv_recall_at_100": 0.98236,
                "cv_recall_at_1000": 0.99647,
                "main_score": 0.63535,
                "hf_subset": "default",
                "languages": [
                    "slk-Latn"
                ]
            }
        ]
    },
    "evaluation_time": 46.67073345184326,
    "kg_co2_emissions": null
}
