{
    "dataset_revision": "faf73c5217c37e8a9ba297b8e29b25d1ccdeccae",
    "task_name": "SlovakPharmacyDrMaxReranking",
    "mteb_version": "1.39.7",
    "scores": {
        "test": [
            {
                "ndcg_at_1": 0.87019,
                "ndcg_at_3": 0.93152,
                "ndcg_at_5": 0.9429,
                "ndcg_at_10": 0.9429,
                "ndcg_at_20": 0.9429,
                "ndcg_at_100": 0.9429,
                "ndcg_at_1000": 0.9429,
                "map_at_1": 0.87019,
                "map_at_3": 0.91727,
                "map_at_5": 0.92359,
                "map_at_10": 0.92359,
                "map_at_20": 0.92359,
                "map_at_100": 0.92359,
                "map_at_1000": 0.92359,
                "recall_at_1": 0.87019,
                "recall_at_3": 0.97241,
                "recall_at_5": 1.0,
                "recall_at_10": 1.0,
                "recall_at_20": 1.0,
                "recall_at_100": 1.0,
                "recall_at_1000": 1.0,
                "accuracy": 0.87019,
                "precision_at_1": 0.87019,
                "precision_at_3": 0.32414,
                "precision_at_5": 0.2,
                "precision_at_10": 0.1,
                "precision_at_20": 0.05,
                "precision_at_100": 0.01,
                "precision_at_1000": 0.001,
                "mrr_at_1": 0.870188,
                "mrr_at_3": 0.917273,
                "mrr_at_5": 0.923592,
                "mrr_at_10": 0.923592,
                "mrr_at_20": 0.923592,
                "mrr_at_100": 0.923592,
                "mrr_at_1000": 0.923592,
                "nauc_ndcg_at_1_max": 0.750668,
                "nauc_ndcg_at_1_std": 0.631956,
                "nauc_ndcg_at_1_diff1": 0.840632,
                "nauc_ndcg_at_3_max": 0.776354,
                "nauc_ndcg_at_3_std": 0.665845,
                "nauc_ndcg_at_3_diff1": 0.820157,
                "nauc_ndcg_at_5_max": 0.761916,
                "nauc_ndcg_at_5_std": 0.650532,
                "nauc_ndcg_at_5_diff1": 0.83046,
                "nauc_ndcg_at_10_max": 0.761916,
                "nauc_ndcg_at_10_std": 0.650532,
                "nauc_ndcg_at_10_diff1": 0.83046,
                "nauc_ndcg_at_20_max": 0.761916,
                "nauc_ndcg_at_20_std": 0.650532,
                "nauc_ndcg_at_20_diff1": 0.83046,
                "nauc_ndcg_at_100_max": 0.761916,
                "nauc_ndcg_at_100_std": 0.650532,
                "nauc_ndcg_at_100_diff1": 0.83046,
                "nauc_ndcg_at_1000_max": 0.761916,
                "nauc_ndcg_at_1000_std": 0.650532,
                "nauc_ndcg_at_1000_diff1": 0.83046,
                "nauc_map_at_1_max": 0.750668,
                "nauc_map_at_1_std": 0.631956,
                "nauc_map_at_1_diff1": 0.840632,
                "nauc_map_at_3_max": 0.767785,
                "nauc_map_at_3_std": 0.656182,
                "nauc_map_at_3_diff1": 0.826359,
                "nauc_map_at_5_max": 0.761101,
                "nauc_map_at_5_std": 0.64927,
                "nauc_map_at_5_diff1": 0.831148,
                "nauc_map_at_10_max": 0.761101,
                "nauc_map_at_10_std": 0.64927,
                "nauc_map_at_10_diff1": 0.831148,
                "nauc_map_at_20_max": 0.761101,
                "nauc_map_at_20_std": 0.64927,
                "nauc_map_at_20_diff1": 0.831148,
                "nauc_map_at_100_max": 0.761101,
                "nauc_map_at_100_std": 0.64927,
                "nauc_map_at_100_diff1": 0.831148,
                "nauc_map_at_1000_max": 0.761101,
                "nauc_map_at_1000_std": 0.64927,
                "nauc_map_at_1000_diff1": 0.831148,
                "nauc_recall_at_1_max": 0.750668,
                "nauc_recall_at_1_std": 0.631956,
                "nauc_recall_at_1_diff1": 0.840632,
                "nauc_recall_at_3_max": 0.847455,
                "nauc_recall_at_3_std": 0.743778,
                "nauc_recall_at_3_diff1": 0.769558,
                "nauc_recall_at_5_max": NaN,
                "nauc_recall_at_5_std": NaN,
                "nauc_recall_at_5_diff1": NaN,
                "nauc_recall_at_10_max": NaN,
                "nauc_recall_at_10_std": NaN,
                "nauc_recall_at_10_diff1": NaN,
                "nauc_recall_at_20_max": NaN,
                "nauc_recall_at_20_std": NaN,
                "nauc_recall_at_20_diff1": NaN,
                "nauc_recall_at_100_max": NaN,
                "nauc_recall_at_100_std": NaN,
                "nauc_recall_at_100_diff1": NaN,
                "nauc_recall_at_1000_max": NaN,
                "nauc_recall_at_1000_std": NaN,
                "nauc_recall_at_1000_diff1": NaN,
                "nauc_precision_at_1_max": 0.750668,
                "nauc_precision_at_1_std": 0.631956,
                "nauc_precision_at_1_diff1": 0.840632,
                "nauc_precision_at_3_max": 0.847455,
                "nauc_precision_at_3_std": 0.743778,
                "nauc_precision_at_3_diff1": 0.769558,
                "nauc_precision_at_5_max": 1.0,
                "nauc_precision_at_5_std": 1.0,
                "nauc_precision_at_5_diff1": 1.0,
                "nauc_precision_at_10_max": 1.0,
                "nauc_precision_at_10_std": 1.0,
                "nauc_precision_at_10_diff1": 1.0,
                "nauc_precision_at_20_max": 1.0,
                "nauc_precision_at_20_std": 1.0,
                "nauc_precision_at_20_diff1": 1.0,
                "nauc_precision_at_100_max": 1.0,
                "nauc_precision_at_100_std": 1.0,
                "nauc_precision_at_100_diff1": 1.0,
                "nauc_precision_at_1000_max": 1.0,
                "nauc_precision_at_1000_std": 1.0,
                "nauc_precision_at_1000_diff1": 1.0,
                "nauc_mrr_at_1_max": 0.750668,
                "nauc_mrr_at_1_std": 0.631956,
                "nauc_mrr_at_1_diff1": 0.840632,
                "nauc_mrr_at_3_max": 0.767785,
                "nauc_mrr_at_3_std": 0.656182,
                "nauc_mrr_at_3_diff1": 0.826359,
                "nauc_mrr_at_5_max": 0.761101,
                "nauc_mrr_at_5_std": 0.64927,
                "nauc_mrr_at_5_diff1": 0.831148,
                "nauc_mrr_at_10_max": 0.761101,
                "nauc_mrr_at_10_std": 0.64927,
                "nauc_mrr_at_10_diff1": 0.831148,
                "nauc_mrr_at_20_max": 0.761101,
                "nauc_mrr_at_20_std": 0.64927,
                "nauc_mrr_at_20_diff1": 0.831148,
                "nauc_mrr_at_100_max": 0.761101,
                "nauc_mrr_at_100_std": 0.64927,
                "nauc_mrr_at_100_diff1": 0.831148,
                "nauc_mrr_at_1000_max": 0.761101,
                "nauc_mrr_at_1000_std": 0.64927,
                "nauc_mrr_at_1000_diff1": 0.831148,
                "cv_recall_at_1": 0.87019,
                "cv_recall_at_3": 0.97241,
                "cv_recall_at_5": 1.0,
                "cv_recall_at_10": 1.0,
                "cv_recall_at_20": 1.0,
                "cv_recall_at_100": 1.0,
                "cv_recall_at_1000": 1.0,
                "main_score": 0.92359,
                "hf_subset": "default",
                "languages": [
                    "slk-Latn"
                ]
            }
        ]
    },
    "evaluation_time": 122.64593744277954,
    "kg_co2_emissions": null
}
