{
    "dataset_revision": "2e428d17ae4178dae14f6643785647fc9f30edaa",
    "task_name": "SlovakRTE",
    "mteb_version": "1.39.7",
    "scores": {
        "test": [
            {
                "similarity_accuracy": 0.51506,
                "similarity_f1": 0.65205,
                "similarity_precision": 0.484027,
                "similarity_recall": 0.998756,
                "similarity_ap": 0.381385,
                "cosine_accuracy": 0.51506,
                "cosine_f1": 0.65205,
                "cosine_precision": 0.484027,
                "cosine_recall": 0.998756,
                "cosine_ap": 0.381385,
                "manhattan_accuracy": 0.51506,
                "manhattan_f1": 0.65205,
                "manhattan_precision": 0.484027,
                "manhattan_recall": 0.998756,
                "manhattan_ap": 0.400218,
                "euclidean_accuracy": 0.51506,
                "euclidean_f1": 0.652298,
                "euclidean_precision": 0.484592,
                "euclidean_recall": 0.997512,
                "euclidean_ap": 0.399666,
                "dot_accuracy": 0.51506,
                "dot_f1": 0.65205,
                "dot_precision": 0.484027,
                "dot_recall": 0.998756,
                "dot_ap": 0.391592,
                "max_accuracy": 0.51506,
                "max_f1": 0.652298,
                "max_precision": 0.484592,
                "max_recall": 0.998756,
                "max_ap": 0.400218,
                "main_score": 0.400218,
                "hf_subset": "default",
                "languages": [
                    "slk-Latn"
                ]
            }
        ]
    },
    "evaluation_time": 5.477306842803955,
    "kg_co2_emissions": null
}
