{
    "dataset_revision": "85d6b32f2762313714618171b9d1a65eb7408835",
    "task_name": "SlovakSumRetrieval",
    "mteb_version": "1.39.7",
    "scores": {
        "test": [
            {
                "ndcg_at_1": 0.87667,
                "ndcg_at_3": 0.92163,
                "ndcg_at_5": 0.925,
                "ndcg_at_10": 0.9311,
                "ndcg_at_20": 0.93315,
                "ndcg_at_100": 0.93466,
                "ndcg_at_1000": 0.93546,
                "map_at_1": 0.87667,
                "map_at_3": 0.91167,
                "map_at_5": 0.9135,
                "map_at_10": 0.91612,
                "map_at_20": 0.91665,
                "map_at_100": 0.91685,
                "map_at_1000": 0.91687,
                "recall_at_1": 0.87667,
                "recall_at_3": 0.95,
                "recall_at_5": 0.95833,
                "recall_at_10": 0.97667,
                "recall_at_20": 0.985,
                "recall_at_100": 0.99333,
                "recall_at_1000": 1.0,
                "accuracy": 0.87667,
                "precision_at_1": 0.87667,
                "precision_at_3": 0.31667,
                "precision_at_5": 0.19167,
                "precision_at_10": 0.09767,
                "precision_at_20": 0.04925,
                "precision_at_100": 0.00993,
                "precision_at_1000": 0.001,
                "mrr_at_1": 0.876667,
                "mrr_at_3": 0.911667,
                "mrr_at_5": 0.9135,
                "mrr_at_10": 0.916117,
                "mrr_at_20": 0.916653,
                "mrr_at_100": 0.91685,
                "mrr_at_1000": 0.916874,
                "nauc_ndcg_at_1_max": 0.813556,
                "nauc_ndcg_at_1_std": -0.005731,
                "nauc_ndcg_at_1_diff1": 0.938902,
                "nauc_ndcg_at_3_max": 0.852573,
                "nauc_ndcg_at_3_std": 0.114748,
                "nauc_ndcg_at_3_diff1": 0.942528,
                "nauc_ndcg_at_5_max": 0.846989,
                "nauc_ndcg_at_5_std": 0.100705,
                "nauc_ndcg_at_5_diff1": 0.942318,
                "nauc_ndcg_at_10_max": 0.845141,
                "nauc_ndcg_at_10_std": 0.096546,
                "nauc_ndcg_at_10_diff1": 0.940357,
                "nauc_ndcg_at_20_max": 0.842873,
                "nauc_ndcg_at_20_std": 0.100008,
                "nauc_ndcg_at_20_diff1": 0.941045,
                "nauc_ndcg_at_100_max": 0.84159,
                "nauc_ndcg_at_100_std": 0.092785,
                "nauc_ndcg_at_100_diff1": 0.93966,
                "nauc_ndcg_at_1000_max": 0.841271,
                "nauc_ndcg_at_1000_std": 0.082387,
                "nauc_ndcg_at_1000_diff1": 0.940548,
                "nauc_map_at_1_max": 0.813556,
                "nauc_map_at_1_std": -0.005731,
                "nauc_map_at_1_diff1": 0.938902,
                "nauc_map_at_3_max": 0.841771,
                "nauc_map_at_3_std": 0.074718,
                "nauc_map_at_3_diff1": 0.941567,
                "nauc_map_at_5_max": 0.83887,
                "nauc_map_at_5_std": 0.066593,
                "nauc_map_at_5_diff1": 0.94146,
                "nauc_map_at_10_max": 0.83812,
                "nauc_map_at_10_std": 0.063695,
                "nauc_map_at_10_diff1": 0.940749,
                "nauc_map_at_20_max": 0.837604,
                "nauc_map_at_20_std": 0.064199,
                "nauc_map_at_20_diff1": 0.940892,
                "nauc_map_at_100_max": 0.837548,
                "nauc_map_at_100_std": 0.063674,
                "nauc_map_at_100_diff1": 0.940749,
                "nauc_map_at_1000_max": 0.837573,
                "nauc_map_at_1000_std": 0.063447,
                "nauc_map_at_1000_diff1": 0.94077,
                "nauc_recall_at_1_max": 0.813556,
                "nauc_recall_at_1_std": -0.005731,
                "nauc_recall_at_1_diff1": 0.938902,
                "nauc_recall_at_3_max": 0.905089,
                "nauc_recall_at_3_std": 0.315142,
                "nauc_recall_at_3_diff1": 0.947168,
                "nauc_recall_at_5_max": 0.891335,
                "nauc_recall_at_5_std": 0.29888,
                "nauc_recall_at_5_diff1": 0.947059,
                "nauc_recall_at_10_max": 0.90713,
                "nauc_recall_at_10_std": 0.42377,
                "nauc_recall_at_10_diff1": 0.933473,
                "nauc_recall_at_20_max": 0.900923,
                "nauc_recall_at_20_std": 0.667082,
                "nauc_recall_at_20_diff1": 0.941903,
                "nauc_recall_at_100_max": 0.888539,
                "nauc_recall_at_100_std": 0.930556,
                "nauc_recall_at_100_diff1": 0.869281,
                "nauc_recall_at_1000_max": NaN,
                "nauc_recall_at_1000_std": NaN,
                "nauc_recall_at_1000_diff1": NaN,
                "nauc_precision_at_1_max": 0.813556,
                "nauc_precision_at_1_std": -0.005731,
                "nauc_precision_at_1_diff1": 0.938902,
                "nauc_precision_at_3_max": 0.905089,
                "nauc_precision_at_3_std": 0.315142,
                "nauc_precision_at_3_diff1": 0.947168,
                "nauc_precision_at_5_max": 0.891335,
                "nauc_precision_at_5_std": 0.29888,
                "nauc_precision_at_5_diff1": 0.947059,
                "nauc_precision_at_10_max": 0.90713,
                "nauc_precision_at_10_std": 0.42377,
                "nauc_precision_at_10_diff1": 0.933473,
                "nauc_precision_at_20_max": 0.900923,
                "nauc_precision_at_20_std": 0.667082,
                "nauc_precision_at_20_diff1": 0.941903,
                "nauc_precision_at_100_max": 0.888539,
                "nauc_precision_at_100_std": 0.930556,
                "nauc_precision_at_100_diff1": 0.869281,
                "nauc_precision_at_1000_max": 1.0,
                "nauc_precision_at_1000_std": 1.0,
                "nauc_precision_at_1000_diff1": 1.0,
                "nauc_mrr_at_1_max": 0.813556,
                "nauc_mrr_at_1_std": -0.005731,
                "nauc_mrr_at_1_diff1": 0.938902,
                "nauc_mrr_at_3_max": 0.841771,
                "nauc_mrr_at_3_std": 0.074718,
                "nauc_mrr_at_3_diff1": 0.941567,
                "nauc_mrr_at_5_max": 0.83887,
                "nauc_mrr_at_5_std": 0.066593,
                "nauc_mrr_at_5_diff1": 0.94146,
                "nauc_mrr_at_10_max": 0.83812,
                "nauc_mrr_at_10_std": 0.063695,
                "nauc_mrr_at_10_diff1": 0.940749,
                "nauc_mrr_at_20_max": 0.837604,
                "nauc_mrr_at_20_std": 0.064199,
                "nauc_mrr_at_20_diff1": 0.940892,
                "nauc_mrr_at_100_max": 0.837548,
                "nauc_mrr_at_100_std": 0.063674,
                "nauc_mrr_at_100_diff1": 0.940749,
                "nauc_mrr_at_1000_max": 0.837573,
                "nauc_mrr_at_1000_std": 0.063447,
                "nauc_mrr_at_1000_diff1": 0.94077,
                "cv_recall_at_1": 0.87667,
                "cv_recall_at_3": 0.95,
                "cv_recall_at_5": 0.95833,
                "cv_recall_at_10": 0.97667,
                "cv_recall_at_20": 0.985,
                "cv_recall_at_100": 0.99333,
                "cv_recall_at_1000": 1.0,
                "main_score": 0.9311,
                "hf_subset": "default",
                "languages": [
                    "slk-Latn"
                ]
            }
        ]
    },
    "evaluation_time": 5.770946502685547,
    "kg_co2_emissions": null
}
