{
    "dataset_revision": "6448ea012b1b7caa3d55cb747b58cda1d7edc714",
    "task_name": "SlovakPharmacyDrMaxReranking",
    "mteb_version": "1.39.7",
    "scores": {
        "test": [
            {
                "ndcg_at_1": 0.86399,
                "ndcg_at_3": 0.92751,
                "ndcg_at_5": 0.94004,
                "ndcg_at_10": 0.94004,
                "ndcg_at_20": 0.94004,
                "ndcg_at_100": 0.94004,
                "ndcg_at_1000": 0.94004,
                "map_at_1": 0.86399,
                "map_at_3": 0.91282,
                "map_at_5": 0.91979,
                "map_at_10": 0.91979,
                "map_at_20": 0.91979,
                "map_at_100": 0.91979,
                "map_at_1000": 0.91979,
                "recall_at_1": 0.86399,
                "recall_at_3": 0.96963,
                "recall_at_5": 1.0,
                "recall_at_10": 1.0,
                "recall_at_20": 1.0,
                "recall_at_100": 1.0,
                "recall_at_1000": 1.0,
                "accuracy": 0.86399,
                "precision_at_1": 0.86399,
                "precision_at_3": 0.32321,
                "precision_at_5": 0.2,
                "precision_at_10": 0.1,
                "precision_at_20": 0.05,
                "precision_at_100": 0.01,
                "precision_at_1000": 0.001,
                "mrr_at_1": 0.863986,
                "mrr_at_3": 0.912817,
                "mrr_at_5": 0.919789,
                "mrr_at_10": 0.919789,
                "mrr_at_20": 0.919789,
                "mrr_at_100": 0.919789,
                "mrr_at_1000": 0.919789,
                "nauc_ndcg_at_1_max": 0.754055,
                "nauc_ndcg_at_1_std": 0.626287,
                "nauc_ndcg_at_1_diff1": 0.837373,
                "nauc_ndcg_at_3_max": 0.777885,
                "nauc_ndcg_at_3_std": 0.658085,
                "nauc_ndcg_at_3_diff1": 0.816649,
                "nauc_ndcg_at_5_max": 0.764428,
                "nauc_ndcg_at_5_std": 0.642255,
                "nauc_ndcg_at_5_diff1": 0.826826,
                "nauc_ndcg_at_10_max": 0.764428,
                "nauc_ndcg_at_10_std": 0.642255,
                "nauc_ndcg_at_10_diff1": 0.826826,
                "nauc_ndcg_at_20_max": 0.764428,
                "nauc_ndcg_at_20_std": 0.642255,
                "nauc_ndcg_at_20_diff1": 0.826826,
                "nauc_ndcg_at_100_max": 0.764428,
                "nauc_ndcg_at_100_std": 0.642255,
                "nauc_ndcg_at_100_diff1": 0.826826,
                "nauc_ndcg_at_1000_max": 0.764428,
                "nauc_ndcg_at_1000_std": 0.642255,
                "nauc_ndcg_at_1000_diff1": 0.826826,
                "nauc_map_at_1_max": 0.754055,
                "nauc_map_at_1_std": 0.626287,
                "nauc_map_at_1_diff1": 0.837373,
                "nauc_map_at_3_max": 0.769871,
                "nauc_map_at_3_std": 0.648571,
                "nauc_map_at_3_diff1": 0.822784,
                "nauc_map_at_5_max": 0.763659,
                "nauc_map_at_5_std": 0.641177,
                "nauc_map_at_5_diff1": 0.827534,
                "nauc_map_at_10_max": 0.763659,
                "nauc_map_at_10_std": 0.641177,
                "nauc_map_at_10_diff1": 0.827534,
                "nauc_map_at_20_max": 0.763659,
                "nauc_map_at_20_std": 0.641177,
                "nauc_map_at_20_diff1": 0.827534,
                "nauc_map_at_100_max": 0.763659,
                "nauc_map_at_100_std": 0.641177,
                "nauc_map_at_100_diff1": 0.827534,
                "nauc_map_at_1000_max": 0.763659,
                "nauc_map_at_1000_std": 0.641177,
                "nauc_map_at_1000_diff1": 0.827534,
                "nauc_recall_at_1_max": 0.754055,
                "nauc_recall_at_1_std": 0.626287,
                "nauc_recall_at_1_diff1": 0.837373,
                "nauc_recall_at_3_max": 0.841473,
                "nauc_recall_at_3_std": 0.732065,
                "nauc_recall_at_3_diff1": 0.769035,
                "nauc_recall_at_5_max": NaN,
                "nauc_recall_at_5_std": NaN,
                "nauc_recall_at_5_diff1": NaN,
                "nauc_recall_at_10_max": NaN,
                "nauc_recall_at_10_std": NaN,
                "nauc_recall_at_10_diff1": NaN,
                "nauc_recall_at_20_max": NaN,
                "nauc_recall_at_20_std": NaN,
                "nauc_recall_at_20_diff1": NaN,
                "nauc_recall_at_100_max": NaN,
                "nauc_recall_at_100_std": NaN,
                "nauc_recall_at_100_diff1": NaN,
                "nauc_recall_at_1000_max": NaN,
                "nauc_recall_at_1000_std": NaN,
                "nauc_recall_at_1000_diff1": NaN,
                "nauc_precision_at_1_max": 0.754055,
                "nauc_precision_at_1_std": 0.626287,
                "nauc_precision_at_1_diff1": 0.837373,
                "nauc_precision_at_3_max": 0.841473,
                "nauc_precision_at_3_std": 0.732065,
                "nauc_precision_at_3_diff1": 0.769035,
                "nauc_precision_at_5_max": 1.0,
                "nauc_precision_at_5_std": 1.0,
                "nauc_precision_at_5_diff1": 1.0,
                "nauc_precision_at_10_max": 1.0,
                "nauc_precision_at_10_std": 1.0,
                "nauc_precision_at_10_diff1": 1.0,
                "nauc_precision_at_20_max": 1.0,
                "nauc_precision_at_20_std": 1.0,
                "nauc_precision_at_20_diff1": 1.0,
                "nauc_precision_at_100_max": 1.0,
                "nauc_precision_at_100_std": 1.0,
                "nauc_precision_at_100_diff1": 1.0,
                "nauc_precision_at_1000_max": 1.0,
                "nauc_precision_at_1000_std": 1.0,
                "nauc_precision_at_1000_diff1": 1.0,
                "nauc_mrr_at_1_max": 0.754055,
                "nauc_mrr_at_1_std": 0.626287,
                "nauc_mrr_at_1_diff1": 0.837373,
                "nauc_mrr_at_3_max": 0.769871,
                "nauc_mrr_at_3_std": 0.648571,
                "nauc_mrr_at_3_diff1": 0.822784,
                "nauc_mrr_at_5_max": 0.763659,
                "nauc_mrr_at_5_std": 0.641177,
                "nauc_mrr_at_5_diff1": 0.827534,
                "nauc_mrr_at_10_max": 0.763659,
                "nauc_mrr_at_10_std": 0.641177,
                "nauc_mrr_at_10_diff1": 0.827534,
                "nauc_mrr_at_20_max": 0.763659,
                "nauc_mrr_at_20_std": 0.641177,
                "nauc_mrr_at_20_diff1": 0.827534,
                "nauc_mrr_at_100_max": 0.763659,
                "nauc_mrr_at_100_std": 0.641177,
                "nauc_mrr_at_100_diff1": 0.827534,
                "nauc_mrr_at_1000_max": 0.763659,
                "nauc_mrr_at_1000_std": 0.641177,
                "nauc_mrr_at_1000_diff1": 0.827534,
                "cv_recall_at_1": 0.86399,
                "cv_recall_at_3": 0.96963,
                "cv_recall_at_5": 1.0,
                "cv_recall_at_10": 1.0,
                "cv_recall_at_20": 1.0,
                "cv_recall_at_100": 1.0,
                "cv_recall_at_1000": 1.0,
                "main_score": 0.91979,
                "hf_subset": "default",
                "languages": [
                    "slk-Latn"
                ]
            }
        ]
    },
    "evaluation_time": 125.1672694683075,
    "kg_co2_emissions": null
}
