{
    "dataset_revision": "82320d7f1d6561a12516605ec24f5d61aceb915c",
    "task_name": "SlovakPharmacyMojaLekarenReranking",
    "mteb_version": "1.39.7",
    "scores": {
        "test": [
            {
                "ndcg_at_1": 0.92954,
                "ndcg_at_3": 0.96727,
                "ndcg_at_5": 0.97065,
                "ndcg_at_10": 0.97065,
                "ndcg_at_20": 0.97065,
                "ndcg_at_100": 0.97065,
                "ndcg_at_1000": 0.97065,
                "map_at_1": 0.92954,
                "map_at_3": 0.95867,
                "map_at_5": 0.96057,
                "map_at_10": 0.96057,
                "map_at_20": 0.96057,
                "map_at_100": 0.96057,
                "map_at_1000": 0.96057,
                "recall_at_1": 0.92954,
                "recall_at_3": 0.99187,
                "recall_at_5": 1.0,
                "recall_at_10": 1.0,
                "recall_at_20": 1.0,
                "recall_at_100": 1.0,
                "recall_at_1000": 1.0,
                "accuracy": 0.92954,
                "precision_at_1": 0.92954,
                "precision_at_3": 0.33062,
                "precision_at_5": 0.2,
                "precision_at_10": 0.1,
                "precision_at_20": 0.05,
                "precision_at_100": 0.01,
                "precision_at_1000": 0.001,
                "mrr_at_1": 0.929539,
                "mrr_at_3": 0.958672,
                "mrr_at_5": 0.960569,
                "mrr_at_10": 0.960569,
                "mrr_at_20": 0.960569,
                "mrr_at_100": 0.960569,
                "mrr_at_1000": 0.960569,
                "nauc_ndcg_at_1_max": 0.615249,
                "nauc_ndcg_at_1_std": 0.506932,
                "nauc_ndcg_at_1_diff1": 0.949623,
                "nauc_ndcg_at_3_max": 0.646713,
                "nauc_ndcg_at_3_std": 0.591731,
                "nauc_ndcg_at_3_diff1": 0.952927,
                "nauc_ndcg_at_5_max": 0.623957,
                "nauc_ndcg_at_5_std": 0.547275,
                "nauc_ndcg_at_5_diff1": 0.950102,
                "nauc_ndcg_at_10_max": 0.623957,
                "nauc_ndcg_at_10_std": 0.547275,
                "nauc_ndcg_at_10_diff1": 0.950102,
                "nauc_ndcg_at_20_max": 0.623957,
                "nauc_ndcg_at_20_std": 0.547275,
                "nauc_ndcg_at_20_diff1": 0.950102,
                "nauc_ndcg_at_100_max": 0.623957,
                "nauc_ndcg_at_100_std": 0.547275,
                "nauc_ndcg_at_100_diff1": 0.950102,
                "nauc_ndcg_at_1000_max": 0.623957,
                "nauc_ndcg_at_1000_std": 0.547275,
                "nauc_ndcg_at_1000_diff1": 0.950102,
                "nauc_map_at_1_max": 0.615249,
                "nauc_map_at_1_std": 0.506932,
                "nauc_map_at_1_diff1": 0.949623,
                "nauc_map_at_3_max": 0.633004,
                "nauc_map_at_3_std": 0.564319,
                "nauc_map_at_3_diff1": 0.95125,
                "nauc_map_at_5_max": 0.623109,
                "nauc_map_at_5_std": 0.544482,
                "nauc_map_at_5_diff1": 0.950028,
                "nauc_map_at_10_max": 0.623109,
                "nauc_map_at_10_std": 0.544482,
                "nauc_map_at_10_diff1": 0.950028,
                "nauc_map_at_20_max": 0.623109,
                "nauc_map_at_20_std": 0.544482,
                "nauc_map_at_20_diff1": 0.950028,
                "nauc_map_at_100_max": 0.623109,
                "nauc_map_at_100_std": 0.544482,
                "nauc_map_at_100_diff1": 0.950028,
                "nauc_map_at_1000_max": 0.623109,
                "nauc_map_at_1000_std": 0.544482,
                "nauc_map_at_1000_diff1": 0.950028,
                "nauc_recall_at_1_max": 0.615249,
                "nauc_recall_at_1_std": 0.506932,
                "nauc_recall_at_1_diff1": 0.949623,
                "nauc_recall_at_3_max": 0.84944,
                "nauc_recall_at_3_std": 0.978207,
                "nauc_recall_at_3_diff1": 0.978207,
                "nauc_recall_at_5_max": NaN,
                "nauc_recall_at_5_std": NaN,
                "nauc_recall_at_5_diff1": NaN,
                "nauc_recall_at_10_max": NaN,
                "nauc_recall_at_10_std": NaN,
                "nauc_recall_at_10_diff1": NaN,
                "nauc_recall_at_20_max": NaN,
                "nauc_recall_at_20_std": NaN,
                "nauc_recall_at_20_diff1": NaN,
                "nauc_recall_at_100_max": NaN,
                "nauc_recall_at_100_std": NaN,
                "nauc_recall_at_100_diff1": NaN,
                "nauc_recall_at_1000_max": NaN,
                "nauc_recall_at_1000_std": NaN,
                "nauc_recall_at_1000_diff1": NaN,
                "nauc_precision_at_1_max": 0.615249,
                "nauc_precision_at_1_std": 0.506932,
                "nauc_precision_at_1_diff1": 0.949623,
                "nauc_precision_at_3_max": 0.84944,
                "nauc_precision_at_3_std": 0.978207,
                "nauc_precision_at_3_diff1": 0.978207,
                "nauc_precision_at_5_max": NaN,
                "nauc_precision_at_5_std": NaN,
                "nauc_precision_at_5_diff1": NaN,
                "nauc_precision_at_10_max": NaN,
                "nauc_precision_at_10_std": NaN,
                "nauc_precision_at_10_diff1": NaN,
                "nauc_precision_at_20_max": NaN,
                "nauc_precision_at_20_std": NaN,
                "nauc_precision_at_20_diff1": NaN,
                "nauc_precision_at_100_max": NaN,
                "nauc_precision_at_100_std": NaN,
                "nauc_precision_at_100_diff1": NaN,
                "nauc_precision_at_1000_max": 1.0,
                "nauc_precision_at_1000_std": 1.0,
                "nauc_precision_at_1000_diff1": 1.0,
                "nauc_mrr_at_1_max": 0.615249,
                "nauc_mrr_at_1_std": 0.506932,
                "nauc_mrr_at_1_diff1": 0.949623,
                "nauc_mrr_at_3_max": 0.633004,
                "nauc_mrr_at_3_std": 0.564319,
                "nauc_mrr_at_3_diff1": 0.95125,
                "nauc_mrr_at_5_max": 0.623109,
                "nauc_mrr_at_5_std": 0.544482,
                "nauc_mrr_at_5_diff1": 0.950028,
                "nauc_mrr_at_10_max": 0.623109,
                "nauc_mrr_at_10_std": 0.544482,
                "nauc_mrr_at_10_diff1": 0.950028,
                "nauc_mrr_at_20_max": 0.623109,
                "nauc_mrr_at_20_std": 0.544482,
                "nauc_mrr_at_20_diff1": 0.950028,
                "nauc_mrr_at_100_max": 0.623109,
                "nauc_mrr_at_100_std": 0.544482,
                "nauc_mrr_at_100_diff1": 0.950028,
                "nauc_mrr_at_1000_max": 0.623109,
                "nauc_mrr_at_1000_std": 0.544482,
                "nauc_mrr_at_1000_diff1": 0.950028,
                "cv_recall_at_1": 0.92954,
                "cv_recall_at_3": 0.99187,
                "cv_recall_at_5": 1.0,
                "cv_recall_at_10": 1.0,
                "cv_recall_at_20": 1.0,
                "cv_recall_at_100": 1.0,
                "cv_recall_at_1000": 1.0,
                "main_score": 0.96057,
                "hf_subset": "default",
                "languages": [
                    "slk-Latn"
                ]
            }
        ]
    },
    "evaluation_time": 22.50252056121826,
    "kg_co2_emissions": null
}
