{
    "dataset_revision": "c5a6521a4ddce3450fb04ba218623681a9189c6d",
    "task_name": "SMESumRetrieval",
    "mteb_version": "1.39.7",
    "scores": {
        "test": [
            {
                "ndcg_at_1": 0.74333,
                "ndcg_at_3": 0.80837,
                "ndcg_at_5": 0.82336,
                "ndcg_at_10": 0.83436,
                "ndcg_at_20": 0.84373,
                "ndcg_at_100": 0.85016,
                "ndcg_at_1000": 0.85101,
                "map_at_1": 0.74333,
                "map_at_3": 0.79278,
                "map_at_5": 0.80103,
                "map_at_10": 0.80569,
                "map_at_20": 0.80832,
                "map_at_100": 0.8093,
                "map_at_1000": 0.80933,
                "recall_at_1": 0.74333,
                "recall_at_3": 0.85333,
                "recall_at_5": 0.89,
                "recall_at_10": 0.92333,
                "recall_at_20": 0.96,
                "recall_at_100": 0.99333,
                "recall_at_1000": 1.0,
                "accuracy": 0.74333,
                "precision_at_1": 0.74333,
                "precision_at_3": 0.28444,
                "precision_at_5": 0.178,
                "precision_at_10": 0.09233,
                "precision_at_20": 0.048,
                "precision_at_100": 0.00993,
                "precision_at_1000": 0.001,
                "mrr_at_1": 0.743333,
                "mrr_at_3": 0.792778,
                "mrr_at_5": 0.801028,
                "mrr_at_10": 0.805693,
                "mrr_at_20": 0.808317,
                "mrr_at_100": 0.8093,
                "mrr_at_1000": 0.809331,
                "nauc_ndcg_at_1_max": 0.649222,
                "nauc_ndcg_at_1_std": -0.019294,
                "nauc_ndcg_at_1_diff1": 0.866141,
                "nauc_ndcg_at_3_max": 0.677309,
                "nauc_ndcg_at_3_std": -0.001443,
                "nauc_ndcg_at_3_diff1": 0.841546,
                "nauc_ndcg_at_5_max": 0.65584,
                "nauc_ndcg_at_5_std": -0.011243,
                "nauc_ndcg_at_5_diff1": 0.833948,
                "nauc_ndcg_at_10_max": 0.667731,
                "nauc_ndcg_at_10_std": 0.014378,
                "nauc_ndcg_at_10_diff1": 0.838488,
                "nauc_ndcg_at_20_max": 0.670802,
                "nauc_ndcg_at_20_std": 0.009868,
                "nauc_ndcg_at_20_diff1": 0.84439,
                "nauc_ndcg_at_100_max": 0.668934,
                "nauc_ndcg_at_100_std": 0.012145,
                "nauc_ndcg_at_100_diff1": 0.846041,
                "nauc_ndcg_at_1000_max": 0.667474,
                "nauc_ndcg_at_1000_std": 0.006004,
                "nauc_ndcg_at_1000_diff1": 0.84551,
                "nauc_map_at_1_max": 0.649222,
                "nauc_map_at_1_std": -0.019294,
                "nauc_map_at_1_diff1": 0.866141,
                "nauc_map_at_3_max": 0.670689,
                "nauc_map_at_3_std": -0.00561,
                "nauc_map_at_3_diff1": 0.846923,
                "nauc_map_at_5_max": 0.659658,
                "nauc_map_at_5_std": -0.010594,
                "nauc_map_at_5_diff1": 0.843395,
                "nauc_map_at_10_max": 0.66418,
                "nauc_map_at_10_std": -0.001141,
                "nauc_map_at_10_diff1": 0.845361,
                "nauc_map_at_20_max": 0.664993,
                "nauc_map_at_20_std": -0.001851,
                "nauc_map_at_20_diff1": 0.846929,
                "nauc_map_at_100_max": 0.664909,
                "nauc_map_at_100_std": -0.001169,
                "nauc_map_at_100_diff1": 0.847237,
                "nauc_map_at_1000_max": 0.664864,
                "nauc_map_at_1000_std": -0.001345,
                "nauc_map_at_1000_diff1": 0.84722,
                "nauc_recall_at_1_max": 0.649222,
                "nauc_recall_at_1_std": -0.019294,
                "nauc_recall_at_1_diff1": 0.866141,
                "nauc_recall_at_3_max": 0.702141,
                "nauc_recall_at_3_std": 0.01416,
                "nauc_recall_at_3_diff1": 0.821661,
                "nauc_recall_at_5_max": 0.631396,
                "nauc_recall_at_5_std": -0.017553,
                "nauc_recall_at_5_diff1": 0.787719,
                "nauc_recall_at_10_max": 0.691927,
                "nauc_recall_at_10_std": 0.133632,
                "nauc_recall_at_10_diff1": 0.79499,
                "nauc_recall_at_20_max": 0.751906,
                "nauc_recall_at_20_std": 0.161706,
                "nauc_recall_at_20_diff1": 0.834462,
                "nauc_recall_at_100_max": 0.897876,
                "nauc_recall_at_100_std": 1.0,
                "nauc_recall_at_100_diff1": 0.930556,
                "nauc_recall_at_1000_max": NaN,
                "nauc_recall_at_1000_std": NaN,
                "nauc_recall_at_1000_diff1": NaN,
                "nauc_precision_at_1_max": 0.649222,
                "nauc_precision_at_1_std": -0.019294,
                "nauc_precision_at_1_diff1": 0.866141,
                "nauc_precision_at_3_max": 0.702141,
                "nauc_precision_at_3_std": 0.01416,
                "nauc_precision_at_3_diff1": 0.821661,
                "nauc_precision_at_5_max": 0.631396,
                "nauc_precision_at_5_std": -0.017553,
                "nauc_precision_at_5_diff1": 0.787719,
                "nauc_precision_at_10_max": 0.691927,
                "nauc_precision_at_10_std": 0.133632,
                "nauc_precision_at_10_diff1": 0.79499,
                "nauc_precision_at_20_max": 0.751906,
                "nauc_precision_at_20_std": 0.161706,
                "nauc_precision_at_20_diff1": 0.834462,
                "nauc_precision_at_100_max": 0.897876,
                "nauc_precision_at_100_std": 1.0,
                "nauc_precision_at_100_diff1": 0.930556,
                "nauc_precision_at_1000_max": 1.0,
                "nauc_precision_at_1000_std": 1.0,
                "nauc_precision_at_1000_diff1": 1.0,
                "nauc_mrr_at_1_max": 0.649222,
                "nauc_mrr_at_1_std": -0.019294,
                "nauc_mrr_at_1_diff1": 0.866141,
                "nauc_mrr_at_3_max": 0.670689,
                "nauc_mrr_at_3_std": -0.00561,
                "nauc_mrr_at_3_diff1": 0.846923,
                "nauc_mrr_at_5_max": 0.659658,
                "nauc_mrr_at_5_std": -0.010594,
                "nauc_mrr_at_5_diff1": 0.843395,
                "nauc_mrr_at_10_max": 0.66418,
                "nauc_mrr_at_10_std": -0.001141,
                "nauc_mrr_at_10_diff1": 0.845361,
                "nauc_mrr_at_20_max": 0.664993,
                "nauc_mrr_at_20_std": -0.001851,
                "nauc_mrr_at_20_diff1": 0.846929,
                "nauc_mrr_at_100_max": 0.664909,
                "nauc_mrr_at_100_std": -0.001169,
                "nauc_mrr_at_100_diff1": 0.847237,
                "nauc_mrr_at_1000_max": 0.664864,
                "nauc_mrr_at_1000_std": -0.001345,
                "nauc_mrr_at_1000_diff1": 0.84722,
                "cv_recall_at_1": 0.74333,
                "cv_recall_at_3": 0.85333,
                "cv_recall_at_5": 0.89,
                "cv_recall_at_10": 0.92333,
                "cv_recall_at_20": 0.96,
                "cv_recall_at_100": 0.99333,
                "cv_recall_at_1000": 1.0,
                "main_score": 0.83436,
                "hf_subset": "default",
                "languages": [
                    "slk-Latn"
                ]
            }
        ]
    },
    "evaluation_time": 5.432530879974365,
    "kg_co2_emissions": null
}
