{
    "dataset_revision": "79914f425b59d8b9fabb6d38c37f6d81f9723f46",
    "task_name": "SlovakNLI",
    "mteb_version": "1.39.7",
    "scores": {
        "test": [
            {
                "similarity_accuracy": 0.675393,
                "similarity_accuracy_threshold": 0.823818,
                "similarity_f1": 0.72233,
                "similarity_f1_threshold": 0.703433,
                "similarity_precision": 0.598071,
                "similarity_recall": 0.911765,
                "similarity_ap": 0.709232,
                "cosine_accuracy": 0.675393,
                "cosine_accuracy_threshold": 0.823818,
                "cosine_f1": 0.72233,
                "cosine_f1_threshold": 0.703434,
                "cosine_precision": 0.598071,
                "cosine_recall": 0.911765,
                "cosine_ap": 0.709232,
                "manhattan_accuracy": 0.675393,
                "manhattan_accuracy_threshold": 21.099388,
                "manhattan_f1": 0.723077,
                "manhattan_f1_threshold": 27.478741,
                "manhattan_precision": 0.594937,
                "manhattan_recall": 0.921569,
                "manhattan_ap": 0.704773,
                "euclidean_accuracy": 0.675393,
                "euclidean_accuracy_threshold": 0.593602,
                "euclidean_f1": 0.72233,
                "euclidean_f1_threshold": 0.770151,
                "euclidean_precision": 0.598071,
                "euclidean_recall": 0.911765,
                "euclidean_ap": 0.709232,
                "dot_accuracy": 0.675393,
                "dot_accuracy_threshold": 0.823818,
                "dot_f1": 0.72233,
                "dot_f1_threshold": 0.703433,
                "dot_precision": 0.598071,
                "dot_recall": 0.911765,
                "dot_ap": 0.709232,
                "max_accuracy": 0.675393,
                "max_f1": 0.723077,
                "max_precision": 0.598071,
                "max_recall": 0.921569,
                "max_ap": 0.709232,
                "main_score": 0.709232,
                "hf_subset": "default",
                "languages": [
                    "slk-Latn"
                ]
            }
        ]
    },
    "evaluation_time": 9.710405588150024,
    "kg_co2_emissions": null
}
