{
    "dataset_revision": "c5a6521a4ddce3450fb04ba218623681a9189c6d",
    "task_name": "SMESumRetrieval",
    "mteb_version": "1.39.7",
    "scores": {
        "test": [
            {
                "ndcg_at_1": 0.72833,
                "ndcg_at_3": 0.80385,
                "ndcg_at_5": 0.82393,
                "ndcg_at_10": 0.83268,
                "ndcg_at_20": 0.83958,
                "ndcg_at_100": 0.84543,
                "ndcg_at_1000": 0.84677,
                "map_at_1": 0.72833,
                "map_at_3": 0.78556,
                "map_at_5": 0.79681,
                "map_at_10": 0.80048,
                "map_at_20": 0.80247,
                "map_at_100": 0.80326,
                "map_at_1000": 0.80332,
                "recall_at_1": 0.72833,
                "recall_at_3": 0.85667,
                "recall_at_5": 0.905,
                "recall_at_10": 0.93167,
                "recall_at_20": 0.95833,
                "recall_at_100": 0.99,
                "recall_at_1000": 1.0,
                "precision_at_1": 0.72833,
                "precision_at_3": 0.28556,
                "precision_at_5": 0.181,
                "precision_at_10": 0.09317,
                "precision_at_20": 0.04792,
                "precision_at_100": 0.0099,
                "precision_at_1000": 0.001,
                "mrr_at_1": 0.728333,
                "mrr_at_3": 0.785556,
                "mrr_at_5": 0.796806,
                "mrr_at_10": 0.800483,
                "mrr_at_20": 0.802466,
                "mrr_at_100": 0.80326,
                "mrr_at_1000": 0.803319,
                "nauc_ndcg_at_1_max": 0.66617,
                "nauc_ndcg_at_1_std": 0.05147,
                "nauc_ndcg_at_1_diff1": 0.870013,
                "nauc_ndcg_at_3_max": 0.71188,
                "nauc_ndcg_at_3_std": 0.094376,
                "nauc_ndcg_at_3_diff1": 0.842991,
                "nauc_ndcg_at_5_max": 0.707294,
                "nauc_ndcg_at_5_std": 0.074688,
                "nauc_ndcg_at_5_diff1": 0.841948,
                "nauc_ndcg_at_10_max": 0.711446,
                "nauc_ndcg_at_10_std": 0.098501,
                "nauc_ndcg_at_10_diff1": 0.852971,
                "nauc_ndcg_at_20_max": 0.708767,
                "nauc_ndcg_at_20_std": 0.10247,
                "nauc_ndcg_at_20_diff1": 0.85353,
                "nauc_ndcg_at_100_max": 0.701986,
                "nauc_ndcg_at_100_std": 0.091695,
                "nauc_ndcg_at_100_diff1": 0.851531,
                "nauc_ndcg_at_1000_max": 0.701359,
                "nauc_ndcg_at_1000_std": 0.089292,
                "nauc_ndcg_at_1000_diff1": 0.852396,
                "nauc_map_at_1_max": 0.66617,
                "nauc_map_at_1_std": 0.05147,
                "nauc_map_at_1_diff1": 0.870013,
                "nauc_map_at_3_max": 0.69946,
                "nauc_map_at_3_std": 0.084834,
                "nauc_map_at_3_diff1": 0.849586,
                "nauc_map_at_5_max": 0.696307,
                "nauc_map_at_5_std": 0.073709,
                "nauc_map_at_5_diff1": 0.849567,
                "nauc_map_at_10_max": 0.697481,
                "nauc_map_at_10_std": 0.082381,
                "nauc_map_at_10_diff1": 0.853608,
                "nauc_map_at_20_max": 0.696831,
                "nauc_map_at_20_std": 0.083367,
                "nauc_map_at_20_diff1": 0.85372,
                "nauc_map_at_100_max": 0.696111,
                "nauc_map_at_100_std": 0.082362,
                "nauc_map_at_100_diff1": 0.853563,
                "nauc_map_at_1000_max": 0.696082,
                "nauc_map_at_1000_std": 0.082261,
                "nauc_map_at_1000_diff1": 0.853597,
                "nauc_recall_at_1_max": 0.66617,
                "nauc_recall_at_1_std": 0.05147,
                "nauc_recall_at_1_diff1": 0.870013,
                "nauc_recall_at_3_max": 0.761784,
                "nauc_recall_at_3_std": 0.131373,
                "nauc_recall_at_3_diff1": 0.816969,
                "nauc_recall_at_5_max": 0.76722,
                "nauc_recall_at_5_std": 0.074606,
                "nauc_recall_at_5_diff1": 0.799876,
                "nauc_recall_at_10_max": 0.82017,
                "nauc_recall_at_10_std": 0.23477,
                "nauc_recall_at_10_diff1": 0.859432,
                "nauc_recall_at_20_max": 0.849225,
                "nauc_recall_at_20_std": 0.368161,
                "nauc_recall_at_20_diff1": 0.872176,
                "nauc_recall_at_100_max": 0.763928,
                "nauc_recall_at_100_std": 0.331777,
                "nauc_recall_at_100_diff1": 0.765017,
                "nauc_recall_at_1000_max": NaN,
                "nauc_recall_at_1000_std": NaN,
                "nauc_recall_at_1000_diff1": NaN,
                "nauc_precision_at_1_max": 0.66617,
                "nauc_precision_at_1_std": 0.05147,
                "nauc_precision_at_1_diff1": 0.870013,
                "nauc_precision_at_3_max": 0.761784,
                "nauc_precision_at_3_std": 0.131373,
                "nauc_precision_at_3_diff1": 0.816969,
                "nauc_precision_at_5_max": 0.76722,
                "nauc_precision_at_5_std": 0.074606,
                "nauc_precision_at_5_diff1": 0.799876,
                "nauc_precision_at_10_max": 0.82017,
                "nauc_precision_at_10_std": 0.23477,
                "nauc_precision_at_10_diff1": 0.859432,
                "nauc_precision_at_20_max": 0.849225,
                "nauc_precision_at_20_std": 0.368161,
                "nauc_precision_at_20_diff1": 0.872176,
                "nauc_precision_at_100_max": 0.763928,
                "nauc_precision_at_100_std": 0.331777,
                "nauc_precision_at_100_diff1": 0.765017,
                "nauc_precision_at_1000_max": 1.0,
                "nauc_precision_at_1000_std": 1.0,
                "nauc_precision_at_1000_diff1": 1.0,
                "nauc_mrr_at_1_max": 0.66617,
                "nauc_mrr_at_1_std": 0.05147,
                "nauc_mrr_at_1_diff1": 0.870013,
                "nauc_mrr_at_3_max": 0.69946,
                "nauc_mrr_at_3_std": 0.084834,
                "nauc_mrr_at_3_diff1": 0.849586,
                "nauc_mrr_at_5_max": 0.696307,
                "nauc_mrr_at_5_std": 0.073709,
                "nauc_mrr_at_5_diff1": 0.849567,
                "nauc_mrr_at_10_max": 0.697481,
                "nauc_mrr_at_10_std": 0.082381,
                "nauc_mrr_at_10_diff1": 0.853608,
                "nauc_mrr_at_20_max": 0.696831,
                "nauc_mrr_at_20_std": 0.083367,
                "nauc_mrr_at_20_diff1": 0.85372,
                "nauc_mrr_at_100_max": 0.696111,
                "nauc_mrr_at_100_std": 0.082362,
                "nauc_mrr_at_100_diff1": 0.853563,
                "nauc_mrr_at_1000_max": 0.696082,
                "nauc_mrr_at_1000_std": 0.082261,
                "nauc_mrr_at_1000_diff1": 0.853597,
                "main_score": 0.83268,
                "hf_subset": "default",
                "languages": [
                    "slk-Latn"
                ]
            }
        ]
    },
    "evaluation_time": 46.93348789215088,
    "kg_co2_emissions": null
}
