{
    "dataset_revision": "c3262adb1c32ac0c3ea8de6393a44366edaa62e1",
    "task_name": "WebFAQRetrieval",
    "mteb_version": "1.39.7",
    "scores": {
        "test": [
            {
                "ndcg_at_1": 0.73898,
                "ndcg_at_3": 0.80797,
                "ndcg_at_5": 0.82303,
                "ndcg_at_10": 0.83436,
                "ndcg_at_20": 0.84095,
                "ndcg_at_100": 0.84769,
                "ndcg_at_1000": 0.84932,
                "map_at_1": 0.73898,
                "map_at_3": 0.79152,
                "map_at_5": 0.79989,
                "map_at_10": 0.80459,
                "map_at_20": 0.80646,
                "map_at_100": 0.80748,
                "map_at_1000": 0.80755,
                "recall_at_1": 0.73898,
                "recall_at_3": 0.85538,
                "recall_at_5": 0.89185,
                "recall_at_10": 0.92674,
                "recall_at_20": 0.95243,
                "recall_at_100": 0.98731,
                "recall_at_1000": 0.99968,
                "precision_at_1": 0.73898,
                "precision_at_3": 0.28513,
                "precision_at_5": 0.17837,
                "precision_at_10": 0.09267,
                "precision_at_20": 0.04762,
                "precision_at_100": 0.00987,
                "precision_at_1000": 0.001,
                "mrr_at_1": 0.738662,
                "mrr_at_3": 0.791257,
                "mrr_at_5": 0.799725,
                "mrr_at_10": 0.804433,
                "mrr_at_20": 0.806297,
                "mrr_at_100": 0.807303,
                "mrr_at_1000": 0.807373,
                "nauc_ndcg_at_1_max": 0.414907,
                "nauc_ndcg_at_1_std": -0.112564,
                "nauc_ndcg_at_1_diff1": 0.833958,
                "nauc_ndcg_at_3_max": 0.409082,
                "nauc_ndcg_at_3_std": -0.155507,
                "nauc_ndcg_at_3_diff1": 0.813277,
                "nauc_ndcg_at_5_max": 0.412267,
                "nauc_ndcg_at_5_std": -0.148624,
                "nauc_ndcg_at_5_diff1": 0.810652,
                "nauc_ndcg_at_10_max": 0.405108,
                "nauc_ndcg_at_10_std": -0.153276,
                "nauc_ndcg_at_10_diff1": 0.810396,
                "nauc_ndcg_at_20_max": 0.402158,
                "nauc_ndcg_at_20_std": -0.156764,
                "nauc_ndcg_at_20_diff1": 0.814341,
                "nauc_ndcg_at_100_max": 0.402912,
                "nauc_ndcg_at_100_std": -0.148491,
                "nauc_ndcg_at_100_diff1": 0.815269,
                "nauc_ndcg_at_1000_max": 0.406,
                "nauc_ndcg_at_1000_std": -0.147119,
                "nauc_ndcg_at_1000_diff1": 0.816207,
                "nauc_map_at_1_max": 0.414907,
                "nauc_map_at_1_std": -0.112564,
                "nauc_map_at_1_diff1": 0.833958,
                "nauc_map_at_3_max": 0.410125,
                "nauc_map_at_3_std": -0.143887,
                "nauc_map_at_3_diff1": 0.818474,
                "nauc_map_at_5_max": 0.41203,
                "nauc_map_at_5_std": -0.139945,
                "nauc_map_at_5_diff1": 0.817452,
                "nauc_map_at_10_max": 0.409223,
                "nauc_map_at_10_std": -0.141647,
                "nauc_map_at_10_diff1": 0.817365,
                "nauc_map_at_20_max": 0.408723,
                "nauc_map_at_20_std": -0.142395,
                "nauc_map_at_20_diff1": 0.818402,
                "nauc_map_at_100_max": 0.408781,
                "nauc_map_at_100_std": -0.141383,
                "nauc_map_at_100_diff1": 0.818585,
                "nauc_map_at_1000_max": 0.408899,
                "nauc_map_at_1000_std": -0.141294,
                "nauc_map_at_1000_diff1": 0.818613,
                "nauc_recall_at_1_max": 0.414907,
                "nauc_recall_at_1_std": -0.112564,
                "nauc_recall_at_1_diff1": 0.833958,
                "nauc_recall_at_3_max": 0.405338,
                "nauc_recall_at_3_std": -0.200814,
                "nauc_recall_at_3_diff1": 0.793259,
                "nauc_recall_at_5_max": 0.414073,
                "nauc_recall_at_5_std": -0.189095,
                "nauc_recall_at_5_diff1": 0.777054,
                "nauc_recall_at_10_max": 0.3721,
                "nauc_recall_at_10_std": -0.234188,
                "nauc_recall_at_10_diff1": 0.762001,
                "nauc_recall_at_20_max": 0.314973,
                "nauc_recall_at_20_std": -0.318103,
                "nauc_recall_at_20_diff1": 0.781997,
                "nauc_recall_at_100_max": 0.130039,
                "nauc_recall_at_100_std": -0.274473,
                "nauc_recall_at_100_diff1": 0.736953,
                "nauc_recall_at_1000_max": -0.563419,
                "nauc_recall_at_1000_std": -1.740077,
                "nauc_recall_at_1000_diff1": 0.869295,
                "nauc_precision_at_1_max": 0.414907,
                "nauc_precision_at_1_std": -0.112564,
                "nauc_precision_at_1_diff1": 0.833958,
                "nauc_precision_at_3_max": 0.405338,
                "nauc_precision_at_3_std": -0.200814,
                "nauc_precision_at_3_diff1": 0.793259,
                "nauc_precision_at_5_max": 0.414073,
                "nauc_precision_at_5_std": -0.189095,
                "nauc_precision_at_5_diff1": 0.777054,
                "nauc_precision_at_10_max": 0.3721,
                "nauc_precision_at_10_std": -0.234188,
                "nauc_precision_at_10_diff1": 0.762001,
                "nauc_precision_at_20_max": 0.314973,
                "nauc_precision_at_20_std": -0.318103,
                "nauc_precision_at_20_diff1": 0.781997,
                "nauc_precision_at_100_max": 0.130039,
                "nauc_precision_at_100_std": -0.274473,
                "nauc_precision_at_100_diff1": 0.736953,
                "nauc_precision_at_1000_max": -0.563419,
                "nauc_precision_at_1000_std": -1.740077,
                "nauc_precision_at_1000_diff1": 0.869295,
                "nauc_mrr_at_1_max": 0.414926,
                "nauc_mrr_at_1_std": -0.112614,
                "nauc_mrr_at_1_diff1": 0.834504,
                "nauc_mrr_at_3_max": 0.410754,
                "nauc_mrr_at_3_std": -0.144035,
                "nauc_mrr_at_3_diff1": 0.818975,
                "nauc_mrr_at_5_max": 0.412348,
                "nauc_mrr_at_5_std": -0.140637,
                "nauc_mrr_at_5_diff1": 0.817824,
                "nauc_mrr_at_10_max": 0.409432,
                "nauc_mrr_at_10_std": -0.141665,
                "nauc_mrr_at_10_diff1": 0.817776,
                "nauc_mrr_at_20_max": 0.409016,
                "nauc_mrr_at_20_std": -0.142384,
                "nauc_mrr_at_20_diff1": 0.818815,
                "nauc_mrr_at_100_max": 0.409048,
                "nauc_mrr_at_100_std": -0.141523,
                "nauc_mrr_at_100_diff1": 0.819017,
                "nauc_mrr_at_1000_max": 0.409165,
                "nauc_mrr_at_1000_std": -0.141434,
                "nauc_mrr_at_1000_diff1": 0.819045,
                "main_score": 0.83436,
                "hf_subset": "slk",
                "languages": [
                    "slk-Latn"
                ]
            }
        ]
    },
    "evaluation_time": 557.1602435112,
    "kg_co2_emissions": null
}
