{
  "dataset_revision": "75b399394a9803252cfec289d103de462763db7c",
  "task_name": "BelebeleRetrieval",
  "mteb_version": "2.3.0",
  "scores": {
    "test": [
      {
        "ndcg_at_1": 0.77111,
        "ndcg_at_3": 0.82522,
        "ndcg_at_5": 0.83488,
        "ndcg_at_10": 0.84795,
        "ndcg_at_20": 0.85296,
        "ndcg_at_100": 0.8595,
        "ndcg_at_1000": 0.86183,
        "map_at_1": 0.77111,
        "map_at_3": 0.81204,
        "map_at_5": 0.81743,
        "map_at_10": 0.8229,
        "map_at_20": 0.82425,
        "map_at_100": 0.82512,
        "map_at_1000": 0.82522,
        "recall_at_1": 0.77111,
        "recall_at_3": 0.86333,
        "recall_at_5": 0.88667,
        "recall_at_10": 0.92667,
        "recall_at_20": 0.94667,
        "recall_at_100": 0.98222,
        "recall_at_1000": 1.0,
        "accuracy": 0.77111,
        "precision_at_1": 0.77111,
        "precision_at_3": 0.28778,
        "precision_at_5": 0.17733,
        "precision_at_10": 0.09267,
        "precision_at_20": 0.04733,
        "precision_at_100": 0.00982,
        "precision_at_1000": 0.001,
        "mrr_at_1": 0.771111,
        "mrr_at_3": 0.812037,
        "mrr_at_5": 0.817426,
        "mrr_at_10": 0.822898,
        "mrr_at_20": 0.824252,
        "mrr_at_100": 0.825123,
        "mrr_at_1000": 0.825221,
        "nauc_ndcg_at_1_max": 0.753506,
        "nauc_ndcg_at_1_std": -0.062626,
        "nauc_ndcg_at_1_diff1": 0.874597,
        "nauc_ndcg_at_3_max": 0.779737,
        "nauc_ndcg_at_3_std": -0.014887,
        "nauc_ndcg_at_3_diff1": 0.853132,
        "nauc_ndcg_at_5_max": 0.777016,
        "nauc_ndcg_at_5_std": -0.013584,
        "nauc_ndcg_at_5_diff1": 0.85185,
        "nauc_ndcg_at_10_max": 0.774848,
        "nauc_ndcg_at_10_std": -0.021263,
        "nauc_ndcg_at_10_diff1": 0.854336,
        "nauc_ndcg_at_20_max": 0.77622,
        "nauc_ndcg_at_20_std": -0.021883,
        "nauc_ndcg_at_20_diff1": 0.857901,
        "nauc_ndcg_at_100_max": 0.773627,
        "nauc_ndcg_at_100_std": -0.028794,
        "nauc_ndcg_at_100_diff1": 0.858781,
        "nauc_ndcg_at_1000_max": 0.771886,
        "nauc_ndcg_at_1000_std": -0.030203,
        "nauc_ndcg_at_1000_diff1": 0.858524,
        "nauc_map_at_1_max": 0.753506,
        "nauc_map_at_1_std": -0.062626,
        "nauc_map_at_1_diff1": 0.874597,
        "nauc_map_at_3_max": 0.772154,
        "nauc_map_at_3_std": -0.031357,
        "nauc_map_at_3_diff1": 0.858909,
        "nauc_map_at_5_max": 0.770432,
        "nauc_map_at_5_std": -0.031527,
        "nauc_map_at_5_diff1": 0.858446,
        "nauc_map_at_10_max": 0.769133,
        "nauc_map_at_10_std": -0.035736,
        "nauc_map_at_10_diff1": 0.859522,
        "nauc_map_at_20_max": 0.769365,
        "nauc_map_at_20_std": -0.036064,
        "nauc_map_at_20_diff1": 0.860384,
        "nauc_map_at_100_max": 0.768951,
        "nauc_map_at_100_std": -0.03678,
        "nauc_map_at_100_diff1": 0.860422,
        "nauc_map_at_1000_max": 0.768903,
        "nauc_map_at_1000_std": -0.036782,
        "nauc_map_at_1000_diff1": 0.860412,
        "nauc_recall_at_1_max": 0.753506,
        "nauc_recall_at_1_std": -0.062626,
        "nauc_recall_at_1_diff1": 0.874597,
        "nauc_recall_at_3_max": 0.80869,
        "nauc_recall_at_3_std": 0.049452,
        "nauc_recall_at_3_diff1": 0.831308,
        "nauc_recall_at_5_max": 0.805614,
        "nauc_recall_at_5_std": 0.067905,
        "nauc_recall_at_5_diff1": 0.822842,
        "nauc_recall_at_10_max": 0.811101,
        "nauc_recall_at_10_std": 0.074583,
        "nauc_recall_at_10_diff1": 0.822822,
        "nauc_recall_at_20_max": 0.839402,
        "nauc_recall_at_20_std": 0.105314,
        "nauc_recall_at_20_diff1": 0.847456,
        "nauc_recall_at_100_max": 0.875554,
        "nauc_recall_at_100_std": 0.071137,
        "nauc_recall_at_100_diff1": 0.872053,
        "nauc_recall_at_1000_max": NaN,
        "nauc_recall_at_1000_std": NaN,
        "nauc_recall_at_1000_diff1": NaN,
        "nauc_precision_at_1_max": 0.753506,
        "nauc_precision_at_1_std": -0.062626,
        "nauc_precision_at_1_diff1": 0.874597,
        "nauc_precision_at_3_max": 0.80869,
        "nauc_precision_at_3_std": 0.049452,
        "nauc_precision_at_3_diff1": 0.831308,
        "nauc_precision_at_5_max": 0.805614,
        "nauc_precision_at_5_std": 0.067905,
        "nauc_precision_at_5_diff1": 0.822842,
        "nauc_precision_at_10_max": 0.811101,
        "nauc_precision_at_10_std": 0.074583,
        "nauc_precision_at_10_diff1": 0.822822,
        "nauc_precision_at_20_max": 0.839402,
        "nauc_precision_at_20_std": 0.105314,
        "nauc_precision_at_20_diff1": 0.847456,
        "nauc_precision_at_100_max": 0.875554,
        "nauc_precision_at_100_std": 0.071137,
        "nauc_precision_at_100_diff1": 0.872053,
        "nauc_precision_at_1000_max": NaN,
        "nauc_precision_at_1000_std": NaN,
        "nauc_precision_at_1000_diff1": NaN,
        "nauc_mrr_at_1_max": 0.753506,
        "nauc_mrr_at_1_std": -0.062626,
        "nauc_mrr_at_1_diff1": 0.874597,
        "nauc_mrr_at_3_max": 0.772154,
        "nauc_mrr_at_3_std": -0.031357,
        "nauc_mrr_at_3_diff1": 0.858909,
        "nauc_mrr_at_5_max": 0.770432,
        "nauc_mrr_at_5_std": -0.031527,
        "nauc_mrr_at_5_diff1": 0.858446,
        "nauc_mrr_at_10_max": 0.769133,
        "nauc_mrr_at_10_std": -0.035736,
        "nauc_mrr_at_10_diff1": 0.859522,
        "nauc_mrr_at_20_max": 0.769365,
        "nauc_mrr_at_20_std": -0.036064,
        "nauc_mrr_at_20_diff1": 0.860384,
        "nauc_mrr_at_100_max": 0.768951,
        "nauc_mrr_at_100_std": -0.03678,
        "nauc_mrr_at_100_diff1": 0.860422,
        "nauc_mrr_at_1000_max": 0.768903,
        "nauc_mrr_at_1000_std": -0.036782,
        "nauc_mrr_at_1000_diff1": 0.860412,
        "cv_recall_at_1": 0.77111,
        "cv_recall_at_3": 0.86333,
        "cv_recall_at_5": 0.88667,
        "cv_recall_at_10": 0.92667,
        "cv_recall_at_20": 0.94667,
        "cv_recall_at_100": 0.98222,
        "cv_recall_at_1000": 1.0,
        "main_score": 0.84795,
        "hf_subset": "slk_Latn-slk_Latn",
        "languages": [
          "slk-Latn",
          "slk-Latn"
        ]
      },
      {
        "ndcg_at_1": 0.83889,
        "ndcg_at_3": 0.89174,
        "ndcg_at_5": 0.90317,
        "ndcg_at_10": 0.90947,
        "ndcg_at_20": 0.91286,
        "ndcg_at_100": 0.9144,
        "ndcg_at_1000": 0.91482,
        "map_at_1": 0.83889,
        "map_at_3": 0.87889,
        "map_at_5": 0.88522,
        "map_at_10": 0.88793,
        "map_at_20": 0.88887,
        "map_at_100": 0.88913,
        "map_at_1000": 0.88914,
        "recall_at_1": 0.83889,
        "recall_at_3": 0.92889,
        "recall_at_5": 0.95667,
        "recall_at_10": 0.97556,
        "recall_at_20": 0.98889,
        "recall_at_100": 0.99667,
        "recall_at_1000": 1.0,
        "accuracy": 0.83889,
        "precision_at_1": 0.83889,
        "precision_at_3": 0.30963,
        "precision_at_5": 0.19133,
        "precision_at_10": 0.09756,
        "precision_at_20": 0.04944,
        "precision_at_100": 0.00997,
        "precision_at_1000": 0.001,
        "mrr_at_1": 0.838889,
        "mrr_at_3": 0.878889,
        "mrr_at_5": 0.885222,
        "mrr_at_10": 0.88793,
        "mrr_at_20": 0.888872,
        "mrr_at_100": 0.889125,
        "mrr_at_1000": 0.889139,
        "nauc_ndcg_at_1_max": 0.770158,
        "nauc_ndcg_at_1_std": -0.079064,
        "nauc_ndcg_at_1_diff1": 0.910278,
        "nauc_ndcg_at_3_max": 0.802217,
        "nauc_ndcg_at_3_std": 0.019394,
        "nauc_ndcg_at_3_diff1": 0.879758,
        "nauc_ndcg_at_5_max": 0.803393,
        "nauc_ndcg_at_5_std": 0.013675,
        "nauc_ndcg_at_5_diff1": 0.883252,
        "nauc_ndcg_at_10_max": 0.795053,
        "nauc_ndcg_at_10_std": -0.016658,
        "nauc_ndcg_at_10_diff1": 0.885127,
        "nauc_ndcg_at_20_max": 0.796609,
        "nauc_ndcg_at_20_std": -0.005688,
        "nauc_ndcg_at_20_diff1": 0.888027,