{
  "dataset_revision": "09f81f51dd5b8497da16d02c69c98d5cb5993ef2",
  "task_name": "SKQuadRetrieval",
  "mteb_version": "2.3.0",
  "scores": {
    "test": [
      {
        "ndcg_at_1": 0.4873,
        "ndcg_at_3": 0.54885,
        "ndcg_at_5": 0.57926,
        "ndcg_at_10": 0.6123,
        "ndcg_at_20": 0.63385,
        "ndcg_at_100": 0.66069,
        "ndcg_at_1000": 0.6681,
        "map_at_1": 0.32304,
        "map_at_3": 0.4387,
        "map_at_5": 0.45987,
        "map_at_10": 0.48151,
        "map_at_20": 0.49194,
        "map_at_100": 0.50009,
        "map_at_1000": 0.50068,
        "recall_at_1": 0.32304,
        "recall_at_3": 0.55603,
        "recall_at_5": 0.62682,
        "recall_at_10": 0.72355,
        "recall_at_20": 0.80128,
        "recall_at_100": 0.93334,
        "recall_at_1000": 0.99258,
        "accuracy": 0.32304,
        "precision_at_1": 0.49559,
        "precision_at_3": 0.29101,
        "precision_at_5": 0.20123,
        "precision_at_10": 0.12099,
        "precision_at_20": 0.06927,
        "precision_at_100": 0.0171,
        "precision_at_1000": 0.00184,
        "mrr_at_1": 0.495591,
        "mrr_at_3": 0.632863,
        "mrr_at_5": 0.650059,
        "mrr_at_10": 0.658347,
        "mrr_at_20": 0.660308,
        "mrr_at_100": 0.660981,
        "mrr_at_1000": 0.661061,
        "nauc_ndcg_at_1_max": 0.185911,
        "nauc_ndcg_at_1_std": -0.053867,
        "nauc_ndcg_at_1_diff1": 0.344187,
        "nauc_ndcg_at_3_max": 0.163739,
        "nauc_ndcg_at_3_std": -0.120331,
        "nauc_ndcg_at_3_diff1": 0.241643,
        "nauc_ndcg_at_5_max": 0.151559,
        "nauc_ndcg_at_5_std": -0.129942,
        "nauc_ndcg_at_5_diff1": 0.245837,
        "nauc_ndcg_at_10_max": 0.15454,
        "nauc_ndcg_at_10_std": -0.121609,
        "nauc_ndcg_at_10_diff1": 0.243125,
        "nauc_ndcg_at_20_max": 0.181728,
        "nauc_ndcg_at_20_std": -0.087674,
        "nauc_ndcg_at_20_diff1": 0.249451,
        "nauc_ndcg_at_100_max": 0.202155,
        "nauc_ndcg_at_100_std": -0.062212,
        "nauc_ndcg_at_100_diff1": 0.250975,
        "nauc_ndcg_at_1000_max": 0.193291,
        "nauc_ndcg_at_1000_std": -0.076272,
        "nauc_ndcg_at_1000_diff1": 0.257517,
        "nauc_map_at_1_max": 0.088427,
        "nauc_map_at_1_std": -0.099122,
        "nauc_map_at_1_diff1": 0.311503,
        "nauc_map_at_3_max": 0.101793,
        "nauc_map_at_3_std": -0.133226,
        "nauc_map_at_3_diff1": 0.25038,
        "nauc_map_at_5_max": 0.096922,
        "nauc_map_at_5_std": -0.140651,
        "nauc_map_at_5_diff1": 0.248578,
        "nauc_map_at_10_max": 0.102139,
        "nauc_map_at_10_std": -0.136028,
        "nauc_map_at_10_diff1": 0.243193,
        "nauc_map_at_20_max": 0.114106,
        "nauc_map_at_20_std": -0.12417,
        "nauc_map_at_20_diff1": 0.243571,
        "nauc_map_at_100_max": 0.12029,
        "nauc_map_at_100_std": -0.116541,
        "nauc_map_at_100_diff1": 0.244154,
        "nauc_map_at_1000_max": 0.12004,
        "nauc_map_at_1000_std": -0.117121,
        "nauc_map_at_1000_diff1": 0.24432,
        "nauc_recall_at_1_max": 0.088427,
        "nauc_recall_at_1_std": -0.099122,
        "nauc_recall_at_1_diff1": 0.311503,
        "nauc_recall_at_3_max": 0.077335,
        "nauc_recall_at_3_std": -0.151796,
        "nauc_recall_at_3_diff1": 0.14384,
        "nauc_recall_at_5_max": 0.036249,
        "nauc_recall_at_5_std": -0.16408,
        "nauc_recall_at_5_diff1": 0.118335,
        "nauc_recall_at_10_max": 0.017836,
        "nauc_recall_at_10_std": -0.140934,
        "nauc_recall_at_10_diff1": 0.076256,
        "nauc_recall_at_20_max": 0.113292,
        "nauc_recall_at_20_std": -3e-06,
        "nauc_recall_at_20_diff1": 0.071228,
        "nauc_recall_at_100_max": 0.399106,
        "nauc_recall_at_100_std": 0.425824,
        "nauc_recall_at_100_diff1": -0.014442,
        "nauc_recall_at_1000_max": 0.588491,
        "nauc_recall_at_1000_std": 0.902808,
        "nauc_recall_at_1000_diff1": -0.107316,
        "nauc_precision_at_1_max": 0.191734,
        "nauc_precision_at_1_std": -0.054297,
        "nauc_precision_at_1_diff1": 0.335668,
        "nauc_precision_at_3_max": 0.257941,
        "nauc_precision_at_3_std": -0.081693,
        "nauc_precision_at_3_diff1": 0.067534,
        "nauc_precision_at_5_max": 0.21367,
        "nauc_precision_at_5_std": -0.068383,
        "nauc_precision_at_5_diff1": -0.003313,
        "nauc_precision_at_10_max": 0.171098,
        "nauc_precision_at_10_std": 0.019758,
        "nauc_precision_at_10_diff1": -0.075689,
        "nauc_precision_at_20_max": 0.226716,
        "nauc_precision_at_20_std": 0.142938,
        "nauc_precision_at_20_diff1": -0.098514,
        "nauc_precision_at_100_max": 0.214713,
        "nauc_precision_at_100_std": 0.210933,
        "nauc_precision_at_100_diff1": -0.124281,
        "nauc_precision_at_1000_max": 0.161064,
        "nauc_precision_at_1000_std": 0.148006,
        "nauc_precision_at_1000_diff1": -0.114168,
        "nauc_mrr_at_1_max": 0.191734,
        "nauc_mrr_at_1_std": -0.054297,
        "nauc_mrr_at_1_diff1": 0.335668,
        "nauc_mrr_at_3_max": 0.245938,
        "nauc_mrr_at_3_std": -0.077887,
        "nauc_mrr_at_3_diff1": 0.289765,
        "nauc_mrr_at_5_max": 0.245607,
        "nauc_mrr_at_5_std": -0.074013,
        "nauc_mrr_at_5_diff1": 0.296648,
        "nauc_mrr_at_10_max": 0.243839,
        "nauc_mrr_at_10_std": -0.069688,
        "nauc_mrr_at_10_diff1": 0.298369,
        "nauc_mrr_at_20_max": 0.244979,
        "nauc_mrr_at_20_std": -0.066457,
        "nauc_mrr_at_20_diff1": 0.29975,
        "nauc_mrr_at_100_max": 0.244173,
        "nauc_mrr_at_100_std": -0.06632,
        "nauc_mrr_at_100_diff1": 0.299301,
        "nauc_mrr_at_1000_max": 0.24399,
        "nauc_mrr_at_1000_std": -0.066553,
        "nauc_mrr_at_1000_diff1": 0.299414,
        "cv_recall_at_1": 0.49559,
        "cv_recall_at_3": 0.79894,
        "cv_recall_at_5": 0.87302,
        "cv_recall_at_10": 0.93386,
        "cv_recall_at_20": 0.9612,
        "cv_recall_at_100": 0.98148,
        "cv_recall_at_1000": 0.99735,
        "main_score": 0.6123,
        "hf_subset": "default",
        "languages": [
          "slk-Latn"
        ]
      }
    ]
  },
  "evaluation_time": 1725.0299792289734,
  "kg_co2_emissions": null
}