{
  "dataset_revision": "3997eba1c60721e34f7b01db400f5b14a40218ea",
  "task_name": "SkQuadReranking",
  "mteb_version": "2.3.0",
  "scores": {
    "test": [
      {
        "ndcg_at_1": 0.57546,
        "ndcg_at_3": 0.62839,
        "ndcg_at_5": 0.6785,
        "ndcg_at_10": 0.74685,
        "ndcg_at_20": 0.75617,
        "ndcg_at_100": 0.75617,
        "ndcg_at_1000": 0.75617,
        "map_at_1": 0.42809,
        "map_at_3": 0.5617,
        "map_at_5": 0.59752,
        "map_at_10": 0.64001,
        "map_at_20": 0.64483,
        "map_at_100": 0.64483,
        "map_at_1000": 0.64483,
        "recall_at_1": 0.42809,
        "recall_at_3": 0.68566,
        "recall_at_5": 0.79461,
        "recall_at_10": 0.9718,
        "recall_at_20": 1.0,
        "recall_at_100": 1.0,
        "recall_at_1000": 1.0,
        "accuracy": 0.42809,
        "precision_at_1": 0.57546,
        "precision_at_3": 0.31598,
        "precision_at_5": 0.2263,
        "precision_at_10": 0.14757,
        "precision_at_20": 0.07643,
        "precision_at_100": 0.01529,
        "precision_at_1000": 0.00153,
        "mrr_at_1": 0.575463,
        "mrr_at_3": 0.698882,
        "mrr_at_5": 0.71702,
        "mrr_at_10": 0.725599,
        "mrr_at_20": 0.726482,
        "mrr_at_100": 0.726482,
        "mrr_at_1000": 0.726482,
        "nauc_ndcg_at_1_max": 0.161538,
        "nauc_ndcg_at_1_std": 0.063371,
        "nauc_ndcg_at_1_diff1": 0.439289,
        "nauc_ndcg_at_3_max": 0.095204,
        "nauc_ndcg_at_3_std": 0.130113,
        "nauc_ndcg_at_3_diff1": 0.325979,
        "nauc_ndcg_at_5_max": 0.094948,
        "nauc_ndcg_at_5_std": 0.130819,
        "nauc_ndcg_at_5_diff1": 0.340144,
        "nauc_ndcg_at_10_max": 0.134722,
        "nauc_ndcg_at_10_std": 0.131131,
        "nauc_ndcg_at_10_diff1": 0.357765,
        "nauc_ndcg_at_20_max": 0.14057,
        "nauc_ndcg_at_20_std": 0.124193,
        "nauc_ndcg_at_20_diff1": 0.366878,
        "nauc_ndcg_at_100_max": 0.14057,
        "nauc_ndcg_at_100_std": 0.124193,
        "nauc_ndcg_at_100_diff1": 0.366878,
        "nauc_ndcg_at_1000_max": 0.14057,
        "nauc_ndcg_at_1000_std": 0.124193,
        "nauc_ndcg_at_1000_diff1": 0.366878,
        "nauc_map_at_1_max": 0.06637,
        "nauc_map_at_1_std": 0.025086,
        "nauc_map_at_1_diff1": 0.382537,
        "nauc_map_at_3_max": 0.072702,
        "nauc_map_at_3_std": 0.094794,
        "nauc_map_at_3_diff1": 0.334426,
        "nauc_map_at_5_max": 0.077945,
        "nauc_map_at_5_std": 0.098209,
        "nauc_map_at_5_diff1": 0.342707,
        "nauc_map_at_10_max": 0.10236,
        "nauc_map_at_10_std": 0.103199,
        "nauc_map_at_10_diff1": 0.34948,
        "nauc_map_at_20_max": 0.105678,
        "nauc_map_at_20_std": 0.101497,
        "nauc_map_at_20_diff1": 0.352844,
        "nauc_map_at_100_max": 0.105678,
        "nauc_map_at_100_std": 0.101497,
        "nauc_map_at_100_diff1": 0.352844,
        "nauc_map_at_1000_max": 0.105678,
        "nauc_map_at_1000_std": 0.101497,
        "nauc_map_at_1000_diff1": 0.352844,
        "nauc_recall_at_1_max": 0.06637,
        "nauc_recall_at_1_std": 0.025086,
        "nauc_recall_at_1_diff1": 0.382537,
        "nauc_recall_at_3_max": 0.033009,
        "nauc_recall_at_3_std": 0.151863,
        "nauc_recall_at_3_diff1": 0.212432,
        "nauc_recall_at_5_max": -0.0009,
        "nauc_recall_at_5_std": 0.156543,
        "nauc_recall_at_5_diff1": 0.199877,
        "nauc_recall_at_10_max": 0.028583,
        "nauc_recall_at_10_std": 0.257165,
        "nauc_recall_at_10_diff1": 0.097465,
        "nauc_recall_at_20_max": NaN,
        "nauc_recall_at_20_std": NaN,
        "nauc_recall_at_20_diff1": NaN,
        "nauc_recall_at_100_max": NaN,
        "nauc_recall_at_100_std": NaN,
        "nauc_recall_at_100_diff1": NaN,
        "nauc_recall_at_1000_max": NaN,
        "nauc_recall_at_1000_std": NaN,
        "nauc_recall_at_1000_diff1": NaN,
        "nauc_precision_at_1_max": 0.161538,
        "nauc_precision_at_1_std": 0.063371,
        "nauc_precision_at_1_diff1": 0.439289,
        "nauc_precision_at_3_max": 0.171472,
        "nauc_precision_at_3_std": 0.229559,
        "nauc_precision_at_3_diff1": 0.113358,
        "nauc_precision_at_5_max": 0.13808,
        "nauc_precision_at_5_std": 0.168795,
        "nauc_precision_at_5_diff1": 0.034554,
        "nauc_precision_at_10_max": 0.16921,
        "nauc_precision_at_10_std": 0.094357,
        "nauc_precision_at_10_diff1": -0.09319,
        "nauc_precision_at_20_max": 0.174744,
        "nauc_precision_at_20_std": 0.076765,
        "nauc_precision_at_20_diff1": -0.097116,
        "nauc_precision_at_100_max": 0.174744,
        "nauc_precision_at_100_std": 0.076765,
        "nauc_precision_at_100_diff1": -0.097116,
        "nauc_precision_at_1000_max": 0.174744,
        "nauc_precision_at_1000_std": 0.076765,
        "nauc_precision_at_1000_diff1": -0.097116,
        "nauc_mrr_at_1_max": 0.161538,
        "nauc_mrr_at_1_std": 0.063371,
        "nauc_mrr_at_1_diff1": 0.439289,
        "nauc_mrr_at_3_max": 0.19925,
        "nauc_mrr_at_3_std": 0.164246,
        "nauc_mrr_at_3_diff1": 0.399038,
        "nauc_mrr_at_5_max": 0.196951,
        "nauc_mrr_at_5_std": 0.155437,
        "nauc_mrr_at_5_diff1": 0.406668,
        "nauc_mrr_at_10_max": 0.192608,
        "nauc_mrr_at_10_std": 0.14351,
        "nauc_mrr_at_10_diff1": 0.410726,
        "nauc_mrr_at_20_max": 0.191454,
        "nauc_mrr_at_20_std": 0.140928,
        "nauc_mrr_at_20_diff1": 0.410997,
        "nauc_mrr_at_100_max": 0.191454,
        "nauc_mrr_at_100_std": 0.140928,
        "nauc_mrr_at_100_diff1": 0.410997,
        "nauc_mrr_at_1000_max": 0.191454,
        "nauc_mrr_at_1000_std": 0.140928,
        "nauc_mrr_at_1000_diff1": 0.410997,
        "cv_recall_at_1": 0.57546,
        "cv_recall_at_3": 0.84731,
        "cv_recall_at_5": 0.92674,
        "cv_recall_at_10": 0.99029,
        "cv_recall_at_20": 1.0,
        "cv_recall_at_100": 1.0,
        "cv_recall_at_1000": 1.0,
        "main_score": 0.64483,
        "hf_subset": "default",
        "languages": [
          "slk-Latn"
        ]
      }
    ]
  },
  "evaluation_time": 3808.1890149116516,
  "kg_co2_emissions": null
}