{
  "dataset_revision": "6448ea012b1b7caa3d55cb747b58cda1d7edc714",
  "task_name": "SlovakPharmacyDrMaxReranking",
  "mteb_version": "2.3.0",
  "scores": {
    "test": [
      {
        "ndcg_at_1": 0.81159,
        "ndcg_at_3": 0.90575,
        "ndcg_at_5": 0.91826,
        "ndcg_at_10": 0.91826,
        "ndcg_at_20": 0.91826,
        "ndcg_at_100": 0.91826,
        "ndcg_at_1000": 0.91826,
        "map_at_1": 0.81159,
        "map_at_3": 0.88341,
        "map_at_5": 0.89046,
        "map_at_10": 0.89046,
        "map_at_20": 0.89046,
        "map_at_100": 0.89046,
        "map_at_1000": 0.89046,
        "recall_at_1": 0.81159,
        "recall_at_3": 0.97006,
        "recall_at_5": 1.0,
        "recall_at_10": 1.0,
        "recall_at_20": 1.0,
        "recall_at_100": 1.0,
        "recall_at_1000": 1.0,
        "accuracy": 0.81159,
        "precision_at_1": 0.81159,
        "precision_at_3": 0.32335,
        "precision_at_5": 0.2,
        "precision_at_10": 0.1,
        "precision_at_20": 0.05,
        "precision_at_100": 0.01,
        "precision_at_1000": 0.001,
        "mrr_at_1": 0.811591,
        "mrr_at_3": 0.883412,
        "mrr_at_5": 0.890458,
        "mrr_at_10": 0.890458,
        "mrr_at_20": 0.890458,
        "mrr_at_100": 0.890458,
        "mrr_at_1000": 0.890458,
        "nauc_ndcg_at_1_max": 0.647297,
        "nauc_ndcg_at_1_std": 0.553529,
        "nauc_ndcg_at_1_diff1": 0.78711,
        "nauc_ndcg_at_3_max": 0.663744,
        "nauc_ndcg_at_3_std": 0.614457,
        "nauc_ndcg_at_3_diff1": 0.771087,
        "nauc_ndcg_at_5_max": 0.655253,
        "nauc_ndcg_at_5_std": 0.581307,
        "nauc_ndcg_at_5_diff1": 0.778431,
        "nauc_ndcg_at_10_max": 0.655253,
        "nauc_ndcg_at_10_std": 0.581307,
        "nauc_ndcg_at_10_diff1": 0.778431,
        "nauc_ndcg_at_20_max": 0.655253,
        "nauc_ndcg_at_20_std": 0.581307,
        "nauc_ndcg_at_20_diff1": 0.778431,
        "nauc_ndcg_at_100_max": 0.655253,
        "nauc_ndcg_at_100_std": 0.581307,
        "nauc_ndcg_at_100_diff1": 0.778431,
        "nauc_ndcg_at_1000_max": 0.655253,
        "nauc_ndcg_at_1000_std": 0.581307,
        "nauc_ndcg_at_1000_diff1": 0.778431,
        "nauc_map_at_1_max": 0.647297,
        "nauc_map_at_1_std": 0.553529,
        "nauc_map_at_1_diff1": 0.78711,
        "nauc_map_at_3_max": 0.658594,
        "nauc_map_at_3_std": 0.594617,
        "nauc_map_at_3_diff1": 0.775698,
        "nauc_map_at_5_max": 0.654716,
        "nauc_map_at_5_std": 0.579403,
        "nauc_map_at_5_diff1": 0.779003,
        "nauc_map_at_10_max": 0.654716,
        "nauc_map_at_10_std": 0.579403,
        "nauc_map_at_10_diff1": 0.779003,
        "nauc_map_at_20_max": 0.654716,
        "nauc_map_at_20_std": 0.579403,
        "nauc_map_at_20_diff1": 0.779003,
        "nauc_map_at_100_max": 0.654716,
        "nauc_map_at_100_std": 0.579403,
        "nauc_map_at_100_diff1": 0.779003,
        "nauc_map_at_1000_max": 0.654716,
        "nauc_map_at_1000_std": 0.579403,
        "nauc_map_at_1000_diff1": 0.779003,
        "nauc_recall_at_1_max": 0.647297,
        "nauc_recall_at_1_std": 0.553529,
        "nauc_recall_at_1_diff1": 0.78711,
        "nauc_recall_at_3_max": 0.716948,
        "nauc_recall_at_3_std": 0.82084,
        "nauc_recall_at_3_diff1": 0.724221,
        "nauc_recall_at_5_max": NaN,
        "nauc_recall_at_5_std": NaN,
        "nauc_recall_at_5_diff1": NaN,
        "nauc_recall_at_10_max": NaN,
        "nauc_recall_at_10_std": NaN,
        "nauc_recall_at_10_diff1": NaN,
        "nauc_recall_at_20_max": NaN,
        "nauc_recall_at_20_std": NaN,
        "nauc_recall_at_20_diff1": NaN,
        "nauc_recall_at_100_max": NaN,
        "nauc_recall_at_100_std": NaN,
        "nauc_recall_at_100_diff1": NaN,
        "nauc_recall_at_1000_max": NaN,
        "nauc_recall_at_1000_std": NaN,
        "nauc_recall_at_1000_diff1": NaN,
        "nauc_precision_at_1_max": 0.647297,
        "nauc_precision_at_1_std": 0.553529,
        "nauc_precision_at_1_diff1": 0.78711,
        "nauc_precision_at_3_max": 0.716948,
        "nauc_precision_at_3_std": 0.82084,
        "nauc_precision_at_3_diff1": 0.724221,
        "nauc_precision_at_5_max": 1.0,
        "nauc_precision_at_5_std": 1.0,
        "nauc_precision_at_5_diff1": 1.0,
        "nauc_precision_at_10_max": 1.0,
        "nauc_precision_at_10_std": 1.0,
        "nauc_precision_at_10_diff1": 1.0,
        "nauc_precision_at_20_max": 1.0,
        "nauc_precision_at_20_std": 1.0,
        "nauc_precision_at_20_diff1": 1.0,
        "nauc_precision_at_100_max": 1.0,
        "nauc_precision_at_100_std": 1.0,
        "nauc_precision_at_100_diff1": 1.0,
        "nauc_precision_at_1000_max": 1.0,
        "nauc_precision_at_1000_std": 1.0,
        "nauc_precision_at_1000_diff1": 1.0,
        "nauc_mrr_at_1_max": 0.647297,
        "nauc_mrr_at_1_std": 0.553529,
        "nauc_mrr_at_1_diff1": 0.78711,
        "nauc_mrr_at_3_max": 0.658594,
        "nauc_mrr_at_3_std": 0.594617,
        "nauc_mrr_at_3_diff1": 0.775698,
        "nauc_mrr_at_5_max": 0.654716,
        "nauc_mrr_at_5_std": 0.579403,
        "nauc_mrr_at_5_diff1": 0.779003,
        "nauc_mrr_at_10_max": 0.654716,
        "nauc_mrr_at_10_std": 0.579403,
        "nauc_mrr_at_10_diff1": 0.779003,
        "nauc_mrr_at_20_max": 0.654716,
        "nauc_mrr_at_20_std": 0.579403,
        "nauc_mrr_at_20_diff1": 0.779003,
        "nauc_mrr_at_100_max": 0.654716,
        "nauc_mrr_at_100_std": 0.579403,
        "nauc_mrr_at_100_diff1": 0.779003,
        "nauc_mrr_at_1000_max": 0.654716,
        "nauc_mrr_at_1000_std": 0.579403,
        "nauc_mrr_at_1000_diff1": 0.779003,
        "cv_recall_at_1": 0.81159,
        "cv_recall_at_3": 0.97006,
        "cv_recall_at_5": 1.0,
        "cv_recall_at_10": 1.0,
        "cv_recall_at_20": 1.0,
        "cv_recall_at_100": 1.0,
        "cv_recall_at_1000": 1.0,
        "main_score": 0.89046,
        "hf_subset": "default",
        "languages": [
          "slk-Latn"
        ]
      }
    ]
  },
  "evaluation_time": 3878.3252878189087,
  "kg_co2_emissions": null
}