{
  "dataset_revision": "82320d7f1d6561a12516605ec24f5d61aceb915c",
  "task_name": "SlovakPharmacyMojaLekarenReranking",
  "mteb_version": "2.3.0",
  "scores": {
    "test": [
      {
        "ndcg_at_1": 0.88347,
        "ndcg_at_3": 0.94717,
        "ndcg_at_5": 0.95224,
        "ndcg_at_10": 0.95224,
        "ndcg_at_20": 0.95224,
        "ndcg_at_100": 0.95224,
        "ndcg_at_1000": 0.95224,
        "map_at_1": 0.88347,
        "map_at_3": 0.93293,
        "map_at_5": 0.93577,
        "map_at_10": 0.93577,
        "map_at_20": 0.93577,
        "map_at_100": 0.93577,
        "map_at_1000": 0.93577,
        "recall_at_1": 0.88347,
        "recall_at_3": 0.9878,
        "recall_at_5": 1.0,
        "recall_at_10": 1.0,
        "recall_at_20": 1.0,
        "recall_at_100": 1.0,
        "recall_at_1000": 1.0,
        "accuracy": 0.88347,
        "precision_at_1": 0.88347,
        "precision_at_3": 0.32927,
        "precision_at_5": 0.2,
        "precision_at_10": 0.1,
        "precision_at_20": 0.05,
        "precision_at_100": 0.01,
        "precision_at_1000": 0.001,
        "mrr_at_1": 0.883469,
        "mrr_at_3": 0.932927,
        "mrr_at_5": 0.935772,
        "mrr_at_10": 0.935772,
        "mrr_at_20": 0.935772,
        "mrr_at_100": 0.935772,
        "mrr_at_1000": 0.935772,
        "nauc_ndcg_at_1_max": 0.54064,
        "nauc_ndcg_at_1_std": 0.507712,
        "nauc_ndcg_at_1_diff1": 0.868224,
        "nauc_ndcg_at_3_max": 0.575559,
        "nauc_ndcg_at_3_std": 0.561705,
        "nauc_ndcg_at_3_diff1": 0.846902,
        "nauc_ndcg_at_5_max": 0.555299,
        "nauc_ndcg_at_5_std": 0.531933,
        "nauc_ndcg_at_5_diff1": 0.855853,
        "nauc_ndcg_at_10_max": 0.555299,
        "nauc_ndcg_at_10_std": 0.531933,
        "nauc_ndcg_at_10_diff1": 0.855853,
        "nauc_ndcg_at_20_max": 0.555299,
        "nauc_ndcg_at_20_std": 0.531933,
        "nauc_ndcg_at_20_diff1": 0.855853,
        "nauc_ndcg_at_100_max": 0.555299,
        "nauc_ndcg_at_100_std": 0.531933,
        "nauc_ndcg_at_100_diff1": 0.855853,
        "nauc_ndcg_at_1000_max": 0.555299,
        "nauc_ndcg_at_1000_std": 0.531933,
        "nauc_ndcg_at_1000_diff1": 0.855853,
        "nauc_map_at_1_max": 0.54064,
        "nauc_map_at_1_std": 0.507712,
        "nauc_map_at_1_diff1": 0.868224,
        "nauc_map_at_3_max": 0.562861,
        "nauc_map_at_3_std": 0.543135,
        "nauc_map_at_3_diff1": 0.852751,
        "nauc_map_at_5_max": 0.554145,
        "nauc_map_at_5_std": 0.530139,
        "nauc_map_at_5_diff1": 0.85667,
        "nauc_map_at_10_max": 0.554145,
        "nauc_map_at_10_std": 0.530139,
        "nauc_map_at_10_diff1": 0.85667,
        "nauc_map_at_20_max": 0.554145,
        "nauc_map_at_20_std": 0.530139,
        "nauc_map_at_20_diff1": 0.85667,
        "nauc_map_at_100_max": 0.554145,
        "nauc_map_at_100_std": 0.530139,
        "nauc_map_at_100_diff1": 0.85667,
        "nauc_map_at_1000_max": 0.554145,
        "nauc_map_at_1000_std": 0.530139,
        "nauc_map_at_1000_diff1": 0.85667,
        "nauc_recall_at_1_max": 0.54064,
        "nauc_recall_at_1_std": 0.507712,
        "nauc_recall_at_1_diff1": 0.868224,
        "nauc_recall_at_3_max": 0.769668,
        "nauc_recall_at_3_std": 0.842839,
        "nauc_recall_at_3_diff1": 0.762388,
        "nauc_recall_at_5_max": NaN,
        "nauc_recall_at_5_std": NaN,
        "nauc_recall_at_5_diff1": NaN,
        "nauc_recall_at_10_max": NaN,
        "nauc_recall_at_10_std": NaN,
        "nauc_recall_at_10_diff1": NaN,
        "nauc_recall_at_20_max": NaN,
        "nauc_recall_at_20_std": NaN,
        "nauc_recall_at_20_diff1": NaN,
        "nauc_recall_at_100_max": NaN,
        "nauc_recall_at_100_std": NaN,
        "nauc_recall_at_100_diff1": NaN,
        "nauc_recall_at_1000_max": NaN,
        "nauc_recall_at_1000_std": NaN,
        "nauc_recall_at_1000_diff1": NaN,
        "nauc_precision_at_1_max": 0.54064,
        "nauc_precision_at_1_std": 0.507712,
        "nauc_precision_at_1_diff1": 0.868224,
        "nauc_precision_at_3_max": 0.769668,
        "nauc_precision_at_3_std": 0.842839,
        "nauc_precision_at_3_diff1": 0.762388,
        "nauc_precision_at_5_max": NaN,
        "nauc_precision_at_5_std": NaN,
        "nauc_precision_at_5_diff1": NaN,
        "nauc_precision_at_10_max": NaN,
        "nauc_precision_at_10_std": NaN,
        "nauc_precision_at_10_diff1": NaN,
        "nauc_precision_at_20_max": NaN,
        "nauc_precision_at_20_std": NaN,
        "nauc_precision_at_20_diff1": NaN,
        "nauc_precision_at_100_max": NaN,
        "nauc_precision_at_100_std": NaN,
        "nauc_precision_at_100_diff1": NaN,
        "nauc_precision_at_1000_max": 1.0,
        "nauc_precision_at_1000_std": 1.0,
        "nauc_precision_at_1000_diff1": 1.0,
        "nauc_mrr_at_1_max": 0.54064,
        "nauc_mrr_at_1_std": 0.507712,
        "nauc_mrr_at_1_diff1": 0.868224,
        "nauc_mrr_at_3_max": 0.562861,
        "nauc_mrr_at_3_std": 0.543135,
        "nauc_mrr_at_3_diff1": 0.852751,
        "nauc_mrr_at_5_max": 0.554145,
        "nauc_mrr_at_5_std": 0.530139,
        "nauc_mrr_at_5_diff1": 0.85667,
        "nauc_mrr_at_10_max": 0.554145,
        "nauc_mrr_at_10_std": 0.530139,
        "nauc_mrr_at_10_diff1": 0.85667,
        "nauc_mrr_at_20_max": 0.554145,
        "nauc_mrr_at_20_std": 0.530139,
        "nauc_mrr_at_20_diff1": 0.85667,
        "nauc_mrr_at_100_max": 0.554145,
        "nauc_mrr_at_100_std": 0.530139,
        "nauc_mrr_at_100_diff1": 0.85667,
        "nauc_mrr_at_1000_max": 0.554145,
        "nauc_mrr_at_1000_std": 0.530139,
        "nauc_mrr_at_1000_diff1": 0.85667,
        "cv_recall_at_1": 0.88347,
        "cv_recall_at_3": 0.9878,
        "cv_recall_at_5": 1.0,
        "cv_recall_at_10": 1.0,
        "cv_recall_at_20": 1.0,
        "cv_recall_at_100": 1.0,
        "cv_recall_at_1000": 1.0,
        "main_score": 0.93577,
        "hf_subset": "default",
        "languages": [
          "slk-Latn"
        ]
      }
    ]
  },
  "evaluation_time": 888.1181960105896,
  "kg_co2_emissions": null
}