{
  "dataset_revision": "c5a6521a4ddce3450fb04ba218623681a9189c6d",
  "task_name": "SMESumRetrieval",
  "mteb_version": "2.3.0",
  "scores": {
    "test": [
      {
        "ndcg_at_1": 0.61667,
        "ndcg_at_3": 0.6991,
        "ndcg_at_5": 0.72348,
        "ndcg_at_10": 0.7414,
        "ndcg_at_20": 0.75066,
        "ndcg_at_100": 0.76356,
        "ndcg_at_1000": 0.76634,
        "map_at_1": 0.61667,
        "map_at_3": 0.67917,
        "map_at_5": 0.6925,
        "map_at_10": 0.69997,
        "map_at_20": 0.70251,
        "map_at_100": 0.70425,
        "map_at_1000": 0.70435,
        "recall_at_1": 0.61667,
        "recall_at_3": 0.75667,
        "recall_at_5": 0.81667,
        "recall_at_10": 0.87167,
        "recall_at_20": 0.90833,
        "recall_at_100": 0.97833,
        "recall_at_1000": 1.0,
        "accuracy": 0.61667,
        "precision_at_1": 0.61667,
        "precision_at_3": 0.25222,
        "precision_at_5": 0.16333,
        "precision_at_10": 0.08717,
        "precision_at_20": 0.04542,
        "precision_at_100": 0.00978,
        "precision_at_1000": 0.001,
        "mrr_at_1": 0.616667,
        "mrr_at_3": 0.679167,
        "mrr_at_5": 0.6925,
        "mrr_at_10": 0.699974,
        "mrr_at_20": 0.702512,
        "mrr_at_100": 0.704246,
        "mrr_at_1000": 0.704353,
        "nauc_ndcg_at_1_max": 0.69212,
        "nauc_ndcg_at_1_std": 0.007039,
        "nauc_ndcg_at_1_diff1": 0.829839,
        "nauc_ndcg_at_3_max": 0.712992,
        "nauc_ndcg_at_3_std": 0.05535,
        "nauc_ndcg_at_3_diff1": 0.778941,
        "nauc_ndcg_at_5_max": 0.709051,
        "nauc_ndcg_at_5_std": 0.070479,
        "nauc_ndcg_at_5_diff1": 0.777678,
        "nauc_ndcg_at_10_max": 0.714639,
        "nauc_ndcg_at_10_std": 0.074203,
        "nauc_ndcg_at_10_diff1": 0.782084,
        "nauc_ndcg_at_20_max": 0.707958,
        "nauc_ndcg_at_20_std": 0.057728,
        "nauc_ndcg_at_20_diff1": 0.783824,
        "nauc_ndcg_at_100_max": 0.709329,
        "nauc_ndcg_at_100_std": 0.059796,
        "nauc_ndcg_at_100_diff1": 0.789347,
        "nauc_ndcg_at_1000_max": 0.708525,
        "nauc_ndcg_at_1000_std": 0.055538,
        "nauc_ndcg_at_1000_diff1": 0.789825,
        "nauc_map_at_1_max": 0.69212,
        "nauc_map_at_1_std": 0.007039,
        "nauc_map_at_1_diff1": 0.829839,
        "nauc_map_at_3_max": 0.708173,
        "nauc_map_at_3_std": 0.043575,
        "nauc_map_at_3_diff1": 0.792155,
        "nauc_map_at_5_max": 0.706002,
        "nauc_map_at_5_std": 0.050311,
        "nauc_map_at_5_diff1": 0.791954,
        "nauc_map_at_10_max": 0.707854,
        "nauc_map_at_10_std": 0.050803,
        "nauc_map_at_10_diff1": 0.793742,
        "nauc_map_at_20_max": 0.70619,
        "nauc_map_at_20_std": 0.046765,
        "nauc_map_at_20_diff1": 0.794109,
        "nauc_map_at_100_max": 0.706395,
        "nauc_map_at_100_std": 0.047122,
        "nauc_map_at_100_diff1": 0.794881,
        "nauc_map_at_1000_max": 0.706396,
        "nauc_map_at_1000_std": 0.047043,
        "nauc_map_at_1000_diff1": 0.794894,
        "nauc_recall_at_1_max": 0.69212,
        "nauc_recall_at_1_std": 0.007039,
        "nauc_recall_at_1_diff1": 0.829839,
        "nauc_recall_at_3_max": 0.729546,
        "nauc_recall_at_3_std": 0.096177,
        "nauc_recall_at_3_diff1": 0.732663,
        "nauc_recall_at_5_max": 0.72068,
        "nauc_recall_at_5_std": 0.160455,
        "nauc_recall_at_5_diff1": 0.716655,
        "nauc_recall_at_10_max": 0.756708,
        "nauc_recall_at_10_std": 0.219031,
        "nauc_recall_at_10_diff1": 0.719224,
        "nauc_recall_at_20_max": 0.711357,
        "nauc_recall_at_20_std": 0.119464,
        "nauc_recall_at_20_diff1": 0.715635,
        "nauc_recall_at_100_max": 0.77846,
        "nauc_recall_at_100_std": 0.385872,
        "nauc_recall_at_100_diff1": 0.752568,
        "nauc_recall_at_1000_max": NaN,
        "nauc_recall_at_1000_std": NaN,
        "nauc_recall_at_1000_diff1": NaN,
        "nauc_precision_at_1_max": 0.69212,
        "nauc_precision_at_1_std": 0.007039,
        "nauc_precision_at_1_diff1": 0.829839,
        "nauc_precision_at_3_max": 0.729546,
        "nauc_precision_at_3_std": 0.096177,
        "nauc_precision_at_3_diff1": 0.732663,
        "nauc_precision_at_5_max": 0.72068,
        "nauc_precision_at_5_std": 0.160455,
        "nauc_precision_at_5_diff1": 0.716655,
        "nauc_precision_at_10_max": 0.756708,
        "nauc_precision_at_10_std": 0.219031,
        "nauc_precision_at_10_diff1": 0.719224,
        "nauc_precision_at_20_max": 0.711357,
        "nauc_precision_at_20_std": 0.119464,
        "nauc_precision_at_20_diff1": 0.715635,
        "nauc_precision_at_100_max": 0.77846,
        "nauc_precision_at_100_std": 0.385872,
        "nauc_precision_at_100_diff1": 0.752568,
        "nauc_precision_at_1000_max": 1.0,
        "nauc_precision_at_1000_std": 1.0,
        "nauc_precision_at_1000_diff1": 1.0,
        "nauc_mrr_at_1_max": 0.69212,
        "nauc_mrr_at_1_std": 0.007039,
        "nauc_mrr_at_1_diff1": 0.829839,
        "nauc_mrr_at_3_max": 0.708173,
        "nauc_mrr_at_3_std": 0.043575,
        "nauc_mrr_at_3_diff1": 0.792155,
        "nauc_mrr_at_5_max": 0.706002,
        "nauc_mrr_at_5_std": 0.050311,
        "nauc_mrr_at_5_diff1": 0.791954,
        "nauc_mrr_at_10_max": 0.707854,
        "nauc_mrr_at_10_std": 0.050803,
        "nauc_mrr_at_10_diff1": 0.793742,
        "nauc_mrr_at_20_max": 0.70619,
        "nauc_mrr_at_20_std": 0.046765,
        "nauc_mrr_at_20_diff1": 0.794109,
        "nauc_mrr_at_100_max": 0.706395,
        "nauc_mrr_at_100_std": 0.047122,
        "nauc_mrr_at_100_diff1": 0.794881,
        "nauc_mrr_at_1000_max": 0.706396,
        "nauc_mrr_at_1000_std": 0.047043,
        "nauc_mrr_at_1000_diff1": 0.794894,
        "cv_recall_at_1": 0.61667,
        "cv_recall_at_3": 0.75667,
        "cv_recall_at_5": 0.81667,
        "cv_recall_at_10": 0.87167,
        "cv_recall_at_20": 0.90833,
        "cv_recall_at_100": 0.97833,
        "cv_recall_at_1000": 1.0,
        "main_score": 0.7414,
        "hf_subset": "default",
        "languages": [
          "slk-Latn"
        ]
      }
    ]
  },
  "evaluation_time": 268.442409992218,
  "kg_co2_emissions": null
}