{
  "dataset_revision": "f64f483ad0f31d2e78209d524c14a4a867965959",
  "task_name": "WebFAQRetrieval",
  "mteb_version": "2.3.0",
  "scores": {
    "test": [
      {
        "ndcg_at_1": 0.67333,
        "ndcg_at_3": 0.75019,
        "ndcg_at_5": 0.7688,
        "ndcg_at_10": 0.78286,
        "ndcg_at_20": 0.79117,
        "ndcg_at_100": 0.80097,
        "ndcg_at_1000": 0.80348,
        "map_at_1": 0.67333,
        "map_at_3": 0.73195,
        "map_at_5": 0.7423,
        "map_at_10": 0.74823,
        "map_at_20": 0.7505,
        "map_at_100": 0.75186,
        "map_at_1000": 0.75196,
        "recall_at_1": 0.67333,
        "recall_at_3": 0.80273,
        "recall_at_5": 0.84776,
        "recall_at_10": 0.89058,
        "recall_at_20": 0.92356,
        "recall_at_100": 0.97621,
        "recall_at_1000": 0.99588,
        "accuracy": 0.67333,
        "precision_at_1": 0.67333,
        "precision_at_3": 0.26758,
        "precision_at_5": 0.16955,
        "precision_at_10": 0.08906,
        "precision_at_20": 0.04618,
        "precision_at_100": 0.00976,
        "precision_at_1000": 0.001,
        "mrr_at_1": 0.673327,
        "mrr_at_3": 0.732371,
        "mrr_at_5": 0.742378,
        "mrr_at_10": 0.748419,
        "mrr_at_20": 0.750638,
        "mrr_at_100": 0.752029,
        "mrr_at_1000": 0.752123,
        "nauc_ndcg_at_1_max": 0.506716,
        "nauc_ndcg_at_1_std": 0.025978,
        "nauc_ndcg_at_1_diff1": 0.807963,
        "nauc_ndcg_at_3_max": 0.522263,
        "nauc_ndcg_at_3_std": 0.012377,
        "nauc_ndcg_at_3_diff1": 0.783541,
        "nauc_ndcg_at_5_max": 0.523953,
        "nauc_ndcg_at_5_std": 0.015076,
        "nauc_ndcg_at_5_diff1": 0.782669,
        "nauc_ndcg_at_10_max": 0.518372,
        "nauc_ndcg_at_10_std": 0.017533,
        "nauc_ndcg_at_10_diff1": 0.780888,
        "nauc_ndcg_at_20_max": 0.519646,
        "nauc_ndcg_at_20_std": 0.019172,
        "nauc_ndcg_at_20_diff1": 0.783939,
        "nauc_ndcg_at_100_max": 0.521654,
        "nauc_ndcg_at_100_std": 0.024185,
        "nauc_ndcg_at_100_diff1": 0.786455,
        "nauc_ndcg_at_1000_max": 0.520776,
        "nauc_ndcg_at_1000_std": 0.022562,
        "nauc_ndcg_at_1000_diff1": 0.787247,
        "nauc_map_at_1_max": 0.506716,
        "nauc_map_at_1_std": 0.025978,
        "nauc_map_at_1_diff1": 0.807963,
        "nauc_map_at_3_max": 0.519283,
        "nauc_map_at_3_std": 0.016244,
        "nauc_map_at_3_diff1": 0.790349,
        "nauc_map_at_5_max": 0.51983,
        "nauc_map_at_5_std": 0.017316,
        "nauc_map_at_5_diff1": 0.790252,
        "nauc_map_at_10_max": 0.51797,
        "nauc_map_at_10_std": 0.018595,
        "nauc_map_at_10_diff1": 0.789812,
        "nauc_map_at_20_max": 0.518223,
        "nauc_map_at_20_std": 0.018998,
        "nauc_map_at_20_diff1": 0.790598,
        "nauc_map_at_100_max": 0.518343,
        "nauc_map_at_100_std": 0.019501,
        "nauc_map_at_100_diff1": 0.790896,
        "nauc_map_at_1000_max": 0.518318,
        "nauc_map_at_1000_std": 0.019462,
        "nauc_map_at_1000_diff1": 0.790924,
        "nauc_recall_at_1_max": 0.506716,
        "nauc_recall_at_1_std": 0.025978,
        "nauc_recall_at_1_diff1": 0.807963,
        "nauc_recall_at_3_max": 0.532416,
        "nauc_recall_at_3_std": -0.001766,
        "nauc_recall_at_3_diff1": 0.758707,
        "nauc_recall_at_5_max": 0.542133,
        "nauc_recall_at_5_std": 0.006533,
        "nauc_recall_at_5_diff1": 0.748588,
        "nauc_recall_at_10_max": 0.514901,
        "nauc_recall_at_10_std": 0.013569,
        "nauc_recall_at_10_diff1": 0.726793,
        "nauc_recall_at_20_max": 0.526382,
        "nauc_recall_at_20_std": 0.027242,
        "nauc_recall_at_20_diff1": 0.733844,
        "nauc_recall_at_100_max": 0.633624,
        "nauc_recall_at_100_std": 0.253056,
        "nauc_recall_at_100_diff1": 0.725822,
        "nauc_recall_at_1000_max": 0.872695,
        "nauc_recall_at_1000_std": 0.784747,
        "nauc_recall_at_1000_diff1": 0.685236,
        "nauc_precision_at_1_max": 0.506716,
        "nauc_precision_at_1_std": 0.025978,
        "nauc_precision_at_1_diff1": 0.807963,
        "nauc_precision_at_3_max": 0.532416,
        "nauc_precision_at_3_std": -0.001766,
        "nauc_precision_at_3_diff1": 0.758707,
        "nauc_precision_at_5_max": 0.542133,
        "nauc_precision_at_5_std": 0.006533,
        "nauc_precision_at_5_diff1": 0.748588,
        "nauc_precision_at_10_max": 0.514901,
        "nauc_precision_at_10_std": 0.013569,
        "nauc_precision_at_10_diff1": 0.726793,
        "nauc_precision_at_20_max": 0.526382,
        "nauc_precision_at_20_std": 0.027242,
        "nauc_precision_at_20_diff1": 0.733844,
        "nauc_precision_at_100_max": 0.633624,
        "nauc_precision_at_100_std": 0.253056,
        "nauc_precision_at_100_diff1": 0.725822,
        "nauc_precision_at_1000_max": 0.872695,
        "nauc_precision_at_1000_std": 0.784747,
        "nauc_precision_at_1000_diff1": 0.685236,
        "nauc_mrr_at_1_max": 0.506716,
        "nauc_mrr_at_1_std": 0.025978,
        "nauc_mrr_at_1_diff1": 0.807963,
        "nauc_mrr_at_3_max": 0.51969,
        "nauc_mrr_at_3_std": 0.019365,
        "nauc_mrr_at_3_diff1": 0.789782,
        "nauc_mrr_at_5_max": 0.519948,
        "nauc_mrr_at_5_std": 0.018207,
        "nauc_mrr_at_5_diff1": 0.790149,
        "nauc_mrr_at_10_max": 0.518158,
        "nauc_mrr_at_10_std": 0.020058,
        "nauc_mrr_at_10_diff1": 0.789732,
        "nauc_mrr_at_20_max": 0.518263,
        "nauc_mrr_at_20_std": 0.020329,
        "nauc_mrr_at_20_diff1": 0.790466,
        "nauc_mrr_at_100_max": 0.518446,
        "nauc_mrr_at_100_std": 0.02096,
        "nauc_mrr_at_100_diff1": 0.79075,
        "nauc_mrr_at_1000_max": 0.518421,
        "nauc_mrr_at_1000_std": 0.020921,
        "nauc_mrr_at_1000_diff1": 0.790778,
        "cv_recall_at_1": 0.67333,
        "cv_recall_at_3": 0.804,
        "cv_recall_at_5": 0.84745,
        "cv_recall_at_10": 0.89121,
        "cv_recall_at_20": 0.92325,
        "cv_recall_at_100": 0.97621,
        "cv_recall_at_1000": 0.99588,
        "main_score": 0.78286,
        "hf_subset": "slk",
        "languages": [
          "slk-Latn"
        ]
      }
    ]
  },
  "evaluation_time": 2510.79780459404,
  "kg_co2_emissions": null
}