{
    "dataset_revision": "82320d7f1d6561a12516605ec24f5d61aceb915c",
    "task_name": "SlovakPharmacyMojaLekarenReranking",
    "mteb_version": "1.39.7",
    "scores": {
        "test": [
            {
                "ndcg_at_1": 0.65041,
                "ndcg_at_3": 0.80726,
                "ndcg_at_5": 0.84115,
                "ndcg_at_10": 0.84115,
                "ndcg_at_20": 0.84115,
                "ndcg_at_100": 0.84115,
                "ndcg_at_1000": 0.84115,
                "map_at_1": 0.65041,
                "map_at_3": 0.76874,
                "map_at_5": 0.78778,
                "map_at_10": 0.78778,
                "map_at_20": 0.78778,
                "map_at_100": 0.78778,
                "map_at_1000": 0.78778,
                "recall_at_1": 0.65041,
                "recall_at_3": 0.9187,
                "recall_at_5": 1.0,
                "recall_at_10": 1.0,
                "recall_at_20": 1.0,
                "recall_at_100": 1.0,
                "recall_at_1000": 1.0,
                "accuracy": 0.65041,
                "precision_at_1": 0.65041,
                "precision_at_3": 0.30623,
                "precision_at_5": 0.2,
                "precision_at_10": 0.1,
                "precision_at_20": 0.05,
                "precision_at_100": 0.01,
                "precision_at_1000": 0.001,
                "mrr_at_1": 0.650407,
                "mrr_at_3": 0.768744,
                "mrr_at_5": 0.787782,
                "mrr_at_10": 0.787782,
                "mrr_at_20": 0.787782,
                "mrr_at_100": 0.787782,
                "mrr_at_1000": 0.787782,
                "nauc_ndcg_at_1_max": 0.321461,
                "nauc_ndcg_at_1_std": 0.334546,
                "nauc_ndcg_at_1_diff1": 0.519316,
                "nauc_ndcg_at_3_max": 0.361279,
                "nauc_ndcg_at_3_std": 0.4129,
                "nauc_ndcg_at_3_diff1": 0.501625,
                "nauc_ndcg_at_5_max": 0.335978,
                "nauc_ndcg_at_5_std": 0.366674,
                "nauc_ndcg_at_5_diff1": 0.509468,
                "nauc_ndcg_at_10_max": 0.335978,
                "nauc_ndcg_at_10_std": 0.366674,
                "nauc_ndcg_at_10_diff1": 0.509468,
                "nauc_ndcg_at_20_max": 0.335978,
                "nauc_ndcg_at_20_std": 0.366674,
                "nauc_ndcg_at_20_diff1": 0.509468,
                "nauc_ndcg_at_100_max": 0.335978,
                "nauc_ndcg_at_100_std": 0.366674,
                "nauc_ndcg_at_100_diff1": 0.509468,
                "nauc_ndcg_at_1000_max": 0.335978,
                "nauc_ndcg_at_1000_std": 0.366674,
                "nauc_ndcg_at_1000_diff1": 0.509468,
                "nauc_map_at_1_max": 0.321461,
                "nauc_map_at_1_std": 0.334546,
                "nauc_map_at_1_diff1": 0.519316,
                "nauc_map_at_3_max": 0.347384,
                "nauc_map_at_3_std": 0.38726,
                "nauc_map_at_3_diff1": 0.506024,
                "nauc_map_at_5_max": 0.334964,
                "nauc_map_at_5_std": 0.364548,
                "nauc_map_at_5_diff1": 0.510009,
                "nauc_map_at_10_max": 0.334964,
                "nauc_map_at_10_std": 0.364548,
                "nauc_map_at_10_diff1": 0.510009,
                "nauc_map_at_20_max": 0.334964,
                "nauc_map_at_20_std": 0.364548,
                "nauc_map_at_20_diff1": 0.510009,
                "nauc_map_at_100_max": 0.334964,
                "nauc_map_at_100_std": 0.364548,
                "nauc_map_at_100_diff1": 0.510009,
                "nauc_map_at_1000_max": 0.334964,
                "nauc_map_at_1000_std": 0.364548,
                "nauc_map_at_1000_diff1": 0.510009,
                "nauc_recall_at_1_max": 0.321461,
                "nauc_recall_at_1_std": 0.334546,
                "nauc_recall_at_1_diff1": 0.519316,
                "nauc_recall_at_3_max": 0.459004,
                "nauc_recall_at_3_std": 0.591505,
                "nauc_recall_at_3_diff1": 0.472475,
                "nauc_recall_at_5_max": NaN,
                "nauc_recall_at_5_std": NaN,
                "nauc_recall_at_5_diff1": NaN,
                "nauc_recall_at_10_max": NaN,
                "nauc_recall_at_10_std": NaN,
                "nauc_recall_at_10_diff1": NaN,
                "nauc_recall_at_20_max": NaN,
                "nauc_recall_at_20_std": NaN,
                "nauc_recall_at_20_diff1": NaN,
                "nauc_recall_at_100_max": NaN,
                "nauc_recall_at_100_std": NaN,
                "nauc_recall_at_100_diff1": NaN,
                "nauc_recall_at_1000_max": NaN,
                "nauc_recall_at_1000_std": NaN,
                "nauc_recall_at_1000_diff1": NaN,
                "nauc_precision_at_1_max": 0.321461,
                "nauc_precision_at_1_std": 0.334546,
                "nauc_precision_at_1_diff1": 0.519316,
                "nauc_precision_at_3_max": 0.459004,
                "nauc_precision_at_3_std": 0.591505,
                "nauc_precision_at_3_diff1": 0.472475,
                "nauc_precision_at_5_max": NaN,
                "nauc_precision_at_5_std": NaN,
                "nauc_precision_at_5_diff1": NaN,
                "nauc_precision_at_10_max": NaN,
                "nauc_precision_at_10_std": NaN,
                "nauc_precision_at_10_diff1": NaN,
                "nauc_precision_at_20_max": NaN,
                "nauc_precision_at_20_std": NaN,
                "nauc_precision_at_20_diff1": NaN,
                "nauc_precision_at_100_max": NaN,
                "nauc_precision_at_100_std": NaN,
                "nauc_precision_at_100_diff1": NaN,
                "nauc_precision_at_1000_max": 1.0,
                "nauc_precision_at_1000_std": 1.0,
                "nauc_precision_at_1000_diff1": 1.0,
                "nauc_mrr_at_1_max": 0.321461,
                "nauc_mrr_at_1_std": 0.334546,
                "nauc_mrr_at_1_diff1": 0.519316,
                "nauc_mrr_at_3_max": 0.347384,
                "nauc_mrr_at_3_std": 0.38726,
                "nauc_mrr_at_3_diff1": 0.506024,
                "nauc_mrr_at_5_max": 0.334964,
                "nauc_mrr_at_5_std": 0.364548,
                "nauc_mrr_at_5_diff1": 0.510009,
                "nauc_mrr_at_10_max": 0.334964,
                "nauc_mrr_at_10_std": 0.364548,
                "nauc_mrr_at_10_diff1": 0.510009,
                "nauc_mrr_at_20_max": 0.334964,
                "nauc_mrr_at_20_std": 0.364548,
                "nauc_mrr_at_20_diff1": 0.510009,
                "nauc_mrr_at_100_max": 0.334964,
                "nauc_mrr_at_100_std": 0.364548,
                "nauc_mrr_at_100_diff1": 0.510009,
                "nauc_mrr_at_1000_max": 0.334964,
                "nauc_mrr_at_1000_std": 0.364548,
                "nauc_mrr_at_1000_diff1": 0.510009,
                "cv_recall_at_1": 0.65041,
                "cv_recall_at_3": 0.9187,
                "cv_recall_at_5": 1.0,
                "cv_recall_at_10": 1.0,
                "cv_recall_at_20": 1.0,
                "cv_recall_at_100": 1.0,
                "cv_recall_at_1000": 1.0,
                "main_score": 0.78778,
                "hf_subset": "default",
                "languages": [
                    "slk-Latn"
                ]
            }
        ]
    },
    "evaluation_time": 33.13575267791748,
    "kg_co2_emissions": null
}
