{
    "dataset_revision": "f64f483ad0f31d2e78209d524c14a4a867965959",
    "task_name": "WebFAQRetrieval",
    "mteb_version": "1.39.7",
    "scores": {
        "test": [
            {
                "ndcg_at_1": 0.43514,
                "ndcg_at_3": 0.50155,
                "ndcg_at_5": 0.51956,
                "ndcg_at_10": 0.53729,
                "ndcg_at_20": 0.54921,
                "ndcg_at_100": 0.56674,
                "ndcg_at_1000": 0.58034,
                "map_at_1": 0.43514,
                "map_at_3": 0.48525,
                "map_at_5": 0.49524,
                "map_at_10": 0.50261,
                "map_at_20": 0.50587,
                "map_at_100": 0.50824,
                "map_at_1000": 0.50869,
                "recall_at_1": 0.43514,
                "recall_at_3": 0.54868,
                "recall_at_5": 0.59245,
                "recall_at_10": 0.647,
                "recall_at_20": 0.69426,
                "recall_at_100": 0.78941,
                "recall_at_1000": 0.89978,
                "accuracy": 0.43514,
                "precision_at_1": 0.43514,
                "precision_at_3": 0.18289,
                "precision_at_5": 0.11849,
                "precision_at_10": 0.0647,
                "precision_at_20": 0.03471,
                "precision_at_100": 0.00789,
                "precision_at_1000": 0.0009,
                "mrr_at_1": 0.434824,
                "mrr_at_3": 0.484935,
                "mrr_at_5": 0.495227,
                "mrr_at_10": 0.502502,
                "mrr_at_20": 0.505716,
                "mrr_at_100": 0.508122,
                "mrr_at_1000": 0.508573,
                "nauc_ndcg_at_1_max": 0.462821,
                "nauc_ndcg_at_1_std": 0.134417,
                "nauc_ndcg_at_1_diff1": 0.742069,
                "nauc_ndcg_at_3_max": 0.447734,
                "nauc_ndcg_at_3_std": 0.120546,
                "nauc_ndcg_at_3_diff1": 0.694547,
                "nauc_ndcg_at_5_max": 0.447579,
                "nauc_ndcg_at_5_std": 0.124519,
                "nauc_ndcg_at_5_diff1": 0.686626,
                "nauc_ndcg_at_10_max": 0.446592,
                "nauc_ndcg_at_10_std": 0.130921,
                "nauc_ndcg_at_10_diff1": 0.680998,
                "nauc_ndcg_at_20_max": 0.445288,
                "nauc_ndcg_at_20_std": 0.133761,
                "nauc_ndcg_at_20_diff1": 0.67792,
                "nauc_ndcg_at_100_max": 0.448663,
                "nauc_ndcg_at_100_std": 0.142388,
                "nauc_ndcg_at_100_diff1": 0.678088,
                "nauc_ndcg_at_1000_max": 0.449627,
                "nauc_ndcg_at_1000_std": 0.145031,
                "nauc_ndcg_at_1000_diff1": 0.681035,
                "nauc_map_at_1_max": 0.462821,
                "nauc_map_at_1_std": 0.134417,
                "nauc_map_at_1_diff1": 0.742069,
                "nauc_map_at_3_max": 0.451931,
                "nauc_map_at_3_std": 0.124268,
                "nauc_map_at_3_diff1": 0.706097,
                "nauc_map_at_5_max": 0.451922,
                "nauc_map_at_5_std": 0.126565,
                "nauc_map_at_5_diff1": 0.70196,
                "nauc_map_at_10_max": 0.451601,
                "nauc_map_at_10_std": 0.128976,
                "nauc_map_at_10_diff1": 0.700041,
                "nauc_map_at_20_max": 0.451372,
                "nauc_map_at_20_std": 0.129643,
                "nauc_map_at_20_diff1": 0.699404,
                "nauc_map_at_100_max": 0.451785,
                "nauc_map_at_100_std": 0.130528,
                "nauc_map_at_100_diff1": 0.699487,
                "nauc_map_at_1000_max": 0.451823,
                "nauc_map_at_1000_std": 0.130648,
                "nauc_map_at_1000_diff1": 0.699618,
                "nauc_recall_at_1_max": 0.462821,
                "nauc_recall_at_1_std": 0.134417,
                "nauc_recall_at_1_diff1": 0.742069,
                "nauc_recall_at_3_max": 0.434879,
                "nauc_recall_at_3_std": 0.109196,
                "nauc_recall_at_3_diff1": 0.659812,
                "nauc_recall_at_5_max": 0.433698,
                "nauc_recall_at_5_std": 0.118472,
                "nauc_recall_at_5_diff1": 0.637391,
                "nauc_recall_at_10_max": 0.428741,
                "nauc_recall_at_10_std": 0.141441,
                "nauc_recall_at_10_diff1": 0.611733,
                "nauc_recall_at_20_max": 0.419855,
                "nauc_recall_at_20_std": 0.156885,
                "nauc_recall_at_20_diff1": 0.589277,
                "nauc_recall_at_100_max": 0.44106,
                "nauc_recall_at_100_std": 0.244124,
                "nauc_recall_at_100_diff1": 0.561068,
                "nauc_recall_at_1000_max": 0.455981,
                "nauc_recall_at_1000_std": 0.39238,
                "nauc_recall_at_1000_diff1": 0.517877,
                "nauc_precision_at_1_max": 0.462821,
                "nauc_precision_at_1_std": 0.134417,
                "nauc_precision_at_1_diff1": 0.742069,
                "nauc_precision_at_3_max": 0.434879,
                "nauc_precision_at_3_std": 0.109196,
                "nauc_precision_at_3_diff1": 0.659812,
                "nauc_precision_at_5_max": 0.433698,
                "nauc_precision_at_5_std": 0.118472,
                "nauc_precision_at_5_diff1": 0.637391,
                "nauc_precision_at_10_max": 0.428741,
                "nauc_precision_at_10_std": 0.141441,
                "nauc_precision_at_10_diff1": 0.611733,
                "nauc_precision_at_20_max": 0.419855,
                "nauc_precision_at_20_std": 0.156885,
                "nauc_precision_at_20_diff1": 0.589277,
                "nauc_precision_at_100_max": 0.44106,
                "nauc_precision_at_100_std": 0.244124,
                "nauc_precision_at_100_diff1": 0.561068,
                "nauc_precision_at_1000_max": 0.455981,
                "nauc_precision_at_1000_std": 0.39238,
                "nauc_precision_at_1000_diff1": 0.517877,
                "nauc_mrr_at_1_max": 0.463541,
                "nauc_mrr_at_1_std": 0.134893,
                "nauc_mrr_at_1_diff1": 0.742873,
                "nauc_mrr_at_3_max": 0.452,
                "nauc_mrr_at_3_std": 0.124149,
                "nauc_mrr_at_3_diff1": 0.706812,
                "nauc_mrr_at_5_max": 0.452145,
                "nauc_mrr_at_5_std": 0.126911,
                "nauc_mrr_at_5_diff1": 0.70221,
                "nauc_mrr_at_10_max": 0.452087,
                "nauc_mrr_at_10_std": 0.129194,
                "nauc_mrr_at_10_diff1": 0.700542,
                "nauc_mrr_at_20_max": 0.451883,
                "nauc_mrr_at_20_std": 0.129706,
                "nauc_mrr_at_20_diff1": 0.699953,
                "nauc_mrr_at_100_max": 0.452233,
                "nauc_mrr_at_100_std": 0.13072,
                "nauc_mrr_at_100_diff1": 0.699976,
                "nauc_mrr_at_1000_max": 0.452274,
                "nauc_mrr_at_1000_std": 0.13084,
                "nauc_mrr_at_1000_diff1": 0.700111,
                "cv_recall_at_1": 0.43482,
                "cv_recall_at_3": 0.54805,
                "cv_recall_at_5": 0.59309,
                "cv_recall_at_10": 0.647,
                "cv_recall_at_20": 0.69363,
                "cv_recall_at_100": 0.78941,
                "cv_recall_at_1000": 0.89978,
                "main_score": 0.53729,
                "hf_subset": "slk",
                "languages": [
                    "slk-Latn"
                ]
            }
        ]
    },
    "evaluation_time": 198.73619890213013,
    "kg_co2_emissions": null
}
