{
    "dataset_revision": "3997eba1c60721e34f7b01db400f5b14a40218ea",
    "task_name": "SkQuadReranking",
    "mteb_version": "1.39.7",
    "scores": {
        "test": [
            {
                "ndcg_at_1": 0.53663,
                "ndcg_at_3": 0.61254,
                "ndcg_at_5": 0.66884,
                "ndcg_at_10": 0.73191,
                "ndcg_at_20": 0.74273,
                "ndcg_at_100": 0.74273,
                "ndcg_at_1000": 0.74273,
                "map_at_1": 0.40434,
                "map_at_3": 0.54429,
                "map_at_5": 0.58454,
                "map_at_10": 0.62269,
                "map_at_20": 0.62855,
                "map_at_100": 0.62855,
                "map_at_1000": 0.62855,
                "recall_at_1": 0.40434,
                "recall_at_3": 0.67946,
                "recall_at_5": 0.80083,
                "recall_at_10": 0.96814,
                "recall_at_20": 1.0,
                "recall_at_100": 1.0,
                "recall_at_1000": 1.0,
                "accuracy": 0.40434,
                "precision_at_1": 0.53663,
                "precision_at_3": 0.31333,
                "precision_at_5": 0.22983,
                "precision_at_10": 0.14643,
                "precision_at_20": 0.07643,
                "precision_at_100": 0.01529,
                "precision_at_1000": 0.00153,
                "mrr_at_1": 0.536628,
                "mrr_at_3": 0.673139,
                "mrr_at_5": 0.693483,
                "mrr_at_10": 0.702367,
                "mrr_at_20": 0.702929,
                "mrr_at_100": 0.702929,
                "mrr_at_1000": 0.702929,
                "nauc_ndcg_at_1_max": 0.219983,
                "nauc_ndcg_at_1_std": 0.201375,
                "nauc_ndcg_at_1_diff1": 0.364358,
                "nauc_ndcg_at_3_max": 0.157544,
                "nauc_ndcg_at_3_std": 0.208749,
                "nauc_ndcg_at_3_diff1": 0.241199,
                "nauc_ndcg_at_5_max": 0.166823,
                "nauc_ndcg_at_5_std": 0.227469,
                "nauc_ndcg_at_5_diff1": 0.261703,
                "nauc_ndcg_at_10_max": 0.195193,
                "nauc_ndcg_at_10_std": 0.227662,
                "nauc_ndcg_at_10_diff1": 0.286094,
                "nauc_ndcg_at_20_max": 0.198151,
                "nauc_ndcg_at_20_std": 0.224853,
                "nauc_ndcg_at_20_diff1": 0.289695,
                "nauc_ndcg_at_100_max": 0.198151,
                "nauc_ndcg_at_100_std": 0.224853,
                "nauc_ndcg_at_100_diff1": 0.289695,
                "nauc_ndcg_at_1000_max": 0.198151,
                "nauc_ndcg_at_1000_std": 0.224853,
                "nauc_ndcg_at_1000_diff1": 0.289695,
                "nauc_map_at_1_max": 0.136268,
                "nauc_map_at_1_std": 0.142399,
                "nauc_map_at_1_diff1": 0.316685,
                "nauc_map_at_3_max": 0.138878,
                "nauc_map_at_3_std": 0.185791,
                "nauc_map_at_3_diff1": 0.251696,
                "nauc_map_at_5_max": 0.14613,
                "nauc_map_at_5_std": 0.195073,
                "nauc_map_at_5_diff1": 0.261532,
                "nauc_map_at_10_max": 0.165074,
                "nauc_map_at_10_std": 0.201312,
                "nauc_map_at_10_diff1": 0.272197,
                "nauc_map_at_20_max": 0.166639,
                "nauc_map_at_20_std": 0.200414,
                "nauc_map_at_20_diff1": 0.274325,
                "nauc_map_at_100_max": 0.166639,
                "nauc_map_at_100_std": 0.200414,
                "nauc_map_at_100_diff1": 0.274325,
                "nauc_map_at_1000_max": 0.166639,
                "nauc_map_at_1000_std": 0.200414,
                "nauc_map_at_1000_diff1": 0.274325,
                "nauc_recall_at_1_max": 0.136268,
                "nauc_recall_at_1_std": 0.142399,
                "nauc_recall_at_1_diff1": 0.316685,
                "nauc_recall_at_3_max": 0.097517,
                "nauc_recall_at_3_std": 0.191193,
                "nauc_recall_at_3_diff1": 0.131298,
                "nauc_recall_at_5_max": 0.086109,
                "nauc_recall_at_5_std": 0.2243,
                "nauc_recall_at_5_diff1": 0.137006,
                "nauc_recall_at_10_max": 0.111871,
                "nauc_recall_at_10_std": 0.225984,
                "nauc_recall_at_10_diff1": 0.167088,
                "nauc_recall_at_20_max": NaN,
                "nauc_recall_at_20_std": NaN,
                "nauc_recall_at_20_diff1": NaN,
                "nauc_recall_at_100_max": NaN,
                "nauc_recall_at_100_std": NaN,
                "nauc_recall_at_100_diff1": NaN,
                "nauc_recall_at_1000_max": NaN,
                "nauc_recall_at_1000_std": NaN,
                "nauc_recall_at_1000_diff1": NaN,
                "nauc_precision_at_1_max": 0.219983,
                "nauc_precision_at_1_std": 0.201375,
                "nauc_precision_at_1_diff1": 0.364358,
                "nauc_precision_at_3_max": 0.147641,
                "nauc_precision_at_3_std": 0.2063,
                "nauc_precision_at_3_diff1": 0.051266,
                "nauc_precision_at_5_max": 0.107207,
                "nauc_precision_at_5_std": 0.154541,
                "nauc_precision_at_5_diff1": 0.001373,
                "nauc_precision_at_10_max": 0.101878,
                "nauc_precision_at_10_std": 0.065078,
                "nauc_precision_at_10_diff1": -0.061021,
                "nauc_precision_at_20_max": 0.09305,
                "nauc_precision_at_20_std": 0.042081,
                "nauc_precision_at_20_diff1": -0.069997,
                "nauc_precision_at_100_max": 0.09305,
                "nauc_precision_at_100_std": 0.042081,
                "nauc_precision_at_100_diff1": -0.069997,
                "nauc_precision_at_1000_max": 0.09305,
                "nauc_precision_at_1000_std": 0.042081,
                "nauc_precision_at_1000_diff1": -0.069997,
                "nauc_mrr_at_1_max": 0.219983,
                "nauc_mrr_at_1_std": 0.201375,
                "nauc_mrr_at_1_diff1": 0.364358,
                "nauc_mrr_at_3_max": 0.251026,
                "nauc_mrr_at_3_std": 0.260583,
                "nauc_mrr_at_3_diff1": 0.319008,
                "nauc_mrr_at_5_max": 0.255414,
                "nauc_mrr_at_5_std": 0.268187,
                "nauc_mrr_at_5_diff1": 0.332284,
                "nauc_mrr_at_10_max": 0.250323,
                "nauc_mrr_at_10_std": 0.255521,
                "nauc_mrr_at_10_diff1": 0.335984,
                "nauc_mrr_at_20_max": 0.2493,
                "nauc_mrr_at_20_std": 0.253941,
                "nauc_mrr_at_20_diff1": 0.33482,
                "nauc_mrr_at_100_max": 0.2493,
                "nauc_mrr_at_100_std": 0.253941,
                "nauc_mrr_at_100_diff1": 0.33482,
                "nauc_mrr_at_1000_max": 0.2493,
                "nauc_mrr_at_1000_std": 0.253941,
                "nauc_mrr_at_1000_diff1": 0.33482,
                "cv_recall_at_1": 0.53663,
                "cv_recall_at_3": 0.83936,
                "cv_recall_at_5": 0.92763,
                "cv_recall_at_10": 0.99382,
                "cv_recall_at_20": 1.0,
                "cv_recall_at_100": 1.0,
                "cv_recall_at_1000": 1.0,
                "main_score": 0.62855,
                "hf_subset": "default",
                "languages": [
                    "slk-Latn"
                ]
            }
        ]
    },
    "evaluation_time": 94.45815253257751,
    "kg_co2_emissions": null
}
