{
    "dataset_revision": "85d6b32f2762313714618171b9d1a65eb7408835",
    "task_name": "SlovakSumRetrieval",
    "mteb_version": "1.39.7",
    "scores": {
        "test": [
            {
                "ndcg_at_1": 0.88,
                "ndcg_at_3": 0.91821,
                "ndcg_at_5": 0.92374,
                "ndcg_at_10": 0.92802,
                "ndcg_at_20": 0.93106,
                "ndcg_at_100": 0.93336,
                "ndcg_at_1000": 0.93417,
                "map_at_1": 0.88,
                "map_at_3": 0.90944,
                "map_at_5": 0.91253,
                "map_at_10": 0.91428,
                "map_at_20": 0.91516,
                "map_at_100": 0.91552,
                "map_at_1000": 0.91555,
                "recall_at_1": 0.88,
                "recall_at_3": 0.94333,
                "recall_at_5": 0.95667,
                "recall_at_10": 0.97,
                "recall_at_20": 0.98167,
                "recall_at_100": 0.99333,
                "recall_at_1000": 1.0,
                "accuracy": 0.88,
                "precision_at_1": 0.88,
                "precision_at_3": 0.31444,
                "precision_at_5": 0.19133,
                "precision_at_10": 0.097,
                "precision_at_20": 0.04908,
                "precision_at_100": 0.00993,
                "precision_at_1000": 0.001,
                "mrr_at_1": 0.88,
                "mrr_at_3": 0.909444,
                "mrr_at_5": 0.912528,
                "mrr_at_10": 0.914275,
                "mrr_at_20": 0.915161,
                "mrr_at_100": 0.91552,
                "mrr_at_1000": 0.915547,
                "nauc_ndcg_at_1_max": 0.838775,
                "nauc_ndcg_at_1_std": 0.047752,
                "nauc_ndcg_at_1_diff1": 0.957014,
                "nauc_ndcg_at_3_max": 0.890192,
                "nauc_ndcg_at_3_std": 0.170919,
                "nauc_ndcg_at_3_diff1": 0.948816,
                "nauc_ndcg_at_5_max": 0.885876,
                "nauc_ndcg_at_5_std": 0.180375,
                "nauc_ndcg_at_5_diff1": 0.9473,
                "nauc_ndcg_at_10_max": 0.882058,
                "nauc_ndcg_at_10_std": 0.197646,
                "nauc_ndcg_at_10_diff1": 0.947082,
                "nauc_ndcg_at_20_max": 0.879226,
                "nauc_ndcg_at_20_std": 0.172483,
                "nauc_ndcg_at_20_diff1": 0.949755,
                "nauc_ndcg_at_100_max": 0.876245,
                "nauc_ndcg_at_100_std": 0.166657,
                "nauc_ndcg_at_100_diff1": 0.950709,
                "nauc_ndcg_at_1000_max": 0.874696,
                "nauc_ndcg_at_1000_std": 0.156226,
                "nauc_ndcg_at_1000_diff1": 0.950092,
                "nauc_map_at_1_max": 0.838775,
                "nauc_map_at_1_std": 0.047752,
                "nauc_map_at_1_diff1": 0.957014,
                "nauc_map_at_3_max": 0.875432,
                "nauc_map_at_3_std": 0.136141,
                "nauc_map_at_3_diff1": 0.950575,
                "nauc_map_at_5_max": 0.872871,
                "nauc_map_at_5_std": 0.139641,
                "nauc_map_at_5_diff1": 0.949818,
                "nauc_map_at_10_max": 0.871281,
                "nauc_map_at_10_std": 0.144735,
                "nauc_map_at_10_diff1": 0.949793,
                "nauc_map_at_20_max": 0.870429,
                "nauc_map_at_20_std": 0.138326,
                "nauc_map_at_20_diff1": 0.950374,
                "nauc_map_at_100_max": 0.869981,
                "nauc_map_at_100_std": 0.137224,
                "nauc_map_at_100_diff1": 0.950524,
                "nauc_map_at_1000_max": 0.869939,
                "nauc_map_at_1000_std": 0.136941,
                "nauc_map_at_1000_diff1": 0.950508,
                "nauc_recall_at_1_max": 0.838775,
                "nauc_recall_at_1_std": 0.047752,
                "nauc_recall_at_1_diff1": 0.957014,
                "nauc_recall_at_3_max": 0.956267,
                "nauc_recall_at_3_std": 0.326193,
                "nauc_recall_at_3_diff1": 0.941369,
                "nauc_recall_at_5_max": 0.957893,
                "nauc_recall_at_5_std": 0.412555,
                "nauc_recall_at_5_diff1": 0.933384,
                "nauc_recall_at_10_max": 0.961874,
                "nauc_recall_at_10_std": 0.642961,
                "nauc_recall_at_10_diff1": 0.925563,
                "nauc_recall_at_20_max": 0.974747,
                "nauc_recall_at_20_std": 0.565741,
                "nauc_recall_at_20_diff1": 0.952466,
                "nauc_recall_at_100_max": 1.0,
                "nauc_recall_at_100_std": 1.0,
                "nauc_recall_at_100_diff1": 1.0,
                "nauc_recall_at_1000_max": NaN,
                "nauc_recall_at_1000_std": NaN,
                "nauc_recall_at_1000_diff1": NaN,
                "nauc_precision_at_1_max": 0.838775,
                "nauc_precision_at_1_std": 0.047752,
                "nauc_precision_at_1_diff1": 0.957014,
                "nauc_precision_at_3_max": 0.956267,
                "nauc_precision_at_3_std": 0.326193,
                "nauc_precision_at_3_diff1": 0.941369,
                "nauc_precision_at_5_max": 0.957893,
                "nauc_precision_at_5_std": 0.412555,
                "nauc_precision_at_5_diff1": 0.933384,
                "nauc_precision_at_10_max": 0.961874,
                "nauc_precision_at_10_std": 0.642961,
                "nauc_precision_at_10_diff1": 0.925563,
                "nauc_precision_at_20_max": 0.974747,
                "nauc_precision_at_20_std": 0.565741,
                "nauc_precision_at_20_diff1": 0.952466,
                "nauc_precision_at_100_max": 1.0,
                "nauc_precision_at_100_std": 1.0,
                "nauc_precision_at_100_diff1": 1.0,
                "nauc_precision_at_1000_max": 1.0,
                "nauc_precision_at_1000_std": 1.0,
                "nauc_precision_at_1000_diff1": 1.0,
                "nauc_mrr_at_1_max": 0.838775,
                "nauc_mrr_at_1_std": 0.047752,
                "nauc_mrr_at_1_diff1": 0.957014,
                "nauc_mrr_at_3_max": 0.875432,
                "nauc_mrr_at_3_std": 0.136141,
                "nauc_mrr_at_3_diff1": 0.950575,
                "nauc_mrr_at_5_max": 0.872871,
                "nauc_mrr_at_5_std": 0.139641,
                "nauc_mrr_at_5_diff1": 0.949818,
                "nauc_mrr_at_10_max": 0.871281,
                "nauc_mrr_at_10_std": 0.144735,
                "nauc_mrr_at_10_diff1": 0.949793,
                "nauc_mrr_at_20_max": 0.870429,
                "nauc_mrr_at_20_std": 0.138326,
                "nauc_mrr_at_20_diff1": 0.950374,
                "nauc_mrr_at_100_max": 0.869981,
                "nauc_mrr_at_100_std": 0.137224,
                "nauc_mrr_at_100_diff1": 0.950524,
                "nauc_mrr_at_1000_max": 0.869939,
                "nauc_mrr_at_1000_std": 0.136941,
                "nauc_mrr_at_1000_diff1": 0.950508,
                "cv_recall_at_1": 0.88,
                "cv_recall_at_3": 0.94333,
                "cv_recall_at_5": 0.95667,
                "cv_recall_at_10": 0.97,
                "cv_recall_at_20": 0.98167,
                "cv_recall_at_100": 0.99333,
                "cv_recall_at_1000": 1.0,
                "main_score": 0.92802,
                "hf_subset": "default",
                "languages": [
                    "slk-Latn"
                ]
            }
        ]
    },
    "evaluation_time": 7.804036378860474,
    "kg_co2_emissions": null
}
