{
    "dataset_revision": "6448ea012b1b7caa3d55cb747b58cda1d7edc714",
    "task_name": "SlovakPharmacyDrMaxReranking",
    "mteb_version": "1.39.7",
    "scores": {
        "test": [
            {
                "ndcg_at_1": 0.8873,
                "ndcg_at_3": 0.94479,
                "ndcg_at_5": 0.9516,
                "ndcg_at_10": 0.9516,
                "ndcg_at_20": 0.9516,
                "ndcg_at_100": 0.9516,
                "ndcg_at_1000": 0.9516,
                "map_at_1": 0.8873,
                "map_at_3": 0.93124,
                "map_at_5": 0.93509,
                "map_at_10": 0.93509,
                "map_at_20": 0.93509,
                "map_at_100": 0.93509,
                "map_at_1000": 0.93509,
                "recall_at_1": 0.8873,
                "recall_at_3": 0.98375,
                "recall_at_5": 1.0,
                "recall_at_10": 1.0,
                "recall_at_20": 1.0,
                "recall_at_100": 1.0,
                "recall_at_1000": 1.0,
                "accuracy": 0.8873,
                "precision_at_1": 0.8873,
                "precision_at_3": 0.32792,
                "precision_at_5": 0.2,
                "precision_at_10": 0.1,
                "precision_at_20": 0.05,
                "precision_at_100": 0.01,
                "precision_at_1000": 0.001,
                "mrr_at_1": 0.887297,
                "mrr_at_3": 0.931245,
                "mrr_at_5": 0.935094,
                "mrr_at_10": 0.935094,
                "mrr_at_20": 0.935094,
                "mrr_at_100": 0.935094,
                "mrr_at_1000": 0.935094,
                "nauc_ndcg_at_1_max": 0.761495,
                "nauc_ndcg_at_1_std": 0.629933,
                "nauc_ndcg_at_1_diff1": 0.866616,
                "nauc_ndcg_at_3_max": 0.785612,
                "nauc_ndcg_at_3_std": 0.662818,
                "nauc_ndcg_at_3_diff1": 0.864481,
                "nauc_ndcg_at_5_max": 0.772684,
                "nauc_ndcg_at_5_std": 0.650344,
                "nauc_ndcg_at_5_diff1": 0.864935,
                "nauc_ndcg_at_10_max": 0.772684,
                "nauc_ndcg_at_10_std": 0.650344,
                "nauc_ndcg_at_10_diff1": 0.864935,
                "nauc_ndcg_at_20_max": 0.772684,
                "nauc_ndcg_at_20_std": 0.650344,
                "nauc_ndcg_at_20_diff1": 0.864935,
                "nauc_ndcg_at_100_max": 0.772684,
                "nauc_ndcg_at_100_std": 0.650344,
                "nauc_ndcg_at_100_diff1": 0.864935,
                "nauc_ndcg_at_1000_max": 0.772684,
                "nauc_ndcg_at_1000_std": 0.650344,
                "nauc_ndcg_at_1000_diff1": 0.864935,
                "nauc_map_at_1_max": 0.761495,
                "nauc_map_at_1_std": 0.629933,
                "nauc_map_at_1_diff1": 0.866616,
                "nauc_map_at_3_max": 0.777787,
                "nauc_map_at_3_std": 0.654525,
                "nauc_map_at_3_diff1": 0.864759,
                "nauc_map_at_5_max": 0.771917,
                "nauc_map_at_5_std": 0.649043,
                "nauc_map_at_5_diff1": 0.865016,
                "nauc_map_at_10_max": 0.771917,
                "nauc_map_at_10_std": 0.649043,
                "nauc_map_at_10_diff1": 0.865016,
                "nauc_map_at_20_max": 0.771917,
                "nauc_map_at_20_std": 0.649043,
                "nauc_map_at_20_diff1": 0.865016,
                "nauc_map_at_100_max": 0.771917,
                "nauc_map_at_100_std": 0.649043,
                "nauc_map_at_100_diff1": 0.865016,
                "nauc_map_at_1000_max": 0.771917,
                "nauc_map_at_1000_std": 0.649043,
                "nauc_map_at_1000_diff1": 0.865016,
                "nauc_recall_at_1_max": 0.761495,
                "nauc_recall_at_1_std": 0.629933,
                "nauc_recall_at_1_diff1": 0.866616,
                "nauc_recall_at_3_max": 0.877086,
                "nauc_recall_at_3_std": 0.754778,
                "nauc_recall_at_3_diff1": 0.862096,
                "nauc_recall_at_5_max": NaN,
                "nauc_recall_at_5_std": NaN,
                "nauc_recall_at_5_diff1": NaN,
                "nauc_recall_at_10_max": NaN,
                "nauc_recall_at_10_std": NaN,
                "nauc_recall_at_10_diff1": NaN,
                "nauc_recall_at_20_max": NaN,
                "nauc_recall_at_20_std": NaN,
                "nauc_recall_at_20_diff1": NaN,
                "nauc_recall_at_100_max": NaN,
                "nauc_recall_at_100_std": NaN,
                "nauc_recall_at_100_diff1": NaN,
                "nauc_recall_at_1000_max": NaN,
                "nauc_recall_at_1000_std": NaN,
                "nauc_recall_at_1000_diff1": NaN,
                "nauc_precision_at_1_max": 0.761495,
                "nauc_precision_at_1_std": 0.629933,
                "nauc_precision_at_1_diff1": 0.866616,
                "nauc_precision_at_3_max": 0.877086,
                "nauc_precision_at_3_std": 0.754778,
                "nauc_precision_at_3_diff1": 0.862096,
                "nauc_precision_at_5_max": 1.0,
                "nauc_precision_at_5_std": 1.0,
                "nauc_precision_at_5_diff1": 1.0,
                "nauc_precision_at_10_max": 1.0,
                "nauc_precision_at_10_std": 1.0,
                "nauc_precision_at_10_diff1": 1.0,
                "nauc_precision_at_20_max": 1.0,
                "nauc_precision_at_20_std": 1.0,
                "nauc_precision_at_20_diff1": 1.0,
                "nauc_precision_at_100_max": 1.0,
                "nauc_precision_at_100_std": 1.0,
                "nauc_precision_at_100_diff1": 1.0,
                "nauc_precision_at_1000_max": 1.0,
                "nauc_precision_at_1000_std": 1.0,
                "nauc_precision_at_1000_diff1": 1.0,
                "nauc_mrr_at_1_max": 0.761495,
                "nauc_mrr_at_1_std": 0.629933,
                "nauc_mrr_at_1_diff1": 0.866616,
                "nauc_mrr_at_3_max": 0.777787,
                "nauc_mrr_at_3_std": 0.654525,
                "nauc_mrr_at_3_diff1": 0.864759,
                "nauc_mrr_at_5_max": 0.771917,
                "nauc_mrr_at_5_std": 0.649043,
                "nauc_mrr_at_5_diff1": 0.865016,
                "nauc_mrr_at_10_max": 0.771917,
                "nauc_mrr_at_10_std": 0.649043,
                "nauc_mrr_at_10_diff1": 0.865016,
                "nauc_mrr_at_20_max": 0.771917,
                "nauc_mrr_at_20_std": 0.649043,
                "nauc_mrr_at_20_diff1": 0.865016,
                "nauc_mrr_at_100_max": 0.771917,
                "nauc_mrr_at_100_std": 0.649043,
                "nauc_mrr_at_100_diff1": 0.865016,
                "nauc_mrr_at_1000_max": 0.771917,
                "nauc_mrr_at_1000_std": 0.649043,
                "nauc_mrr_at_1000_diff1": 0.865016,
                "cv_recall_at_1": 0.8873,
                "cv_recall_at_3": 0.98375,
                "cv_recall_at_5": 1.0,
                "cv_recall_at_10": 1.0,
                "cv_recall_at_20": 1.0,
                "cv_recall_at_100": 1.0,
                "cv_recall_at_1000": 1.0,
                "main_score": 0.93509,
                "hf_subset": "default",
                "languages": [
                    "slk-Latn"
                ]
            }
        ]
    },
    "evaluation_time": 132.08399105072021,
    "kg_co2_emissions": null
}
