{
    "dataset_revision": "962818770efbb0395130a3abb04dcae3b4ef7c30",
    "task_name": "SlovakPharmacyMojaLekarenReranking",
    "mteb_version": "1.39.7",
    "scores": {
        "test": [
            {
                "ndcg_at_1": 0.93496,
                "ndcg_at_3": 0.97148,
                "ndcg_at_5": 0.97323,
                "ndcg_at_10": 0.97323,
                "ndcg_at_20": 0.97323,
                "ndcg_at_100": 0.97323,
                "ndcg_at_1000": 0.97323,
                "map_at_1": 0.93496,
                "map_at_3": 0.96296,
                "map_at_5": 0.96398,
                "map_at_10": 0.96398,
                "map_at_20": 0.96398,
                "map_at_100": 0.96398,
                "map_at_1000": 0.96398,
                "recall_at_1": 0.93496,
                "recall_at_3": 0.99593,
                "recall_at_5": 1.0,
                "recall_at_10": 1.0,
                "recall_at_20": 1.0,
                "recall_at_100": 1.0,
                "recall_at_1000": 1.0,
                "accuracy": 0.93496,
                "precision_at_1": 0.93496,
                "precision_at_3": 0.33198,
                "precision_at_5": 0.2,
                "precision_at_10": 0.1,
                "precision_at_20": 0.05,
                "precision_at_100": 0.01,
                "precision_at_1000": 0.001,
                "mrr_at_1": 0.934959,
                "mrr_at_3": 0.962963,
                "mrr_at_5": 0.963979,
                "mrr_at_10": 0.963979,
                "mrr_at_20": 0.963979,
                "mrr_at_100": 0.963979,
                "mrr_at_1000": 0.963979,
                "nauc_ndcg_at_1_max": 0.628604,
                "nauc_ndcg_at_1_std": 0.482346,
                "nauc_ndcg_at_1_diff1": 0.953348,
                "nauc_ndcg_at_3_max": 0.655775,
                "nauc_ndcg_at_3_std": 0.519635,
                "nauc_ndcg_at_3_diff1": 0.95494,
                "nauc_ndcg_at_5_max": 0.639321,
                "nauc_ndcg_at_5_std": 0.491071,
                "nauc_ndcg_at_5_diff1": 0.951993,
                "nauc_ndcg_at_10_max": 0.639321,
                "nauc_ndcg_at_10_std": 0.491071,
                "nauc_ndcg_at_10_diff1": 0.951993,
                "nauc_ndcg_at_20_max": 0.639321,
                "nauc_ndcg_at_20_std": 0.491071,
                "nauc_ndcg_at_20_diff1": 0.951993,
                "nauc_ndcg_at_100_max": 0.639321,
                "nauc_ndcg_at_100_std": 0.491071,
                "nauc_ndcg_at_100_diff1": 0.951993,
                "nauc_ndcg_at_1000_max": 0.639321,
                "nauc_ndcg_at_1000_std": 0.491071,
                "nauc_ndcg_at_1000_diff1": 0.951993,
                "nauc_map_at_1_max": 0.628604,
                "nauc_map_at_1_std": 0.482346,
                "nauc_map_at_1_diff1": 0.953348,
                "nauc_map_at_3_max": 0.645963,
                "nauc_map_at_3_std": 0.503126,
                "nauc_map_at_3_diff1": 0.953356,
                "nauc_map_at_5_max": 0.638588,
                "nauc_map_at_5_std": 0.490337,
                "nauc_map_at_5_diff1": 0.95204,
                "nauc_map_at_10_max": 0.638588,
                "nauc_map_at_10_std": 0.490337,
                "nauc_map_at_10_diff1": 0.95204,
                "nauc_map_at_20_max": 0.638588,
                "nauc_map_at_20_std": 0.490337,
                "nauc_map_at_20_diff1": 0.95204,
                "nauc_map_at_100_max": 0.638588,
                "nauc_map_at_100_std": 0.490337,
                "nauc_map_at_100_diff1": 0.95204,
                "nauc_map_at_1000_max": 0.638588,
                "nauc_map_at_1000_std": 0.490337,
                "nauc_map_at_1000_diff1": 0.95204,
                "nauc_recall_at_1_max": 0.628604,
                "nauc_recall_at_1_std": 0.482346,
                "nauc_recall_at_1_diff1": 0.953348,
                "nauc_recall_at_3_max": 0.907361,
                "nauc_recall_at_3_std": 0.956414,
                "nauc_recall_at_3_diff1": 1.0,
                "nauc_recall_at_5_max": NaN,
                "nauc_recall_at_5_std": NaN,
                "nauc_recall_at_5_diff1": NaN,
                "nauc_recall_at_10_max": NaN,
                "nauc_recall_at_10_std": NaN,
                "nauc_recall_at_10_diff1": NaN,
                "nauc_recall_at_20_max": NaN,
                "nauc_recall_at_20_std": NaN,
                "nauc_recall_at_20_diff1": NaN,
                "nauc_recall_at_100_max": NaN,
                "nauc_recall_at_100_std": NaN,
                "nauc_recall_at_100_diff1": NaN,
                "nauc_recall_at_1000_max": NaN,
                "nauc_recall_at_1000_std": NaN,
                "nauc_recall_at_1000_diff1": NaN,
                "nauc_precision_at_1_max": 0.628604,
                "nauc_precision_at_1_std": 0.482346,
                "nauc_precision_at_1_diff1": 0.953348,
                "nauc_precision_at_3_max": 0.907361,
                "nauc_precision_at_3_std": 0.956414,
                "nauc_precision_at_3_diff1": 1.0,
                "nauc_precision_at_5_max": NaN,
                "nauc_precision_at_5_std": NaN,
                "nauc_precision_at_5_diff1": NaN,
                "nauc_precision_at_10_max": NaN,
                "nauc_precision_at_10_std": NaN,
                "nauc_precision_at_10_diff1": NaN,
                "nauc_precision_at_20_max": NaN,
                "nauc_precision_at_20_std": NaN,
                "nauc_precision_at_20_diff1": NaN,
                "nauc_precision_at_100_max": NaN,
                "nauc_precision_at_100_std": NaN,
                "nauc_precision_at_100_diff1": NaN,
                "nauc_precision_at_1000_max": 1.0,
                "nauc_precision_at_1000_std": 1.0,
                "nauc_precision_at_1000_diff1": 1.0,
                "nauc_mrr_at_1_max": 0.628604,
                "nauc_mrr_at_1_std": 0.482346,
                "nauc_mrr_at_1_diff1": 0.953348,
                "nauc_mrr_at_3_max": 0.645963,
                "nauc_mrr_at_3_std": 0.503126,
                "nauc_mrr_at_3_diff1": 0.953356,
                "nauc_mrr_at_5_max": 0.638588,
                "nauc_mrr_at_5_std": 0.490337,
                "nauc_mrr_at_5_diff1": 0.95204,
                "nauc_mrr_at_10_max": 0.638588,
                "nauc_mrr_at_10_std": 0.490337,
                "nauc_mrr_at_10_diff1": 0.95204,
                "nauc_mrr_at_20_max": 0.638588,
                "nauc_mrr_at_20_std": 0.490337,
                "nauc_mrr_at_20_diff1": 0.95204,
                "nauc_mrr_at_100_max": 0.638588,
                "nauc_mrr_at_100_std": 0.490337,
                "nauc_mrr_at_100_diff1": 0.95204,
                "nauc_mrr_at_1000_max": 0.638588,
                "nauc_mrr_at_1000_std": 0.490337,
                "nauc_mrr_at_1000_diff1": 0.95204,
                "cv_recall_at_1": 0.93496,
                "cv_recall_at_3": 0.99593,
                "cv_recall_at_5": 1.0,
                "cv_recall_at_10": 1.0,
                "cv_recall_at_20": 1.0,
                "cv_recall_at_100": 1.0,
                "cv_recall_at_1000": 1.0,
                "main_score": 0.96398,
                "hf_subset": "default",
                "languages": [
                    "slk-Latn"
                ]
            }
        ]
    },
    "evaluation_time": 29.764779806137085,
    "kg_co2_emissions": null
}
