{
    "dataset_revision": "faf73c5217c37e8a9ba297b8e29b25d1ccdeccae",
    "task_name": "SlovakPharmacyDrMaxReranking",
    "mteb_version": "1.39.7",
    "scores": {
        "test": [
            {
                "ndcg_at_1": 0.88837,
                "ndcg_at_3": 0.94643,
                "ndcg_at_5": 0.95255,
                "ndcg_at_10": 0.95255,
                "ndcg_at_20": 0.95255,
                "ndcg_at_100": 0.95255,
                "ndcg_at_1000": 0.95255,
                "map_at_1": 0.88837,
                "map_at_3": 0.93285,
                "map_at_5": 0.93632,
                "map_at_10": 0.93632,
                "map_at_20": 0.93632,
                "map_at_100": 0.93632,
                "map_at_1000": 0.93632,
                "recall_at_1": 0.88837,
                "recall_at_3": 0.98546,
                "recall_at_5": 1.0,
                "recall_at_10": 1.0,
                "recall_at_20": 1.0,
                "recall_at_100": 1.0,
                "recall_at_1000": 1.0,
                "accuracy": 0.88837,
                "precision_at_1": 0.88837,
                "precision_at_3": 0.32849,
                "precision_at_5": 0.2,
                "precision_at_10": 0.1,
                "precision_at_20": 0.05,
                "precision_at_100": 0.01,
                "precision_at_1000": 0.001,
                "mrr_at_1": 0.888366,
                "mrr_at_3": 0.932849,
                "mrr_at_5": 0.936324,
                "mrr_at_10": 0.936324,
                "mrr_at_20": 0.936324,
                "mrr_at_100": 0.936324,
                "mrr_at_1000": 0.936324,
                "nauc_ndcg_at_1_max": 0.760832,
                "nauc_ndcg_at_1_std": 0.629419,
                "nauc_ndcg_at_1_diff1": 0.875505,
                "nauc_ndcg_at_3_max": 0.784273,
                "nauc_ndcg_at_3_std": 0.668723,
                "nauc_ndcg_at_3_diff1": 0.875855,
                "nauc_ndcg_at_5_max": 0.771824,
                "nauc_ndcg_at_5_std": 0.650846,
                "nauc_ndcg_at_5_diff1": 0.873622,
                "nauc_ndcg_at_10_max": 0.771824,
                "nauc_ndcg_at_10_std": 0.650846,
                "nauc_ndcg_at_10_diff1": 0.873622,
                "nauc_ndcg_at_20_max": 0.771824,
                "nauc_ndcg_at_20_std": 0.650846,
                "nauc_ndcg_at_20_diff1": 0.873622,
                "nauc_ndcg_at_100_max": 0.771824,
                "nauc_ndcg_at_100_std": 0.650846,
                "nauc_ndcg_at_100_diff1": 0.873622,
                "nauc_ndcg_at_1000_max": 0.771824,
                "nauc_ndcg_at_1000_std": 0.650846,
                "nauc_ndcg_at_1000_diff1": 0.873622,
                "nauc_map_at_1_max": 0.760832,
                "nauc_map_at_1_std": 0.629419,
                "nauc_map_at_1_diff1": 0.875505,
                "nauc_map_at_3_max": 0.776764,
                "nauc_map_at_3_std": 0.657496,
                "nauc_map_at_3_diff1": 0.874692,
                "nauc_map_at_5_max": 0.771088,
                "nauc_map_at_5_std": 0.649456,
                "nauc_map_at_5_diff1": 0.873692,
                "nauc_map_at_10_max": 0.771088,
                "nauc_map_at_10_std": 0.649456,
                "nauc_map_at_10_diff1": 0.873692,
                "nauc_map_at_20_max": 0.771088,
                "nauc_map_at_20_std": 0.649456,
                "nauc_map_at_20_diff1": 0.873692,
                "nauc_map_at_100_max": 0.771088,
                "nauc_map_at_100_std": 0.649456,
                "nauc_map_at_100_diff1": 0.873692,
                "nauc_map_at_1000_max": 0.771088,
                "nauc_map_at_1000_std": 0.649456,
                "nauc_map_at_1000_diff1": 0.873692,
                "nauc_recall_at_1_max": 0.760832,
                "nauc_recall_at_1_std": 0.629419,
                "nauc_recall_at_1_diff1": 0.875505,
                "nauc_recall_at_3_max": 0.879687,
                "nauc_recall_at_3_std": 0.80817,
                "nauc_recall_at_3_diff1": 0.893107,
                "nauc_recall_at_5_max": NaN,
                "nauc_recall_at_5_std": NaN,
                "nauc_recall_at_5_diff1": NaN,
                "nauc_recall_at_10_max": NaN,
                "nauc_recall_at_10_std": NaN,
                "nauc_recall_at_10_diff1": NaN,
                "nauc_recall_at_20_max": NaN,
                "nauc_recall_at_20_std": NaN,
                "nauc_recall_at_20_diff1": NaN,
                "nauc_recall_at_100_max": NaN,
                "nauc_recall_at_100_std": NaN,
                "nauc_recall_at_100_diff1": NaN,
                "nauc_recall_at_1000_max": NaN,
                "nauc_recall_at_1000_std": NaN,
                "nauc_recall_at_1000_diff1": NaN,
                "nauc_precision_at_1_max": 0.760832,
                "nauc_precision_at_1_std": 0.629419,
                "nauc_precision_at_1_diff1": 0.875505,
                "nauc_precision_at_3_max": 0.879687,
                "nauc_precision_at_3_std": 0.80817,
                "nauc_precision_at_3_diff1": 0.893107,
                "nauc_precision_at_5_max": 1.0,
                "nauc_precision_at_5_std": 1.0,
                "nauc_precision_at_5_diff1": 1.0,
                "nauc_precision_at_10_max": 1.0,
                "nauc_precision_at_10_std": 1.0,
                "nauc_precision_at_10_diff1": 1.0,
                "nauc_precision_at_20_max": 1.0,
                "nauc_precision_at_20_std": 1.0,
                "nauc_precision_at_20_diff1": 1.0,
                "nauc_precision_at_100_max": 1.0,
                "nauc_precision_at_100_std": 1.0,
                "nauc_precision_at_100_diff1": 1.0,
                "nauc_precision_at_1000_max": 1.0,
                "nauc_precision_at_1000_std": 1.0,
                "nauc_precision_at_1000_diff1": 1.0,
                "nauc_mrr_at_1_max": 0.760832,
                "nauc_mrr_at_1_std": 0.629419,
                "nauc_mrr_at_1_diff1": 0.875505,
                "nauc_mrr_at_3_max": 0.776764,
                "nauc_mrr_at_3_std": 0.657496,
                "nauc_mrr_at_3_diff1": 0.874692,
                "nauc_mrr_at_5_max": 0.771088,
                "nauc_mrr_at_5_std": 0.649456,
                "nauc_mrr_at_5_diff1": 0.873692,
                "nauc_mrr_at_10_max": 0.771088,
                "nauc_mrr_at_10_std": 0.649456,
                "nauc_mrr_at_10_diff1": 0.873692,
                "nauc_mrr_at_20_max": 0.771088,
                "nauc_mrr_at_20_std": 0.649456,
                "nauc_mrr_at_20_diff1": 0.873692,
                "nauc_mrr_at_100_max": 0.771088,
                "nauc_mrr_at_100_std": 0.649456,
                "nauc_mrr_at_100_diff1": 0.873692,
                "nauc_mrr_at_1000_max": 0.771088,
                "nauc_mrr_at_1000_std": 0.649456,
                "nauc_mrr_at_1000_diff1": 0.873692,
                "cv_recall_at_1": 0.88837,
                "cv_recall_at_3": 0.98546,
                "cv_recall_at_5": 1.0,
                "cv_recall_at_10": 1.0,
                "cv_recall_at_20": 1.0,
                "cv_recall_at_100": 1.0,
                "cv_recall_at_1000": 1.0,
                "main_score": 0.93632,
                "hf_subset": "default",
                "languages": [
                    "slk-Latn"
                ]
            }
        ]
    },
    "evaluation_time": 133.0619022846222,
    "kg_co2_emissions": null
}
