{
    "dataset_revision": "c5a6521a4ddce3450fb04ba218623681a9189c6d",
    "task_name": "SMESumRetrieval",
    "mteb_version": "1.39.7",
    "scores": {
        "test": [
            {
                "ndcg_at_1": 0.74833,
                "ndcg_at_3": 0.80522,
                "ndcg_at_5": 0.82372,
                "ndcg_at_10": 0.83567,
                "ndcg_at_20": 0.84516,
                "ndcg_at_100": 0.85105,
                "ndcg_at_1000": 0.85213,
                "map_at_1": 0.74833,
                "map_at_3": 0.79194,
                "map_at_5": 0.80219,
                "map_at_10": 0.80718,
                "map_at_20": 0.8099,
                "map_at_100": 0.81084,
                "map_at_1000": 0.81088,
                "recall_at_1": 0.74833,
                "recall_at_3": 0.84333,
                "recall_at_5": 0.88833,
                "recall_at_10": 0.925,
                "recall_at_20": 0.96167,
                "recall_at_100": 0.99167,
                "recall_at_1000": 1.0,
                "accuracy": 0.74833,
                "precision_at_1": 0.74833,
                "precision_at_3": 0.28111,
                "precision_at_5": 0.17767,
                "precision_at_10": 0.0925,
                "precision_at_20": 0.04808,
                "precision_at_100": 0.00992,
                "precision_at_1000": 0.001,
                "mrr_at_1": 0.748333,
                "mrr_at_3": 0.791944,
                "mrr_at_5": 0.802194,
                "mrr_at_10": 0.807175,
                "mrr_at_20": 0.809895,
                "mrr_at_100": 0.810836,
                "mrr_at_1000": 0.810881,
                "nauc_ndcg_at_1_max": 0.702884,
                "nauc_ndcg_at_1_std": 0.087648,
                "nauc_ndcg_at_1_diff1": 0.879086,
                "nauc_ndcg_at_3_max": 0.733388,
                "nauc_ndcg_at_3_std": 0.113786,
                "nauc_ndcg_at_3_diff1": 0.85027,
                "nauc_ndcg_at_5_max": 0.728723,
                "nauc_ndcg_at_5_std": 0.131198,
                "nauc_ndcg_at_5_diff1": 0.846982,
                "nauc_ndcg_at_10_max": 0.728664,
                "nauc_ndcg_at_10_std": 0.139776,
                "nauc_ndcg_at_10_diff1": 0.847538,
                "nauc_ndcg_at_20_max": 0.731474,
                "nauc_ndcg_at_20_std": 0.143034,
                "nauc_ndcg_at_20_diff1": 0.856527,
                "nauc_ndcg_at_100_max": 0.729167,
                "nauc_ndcg_at_100_std": 0.134463,
                "nauc_ndcg_at_100_diff1": 0.857485,
                "nauc_ndcg_at_1000_max": 0.727656,
                "nauc_ndcg_at_1000_std": 0.128611,
                "nauc_ndcg_at_1000_diff1": 0.857677,
                "nauc_map_at_1_max": 0.702884,
                "nauc_map_at_1_std": 0.087648,
                "nauc_map_at_1_diff1": 0.879086,
                "nauc_map_at_3_max": 0.72643,
                "nauc_map_at_3_std": 0.108274,
                "nauc_map_at_3_diff1": 0.858251,
                "nauc_map_at_5_max": 0.72408,
                "nauc_map_at_5_std": 0.117425,
                "nauc_map_at_5_diff1": 0.857183,
                "nauc_map_at_10_max": 0.723803,
                "nauc_map_at_10_std": 0.120177,
                "nauc_map_at_10_diff1": 0.857668,
                "nauc_map_at_20_max": 0.724449,
                "nauc_map_at_20_std": 0.121004,
                "nauc_map_at_20_diff1": 0.859952,
                "nauc_map_at_100_max": 0.724294,
                "nauc_map_at_100_std": 0.119799,
                "nauc_map_at_100_diff1": 0.860132,
                "nauc_map_at_1000_max": 0.724243,
                "nauc_map_at_1000_std": 0.11961,
                "nauc_map_at_1000_diff1": 0.860151,
                "nauc_recall_at_1_max": 0.702884,
                "nauc_recall_at_1_std": 0.087648,
                "nauc_recall_at_1_diff1": 0.879086,
                "nauc_recall_at_3_max": 0.758065,
                "nauc_recall_at_3_std": 0.133036,
                "nauc_recall_at_3_diff1": 0.821048,
                "nauc_recall_at_5_max": 0.747771,
                "nauc_recall_at_5_std": 0.197826,
                "nauc_recall_at_5_diff1": 0.797547,
                "nauc_recall_at_10_max": 0.757952,
                "nauc_recall_at_10_std": 0.281855,
                "nauc_recall_at_10_diff1": 0.777581,
                "nauc_recall_at_20_max": 0.824057,
                "nauc_recall_at_20_std": 0.453071,
                "nauc_recall_at_20_diff1": 0.839139,
                "nauc_recall_at_100_max": 0.918301,
                "nauc_recall_at_100_std": 0.871615,
                "nauc_recall_at_100_diff1": 0.845472,
                "nauc_recall_at_1000_max": NaN,
                "nauc_recall_at_1000_std": NaN,
                "nauc_recall_at_1000_diff1": NaN,
                "nauc_precision_at_1_max": 0.702884,
                "nauc_precision_at_1_std": 0.087648,
                "nauc_precision_at_1_diff1": 0.879086,
                "nauc_precision_at_3_max": 0.758065,
                "nauc_precision_at_3_std": 0.133036,
                "nauc_precision_at_3_diff1": 0.821048,
                "nauc_precision_at_5_max": 0.747771,
                "nauc_precision_at_5_std": 0.197826,
                "nauc_precision_at_5_diff1": 0.797547,
                "nauc_precision_at_10_max": 0.757952,
                "nauc_precision_at_10_std": 0.281855,
                "nauc_precision_at_10_diff1": 0.777581,
                "nauc_precision_at_20_max": 0.824057,
                "nauc_precision_at_20_std": 0.453071,
                "nauc_precision_at_20_diff1": 0.839139,
                "nauc_precision_at_100_max": 0.918301,
                "nauc_precision_at_100_std": 0.871615,
                "nauc_precision_at_100_diff1": 0.845472,
                "nauc_precision_at_1000_max": 1.0,
                "nauc_precision_at_1000_std": 1.0,
                "nauc_precision_at_1000_diff1": 1.0,
                "nauc_mrr_at_1_max": 0.702884,
                "nauc_mrr_at_1_std": 0.087648,
                "nauc_mrr_at_1_diff1": 0.879086,
                "nauc_mrr_at_3_max": 0.72643,
                "nauc_mrr_at_3_std": 0.108274,
                "nauc_mrr_at_3_diff1": 0.858251,
                "nauc_mrr_at_5_max": 0.72408,
                "nauc_mrr_at_5_std": 0.117425,
                "nauc_mrr_at_5_diff1": 0.857183,
                "nauc_mrr_at_10_max": 0.723803,
                "nauc_mrr_at_10_std": 0.120177,
                "nauc_mrr_at_10_diff1": 0.857668,
                "nauc_mrr_at_20_max": 0.724449,
                "nauc_mrr_at_20_std": 0.121004,
                "nauc_mrr_at_20_diff1": 0.859952,
                "nauc_mrr_at_100_max": 0.724294,
                "nauc_mrr_at_100_std": 0.119799,
                "nauc_mrr_at_100_diff1": 0.860132,
                "nauc_mrr_at_1000_max": 0.724243,
                "nauc_mrr_at_1000_std": 0.11961,
                "nauc_mrr_at_1000_diff1": 0.860151,
                "cv_recall_at_1": 0.74833,
                "cv_recall_at_3": 0.84333,
                "cv_recall_at_5": 0.88833,
                "cv_recall_at_10": 0.925,
                "cv_recall_at_20": 0.96167,
                "cv_recall_at_100": 0.99167,
                "cv_recall_at_1000": 1.0,
                "main_score": 0.83567,
                "hf_subset": "default",
                "languages": [
                    "slk-Latn"
                ]
            }
        ]
    },
    "evaluation_time": 7.705158472061157,
    "kg_co2_emissions": null
}
