{
  "dataset_revision": "6448ea012b1b7caa3d55cb747b58cda1d7edc714",
  "task_name": "SlovakPharmacyDrMaxReranking",
  "mteb_version": "1.39.7",
  "scores": {
    "test": [
      {
        "ndcg_at_1": 0.77395,
        "ndcg_at_3": 0.87497,
        "ndcg_at_5": 0.89704,
        "ndcg_at_10": 0.89704,
        "ndcg_at_20": 0.89704,
        "ndcg_at_100": 0.89704,
        "ndcg_at_1000": 0.89704,
        "map_at_1": 0.77395,
        "map_at_3": 0.85016,
        "map_at_5": 0.86249,
        "map_at_10": 0.86249,
        "map_at_20": 0.86249,
        "map_at_100": 0.86249,
        "map_at_1000": 0.86249,
        "recall_at_1": 0.77395,
        "recall_at_3": 0.94675,
        "recall_at_5": 1.0,
        "recall_at_10": 1.0,
        "recall_at_20": 1.0,
        "recall_at_100": 1.0,
        "recall_at_1000": 1.0,
        "accuracy": 0.77395,
        "precision_at_1": 0.77395,
        "precision_at_3": 0.31558,
        "precision_at_5": 0.2,
        "precision_at_10": 0.1,
        "precision_at_20": 0.05,
        "precision_at_100": 0.01,
        "precision_at_1000": 0.001,
        "mrr_at_1": 0.773952,
        "mrr_at_3": 0.850157,
        "mrr_at_5": 0.862486,
        "mrr_at_10": 0.862486,
        "mrr_at_20": 0.862486,
        "mrr_at_100": 0.862486,
        "mrr_at_1000": 0.862486,
        "nauc_ndcg_at_1_max": 0.688069,
        "nauc_ndcg_at_1_std": 0.663974,
        "nauc_ndcg_at_1_diff1": 0.788952,
        "nauc_ndcg_at_3_max": 0.705891,
        "nauc_ndcg_at_3_std": 0.698334,
        "nauc_ndcg_at_3_diff1": 0.762442,
        "nauc_ndcg_at_5_max": 0.696889,
        "nauc_ndcg_at_5_std": 0.6808,
        "nauc_ndcg_at_5_diff1": 0.775301,
        "nauc_ndcg_at_10_max": 0.696889,
        "nauc_ndcg_at_10_std": 0.6808,
        "nauc_ndcg_at_10_diff1": 0.775301,
        "nauc_ndcg_at_20_max": 0.696889,
        "nauc_ndcg_at_20_std": 0.6808,
        "nauc_ndcg_at_20_diff1": 0.775301,
        "nauc_ndcg_at_100_max": 0.696889,
        "nauc_ndcg_at_100_std": 0.6808,
        "nauc_ndcg_at_100_diff1": 0.775301,
        "nauc_ndcg_at_1000_max": 0.696889,
        "nauc_ndcg_at_1000_std": 0.6808,
        "nauc_ndcg_at_1000_diff1": 0.775301,
        "nauc_map_at_1_max": 0.688069,
        "nauc_map_at_1_std": 0.663974,
        "nauc_map_at_1_diff1": 0.788952,
        "nauc_map_at_3_max": 0.700464,
        "nauc_map_at_3_std": 0.687906,
        "nauc_map_at_3_diff1": 0.769991,
        "nauc_map_at_5_max": 0.696286,
        "nauc_map_at_5_std": 0.679672,
        "nauc_map_at_5_diff1": 0.776158,
        "nauc_map_at_10_max": 0.696286,
        "nauc_map_at_10_std": 0.679672,
        "nauc_map_at_10_diff1": 0.776158,
        "nauc_map_at_20_max": 0.696286,
        "nauc_map_at_20_std": 0.679672,
        "nauc_map_at_20_diff1": 0.776158,
        "nauc_map_at_100_max": 0.696286,
        "nauc_map_at_100_std": 0.679672,
        "nauc_map_at_100_diff1": 0.776158,
        "nauc_map_at_1000_max": 0.696286,
        "nauc_map_at_1000_std": 0.679672,
        "nauc_map_at_1000_diff1": 0.776158,
        "nauc_recall_at_1_max": 0.688069,
        "nauc_recall_at_1_std": 0.663974,
        "nauc_recall_at_1_diff1": 0.788952,
        "nauc_recall_at_3_max": 0.74589,
        "nauc_recall_at_3_std": 0.775154,
        "nauc_recall_at_3_diff1": 0.707463,
        "nauc_recall_at_5_max": NaN,
        "nauc_recall_at_5_std": NaN,
        "nauc_recall_at_5_diff1": NaN,
        "nauc_recall_at_10_max": NaN,
        "nauc_recall_at_10_std": NaN,
        "nauc_recall_at_10_diff1": NaN,
        "nauc_recall_at_20_max": NaN,
        "nauc_recall_at_20_std": NaN,
        "nauc_recall_at_20_diff1": NaN,
        "nauc_recall_at_100_max": NaN,
        "nauc_recall_at_100_std": NaN,
        "nauc_recall_at_100_diff1": NaN,
        "nauc_recall_at_1000_max": NaN,
        "nauc_recall_at_1000_std": NaN,
        "nauc_recall_at_1000_diff1": NaN,
        "nauc_precision_at_1_max": 0.688069,
        "nauc_precision_at_1_std": 0.663974,
        "nauc_precision_at_1_diff1": 0.788952,
        "nauc_precision_at_3_max": 0.74589,
        "nauc_precision_at_3_std": 0.775154,
        "nauc_precision_at_3_diff1": 0.707463,
        "nauc_precision_at_5_max": 1.0,
        "nauc_precision_at_5_std": 1.0,
        "nauc_precision_at_5_diff1": 1.0,
        "nauc_precision_at_10_max": 1.0,
        "nauc_precision_at_10_std": 1.0,
        "nauc_precision_at_10_diff1": 1.0,
        "nauc_precision_at_20_max": 1.0,
        "nauc_precision_at_20_std": 1.0,
        "nauc_precision_at_20_diff1": 1.0,
        "nauc_precision_at_100_max": 1.0,
        "nauc_precision_at_100_std": 1.0,
        "nauc_precision_at_100_diff1": 1.0,
        "nauc_precision_at_1000_max": 1.0,
        "nauc_precision_at_1000_std": 1.0,
        "nauc_precision_at_1000_diff1": 1.0,
        "nauc_mrr_at_1_max": 0.688069,
        "nauc_mrr_at_1_std": 0.663974,
        "nauc_mrr_at_1_diff1": 0.788952,
        "nauc_mrr_at_3_max": 0.700464,
        "nauc_mrr_at_3_std": 0.687906,
        "nauc_mrr_at_3_diff1": 0.769991,
        "nauc_mrr_at_5_max": 0.696286,
        "nauc_mrr_at_5_std": 0.679672,
        "nauc_mrr_at_5_diff1": 0.776158,
        "nauc_mrr_at_10_max": 0.696286,
        "nauc_mrr_at_10_std": 0.679672,
        "nauc_mrr_at_10_diff1": 0.776158,
        "nauc_mrr_at_20_max": 0.696286,
        "nauc_mrr_at_20_std": 0.679672,
        "nauc_mrr_at_20_diff1": 0.776158,
        "nauc_mrr_at_100_max": 0.696286,
        "nauc_mrr_at_100_std": 0.679672,
        "nauc_mrr_at_100_diff1": 0.776158,
        "nauc_mrr_at_1000_max": 0.696286,
        "nauc_mrr_at_1000_std": 0.679672,
        "nauc_mrr_at_1000_diff1": 0.776158,
        "cv_recall_at_1": 0.77395,
        "cv_recall_at_3": 0.94675,
        "cv_recall_at_5": 1.0,
        "cv_recall_at_10": 1.0,
        "cv_recall_at_20": 1.0,
        "cv_recall_at_100": 1.0,
        "cv_recall_at_1000": 1.0,
        "main_score": 0.86249,
        "hf_subset": "default",
        "languages": [
          "slk-Latn"
        ]
      }
    ]
  },
  "evaluation_time": 141.0371654033661,
  "kg_co2_emissions": null
}