{
    "dataset_revision": "79914f425b59d8b9fabb6d38c37f6d81f9723f46",
    "task_name": "SlovakNLI",
    "mteb_version": "1.39.7",
    "scores": {
        "test": [
            {
                "similarity_accuracy": 0.698953,
                "similarity_accuracy_threshold": 0.682963,
                "similarity_f1": 0.745263,
                "similarity_f1_threshold": 0.582172,
                "similarity_precision": 0.653137,
                "similarity_recall": 0.867647,
                "similarity_ap": 0.795036,
                "cosine_accuracy": 0.698953,
                "cosine_accuracy_threshold": 0.682963,
                "cosine_f1": 0.745263,
                "cosine_f1_threshold": 0.582172,
                "cosine_precision": 0.653137,
                "cosine_recall": 0.867647,
                "cosine_ap": 0.795036,
                "manhattan_accuracy": 0.717277,
                "manhattan_accuracy_threshold": 52.354942,
                "manhattan_f1": 0.771134,
                "manhattan_f1_threshold": 61.111828,
                "manhattan_precision": 0.66548,
                "manhattan_recall": 0.916667,
                "manhattan_ap": 0.793903,
                "euclidean_accuracy": 0.719895,
                "euclidean_accuracy_threshold": 3.432518,
                "euclidean_f1": 0.766734,
                "euclidean_f1_threshold": 3.961392,
                "euclidean_precision": 0.653979,
                "euclidean_recall": 0.926471,
                "euclidean_ap": 0.79393,
                "dot_accuracy": 0.63089,
                "dot_accuracy_threshold": 11.893784,
                "dot_f1": 0.707361,
                "dot_f1_threshold": 5.115974,
                "dot_precision": 0.558074,
                "dot_recall": 0.965686,
                "dot_ap": 0.714917,
                "max_accuracy": 0.719895,
                "max_f1": 0.771134,
                "max_precision": 0.66548,
                "max_recall": 0.965686,
                "max_ap": 0.795036,
                "main_score": 0.795036,
                "hf_subset": "default",
                "languages": [
                    "slk-Latn"
                ]
            }
        ]
    },
    "evaluation_time": 0.08983302116394043,
    "kg_co2_emissions": null
}
