{
    "dataset_revision": "09f81f51dd5b8497da16d02c69c98d5cb5993ef2",
    "task_name": "SKQuadRetrieval",
    "mteb_version": "1.39.7",
    "scores": {
        "test": [
            {
                "ndcg_at_1": 0.60212,
                "ndcg_at_3": 0.64051,
                "ndcg_at_5": 0.66789,
                "ndcg_at_10": 0.69074,
                "ndcg_at_20": 0.71,
                "ndcg_at_100": 0.73442,
                "ndcg_at_1000": 0.73943,
                "map_at_1": 0.41628,
                "map_at_3": 0.5261,
                "map_at_5": 0.54916,
                "map_at_10": 0.56515,
                "map_at_20": 0.57574,
                "map_at_100": 0.58397,
                "map_at_1000": 0.58442,
                "recall_at_1": 0.41628,
                "recall_at_3": 0.63114,
                "recall_at_5": 0.69633,
                "recall_at_10": 0.76117,
                "recall_at_20": 0.83289,
                "recall_at_100": 0.9556,
                "recall_at_1000": 0.99419,
                "precision_at_1": 0.61023,
                "precision_at_3": 0.32393,
                "precision_at_5": 0.22222,
                "precision_at_10": 0.12637,
                "precision_at_20": 0.07209,
                "precision_at_100": 0.0175,
                "precision_at_1000": 0.00184,
                "mrr_at_1": 0.610229,
                "mrr_at_3": 0.737948,
                "mrr_at_5": 0.7495,
                "mrr_at_10": 0.75397,
                "mrr_at_20": 0.75509,
                "mrr_at_100": 0.75539,
                "mrr_at_1000": 0.755399,
                "nauc_ndcg_at_1_max": 0.126478,
                "nauc_ndcg_at_1_std": -0.10049,
                "nauc_ndcg_at_1_diff1": 0.399399,
                "nauc_ndcg_at_3_max": 0.087781,
                "nauc_ndcg_at_3_std": -0.150519,
                "nauc_ndcg_at_3_diff1": 0.240544,
                "nauc_ndcg_at_5_max": 0.085737,
                "nauc_ndcg_at_5_std": -0.154383,
                "nauc_ndcg_at_5_diff1": 0.238829,
                "nauc_ndcg_at_10_max": 0.094211,
                "nauc_ndcg_at_10_std": -0.142266,
                "nauc_ndcg_at_10_diff1": 0.252384,
                "nauc_ndcg_at_20_max": 0.102582,
                "nauc_ndcg_at_20_std": -0.122954,
                "nauc_ndcg_at_20_diff1": 0.254304,
                "nauc_ndcg_at_100_max": 0.118805,
                "nauc_ndcg_at_100_std": -0.103979,
                "nauc_ndcg_at_100_diff1": 0.275215,
                "nauc_ndcg_at_1000_max": 0.11651,
                "nauc_ndcg_at_1000_std": -0.111133,
                "nauc_ndcg_at_1000_diff1": 0.275817,
                "nauc_map_at_1_max": 0.036228,
                "nauc_map_at_1_std": -0.136576,
                "nauc_map_at_1_diff1": 0.303816,
                "nauc_map_at_3_max": 0.024438,
                "nauc_map_at_3_std": -0.16328,
                "nauc_map_at_3_diff1": 0.223693,
                "nauc_map_at_5_max": 0.028405,
                "nauc_map_at_5_std": -0.169876,
                "nauc_map_at_5_diff1": 0.225956,
                "nauc_map_at_10_max": 0.034794,
                "nauc_map_at_10_std": -0.164175,
                "nauc_map_at_10_diff1": 0.232313,
                "nauc_map_at_20_max": 0.040696,
                "nauc_map_at_20_std": -0.155667,
                "nauc_map_at_20_diff1": 0.232665,
                "nauc_map_at_100_max": 0.045889,
                "nauc_map_at_100_std": -0.149036,
                "nauc_map_at_100_diff1": 0.237261,
                "nauc_map_at_1000_max": 0.045829,
                "nauc_map_at_1000_std": -0.149275,
                "nauc_map_at_1000_diff1": 0.237268,
                "nauc_recall_at_1_max": 0.036228,
                "nauc_recall_at_1_std": -0.136576,
                "nauc_recall_at_1_diff1": 0.303816,
                "nauc_recall_at_3_max": -0.006065,
                "nauc_recall_at_3_std": -0.175619,
                "nauc_recall_at_3_diff1": 0.107801,
                "nauc_recall_at_5_max": -0.016815,
                "nauc_recall_at_5_std": -0.17899,
                "nauc_recall_at_5_diff1": 0.068159,
                "nauc_recall_at_10_max": -0.016433,
                "nauc_recall_at_10_std": -0.155443,
                "nauc_recall_at_10_diff1": 0.069284,
                "nauc_recall_at_20_max": -0.00341,
                "nauc_recall_at_20_std": -0.06778,
                "nauc_recall_at_20_diff1": 0.021996,
                "nauc_recall_at_100_max": 0.185981,
                "nauc_recall_at_100_std": 0.284294,
                "nauc_recall_at_100_diff1": 0.104014,
                "nauc_recall_at_1000_max": 0.347627,
                "nauc_recall_at_1000_std": 0.726138,
                "nauc_recall_at_1000_diff1": -0.115512,
                "nauc_precision_at_1_max": 0.131683,
                "nauc_precision_at_1_std": -0.100327,
                "nauc_precision_at_1_diff1": 0.400617,
                "nauc_precision_at_3_max": 0.159977,
                "nauc_precision_at_3_std": -0.054979,
                "nauc_precision_at_3_diff1": 0.033254,
                "nauc_precision_at_5_max": 0.146059,
                "nauc_precision_at_5_std": -0.001383,
                "nauc_precision_at_5_diff1": -0.025343,
                "nauc_precision_at_10_max": 0.150639,
                "nauc_precision_at_10_std": 0.067777,
                "nauc_precision_at_10_diff1": -0.011821,
                "nauc_precision_at_20_max": 0.148342,
                "nauc_precision_at_20_std": 0.147572,
                "nauc_precision_at_20_diff1": -0.051614,
                "nauc_precision_at_100_max": 0.156726,
                "nauc_precision_at_100_std": 0.211531,
                "nauc_precision_at_100_diff1": -0.040436,
                "nauc_precision_at_1000_max": 0.138068,
                "nauc_precision_at_1000_std": 0.187122,
                "nauc_precision_at_1000_diff1": -0.054845,
                "nauc_mrr_at_1_max": 0.131683,
                "nauc_mrr_at_1_std": -0.100327,
                "nauc_mrr_at_1_diff1": 0.400617,
                "nauc_mrr_at_3_max": 0.189654,
                "nauc_mrr_at_3_std": -0.110906,
                "nauc_mrr_at_3_diff1": 0.355266,
                "nauc_mrr_at_5_max": 0.185126,
                "nauc_mrr_at_5_std": -0.103823,
                "nauc_mrr_at_5_diff1": 0.353856,
                "nauc_mrr_at_10_max": 0.186291,
                "nauc_mrr_at_10_std": -0.100066,
                "nauc_mrr_at_10_diff1": 0.357407,
                "nauc_mrr_at_20_max": 0.183149,
                "nauc_mrr_at_20_std": -0.100274,
                "nauc_mrr_at_20_diff1": 0.359105,
                "nauc_mrr_at_100_max": 0.18244,
                "nauc_mrr_at_100_std": -0.100787,
                "nauc_mrr_at_100_diff1": 0.359738,
                "nauc_mrr_at_1000_max": 0.182403,
                "nauc_mrr_at_1000_std": -0.100834,
                "nauc_mrr_at_1000_diff1": 0.359727,
                "main_score": 0.69074,
                "hf_subset": "default",
                "languages": [
                    "slk-Latn"
                ]
            }
        ]
    },
    "evaluation_time": 11.62048077583313,
    "kg_co2_emissions": null
}
