{
    "dataset_revision": "c3262adb1c32ac0c3ea8de6393a44366edaa62e1",
    "task_name": "WebFAQRetrieval",
    "mteb_version": "1.39.7",
    "scores": {
        "test": [
            {
                "ndcg_at_1": 0.7726,
                "ndcg_at_3": 0.84324,
                "ndcg_at_5": 0.85575,
                "ndcg_at_10": 0.86496,
                "ndcg_at_20": 0.86984,
                "ndcg_at_100": 0.87432,
                "ndcg_at_1000": 0.87527,
                "map_at_1": 0.7726,
                "map_at_3": 0.82657,
                "map_at_5": 0.83356,
                "map_at_10": 0.83741,
                "map_at_20": 0.83879,
                "map_at_100": 0.83939,
                "map_at_1000": 0.83943,
                "recall_at_1": 0.7726,
                "recall_at_3": 0.89121,
                "recall_at_5": 0.92134,
                "recall_at_10": 0.94957,
                "recall_at_20": 0.9686,
                "recall_at_100": 0.99302,
                "recall_at_1000": 1.0,
                "precision_at_1": 0.7726,
                "precision_at_3": 0.29707,
                "precision_at_5": 0.18427,
                "precision_at_10": 0.09496,
                "precision_at_20": 0.04843,
                "precision_at_100": 0.00993,
                "precision_at_1000": 0.001,
                "mrr_at_1": 0.773549,
                "mrr_at_3": 0.827466,
                "mrr_at_5": 0.83438,
                "mrr_at_10": 0.838202,
                "mrr_at_20": 0.839529,
                "mrr_at_100": 0.84015,
                "mrr_at_1000": 0.840195,
                "nauc_ndcg_at_1_max": 0.479105,
                "nauc_ndcg_at_1_std": -0.104336,
                "nauc_ndcg_at_1_diff1": 0.844672,
                "nauc_ndcg_at_3_max": 0.465979,
                "nauc_ndcg_at_3_std": -0.173781,
                "nauc_ndcg_at_3_diff1": 0.826441,
                "nauc_ndcg_at_5_max": 0.466699,
                "nauc_ndcg_at_5_std": -0.171012,
                "nauc_ndcg_at_5_diff1": 0.827327,
                "nauc_ndcg_at_10_max": 0.46144,
                "nauc_ndcg_at_10_std": -0.176518,
                "nauc_ndcg_at_10_diff1": 0.831263,
                "nauc_ndcg_at_20_max": 0.46452,
                "nauc_ndcg_at_20_std": -0.175478,
                "nauc_ndcg_at_20_diff1": 0.834761,
                "nauc_ndcg_at_100_max": 0.465626,
                "nauc_ndcg_at_100_std": -0.163031,
                "nauc_ndcg_at_100_diff1": 0.833982,
                "nauc_ndcg_at_1000_max": 0.466374,
                "nauc_ndcg_at_1000_std": -0.160988,
                "nauc_ndcg_at_1000_diff1": 0.833572,
                "nauc_map_at_1_max": 0.479105,
                "nauc_map_at_1_std": -0.104336,
                "nauc_map_at_1_diff1": 0.844672,
                "nauc_map_at_3_max": 0.46919,
                "nauc_map_at_3_std": -0.153918,
                "nauc_map_at_3_diff1": 0.83149,
                "nauc_map_at_5_max": 0.469681,
                "nauc_map_at_5_std": -0.151519,
                "nauc_map_at_5_diff1": 0.832008,
                "nauc_map_at_10_max": 0.46784,
                "nauc_map_at_10_std": -0.153065,
                "nauc_map_at_10_diff1": 0.833511,
                "nauc_map_at_20_max": 0.468571,
                "nauc_map_at_20_std": -0.152681,
                "nauc_map_at_20_diff1": 0.834367,
                "nauc_map_at_100_max": 0.468548,
                "nauc_map_at_100_std": -0.15141,
                "nauc_map_at_100_diff1": 0.834273,
                "nauc_map_at_1000_max": 0.468591,
                "nauc_map_at_1000_std": -0.151327,
                "nauc_map_at_1000_diff1": 0.834259,
                "nauc_recall_at_1_max": 0.479105,
                "nauc_recall_at_1_std": -0.104336,
                "nauc_recall_at_1_diff1": 0.844672,
                "nauc_recall_at_3_max": 0.452563,
                "nauc_recall_at_3_std": -0.259009,
                "nauc_recall_at_3_diff1": 0.804884,
                "nauc_recall_at_5_max": 0.450622,
                "nauc_recall_at_5_std": -0.280384,
                "nauc_recall_at_5_diff1": 0.801732,
                "nauc_recall_at_10_max": 0.40235,
                "nauc_recall_at_10_std": -0.382126,
                "nauc_recall_at_10_diff1": 0.817622,
                "nauc_recall_at_20_max": 0.414015,
                "nauc_recall_at_20_std": -0.489012,
                "nauc_recall_at_20_diff1": 0.860942,
                "nauc_recall_at_100_max": 0.385958,
                "nauc_recall_at_100_std": -0.409451,
                "nauc_recall_at_100_diff1": 0.885413,
                "nauc_recall_at_1000_max": NaN,
                "nauc_recall_at_1000_std": NaN,
                "nauc_recall_at_1000_diff1": NaN,
                "nauc_precision_at_1_max": 0.479105,
                "nauc_precision_at_1_std": -0.104336,
                "nauc_precision_at_1_diff1": 0.844672,
                "nauc_precision_at_3_max": 0.452563,
                "nauc_precision_at_3_std": -0.259009,
                "nauc_precision_at_3_diff1": 0.804884,
                "nauc_precision_at_5_max": 0.450622,
                "nauc_precision_at_5_std": -0.280384,
                "nauc_precision_at_5_diff1": 0.801732,
                "nauc_precision_at_10_max": 0.40235,
                "nauc_precision_at_10_std": -0.382126,
                "nauc_precision_at_10_diff1": 0.817622,
                "nauc_precision_at_20_max": 0.414015,
                "nauc_precision_at_20_std": -0.489012,
                "nauc_precision_at_20_diff1": 0.860942,
                "nauc_precision_at_100_max": 0.385958,
                "nauc_precision_at_100_std": -0.409451,
                "nauc_precision_at_100_diff1": 0.885413,
                "nauc_precision_at_1000_max": NaN,
                "nauc_precision_at_1000_std": NaN,
                "nauc_precision_at_1000_diff1": NaN,
                "nauc_mrr_at_1_max": 0.486502,
                "nauc_mrr_at_1_std": -0.09881,
                "nauc_mrr_at_1_diff1": 0.842871,
                "nauc_mrr_at_3_max": 0.475766,
                "nauc_mrr_at_3_std": -0.148752,
                "nauc_mrr_at_3_diff1": 0.829794,
                "nauc_mrr_at_5_max": 0.476344,
                "nauc_mrr_at_5_std": -0.14681,
                "nauc_mrr_at_5_diff1": 0.830439,
                "nauc_mrr_at_10_max": 0.474429,
                "nauc_mrr_at_10_std": -0.148271,
                "nauc_mrr_at_10_diff1": 0.832037,
                "nauc_mrr_at_20_max": 0.475429,
                "nauc_mrr_at_20_std": -0.148068,
                "nauc_mrr_at_20_diff1": 0.832864,
                "nauc_mrr_at_100_max": 0.475417,
                "nauc_mrr_at_100_std": -0.146556,
                "nauc_mrr_at_100_diff1": 0.83272,
                "nauc_mrr_at_1000_max": 0.475462,
                "nauc_mrr_at_1000_std": -0.146471,
                "nauc_mrr_at_1000_diff1": 0.832706,
                "main_score": 0.86496,
                "hf_subset": "slk",
                "languages": [
                    "slk-Latn"
                ]
            }
        ]
    },
    "evaluation_time": 45.4063720703125,
    "kg_co2_emissions": null
}
