{
    "dataset_revision": "7cfcb122006b33d150b485caac5aa41939b3ba37",
    "task_name": "SkQuadReranking",
    "mteb_version": "1.39.7",
    "scores": {
        "test": [
            {
                "map": 0.669766,
                "mrr": 0.745306,
                "recall_at_10": 0.970109,
                "nAUC_map_max": 0.075034,
                "nAUC_map_std": 0.059803,
                "nAUC_map_diff1": 0.248666,
                "nAUC_mrr_max": 0.164519,
                "nAUC_mrr_std": 0.108884,
                "nAUC_mrr_diff1": 0.30156,
                "nAUC_recall_at_10_max": 0.185642,
                "nAUC_recall_at_10_std": 0.051526,
                "nAUC_recall_at_10_diff1": 0.382835,
                "main_score": 0.669766,
                "hf_subset": "default",
                "languages": [
                    "slk-Latn"
                ]
            }
        ]
    },
    "evaluation_time": 24.83908224105835,
    "kg_co2_emissions": null
}
