{
    "dataset_revision": "85d6b32f2762313714618171b9d1a65eb7408835",
    "task_name": "SlovakSumRetrieval",
    "mteb_version": "1.39.7",
    "scores": {
        "test": [
            {
                "ndcg_at_1": 0.895,
                "ndcg_at_3": 0.92524,
                "ndcg_at_5": 0.93141,
                "ndcg_at_10": 0.93524,
                "ndcg_at_20": 0.93864,
                "ndcg_at_100": 0.94054,
                "ndcg_at_1000": 0.94115,
                "map_at_1": 0.895,
                "map_at_3": 0.91833,
                "map_at_5": 0.92175,
                "map_at_10": 0.92337,
                "map_at_20": 0.92432,
                "map_at_100": 0.9246,
                "map_at_1000": 0.92462,
                "recall_at_1": 0.895,
                "recall_at_3": 0.945,
                "recall_at_5": 0.96,
                "recall_at_10": 0.97167,
                "recall_at_20": 0.985,
                "recall_at_100": 0.995,
                "recall_at_1000": 1.0,
                "precision_at_1": 0.895,
                "precision_at_3": 0.315,
                "precision_at_5": 0.192,
                "precision_at_10": 0.09717,
                "precision_at_20": 0.04925,
                "precision_at_100": 0.00995,
                "precision_at_1000": 0.001,
                "mrr_at_1": 0.895,
                "mrr_at_3": 0.918333,
                "mrr_at_5": 0.92175,
                "mrr_at_10": 0.923365,
                "mrr_at_20": 0.924316,
                "mrr_at_100": 0.9246,
                "mrr_at_1000": 0.924618,
                "nauc_ndcg_at_1_max": 0.895158,
                "nauc_ndcg_at_1_std": 0.145199,
                "nauc_ndcg_at_1_diff1": 0.942583,
                "nauc_ndcg_at_3_max": 0.91769,
                "nauc_ndcg_at_3_std": 0.199321,
                "nauc_ndcg_at_3_diff1": 0.942847,
                "nauc_ndcg_at_5_max": 0.92009,
                "nauc_ndcg_at_5_std": 0.23156,
                "nauc_ndcg_at_5_diff1": 0.94613,
                "nauc_ndcg_at_10_max": 0.918738,
                "nauc_ndcg_at_10_std": 0.22904,
                "nauc_ndcg_at_10_diff1": 0.945259,
                "nauc_ndcg_at_20_max": 0.916965,
                "nauc_ndcg_at_20_std": 0.237798,
                "nauc_ndcg_at_20_diff1": 0.945856,
                "nauc_ndcg_at_100_max": 0.91431,
                "nauc_ndcg_at_100_std": 0.22028,
                "nauc_ndcg_at_100_diff1": 0.945742,
                "nauc_ndcg_at_1000_max": 0.913413,
                "nauc_ndcg_at_1000_std": 0.212111,
                "nauc_ndcg_at_1000_diff1": 0.945174,
                "nauc_map_at_1_max": 0.895158,
                "nauc_map_at_1_std": 0.145199,
                "nauc_map_at_1_diff1": 0.942583,
                "nauc_map_at_3_max": 0.910806,
                "nauc_map_at_3_std": 0.184365,
                "nauc_map_at_3_diff1": 0.942692,
                "nauc_map_at_5_max": 0.911753,
                "nauc_map_at_5_std": 0.199095,
                "nauc_map_at_5_diff1": 0.944408,
                "nauc_map_at_10_max": 0.911126,
                "nauc_map_at_10_std": 0.197075,
                "nauc_map_at_10_diff1": 0.944115,
                "nauc_map_at_20_max": 0.91064,
                "nauc_map_at_20_std": 0.19844,
                "nauc_map_at_20_diff1": 0.944239,
                "nauc_map_at_100_max": 0.910302,
                "nauc_map_at_100_std": 0.196322,
                "nauc_map_at_100_diff1": 0.944287,
                "nauc_map_at_1000_max": 0.910281,
                "nauc_map_at_1000_std": 0.196132,
                "nauc_map_at_1000_diff1": 0.944274,
                "nauc_recall_at_1_max": 0.895158,
                "nauc_recall_at_1_std": 0.145199,
                "nauc_recall_at_1_diff1": 0.942583,
                "nauc_recall_at_3_max": 0.947019,
                "nauc_recall_at_3_std": 0.26206,
                "nauc_recall_at_3_diff1": 0.943553,
                "nauc_recall_at_5_max": 0.96732,
                "nauc_recall_at_5_std": 0.421822,
                "nauc_recall_at_5_diff1": 0.956427,
                "nauc_recall_at_10_max": 0.976932,
                "nauc_recall_at_10_std": 0.488768,
                "nauc_recall_at_10_diff1": 0.953864,
                "nauc_recall_at_20_max": 1.0,
                "nauc_recall_at_20_std": 0.866947,
                "nauc_recall_at_20_diff1": 0.970951,
                "nauc_recall_at_100_max": 1.0,
                "nauc_recall_at_100_std": 1.0,
                "nauc_recall_at_100_diff1": 1.0,
                "nauc_recall_at_1000_max": NaN,
                "nauc_recall_at_1000_std": NaN,
                "nauc_recall_at_1000_diff1": NaN,
                "nauc_precision_at_1_max": 0.895158,
                "nauc_precision_at_1_std": 0.145199,
                "nauc_precision_at_1_diff1": 0.942583,
                "nauc_precision_at_3_max": 0.947019,
                "nauc_precision_at_3_std": 0.26206,
                "nauc_precision_at_3_diff1": 0.943553,
                "nauc_precision_at_5_max": 0.96732,
                "nauc_precision_at_5_std": 0.421822,
                "nauc_precision_at_5_diff1": 0.956427,
                "nauc_precision_at_10_max": 0.976932,
                "nauc_precision_at_10_std": 0.488768,
                "nauc_precision_at_10_diff1": 0.953864,
                "nauc_precision_at_20_max": 1.0,
                "nauc_precision_at_20_std": 0.866947,
                "nauc_precision_at_20_diff1": 0.970951,
                "nauc_precision_at_100_max": 1.0,
                "nauc_precision_at_100_std": 1.0,
                "nauc_precision_at_100_diff1": 1.0,
                "nauc_precision_at_1000_max": 1.0,
                "nauc_precision_at_1000_std": 1.0,
                "nauc_precision_at_1000_diff1": 1.0,
                "nauc_mrr_at_1_max": 0.895158,
                "nauc_mrr_at_1_std": 0.145199,
                "nauc_mrr_at_1_diff1": 0.942583,
                "nauc_mrr_at_3_max": 0.910806,
                "nauc_mrr_at_3_std": 0.184365,
                "nauc_mrr_at_3_diff1": 0.942692,
                "nauc_mrr_at_5_max": 0.911753,
                "nauc_mrr_at_5_std": 0.199095,
                "nauc_mrr_at_5_diff1": 0.944408,
                "nauc_mrr_at_10_max": 0.911126,
                "nauc_mrr_at_10_std": 0.197075,
                "nauc_mrr_at_10_diff1": 0.944115,
                "nauc_mrr_at_20_max": 0.91064,
                "nauc_mrr_at_20_std": 0.19844,
                "nauc_mrr_at_20_diff1": 0.944239,
                "nauc_mrr_at_100_max": 0.910302,
                "nauc_mrr_at_100_std": 0.196322,
                "nauc_mrr_at_100_diff1": 0.944287,
                "nauc_mrr_at_1000_max": 0.910281,
                "nauc_mrr_at_1000_std": 0.196132,
                "nauc_mrr_at_1000_diff1": 0.944274,
                "main_score": 0.93524,
                "hf_subset": "default",
                "languages": [
                    "slk-Latn"
                ]
            }
        ]
    },
    "evaluation_time": 4.6986424922943115,
    "kg_co2_emissions": null
}
