{
    "dataset_revision": "c3262adb1c32ac0c3ea8de6393a44366edaa62e1",
    "task_name": "WebFAQRetrieval",
    "mteb_version": "1.39.7",
    "scores": {
        "test": [
            {
                "ndcg_at_1": 0.74278,
                "ndcg_at_3": 0.81415,
                "ndcg_at_5": 0.82948,
                "ndcg_at_10": 0.84033,
                "ndcg_at_20": 0.84722,
                "ndcg_at_100": 0.85227,
                "ndcg_at_1000": 0.85396,
                "map_at_1": 0.74278,
                "map_at_3": 0.79728,
                "map_at_5": 0.80581,
                "map_at_10": 0.81035,
                "map_at_20": 0.81228,
                "map_at_100": 0.81298,
                "map_at_1000": 0.81305,
                "recall_at_1": 0.74278,
                "recall_at_3": 0.86267,
                "recall_at_5": 0.89978,
                "recall_at_10": 0.93308,
                "recall_at_20": 0.96004,
                "recall_at_100": 0.98731,
                "recall_at_1000": 1.0,
                "precision_at_1": 0.74278,
                "precision_at_3": 0.28756,
                "precision_at_5": 0.17996,
                "precision_at_10": 0.09331,
                "precision_at_20": 0.048,
                "precision_at_100": 0.00987,
                "precision_at_1000": 0.001,
                "mrr_at_1": 0.742785,
                "mrr_at_3": 0.797389,
                "mrr_at_5": 0.80592,
                "mrr_at_10": 0.810428,
                "mrr_at_20": 0.812316,
                "mrr_at_100": 0.813059,
                "mrr_at_1000": 0.813135,
                "nauc_ndcg_at_1_max": 0.539764,
                "nauc_ndcg_at_1_std": -0.157845,
                "nauc_ndcg_at_1_diff1": 0.819094,
                "nauc_ndcg_at_3_max": 0.534901,
                "nauc_ndcg_at_3_std": -0.228589,
                "nauc_ndcg_at_3_diff1": 0.792038,
                "nauc_ndcg_at_5_max": 0.532001,
                "nauc_ndcg_at_5_std": -0.230528,
                "nauc_ndcg_at_5_diff1": 0.785173,
                "nauc_ndcg_at_10_max": 0.529095,
                "nauc_ndcg_at_10_std": -0.235855,
                "nauc_ndcg_at_10_diff1": 0.790084,
                "nauc_ndcg_at_20_max": 0.531114,
                "nauc_ndcg_at_20_std": -0.230635,
                "nauc_ndcg_at_20_diff1": 0.797107,
                "nauc_ndcg_at_100_max": 0.534011,
                "nauc_ndcg_at_100_std": -0.216376,
                "nauc_ndcg_at_100_diff1": 0.796686,
                "nauc_ndcg_at_1000_max": 0.534374,
                "nauc_ndcg_at_1000_std": -0.215477,
                "nauc_ndcg_at_1000_diff1": 0.797082,
                "nauc_map_at_1_max": 0.539764,
                "nauc_map_at_1_std": -0.157845,
                "nauc_map_at_1_diff1": 0.819094,
                "nauc_map_at_3_max": 0.537354,
                "nauc_map_at_3_std": -0.206872,
                "nauc_map_at_3_diff1": 0.799013,
                "nauc_map_at_5_max": 0.536111,
                "nauc_map_at_5_std": -0.207013,
                "nauc_map_at_5_diff1": 0.795977,
                "nauc_map_at_10_max": 0.535259,
                "nauc_map_at_10_std": -0.208018,
                "nauc_map_at_10_diff1": 0.797986,
                "nauc_map_at_20_max": 0.535796,
                "nauc_map_at_20_std": -0.206683,
                "nauc_map_at_20_diff1": 0.79975,
                "nauc_map_at_100_max": 0.536145,
                "nauc_map_at_100_std": -0.205221,
                "nauc_map_at_100_diff1": 0.799666,
                "nauc_map_at_1000_max": 0.536153,
                "nauc_map_at_1000_std": -0.205168,
                "nauc_map_at_1000_diff1": 0.79968,
                "nauc_recall_at_1_max": 0.539764,
                "nauc_recall_at_1_std": -0.157845,
                "nauc_recall_at_1_diff1": 0.819094,
                "nauc_recall_at_3_max": 0.524424,
                "nauc_recall_at_3_std": -0.31656,
                "nauc_recall_at_3_diff1": 0.764526,
                "nauc_recall_at_5_max": 0.509293,
                "nauc_recall_at_5_std": -0.35166,
                "nauc_recall_at_5_diff1": 0.728871,
                "nauc_recall_at_10_max": 0.477347,
                "nauc_recall_at_10_std": -0.451297,
                "nauc_recall_at_10_diff1": 0.734314,
                "nauc_recall_at_20_max": 0.469943,
                "nauc_recall_at_20_std": -0.519382,
                "nauc_recall_at_20_diff1": 0.7913,
                "nauc_recall_at_100_max": 0.502548,
                "nauc_recall_at_100_std": -0.279062,
                "nauc_recall_at_100_diff1": 0.764967,
                "nauc_recall_at_1000_max": NaN,
                "nauc_recall_at_1000_std": NaN,
                "nauc_recall_at_1000_diff1": NaN,
                "nauc_precision_at_1_max": 0.539764,
                "nauc_precision_at_1_std": -0.157845,
                "nauc_precision_at_1_diff1": 0.819094,
                "nauc_precision_at_3_max": 0.524424,
                "nauc_precision_at_3_std": -0.31656,
                "nauc_precision_at_3_diff1": 0.764526,
                "nauc_precision_at_5_max": 0.509293,
                "nauc_precision_at_5_std": -0.35166,
                "nauc_precision_at_5_diff1": 0.728871,
                "nauc_precision_at_10_max": 0.477347,
                "nauc_precision_at_10_std": -0.451297,
                "nauc_precision_at_10_diff1": 0.734314,
                "nauc_precision_at_20_max": 0.469943,
                "nauc_precision_at_20_std": -0.519382,
                "nauc_precision_at_20_diff1": 0.7913,
                "nauc_precision_at_100_max": 0.502548,
                "nauc_precision_at_100_std": -0.279062,
                "nauc_precision_at_100_diff1": 0.764967,
                "nauc_precision_at_1000_max": NaN,
                "nauc_precision_at_1000_std": NaN,
                "nauc_precision_at_1000_diff1": NaN,
                "nauc_mrr_at_1_max": 0.543078,
                "nauc_mrr_at_1_std": -0.153402,
                "nauc_mrr_at_1_diff1": 0.819094,
                "nauc_mrr_at_3_max": 0.540277,
                "nauc_mrr_at_3_std": -0.203363,
                "nauc_mrr_at_3_diff1": 0.798918,
                "nauc_mrr_at_5_max": 0.538608,
                "nauc_mrr_at_5_std": -0.204409,
                "nauc_mrr_at_5_diff1": 0.796106,
                "nauc_mrr_at_10_max": 0.537882,
                "nauc_mrr_at_10_std": -0.205252,
                "nauc_mrr_at_10_diff1": 0.798066,
                "nauc_mrr_at_20_max": 0.538472,
                "nauc_mrr_at_20_std": -0.204334,
                "nauc_mrr_at_20_diff1": 0.799828,
                "nauc_mrr_at_100_max": 0.5388,
                "nauc_mrr_at_100_std": -0.202553,
                "nauc_mrr_at_100_diff1": 0.799709,
                "nauc_mrr_at_1000_max": 0.53881,
                "nauc_mrr_at_1000_std": -0.202499,
                "nauc_mrr_at_1000_diff1": 0.799724,
                "main_score": 0.84033,
                "hf_subset": "slk",
                "languages": [
                    "slk-Latn"
                ]
            }
        ]
    },
    "evaluation_time": 50.916321992874146,
    "kg_co2_emissions": null
}
