{
    "dataset_revision": "82320d7f1d6561a12516605ec24f5d61aceb915c",
    "task_name": "SlovakPharmacyMojaLekarenReranking",
    "mteb_version": "1.39.7",
    "scores": {
        "test": [
            {
                "ndcg_at_1": 0.74661,
                "ndcg_at_3": 0.87253,
                "ndcg_at_5": 0.89014,
                "ndcg_at_10": 0.89014,
                "ndcg_at_20": 0.89014,
                "ndcg_at_100": 0.89014,
                "ndcg_at_1000": 0.89014,
                "map_at_1": 0.74661,
                "map_at_3": 0.84282,
                "map_at_5": 0.85278,
                "map_at_10": 0.85278,
                "map_at_20": 0.85278,
                "map_at_100": 0.85278,
                "map_at_1000": 0.85278,
                "recall_at_1": 0.74661,
                "recall_at_3": 0.95799,
                "recall_at_5": 1.0,
                "recall_at_10": 1.0,
                "recall_at_20": 1.0,
                "recall_at_100": 1.0,
                "recall_at_1000": 1.0,
                "accuracy": 0.74661,
                "precision_at_1": 0.74661,
                "precision_at_3": 0.31933,
                "precision_at_5": 0.2,
                "precision_at_10": 0.1,
                "precision_at_20": 0.05,
                "precision_at_100": 0.01,
                "precision_at_1000": 0.001,
                "mrr_at_1": 0.746612,
                "mrr_at_3": 0.842818,
                "mrr_at_5": 0.852778,
                "mrr_at_10": 0.852778,
                "mrr_at_20": 0.852778,
                "mrr_at_100": 0.852778,
                "mrr_at_1000": 0.852778,
                "nauc_ndcg_at_1_max": 0.403791,
                "nauc_ndcg_at_1_std": 0.26222,
                "nauc_ndcg_at_1_diff1": 0.660253,
                "nauc_ndcg_at_3_max": 0.401584,
                "nauc_ndcg_at_3_std": 0.360201,
                "nauc_ndcg_at_3_diff1": 0.637214,
                "nauc_ndcg_at_5_max": 0.403079,
                "nauc_ndcg_at_5_std": 0.309271,
                "nauc_ndcg_at_5_diff1": 0.649625,
                "nauc_ndcg_at_10_max": 0.403079,
                "nauc_ndcg_at_10_std": 0.309271,
                "nauc_ndcg_at_10_diff1": 0.649625,
                "nauc_ndcg_at_20_max": 0.403079,
                "nauc_ndcg_at_20_std": 0.309271,
                "nauc_ndcg_at_20_diff1": 0.649625,
                "nauc_ndcg_at_100_max": 0.403079,
                "nauc_ndcg_at_100_std": 0.309271,
                "nauc_ndcg_at_100_diff1": 0.649625,
                "nauc_ndcg_at_1000_max": 0.403079,
                "nauc_ndcg_at_1000_std": 0.309271,
                "nauc_ndcg_at_1000_diff1": 0.649625,
                "nauc_map_at_1_max": 0.403791,
                "nauc_map_at_1_std": 0.26222,
                "nauc_map_at_1_diff1": 0.660253,
                "nauc_map_at_3_max": 0.402886,
                "nauc_map_at_3_std": 0.329332,
                "nauc_map_at_3_diff1": 0.644417,
                "nauc_map_at_5_max": 0.403233,
                "nauc_map_at_5_std": 0.306047,
                "nauc_map_at_5_diff1": 0.650306,
                "nauc_map_at_10_max": 0.403233,
                "nauc_map_at_10_std": 0.306047,
                "nauc_map_at_10_diff1": 0.650306,
                "nauc_map_at_20_max": 0.403233,
                "nauc_map_at_20_std": 0.306047,
                "nauc_map_at_20_diff1": 0.650306,
                "nauc_map_at_100_max": 0.403233,
                "nauc_map_at_100_std": 0.306047,
                "nauc_map_at_100_diff1": 0.650306,
                "nauc_map_at_1000_max": 0.403233,
                "nauc_map_at_1000_std": 0.306047,
                "nauc_map_at_1000_diff1": 0.650306,
                "nauc_recall_at_1_max": 0.403791,
                "nauc_recall_at_1_std": 0.26222,
                "nauc_recall_at_1_diff1": 0.660253,
                "nauc_recall_at_3_max": 0.388113,
                "nauc_recall_at_3_std": 0.65514,
                "nauc_recall_at_3_diff1": 0.56849,
                "nauc_recall_at_5_max": NaN,
                "nauc_recall_at_5_std": NaN,
                "nauc_recall_at_5_diff1": NaN,
                "nauc_recall_at_10_max": NaN,
                "nauc_recall_at_10_std": NaN,
                "nauc_recall_at_10_diff1": NaN,
                "nauc_recall_at_20_max": NaN,
                "nauc_recall_at_20_std": NaN,
                "nauc_recall_at_20_diff1": NaN,
                "nauc_recall_at_100_max": NaN,
                "nauc_recall_at_100_std": NaN,
                "nauc_recall_at_100_diff1": NaN,
                "nauc_recall_at_1000_max": NaN,
                "nauc_recall_at_1000_std": NaN,
                "nauc_recall_at_1000_diff1": NaN,
                "nauc_precision_at_1_max": 0.403791,
                "nauc_precision_at_1_std": 0.26222,
                "nauc_precision_at_1_diff1": 0.660253,
                "nauc_precision_at_3_max": 0.388113,
                "nauc_precision_at_3_std": 0.65514,
                "nauc_precision_at_3_diff1": 0.56849,
                "nauc_precision_at_5_max": NaN,
                "nauc_precision_at_5_std": NaN,
                "nauc_precision_at_5_diff1": NaN,
                "nauc_precision_at_10_max": NaN,
                "nauc_precision_at_10_std": NaN,
                "nauc_precision_at_10_diff1": NaN,
                "nauc_precision_at_20_max": NaN,
                "nauc_precision_at_20_std": NaN,
                "nauc_precision_at_20_diff1": NaN,
                "nauc_precision_at_100_max": NaN,
                "nauc_precision_at_100_std": NaN,
                "nauc_precision_at_100_diff1": NaN,
                "nauc_precision_at_1000_max": 1.0,
                "nauc_precision_at_1000_std": 1.0,
                "nauc_precision_at_1000_diff1": 1.0,
                "nauc_mrr_at_1_max": 0.403791,
                "nauc_mrr_at_1_std": 0.26222,
                "nauc_mrr_at_1_diff1": 0.660253,
                "nauc_mrr_at_3_max": 0.402886,
                "nauc_mrr_at_3_std": 0.329332,
                "nauc_mrr_at_3_diff1": 0.644417,
                "nauc_mrr_at_5_max": 0.403233,
                "nauc_mrr_at_5_std": 0.306047,
                "nauc_mrr_at_5_diff1": 0.650306,
                "nauc_mrr_at_10_max": 0.403233,
                "nauc_mrr_at_10_std": 0.306047,
                "nauc_mrr_at_10_diff1": 0.650306,
                "nauc_mrr_at_20_max": 0.403233,
                "nauc_mrr_at_20_std": 0.306047,
                "nauc_mrr_at_20_diff1": 0.650306,
                "nauc_mrr_at_100_max": 0.403233,
                "nauc_mrr_at_100_std": 0.306047,
                "nauc_mrr_at_100_diff1": 0.650306,
                "nauc_mrr_at_1000_max": 0.403233,
                "nauc_mrr_at_1000_std": 0.306047,
                "nauc_mrr_at_1000_diff1": 0.650306,
                "cv_recall_at_1": 0.74661,
                "cv_recall_at_3": 0.95799,
                "cv_recall_at_5": 1.0,
                "cv_recall_at_10": 1.0,
                "cv_recall_at_20": 1.0,
                "cv_recall_at_100": 1.0,
                "cv_recall_at_1000": 1.0,
                "main_score": 0.85278,
                "hf_subset": "default",
                "languages": [
                    "slk-Latn"
                ]
            }
        ]
    },
    "evaluation_time": 18.059820413589478,
    "kg_co2_emissions": null
}
