{
    "dataset_revision": "3997eba1c60721e34f7b01db400f5b14a40218ea",
    "task_name": "SkQuadReranking",
    "mteb_version": "1.39.7",
    "scores": {
        "test": [
            {
                "ndcg_at_1": 0.55693,
                "ndcg_at_3": 0.63095,
                "ndcg_at_5": 0.68004,
                "ndcg_at_10": 0.74306,
                "ndcg_at_20": 0.75394,
                "ndcg_at_100": 0.75394,
                "ndcg_at_1000": 0.75394,
                "map_at_1": 0.41709,
                "map_at_3": 0.56254,
                "map_at_5": 0.59818,
                "map_at_10": 0.63672,
                "map_at_20": 0.64273,
                "map_at_100": 0.64273,
                "map_at_1000": 0.64273,
                "recall_at_1": 0.41709,
                "recall_at_3": 0.69655,
                "recall_at_5": 0.80263,
                "recall_at_10": 0.96839,
                "recall_at_20": 1.0,
                "recall_at_100": 1.0,
                "recall_at_1000": 1.0,
                "accuracy": 0.41709,
                "precision_at_1": 0.55693,
                "precision_at_3": 0.32186,
                "precision_at_5": 0.22983,
                "precision_at_10": 0.14625,
                "precision_at_20": 0.07643,
                "precision_at_100": 0.01529,
                "precision_at_1000": 0.00153,
                "mrr_at_1": 0.556929,
                "mrr_at_3": 0.692851,
                "mrr_at_5": 0.710238,
                "mrr_at_10": 0.719144,
                "mrr_at_20": 0.719545,
                "mrr_at_100": 0.719545,
                "mrr_at_1000": 0.719545,
                "nauc_ndcg_at_1_max": 0.21631,
                "nauc_ndcg_at_1_std": 0.182246,
                "nauc_ndcg_at_1_diff1": 0.405112,
                "nauc_ndcg_at_3_max": 0.170885,
                "nauc_ndcg_at_3_std": 0.208855,
                "nauc_ndcg_at_3_diff1": 0.276684,
                "nauc_ndcg_at_5_max": 0.17174,
                "nauc_ndcg_at_5_std": 0.214244,
                "nauc_ndcg_at_5_diff1": 0.293019,
                "nauc_ndcg_at_10_max": 0.193269,
                "nauc_ndcg_at_10_std": 0.219738,
                "nauc_ndcg_at_10_diff1": 0.313382,
                "nauc_ndcg_at_20_max": 0.200163,
                "nauc_ndcg_at_20_std": 0.215579,
                "nauc_ndcg_at_20_diff1": 0.322343,
                "nauc_ndcg_at_100_max": 0.200163,
                "nauc_ndcg_at_100_std": 0.215579,
                "nauc_ndcg_at_100_diff1": 0.322343,
                "nauc_ndcg_at_1000_max": 0.200163,
                "nauc_ndcg_at_1000_std": 0.215579,
                "nauc_ndcg_at_1000_diff1": 0.322343,
                "nauc_map_at_1_max": 0.131007,
                "nauc_map_at_1_std": 0.121575,
                "nauc_map_at_1_diff1": 0.349695,
                "nauc_map_at_3_max": 0.143568,
                "nauc_map_at_3_std": 0.177901,
                "nauc_map_at_3_diff1": 0.285296,
                "nauc_map_at_5_max": 0.148838,
                "nauc_map_at_5_std": 0.182278,
                "nauc_map_at_5_diff1": 0.293052,
                "nauc_map_at_10_max": 0.163484,
                "nauc_map_at_10_std": 0.19095,
                "nauc_map_at_10_diff1": 0.301534,
                "nauc_map_at_20_max": 0.166745,
                "nauc_map_at_20_std": 0.189081,
                "nauc_map_at_20_diff1": 0.305336,
                "nauc_map_at_100_max": 0.166745,
                "nauc_map_at_100_std": 0.189081,
                "nauc_map_at_100_diff1": 0.305336,
                "nauc_map_at_1000_max": 0.166745,
                "nauc_map_at_1000_std": 0.189081,
                "nauc_map_at_1000_diff1": 0.305336,
                "nauc_recall_at_1_max": 0.131007,
                "nauc_recall_at_1_std": 0.121575,
                "nauc_recall_at_1_diff1": 0.349695,
                "nauc_recall_at_3_max": 0.122792,
                "nauc_recall_at_3_std": 0.200437,
                "nauc_recall_at_3_diff1": 0.160875,
                "nauc_recall_at_5_max": 0.096446,
                "nauc_recall_at_5_std": 0.199,
                "nauc_recall_at_5_diff1": 0.156385,
                "nauc_recall_at_10_max": 0.04851,
                "nauc_recall_at_10_std": 0.228352,
                "nauc_recall_at_10_diff1": 0.088,
                "nauc_recall_at_20_max": NaN,
                "nauc_recall_at_20_std": NaN,
                "nauc_recall_at_20_diff1": NaN,
                "nauc_recall_at_100_max": NaN,
                "nauc_recall_at_100_std": NaN,
                "nauc_recall_at_100_diff1": NaN,
                "nauc_recall_at_1000_max": NaN,
                "nauc_recall_at_1000_std": NaN,
                "nauc_recall_at_1000_diff1": NaN,
                "nauc_precision_at_1_max": 0.21631,
                "nauc_precision_at_1_std": 0.182246,
                "nauc_precision_at_1_diff1": 0.405112,
                "nauc_precision_at_3_max": 0.167175,
                "nauc_precision_at_3_std": 0.21983,
                "nauc_precision_at_3_diff1": 0.075558,
                "nauc_precision_at_5_max": 0.117154,
                "nauc_precision_at_5_std": 0.157282,
                "nauc_precision_at_5_diff1": 0.012039,
                "nauc_precision_at_10_max": 0.093373,
                "nauc_precision_at_10_std": 0.080955,
                "nauc_precision_at_10_diff1": -0.078459,
                "nauc_precision_at_20_max": 0.09218,
                "nauc_precision_at_20_std": 0.052621,
                "nauc_precision_at_20_diff1": -0.080528,
                "nauc_precision_at_100_max": 0.09218,
                "nauc_precision_at_100_std": 0.052621,
                "nauc_precision_at_100_diff1": -0.080528,
                "nauc_precision_at_1000_max": 0.09218,
                "nauc_precision_at_1000_std": 0.052621,
                "nauc_precision_at_1000_diff1": -0.080528,
                "nauc_mrr_at_1_max": 0.21631,
                "nauc_mrr_at_1_std": 0.182246,
                "nauc_mrr_at_1_diff1": 0.405112,
                "nauc_mrr_at_3_max": 0.263643,
                "nauc_mrr_at_3_std": 0.263215,
                "nauc_mrr_at_3_diff1": 0.361658,
                "nauc_mrr_at_5_max": 0.259738,
                "nauc_mrr_at_5_std": 0.260698,
                "nauc_mrr_at_5_diff1": 0.370511,
                "nauc_mrr_at_10_max": 0.254856,
                "nauc_mrr_at_10_std": 0.247974,
                "nauc_mrr_at_10_diff1": 0.375447,
                "nauc_mrr_at_20_max": 0.253866,
                "nauc_mrr_at_20_std": 0.246753,
                "nauc_mrr_at_20_diff1": 0.374878,
                "nauc_mrr_at_100_max": 0.253866,
                "nauc_mrr_at_100_std": 0.246753,
                "nauc_mrr_at_100_diff1": 0.374878,
                "nauc_mrr_at_1000_max": 0.253866,
                "nauc_mrr_at_1000_std": 0.246753,
                "nauc_mrr_at_1000_diff1": 0.374878,
                "cv_recall_at_1": 0.55693,
                "cv_recall_at_3": 0.85525,
                "cv_recall_at_5": 0.93027,
                "cv_recall_at_10": 0.99559,
                "cv_recall_at_20": 1.0,
                "cv_recall_at_100": 1.0,
                "cv_recall_at_1000": 1.0,
                "main_score": 0.64273,
                "hf_subset": "default",
                "languages": [
                    "slk-Latn"
                ]
            }
        ]
    },
    "evaluation_time": 73.0628764629364,
    "kg_co2_emissions": null
}
