{
    "dataset_revision": "6448ea012b1b7caa3d55cb747b58cda1d7edc714",
    "task_name": "SlovakPharmacyDrMaxReranking",
    "mteb_version": "1.39.7",
    "scores": {
        "test": [
            {
                "ndcg_at_1": 0.88345,
                "ndcg_at_3": 0.94272,
                "ndcg_at_5": 0.94993,
                "ndcg_at_10": 0.94993,
                "ndcg_at_20": 0.94993,
                "ndcg_at_100": 0.94993,
                "ndcg_at_1000": 0.94993,
                "map_at_1": 0.88345,
                "map_at_3": 0.92882,
                "map_at_5": 0.93286,
                "map_at_10": 0.93286,
                "map_at_20": 0.93286,
                "map_at_100": 0.93286,
                "map_at_1000": 0.93286,
                "recall_at_1": 0.88345,
                "recall_at_3": 0.98268,
                "recall_at_5": 1.0,
                "recall_at_10": 1.0,
                "recall_at_20": 1.0,
                "recall_at_100": 1.0,
                "recall_at_1000": 1.0,
                "accuracy": 0.88345,
                "precision_at_1": 0.88345,
                "precision_at_3": 0.32756,
                "precision_at_5": 0.2,
                "precision_at_10": 0.1,
                "precision_at_20": 0.05,
                "precision_at_100": 0.01,
                "precision_at_1000": 0.001,
                "mrr_at_1": 0.883447,
                "mrr_at_3": 0.928821,
                "mrr_at_5": 0.932863,
                "mrr_at_10": 0.932863,
                "mrr_at_20": 0.932863,
                "mrr_at_100": 0.932863,
                "mrr_at_1000": 0.932863,
                "nauc_ndcg_at_1_max": 0.758117,
                "nauc_ndcg_at_1_std": 0.640216,
                "nauc_ndcg_at_1_diff1": 0.861277,
                "nauc_ndcg_at_3_max": 0.783839,
                "nauc_ndcg_at_3_std": 0.672895,
                "nauc_ndcg_at_3_diff1": 0.857756,
                "nauc_ndcg_at_5_max": 0.769987,
                "nauc_ndcg_at_5_std": 0.660437,
                "nauc_ndcg_at_5_diff1": 0.859317,
                "nauc_ndcg_at_10_max": 0.769987,
                "nauc_ndcg_at_10_std": 0.660437,
                "nauc_ndcg_at_10_diff1": 0.859317,
                "nauc_ndcg_at_20_max": 0.769987,
                "nauc_ndcg_at_20_std": 0.660437,
                "nauc_ndcg_at_20_diff1": 0.859317,
                "nauc_ndcg_at_100_max": 0.769987,
                "nauc_ndcg_at_100_std": 0.660437,
                "nauc_ndcg_at_100_diff1": 0.859317,
                "nauc_ndcg_at_1000_max": 0.769987,
                "nauc_ndcg_at_1000_std": 0.660437,
                "nauc_ndcg_at_1000_diff1": 0.859317,
                "nauc_map_at_1_max": 0.758117,
                "nauc_map_at_1_std": 0.640216,
                "nauc_map_at_1_diff1": 0.861277,
                "nauc_map_at_3_max": 0.77537,
                "nauc_map_at_3_std": 0.664503,
                "nauc_map_at_3_diff1": 0.858672,
                "nauc_map_at_5_max": 0.769148,
                "nauc_map_at_5_std": 0.659117,
                "nauc_map_at_5_diff1": 0.859429,
                "nauc_map_at_10_max": 0.769148,
                "nauc_map_at_10_std": 0.659117,
                "nauc_map_at_10_diff1": 0.859429,
                "nauc_map_at_20_max": 0.769148,
                "nauc_map_at_20_std": 0.659117,
                "nauc_map_at_20_diff1": 0.859429,
                "nauc_map_at_100_max": 0.769148,
                "nauc_map_at_100_std": 0.659117,
                "nauc_map_at_100_diff1": 0.859429,
                "nauc_map_at_1000_max": 0.769148,
                "nauc_map_at_1000_std": 0.659117,
                "nauc_map_at_1000_diff1": 0.859429,
                "nauc_recall_at_1_max": 0.758117,
                "nauc_recall_at_1_std": 0.640216,
                "nauc_recall_at_1_diff1": 0.861277,
                "nauc_recall_at_3_max": 0.879987,
                "nauc_recall_at_3_std": 0.763425,
                "nauc_recall_at_3_diff1": 0.847842,
                "nauc_recall_at_5_max": NaN,
                "nauc_recall_at_5_std": NaN,
                "nauc_recall_at_5_diff1": NaN,
                "nauc_recall_at_10_max": NaN,
                "nauc_recall_at_10_std": NaN,
                "nauc_recall_at_10_diff1": NaN,
                "nauc_recall_at_20_max": NaN,
                "nauc_recall_at_20_std": NaN,
                "nauc_recall_at_20_diff1": NaN,
                "nauc_recall_at_100_max": NaN,
                "nauc_recall_at_100_std": NaN,
                "nauc_recall_at_100_diff1": NaN,
                "nauc_recall_at_1000_max": NaN,
                "nauc_recall_at_1000_std": NaN,
                "nauc_recall_at_1000_diff1": NaN,
                "nauc_precision_at_1_max": 0.758117,
                "nauc_precision_at_1_std": 0.640216,
                "nauc_precision_at_1_diff1": 0.861277,
                "nauc_precision_at_3_max": 0.879987,
                "nauc_precision_at_3_std": 0.763425,
                "nauc_precision_at_3_diff1": 0.847842,
                "nauc_precision_at_5_max": 1.0,
                "nauc_precision_at_5_std": 1.0,
                "nauc_precision_at_5_diff1": 1.0,
                "nauc_precision_at_10_max": 1.0,
                "nauc_precision_at_10_std": 1.0,
                "nauc_precision_at_10_diff1": 1.0,
                "nauc_precision_at_20_max": 1.0,
                "nauc_precision_at_20_std": 1.0,
                "nauc_precision_at_20_diff1": 1.0,
                "nauc_precision_at_100_max": 1.0,
                "nauc_precision_at_100_std": 1.0,
                "nauc_precision_at_100_diff1": 1.0,
                "nauc_precision_at_1000_max": 1.0,
                "nauc_precision_at_1000_std": 1.0,
                "nauc_precision_at_1000_diff1": 1.0,
                "nauc_mrr_at_1_max": 0.758117,
                "nauc_mrr_at_1_std": 0.640216,
                "nauc_mrr_at_1_diff1": 0.861277,
                "nauc_mrr_at_3_max": 0.77537,
                "nauc_mrr_at_3_std": 0.664503,
                "nauc_mrr_at_3_diff1": 0.858672,
                "nauc_mrr_at_5_max": 0.769148,
                "nauc_mrr_at_5_std": 0.659117,
                "nauc_mrr_at_5_diff1": 0.859429,
                "nauc_mrr_at_10_max": 0.769148,
                "nauc_mrr_at_10_std": 0.659117,
                "nauc_mrr_at_10_diff1": 0.859429,
                "nauc_mrr_at_20_max": 0.769148,
                "nauc_mrr_at_20_std": 0.659117,
                "nauc_mrr_at_20_diff1": 0.859429,
                "nauc_mrr_at_100_max": 0.769148,
                "nauc_mrr_at_100_std": 0.659117,
                "nauc_mrr_at_100_diff1": 0.859429,
                "nauc_mrr_at_1000_max": 0.769148,
                "nauc_mrr_at_1000_std": 0.659117,
                "nauc_mrr_at_1000_diff1": 0.859429,
                "cv_recall_at_1": 0.88345,
                "cv_recall_at_3": 0.98268,
                "cv_recall_at_5": 1.0,
                "cv_recall_at_10": 1.0,
                "cv_recall_at_20": 1.0,
                "cv_recall_at_100": 1.0,
                "cv_recall_at_1000": 1.0,
                "main_score": 0.93286,
                "hf_subset": "default",
                "languages": [
                    "slk-Latn"
                ]
            }
        ]
    },
    "evaluation_time": 124.8529794216156,
    "kg_co2_emissions": null
}
