{
    "dataset_revision": "82320d7f1d6561a12516605ec24f5d61aceb915c",
    "task_name": "SlovakPharmacyMojaLekarenReranking",
    "mteb_version": "1.39.7",
    "scores": {
        "test": [
            {
                "ndcg_at_1": 0.93225,
                "ndcg_at_3": 0.9703,
                "ndcg_at_5": 0.97205,
                "ndcg_at_10": 0.97205,
                "ndcg_at_20": 0.97205,
                "ndcg_at_100": 0.97205,
                "ndcg_at_1000": 0.97205,
                "map_at_1": 0.93225,
                "map_at_3": 0.96138,
                "map_at_5": 0.9624,
                "map_at_10": 0.9624,
                "map_at_20": 0.9624,
                "map_at_100": 0.9624,
                "map_at_1000": 0.9624,
                "recall_at_1": 0.93225,
                "recall_at_3": 0.99593,
                "recall_at_5": 1.0,
                "recall_at_10": 1.0,
                "recall_at_20": 1.0,
                "recall_at_100": 1.0,
                "recall_at_1000": 1.0,
                "accuracy": 0.93225,
                "precision_at_1": 0.93225,
                "precision_at_3": 0.33198,
                "precision_at_5": 0.2,
                "precision_at_10": 0.1,
                "precision_at_20": 0.05,
                "precision_at_100": 0.01,
                "precision_at_1000": 0.001,
                "mrr_at_1": 0.932249,
                "mrr_at_3": 0.961382,
                "mrr_at_5": 0.962398,
                "mrr_at_10": 0.962398,
                "mrr_at_20": 0.962398,
                "mrr_at_100": 0.962398,
                "mrr_at_1000": 0.962398,
                "nauc_ndcg_at_1_max": 0.628068,
                "nauc_ndcg_at_1_std": 0.492142,
                "nauc_ndcg_at_1_diff1": 0.951943,
                "nauc_ndcg_at_3_max": 0.654874,
                "nauc_ndcg_at_3_std": 0.544066,
                "nauc_ndcg_at_3_diff1": 0.953093,
                "nauc_ndcg_at_5_max": 0.639057,
                "nauc_ndcg_at_5_std": 0.518236,
                "nauc_ndcg_at_5_diff1": 0.950155,
                "nauc_ndcg_at_10_max": 0.639057,
                "nauc_ndcg_at_10_std": 0.518236,
                "nauc_ndcg_at_10_diff1": 0.950155,
                "nauc_ndcg_at_20_max": 0.639057,
                "nauc_ndcg_at_20_std": 0.518236,
                "nauc_ndcg_at_20_diff1": 0.950155,
                "nauc_ndcg_at_100_max": 0.639057,
                "nauc_ndcg_at_100_std": 0.518236,
                "nauc_ndcg_at_100_diff1": 0.950155,
                "nauc_ndcg_at_1000_max": 0.639057,
                "nauc_ndcg_at_1000_std": 0.518236,
                "nauc_ndcg_at_1000_diff1": 0.950155,
                "nauc_map_at_1_max": 0.628068,
                "nauc_map_at_1_std": 0.492142,
                "nauc_map_at_1_diff1": 0.951943,
                "nauc_map_at_3_max": 0.645397,
                "nauc_map_at_3_std": 0.528158,
                "nauc_map_at_3_diff1": 0.951536,
                "nauc_map_at_5_max": 0.638317,
                "nauc_map_at_5_std": 0.516584,
                "nauc_map_at_5_diff1": 0.950226,
                "nauc_map_at_10_max": 0.638317,
                "nauc_map_at_10_std": 0.516584,
                "nauc_map_at_10_diff1": 0.950226,
                "nauc_map_at_20_max": 0.638317,
                "nauc_map_at_20_std": 0.516584,
                "nauc_map_at_20_diff1": 0.950226,
                "nauc_map_at_100_max": 0.638317,
                "nauc_map_at_100_std": 0.516584,
                "nauc_map_at_100_diff1": 0.950226,
                "nauc_map_at_1000_max": 0.638317,
                "nauc_map_at_1000_std": 0.516584,
                "nauc_map_at_1000_diff1": 0.950226,
                "nauc_recall_at_1_max": 0.628068,
                "nauc_recall_at_1_std": 0.492142,
                "nauc_recall_at_1_diff1": 0.951943,
                "nauc_recall_at_3_max": 0.907361,
                "nauc_recall_at_3_std": 0.956414,
                "nauc_recall_at_3_diff1": 1.0,
                "nauc_recall_at_5_max": NaN,
                "nauc_recall_at_5_std": NaN,
                "nauc_recall_at_5_diff1": NaN,
                "nauc_recall_at_10_max": NaN,
                "nauc_recall_at_10_std": NaN,
                "nauc_recall_at_10_diff1": NaN,
                "nauc_recall_at_20_max": NaN,
                "nauc_recall_at_20_std": NaN,
                "nauc_recall_at_20_diff1": NaN,
                "nauc_recall_at_100_max": NaN,
                "nauc_recall_at_100_std": NaN,
                "nauc_recall_at_100_diff1": NaN,
                "nauc_recall_at_1000_max": NaN,
                "nauc_recall_at_1000_std": NaN,
                "nauc_recall_at_1000_diff1": NaN,
                "nauc_precision_at_1_max": 0.628068,
                "nauc_precision_at_1_std": 0.492142,
                "nauc_precision_at_1_diff1": 0.951943,
                "nauc_precision_at_3_max": 0.907361,
                "nauc_precision_at_3_std": 0.956414,
                "nauc_precision_at_3_diff1": 1.0,
                "nauc_precision_at_5_max": NaN,
                "nauc_precision_at_5_std": NaN,
                "nauc_precision_at_5_diff1": NaN,
                "nauc_precision_at_10_max": NaN,
                "nauc_precision_at_10_std": NaN,
                "nauc_precision_at_10_diff1": NaN,
                "nauc_precision_at_20_max": NaN,
                "nauc_precision_at_20_std": NaN,
                "nauc_precision_at_20_diff1": NaN,
                "nauc_precision_at_100_max": NaN,
                "nauc_precision_at_100_std": NaN,
                "nauc_precision_at_100_diff1": NaN,
                "nauc_precision_at_1000_max": 1.0,
                "nauc_precision_at_1000_std": 1.0,
                "nauc_precision_at_1000_diff1": 1.0,
                "nauc_mrr_at_1_max": 0.628068,
                "nauc_mrr_at_1_std": 0.492142,
                "nauc_mrr_at_1_diff1": 0.951943,
                "nauc_mrr_at_3_max": 0.645397,
                "nauc_mrr_at_3_std": 0.528158,
                "nauc_mrr_at_3_diff1": 0.951536,
                "nauc_mrr_at_5_max": 0.638317,
                "nauc_mrr_at_5_std": 0.516584,
                "nauc_mrr_at_5_diff1": 0.950226,
                "nauc_mrr_at_10_max": 0.638317,
                "nauc_mrr_at_10_std": 0.516584,
                "nauc_mrr_at_10_diff1": 0.950226,
                "nauc_mrr_at_20_max": 0.638317,
                "nauc_mrr_at_20_std": 0.516584,
                "nauc_mrr_at_20_diff1": 0.950226,
                "nauc_mrr_at_100_max": 0.638317,
                "nauc_mrr_at_100_std": 0.516584,
                "nauc_mrr_at_100_diff1": 0.950226,
                "nauc_mrr_at_1000_max": 0.638317,
                "nauc_mrr_at_1000_std": 0.516584,
                "nauc_mrr_at_1000_diff1": 0.950226,
                "cv_recall_at_1": 0.93225,
                "cv_recall_at_3": 0.99593,
                "cv_recall_at_5": 1.0,
                "cv_recall_at_10": 1.0,
                "cv_recall_at_20": 1.0,
                "cv_recall_at_100": 1.0,
                "cv_recall_at_1000": 1.0,
                "main_score": 0.9624,
                "hf_subset": "default",
                "languages": [
                    "slk-Latn"
                ]
            }
        ]
    },
    "evaluation_time": 22.763078689575195,
    "kg_co2_emissions": null
}
