{
    "dataset_revision": "faf73c5217c37e8a9ba297b8e29b25d1ccdeccae",
    "task_name": "SlovakPharmacyDrMaxReranking",
    "mteb_version": "1.39.7",
    "scores": {
        "test": [
            {
                "ndcg_at_1": 0.88494,
                "ndcg_at_3": 0.94447,
                "ndcg_at_5": 0.9511,
                "ndcg_at_10": 0.9511,
                "ndcg_at_20": 0.9511,
                "ndcg_at_100": 0.9511,
                "ndcg_at_1000": 0.9511,
                "map_at_1": 0.88494,
                "map_at_3": 0.93064,
                "map_at_5": 0.93438,
                "map_at_10": 0.93438,
                "map_at_20": 0.93438,
                "map_at_100": 0.93438,
                "map_at_1000": 0.93438,
                "recall_at_1": 0.88494,
                "recall_at_3": 0.98417,
                "recall_at_5": 1.0,
                "recall_at_10": 1.0,
                "recall_at_20": 1.0,
                "recall_at_100": 1.0,
                "recall_at_1000": 1.0,
                "accuracy": 0.88494,
                "precision_at_1": 0.88494,
                "precision_at_3": 0.32806,
                "precision_at_5": 0.2,
                "precision_at_10": 0.1,
                "precision_at_20": 0.05,
                "precision_at_100": 0.01,
                "precision_at_1000": 0.001,
                "mrr_at_1": 0.884944,
                "mrr_at_3": 0.930639,
                "mrr_at_5": 0.934381,
                "mrr_at_10": 0.934381,
                "mrr_at_20": 0.934381,
                "mrr_at_100": 0.934381,
                "mrr_at_1000": 0.934381,
                "nauc_ndcg_at_1_max": 0.756069,
                "nauc_ndcg_at_1_std": 0.63727,
                "nauc_ndcg_at_1_diff1": 0.871288,
                "nauc_ndcg_at_3_max": 0.781184,
                "nauc_ndcg_at_3_std": 0.672145,
                "nauc_ndcg_at_3_diff1": 0.868281,
                "nauc_ndcg_at_5_max": 0.767811,
                "nauc_ndcg_at_5_std": 0.657584,
                "nauc_ndcg_at_5_diff1": 0.868904,
                "nauc_ndcg_at_10_max": 0.767811,
                "nauc_ndcg_at_10_std": 0.657584,
                "nauc_ndcg_at_10_diff1": 0.868904,
                "nauc_ndcg_at_20_max": 0.767811,
                "nauc_ndcg_at_20_std": 0.657584,
                "nauc_ndcg_at_20_diff1": 0.868904,
                "nauc_ndcg_at_100_max": 0.767811,
                "nauc_ndcg_at_100_std": 0.657584,
                "nauc_ndcg_at_100_diff1": 0.868904,
                "nauc_ndcg_at_1000_max": 0.767811,
                "nauc_ndcg_at_1000_std": 0.657584,
                "nauc_ndcg_at_1000_diff1": 0.868904,
                "nauc_map_at_1_max": 0.756069,
                "nauc_map_at_1_std": 0.63727,
                "nauc_map_at_1_diff1": 0.871288,
                "nauc_map_at_3_max": 0.773094,
                "nauc_map_at_3_std": 0.662672,
                "nauc_map_at_3_diff1": 0.868682,
                "nauc_map_at_5_max": 0.767012,
                "nauc_map_at_5_std": 0.656254,
                "nauc_map_at_5_diff1": 0.869024,
                "nauc_map_at_10_max": 0.767012,
                "nauc_map_at_10_std": 0.656254,
                "nauc_map_at_10_diff1": 0.869024,
                "nauc_map_at_20_max": 0.767012,
                "nauc_map_at_20_std": 0.656254,
                "nauc_map_at_20_diff1": 0.869024,
                "nauc_map_at_100_max": 0.767012,
                "nauc_map_at_100_std": 0.656254,
                "nauc_map_at_100_diff1": 0.869024,
                "nauc_map_at_1000_max": 0.767012,
                "nauc_map_at_1000_std": 0.656254,
                "nauc_map_at_1000_diff1": 0.869024,
                "nauc_recall_at_1_max": 0.756069,
                "nauc_recall_at_1_std": 0.63727,
                "nauc_recall_at_1_diff1": 0.871288,
                "nauc_recall_at_3_max": 0.878622,
                "nauc_recall_at_3_std": 0.78235,
                "nauc_recall_at_3_diff1": 0.86471,
                "nauc_recall_at_5_max": NaN,
                "nauc_recall_at_5_std": NaN,
                "nauc_recall_at_5_diff1": NaN,
                "nauc_recall_at_10_max": NaN,
                "nauc_recall_at_10_std": NaN,
                "nauc_recall_at_10_diff1": NaN,
                "nauc_recall_at_20_max": NaN,
                "nauc_recall_at_20_std": NaN,
                "nauc_recall_at_20_diff1": NaN,
                "nauc_recall_at_100_max": NaN,
                "nauc_recall_at_100_std": NaN,
                "nauc_recall_at_100_diff1": NaN,
                "nauc_recall_at_1000_max": NaN,
                "nauc_recall_at_1000_std": NaN,
                "nauc_recall_at_1000_diff1": NaN,
                "nauc_precision_at_1_max": 0.756069,
                "nauc_precision_at_1_std": 0.63727,
                "nauc_precision_at_1_diff1": 0.871288,
                "nauc_precision_at_3_max": 0.878622,
                "nauc_precision_at_3_std": 0.78235,
                "nauc_precision_at_3_diff1": 0.86471,
                "nauc_precision_at_5_max": 1.0,
                "nauc_precision_at_5_std": 1.0,
                "nauc_precision_at_5_diff1": 1.0,
                "nauc_precision_at_10_max": 1.0,
                "nauc_precision_at_10_std": 1.0,
                "nauc_precision_at_10_diff1": 1.0,
                "nauc_precision_at_20_max": 1.0,
                "nauc_precision_at_20_std": 1.0,
                "nauc_precision_at_20_diff1": 1.0,
                "nauc_precision_at_100_max": 1.0,
                "nauc_precision_at_100_std": 1.0,
                "nauc_precision_at_100_diff1": 1.0,
                "nauc_precision_at_1000_max": 1.0,
                "nauc_precision_at_1000_std": 1.0,
                "nauc_precision_at_1000_diff1": 1.0,
                "nauc_mrr_at_1_max": 0.756069,
                "nauc_mrr_at_1_std": 0.63727,
                "nauc_mrr_at_1_diff1": 0.871288,
                "nauc_mrr_at_3_max": 0.773094,
                "nauc_mrr_at_3_std": 0.662672,
                "nauc_mrr_at_3_diff1": 0.868682,
                "nauc_mrr_at_5_max": 0.767012,
                "nauc_mrr_at_5_std": 0.656254,
                "nauc_mrr_at_5_diff1": 0.869024,
                "nauc_mrr_at_10_max": 0.767012,
                "nauc_mrr_at_10_std": 0.656254,
                "nauc_mrr_at_10_diff1": 0.869024,
                "nauc_mrr_at_20_max": 0.767012,
                "nauc_mrr_at_20_std": 0.656254,
                "nauc_mrr_at_20_diff1": 0.869024,
                "nauc_mrr_at_100_max": 0.767012,
                "nauc_mrr_at_100_std": 0.656254,
                "nauc_mrr_at_100_diff1": 0.869024,
                "nauc_mrr_at_1000_max": 0.767012,
                "nauc_mrr_at_1000_std": 0.656254,
                "nauc_mrr_at_1000_diff1": 0.869024,
                "cv_recall_at_1": 0.88494,
                "cv_recall_at_3": 0.98417,
                "cv_recall_at_5": 1.0,
                "cv_recall_at_10": 1.0,
                "cv_recall_at_20": 1.0,
                "cv_recall_at_100": 1.0,
                "cv_recall_at_1000": 1.0,
                "main_score": 0.93438,
                "hf_subset": "default",
                "languages": [
                    "slk-Latn"
                ]
            }
        ]
    },
    "evaluation_time": 122.5962073802948,
    "kg_co2_emissions": null
}
