{
    "dataset_revision": "85d6b32f2762313714618171b9d1a65eb7408835",
    "task_name": "SlovakSumRetrieval",
    "mteb_version": "1.39.7",
    "scores": {
        "test": [
            {
                "ndcg_at_1": 0.01,
                "ndcg_at_3": 0.01294,
                "ndcg_at_5": 0.01365,
                "ndcg_at_10": 0.01745,
                "ndcg_at_20": 0.02049,
                "ndcg_at_100": 0.04225,
                "ndcg_at_1000": 0.14406,
                "map_at_1": 0.01,
                "map_at_3": 0.01222,
                "map_at_5": 0.01264,
                "map_at_10": 0.01421,
                "map_at_20": 0.0151,
                "map_at_100": 0.01758,
                "map_at_1000": 0.02067,
                "recall_at_1": 0.01,
                "recall_at_3": 0.015,
                "recall_at_5": 0.01667,
                "recall_at_10": 0.02833,
                "recall_at_20": 0.04,
                "recall_at_100": 0.165,
                "recall_at_1000": 1.0,
                "precision_at_1": 0.01,
                "precision_at_3": 0.005,
                "precision_at_5": 0.00333,
                "precision_at_10": 0.00283,
                "precision_at_20": 0.002,
                "precision_at_100": 0.00165,
                "precision_at_1000": 0.001,
                "mrr_at_1": 0.01,
                "mrr_at_3": 0.012222,
                "mrr_at_5": 0.012639,
                "mrr_at_10": 0.014214,
                "mrr_at_20": 0.015097,
                "mrr_at_100": 0.017579,
                "mrr_at_1000": 0.020668,
                "nauc_ndcg_at_1_max": -0.23294,
                "nauc_ndcg_at_1_std": -0.190233,
                "nauc_ndcg_at_1_diff1": -0.167427,
                "nauc_ndcg_at_3_max": -0.159905,
                "nauc_ndcg_at_3_std": -0.174595,
                "nauc_ndcg_at_3_diff1": -0.140185,
                "nauc_ndcg_at_5_max": -0.09893,
                "nauc_ndcg_at_5_std": -0.130619,
                "nauc_ndcg_at_5_diff1": -0.154636,
                "nauc_ndcg_at_10_max": -0.07661,
                "nauc_ndcg_at_10_std": -0.102727,
                "nauc_ndcg_at_10_diff1": -0.11834,
                "nauc_ndcg_at_20_max": -0.118757,
                "nauc_ndcg_at_20_std": -0.144896,
                "nauc_ndcg_at_20_diff1": -0.085495,
                "nauc_ndcg_at_100_max": -0.007259,
                "nauc_ndcg_at_100_std": -0.025853,
                "nauc_ndcg_at_100_diff1": -0.043099,
                "nauc_ndcg_at_1000_max": -0.056975,
                "nauc_ndcg_at_1000_std": -0.081037,
                "nauc_ndcg_at_1000_diff1": -0.066598,
                "nauc_map_at_1_max": -0.23294,
                "nauc_map_at_1_std": -0.190233,
                "nauc_map_at_1_diff1": -0.167427,
                "nauc_map_at_3_max": -0.170945,
                "nauc_map_at_3_std": -0.176982,
                "nauc_map_at_3_diff1": -0.148791,
                "nauc_map_at_5_max": -0.132343,
                "nauc_map_at_5_std": -0.149326,
                "nauc_map_at_5_diff1": -0.15757,
                "nauc_map_at_10_max": -0.115516,
                "nauc_map_at_10_std": -0.135241,
                "nauc_map_at_10_diff1": -0.140708,
                "nauc_map_at_20_max": -0.129683,
                "nauc_map_at_20_std": -0.149723,
                "nauc_map_at_20_diff1": -0.126012,
                "nauc_map_at_100_max": -0.100098,
                "nauc_map_at_100_std": -0.116882,
                "nauc_map_at_100_diff1": -0.107864,
                "nauc_map_at_1000_max": -0.102668,
                "nauc_map_at_1000_std": -0.121051,
                "nauc_map_at_1000_diff1": -0.108726,
                "nauc_recall_at_1_max": -0.23294,
                "nauc_recall_at_1_std": -0.190233,
                "nauc_recall_at_1_diff1": -0.167427,
                "nauc_recall_at_3_max": -0.13508,
                "nauc_recall_at_3_std": -0.169216,
                "nauc_recall_at_3_diff1": -0.118862,
                "nauc_recall_at_5_max": -0.021572,
                "nauc_recall_at_5_std": -0.086101,
                "nauc_recall_at_5_diff1": -0.148484,
                "nauc_recall_at_10_max": -0.016036,
                "nauc_recall_at_10_std": -0.045487,
                "nauc_recall_at_10_diff1": -0.076485,
                "nauc_recall_at_20_max": -0.117107,
                "nauc_recall_at_20_std": -0.145794,
                "nauc_recall_at_20_diff1": -0.025367,
                "nauc_recall_at_100_max": 0.055385,
                "nauc_recall_at_100_std": 0.036016,
                "nauc_recall_at_100_diff1": -0.007172,
                "nauc_recall_at_1000_max": NaN,
                "nauc_recall_at_1000_std": NaN,
                "nauc_recall_at_1000_diff1": NaN,
                "nauc_precision_at_1_max": -0.23294,
                "nauc_precision_at_1_std": -0.190233,
                "nauc_precision_at_1_diff1": -0.167427,
                "nauc_precision_at_3_max": -0.13508,
                "nauc_precision_at_3_std": -0.169216,
                "nauc_precision_at_3_diff1": -0.118862,
                "nauc_precision_at_5_max": -0.021572,
                "nauc_precision_at_5_std": -0.086101,
                "nauc_precision_at_5_diff1": -0.148484,
                "nauc_precision_at_10_max": -0.016036,
                "nauc_precision_at_10_std": -0.045487,
                "nauc_precision_at_10_diff1": -0.076485,
                "nauc_precision_at_20_max": -0.117107,
                "nauc_precision_at_20_std": -0.145794,
                "nauc_precision_at_20_diff1": -0.025367,
                "nauc_precision_at_100_max": 0.055385,
                "nauc_precision_at_100_std": 0.036016,
                "nauc_precision_at_100_diff1": -0.007172,
                "nauc_precision_at_1000_max": 1.0,
                "nauc_precision_at_1000_std": 1.0,
                "nauc_precision_at_1000_diff1": 1.0,
                "nauc_mrr_at_1_max": -0.23294,
                "nauc_mrr_at_1_std": -0.190233,
                "nauc_mrr_at_1_diff1": -0.167427,
                "nauc_mrr_at_3_max": -0.170945,
                "nauc_mrr_at_3_std": -0.176982,
                "nauc_mrr_at_3_diff1": -0.148791,
                "nauc_mrr_at_5_max": -0.132343,
                "nauc_mrr_at_5_std": -0.149326,
                "nauc_mrr_at_5_diff1": -0.15757,
                "nauc_mrr_at_10_max": -0.115516,
                "nauc_mrr_at_10_std": -0.135241,
                "nauc_mrr_at_10_diff1": -0.140708,
                "nauc_mrr_at_20_max": -0.129683,
                "nauc_mrr_at_20_std": -0.149723,
                "nauc_mrr_at_20_diff1": -0.126012,
                "nauc_mrr_at_100_max": -0.100098,
                "nauc_mrr_at_100_std": -0.116882,
                "nauc_mrr_at_100_diff1": -0.107864,
                "nauc_mrr_at_1000_max": -0.102668,
                "nauc_mrr_at_1000_std": -0.121051,
                "nauc_mrr_at_1000_diff1": -0.108726,
                "main_score": 0.01745,
                "hf_subset": "default",
                "languages": [
                    "slk-Latn"
                ]
            }
        ]
    },
    "evaluation_time": 2.603174924850464,
    "kg_co2_emissions": null
}
