{
    "dataset_revision": "c3262adb1c32ac0c3ea8de6393a44366edaa62e1",
    "task_name": "WebFAQRetrieval",
    "mteb_version": "1.39.7",
    "scores": {
        "test": [
            {
                "ndcg_at_1": 0.0,
                "ndcg_at_3": 0.0002,
                "ndcg_at_5": 0.0002,
                "ndcg_at_10": 0.0002,
                "ndcg_at_20": 0.00067,
                "ndcg_at_100": 0.00116,
                "ndcg_at_1000": 0.00497,
                "map_at_1": 0.0,
                "map_at_3": 0.00016,
                "map_at_5": 0.00016,
                "map_at_10": 0.00016,
                "map_at_20": 0.00028,
                "map_at_100": 0.00033,
                "map_at_1000": 0.00042,
                "recall_at_1": 0.0,
                "recall_at_3": 0.00032,
                "recall_at_5": 0.00032,
                "recall_at_10": 0.00032,
                "recall_at_20": 0.00222,
                "recall_at_100": 0.00507,
                "recall_at_1000": 0.03869,
                "precision_at_1": 0.0,
                "precision_at_3": 0.00011,
                "precision_at_5": 6e-05,
                "precision_at_10": 3e-05,
                "precision_at_20": 0.00011,
                "precision_at_100": 5e-05,
                "precision_at_1000": 4e-05,
                "mrr_at_1": 0.0,
                "mrr_at_3": 0.000159,
                "mrr_at_5": 0.000159,
                "mrr_at_10": 0.000159,
                "mrr_at_20": 0.00028,
                "mrr_at_100": 0.000333,
                "mrr_at_1000": 0.000419,
                "nauc_ndcg_at_1_max": NaN,
                "nauc_ndcg_at_1_std": NaN,
                "nauc_ndcg_at_1_diff1": NaN,
                "nauc_ndcg_at_3_max": -0.205784,
                "nauc_ndcg_at_3_std": -0.070606,
                "nauc_ndcg_at_3_diff1": -0.318456,
                "nauc_ndcg_at_5_max": -0.205784,
                "nauc_ndcg_at_5_std": -0.070606,
                "nauc_ndcg_at_5_diff1": -0.318456,
                "nauc_ndcg_at_10_max": -0.205784,
                "nauc_ndcg_at_10_std": -0.070606,
                "nauc_ndcg_at_10_diff1": -0.318456,
                "nauc_ndcg_at_20_max": -0.128989,
                "nauc_ndcg_at_20_std": 0.21715,
                "nauc_ndcg_at_20_diff1": 0.132928,
                "nauc_ndcg_at_100_max": -0.098157,
                "nauc_ndcg_at_100_std": 0.185125,
                "nauc_ndcg_at_100_diff1": 0.122189,
                "nauc_ndcg_at_1000_max": -0.12551,
                "nauc_ndcg_at_1000_std": 0.161055,
                "nauc_ndcg_at_1000_diff1": 0.170817,
                "nauc_map_at_1_max": NaN,
                "nauc_map_at_1_std": NaN,
                "nauc_map_at_1_diff1": NaN,
                "nauc_map_at_3_max": -0.205784,
                "nauc_map_at_3_std": -0.070606,
                "nauc_map_at_3_diff1": -0.318456,
                "nauc_map_at_5_max": -0.205784,
                "nauc_map_at_5_std": -0.070606,
                "nauc_map_at_5_diff1": -0.318456,
                "nauc_map_at_10_max": -0.205784,
                "nauc_map_at_10_std": -0.070606,
                "nauc_map_at_10_diff1": -0.318456,
                "nauc_map_at_20_max": -0.173147,
                "nauc_map_at_20_std": 0.122059,
                "nauc_map_at_20_diff1": -0.026388,
                "nauc_map_at_100_max": -0.149092,
                "nauc_map_at_100_std": 0.125654,
                "nauc_map_at_100_diff1": -0.002814,
                "nauc_map_at_1000_max": -0.14189,
                "nauc_map_at_1000_std": 0.134319,
                "nauc_map_at_1000_diff1": 0.037432,
                "nauc_recall_at_1_max": NaN,
                "nauc_recall_at_1_std": NaN,
                "nauc_recall_at_1_diff1": NaN,
                "nauc_recall_at_3_max": -0.205784,
                "nauc_recall_at_3_std": -0.070606,
                "nauc_recall_at_3_diff1": -0.318456,
                "nauc_recall_at_5_max": -0.205784,
                "nauc_recall_at_5_std": -0.070606,
                "nauc_recall_at_5_diff1": -0.318456,
                "nauc_recall_at_10_max": -0.205784,
                "nauc_recall_at_10_std": -0.070606,
                "nauc_recall_at_10_diff1": -0.318456,
                "nauc_recall_at_20_max": -0.096666,
                "nauc_recall_at_20_std": 0.267008,
                "nauc_recall_at_20_diff1": 0.221211,
                "nauc_recall_at_100_max": -0.080661,
                "nauc_recall_at_100_std": 0.19592,
                "nauc_recall_at_100_diff1": 0.154735,
                "nauc_recall_at_1000_max": -0.130306,
                "nauc_recall_at_1000_std": 0.158566,
                "nauc_recall_at_1000_diff1": 0.181994,
                "nauc_precision_at_1_max": NaN,
                "nauc_precision_at_1_std": NaN,
                "nauc_precision_at_1_diff1": NaN,
                "nauc_precision_at_3_max": -0.205784,
                "nauc_precision_at_3_std": -0.070606,
                "nauc_precision_at_3_diff1": -0.318456,
                "nauc_precision_at_5_max": -0.205784,
                "nauc_precision_at_5_std": -0.070606,
                "nauc_precision_at_5_diff1": -0.318456,
                "nauc_precision_at_10_max": -0.205784,
                "nauc_precision_at_10_std": -0.070606,
                "nauc_precision_at_10_diff1": -0.318456,
                "nauc_precision_at_20_max": -0.096666,
                "nauc_precision_at_20_std": 0.267008,
                "nauc_precision_at_20_diff1": 0.221211,
                "nauc_precision_at_100_max": -0.080661,
                "nauc_precision_at_100_std": 0.19592,
                "nauc_precision_at_100_diff1": 0.154735,
                "nauc_precision_at_1000_max": -0.130306,
                "nauc_precision_at_1000_std": 0.158566,
                "nauc_precision_at_1000_diff1": 0.181994,
                "nauc_mrr_at_1_max": NaN,
                "nauc_mrr_at_1_std": NaN,
                "nauc_mrr_at_1_diff1": NaN,
                "nauc_mrr_at_3_max": -0.205784,
                "nauc_mrr_at_3_std": -0.070606,
                "nauc_mrr_at_3_diff1": -0.318456,
                "nauc_mrr_at_5_max": -0.205784,
                "nauc_mrr_at_5_std": -0.070606,
                "nauc_mrr_at_5_diff1": -0.318456,
                "nauc_mrr_at_10_max": -0.205784,
                "nauc_mrr_at_10_std": -0.070606,
                "nauc_mrr_at_10_diff1": -0.318456,
                "nauc_mrr_at_20_max": -0.173147,
                "nauc_mrr_at_20_std": 0.122059,
                "nauc_mrr_at_20_diff1": -0.026388,
                "nauc_mrr_at_100_max": -0.149092,
                "nauc_mrr_at_100_std": 0.125654,
                "nauc_mrr_at_100_diff1": -0.002814,
                "nauc_mrr_at_1000_max": -0.141943,
                "nauc_mrr_at_1000_std": 0.134351,
                "nauc_mrr_at_1000_diff1": 0.03746,
                "main_score": 0.0002,
                "hf_subset": "slk",
                "languages": [
                    "slk-Latn"
                ]
            }
        ]
    },
    "evaluation_time": 28.84097933769226,
    "kg_co2_emissions": null
}
