{
    "dataset_revision": "c3262adb1c32ac0c3ea8de6393a44366edaa62e1",
    "task_name": "WebFAQRetrieval",
    "mteb_version": "1.39.7",
    "scores": {
        "test": [
            {
                "ndcg_at_1": 0.38471,
                "ndcg_at_3": 0.46856,
                "ndcg_at_5": 0.49347,
                "ndcg_at_10": 0.51548,
                "ndcg_at_20": 0.53266,
                "ndcg_at_100": 0.55384,
                "ndcg_at_1000": 0.56877,
                "map_at_1": 0.38471,
                "map_at_3": 0.44799,
                "map_at_5": 0.46186,
                "map_at_10": 0.47098,
                "map_at_20": 0.4757,
                "map_at_100": 0.47869,
                "map_at_1000": 0.47921,
                "recall_at_1": 0.38471,
                "recall_at_3": 0.52807,
                "recall_at_5": 0.58833,
                "recall_at_10": 0.6562,
                "recall_at_20": 0.72407,
                "recall_at_100": 0.83761,
                "recall_at_1000": 0.9575,
                "precision_at_1": 0.38471,
                "precision_at_3": 0.17602,
                "precision_at_5": 0.11767,
                "precision_at_10": 0.06562,
                "precision_at_20": 0.0362,
                "precision_at_100": 0.00838,
                "precision_at_1000": 0.00096,
                "mrr_at_1": 0.383444,
                "mrr_at_3": 0.44751,
                "mrr_at_5": 0.46099,
                "mrr_at_10": 0.470187,
                "mrr_at_20": 0.474949,
                "mrr_at_100": 0.477921,
                "mrr_at_1000": 0.478437,
                "nauc_ndcg_at_1_max": 0.332176,
                "nauc_ndcg_at_1_std": 0.082919,
                "nauc_ndcg_at_1_diff1": 0.632292,
                "nauc_ndcg_at_3_max": 0.336409,
                "nauc_ndcg_at_3_std": 0.117053,
                "nauc_ndcg_at_3_diff1": 0.582208,
                "nauc_ndcg_at_5_max": 0.336991,
                "nauc_ndcg_at_5_std": 0.124167,
                "nauc_ndcg_at_5_diff1": 0.575307,
                "nauc_ndcg_at_10_max": 0.338303,
                "nauc_ndcg_at_10_std": 0.133468,
                "nauc_ndcg_at_10_diff1": 0.571442,
                "nauc_ndcg_at_20_max": 0.338236,
                "nauc_ndcg_at_20_std": 0.137279,
                "nauc_ndcg_at_20_diff1": 0.570875,
                "nauc_ndcg_at_100_max": 0.336167,
                "nauc_ndcg_at_100_std": 0.144485,
                "nauc_ndcg_at_100_diff1": 0.572405,
                "nauc_ndcg_at_1000_max": 0.339569,
                "nauc_ndcg_at_1000_std": 0.138274,
                "nauc_ndcg_at_1000_diff1": 0.577676,
                "nauc_map_at_1_max": 0.332176,
                "nauc_map_at_1_std": 0.082919,
                "nauc_map_at_1_diff1": 0.632292,
                "nauc_map_at_3_max": 0.334607,
                "nauc_map_at_3_std": 0.107423,
                "nauc_map_at_3_diff1": 0.594722,
                "nauc_map_at_5_max": 0.334968,
                "nauc_map_at_5_std": 0.111233,
                "nauc_map_at_5_diff1": 0.591201,
                "nauc_map_at_10_max": 0.33561,
                "nauc_map_at_10_std": 0.114809,
                "nauc_map_at_10_diff1": 0.589927,
                "nauc_map_at_20_max": 0.335597,
                "nauc_map_at_20_std": 0.115683,
                "nauc_map_at_20_diff1": 0.5898,
                "nauc_map_at_100_max": 0.335296,
                "nauc_map_at_100_std": 0.116348,
                "nauc_map_at_100_diff1": 0.590124,
                "nauc_map_at_1000_max": 0.335372,
                "nauc_map_at_1000_std": 0.116146,
                "nauc_map_at_1000_diff1": 0.590293,
                "nauc_recall_at_1_max": 0.332176,
                "nauc_recall_at_1_std": 0.082919,
                "nauc_recall_at_1_diff1": 0.632292,
                "nauc_recall_at_3_max": 0.342115,
                "nauc_recall_at_3_std": 0.146339,
                "nauc_recall_at_3_diff1": 0.54475,
                "nauc_recall_at_5_max": 0.343691,
                "nauc_recall_at_5_std": 0.166412,
                "nauc_recall_at_5_diff1": 0.52409,
                "nauc_recall_at_10_max": 0.348215,
                "nauc_recall_at_10_std": 0.204601,
                "nauc_recall_at_10_diff1": 0.503575,
                "nauc_recall_at_20_max": 0.349296,
                "nauc_recall_at_20_std": 0.236168,
                "nauc_recall_at_20_diff1": 0.490335,
                "nauc_recall_at_100_max": 0.33422,
                "nauc_recall_at_100_std": 0.371223,
                "nauc_recall_at_100_diff1": 0.460151,
                "nauc_recall_at_1000_max": 0.524838,
                "nauc_recall_at_1000_std": 0.617259,
                "nauc_recall_at_1000_diff1": 0.458175,
                "nauc_precision_at_1_max": 0.332176,
                "nauc_precision_at_1_std": 0.082919,
                "nauc_precision_at_1_diff1": 0.632292,
                "nauc_precision_at_3_max": 0.342115,
                "nauc_precision_at_3_std": 0.146339,
                "nauc_precision_at_3_diff1": 0.54475,
                "nauc_precision_at_5_max": 0.343691,
                "nauc_precision_at_5_std": 0.166412,
                "nauc_precision_at_5_diff1": 0.52409,
                "nauc_precision_at_10_max": 0.348215,
                "nauc_precision_at_10_std": 0.204601,
                "nauc_precision_at_10_diff1": 0.503575,
                "nauc_precision_at_20_max": 0.349296,
                "nauc_precision_at_20_std": 0.236168,
                "nauc_precision_at_20_diff1": 0.490335,
                "nauc_precision_at_100_max": 0.33422,
                "nauc_precision_at_100_std": 0.371223,
                "nauc_precision_at_100_diff1": 0.460151,
                "nauc_precision_at_1000_max": 0.524838,
                "nauc_precision_at_1000_std": 0.617259,
                "nauc_precision_at_1000_diff1": 0.458175,
                "nauc_mrr_at_1_max": 0.331583,
                "nauc_mrr_at_1_std": 0.082549,
                "nauc_mrr_at_1_diff1": 0.6362,
                "nauc_mrr_at_3_max": 0.334229,
                "nauc_mrr_at_3_std": 0.106976,
                "nauc_mrr_at_3_diff1": 0.596331,
                "nauc_mrr_at_5_max": 0.334775,
                "nauc_mrr_at_5_std": 0.110422,
                "nauc_mrr_at_5_diff1": 0.593321,
                "nauc_mrr_at_10_max": 0.335264,
                "nauc_mrr_at_10_std": 0.11386,
                "nauc_mrr_at_10_diff1": 0.591937,
                "nauc_mrr_at_20_max": 0.335207,
                "nauc_mrr_at_20_std": 0.114634,
                "nauc_mrr_at_20_diff1": 0.591804,
                "nauc_mrr_at_100_max": 0.334929,
                "nauc_mrr_at_100_std": 0.115372,
                "nauc_mrr_at_100_diff1": 0.592113,
                "nauc_mrr_at_1000_max": 0.335004,
                "nauc_mrr_at_1000_std": 0.115169,
                "nauc_mrr_at_1000_diff1": 0.592285,
                "main_score": 0.51548,
                "hf_subset": "slk",
                "languages": [
                    "slk-Latn"
                ]
            }
        ]
    },
    "evaluation_time": 50.17390990257263,
    "kg_co2_emissions": null
}
