{
    "dataset_revision": "85d6b32f2762313714618171b9d1a65eb7408835",
    "task_name": "SlovakSumRetrieval",
    "mteb_version": "1.39.7",
    "scores": {
        "test": [
            {
                "ndcg_at_1": 0.875,
                "ndcg_at_3": 0.90817,
                "ndcg_at_5": 0.91377,
                "ndcg_at_10": 0.91822,
                "ndcg_at_20": 0.92129,
                "ndcg_at_100": 0.92546,
                "ndcg_at_1000": 0.92657,
                "map_at_1": 0.875,
                "map_at_3": 0.90056,
                "map_at_5": 0.90372,
                "map_at_10": 0.90563,
                "map_at_20": 0.90654,
                "map_at_100": 0.90705,
                "map_at_1000": 0.90709,
                "recall_at_1": 0.875,
                "recall_at_3": 0.93,
                "recall_at_5": 0.94333,
                "recall_at_10": 0.95667,
                "recall_at_20": 0.96833,
                "recall_at_100": 0.99167,
                "recall_at_1000": 1.0,
                "precision_at_1": 0.875,
                "precision_at_3": 0.31,
                "precision_at_5": 0.18867,
                "precision_at_10": 0.09567,
                "precision_at_20": 0.04842,
                "precision_at_100": 0.00992,
                "precision_at_1000": 0.001,
                "mrr_at_1": 0.875,
                "mrr_at_3": 0.900556,
                "mrr_at_5": 0.903722,
                "mrr_at_10": 0.905634,
                "mrr_at_20": 0.906542,
                "mrr_at_100": 0.907046,
                "mrr_at_1000": 0.907094,
                "nauc_ndcg_at_1_max": 0.852311,
                "nauc_ndcg_at_1_std": -0.013857,
                "nauc_ndcg_at_1_diff1": 0.935443,
                "nauc_ndcg_at_3_max": 0.870332,
                "nauc_ndcg_at_3_std": 0.060732,
                "nauc_ndcg_at_3_diff1": 0.920098,
                "nauc_ndcg_at_5_max": 0.873875,
                "nauc_ndcg_at_5_std": 0.094788,
                "nauc_ndcg_at_5_diff1": 0.926075,
                "nauc_ndcg_at_10_max": 0.874083,
                "nauc_ndcg_at_10_std": 0.100678,
                "nauc_ndcg_at_10_diff1": 0.927749,
                "nauc_ndcg_at_20_max": 0.876708,
                "nauc_ndcg_at_20_std": 0.124805,
                "nauc_ndcg_at_20_diff1": 0.928677,
                "nauc_ndcg_at_100_max": 0.871894,
                "nauc_ndcg_at_100_std": 0.097364,
                "nauc_ndcg_at_100_diff1": 0.929046,
                "nauc_ndcg_at_1000_max": 0.871133,
                "nauc_ndcg_at_1000_std": 0.084986,
                "nauc_ndcg_at_1000_diff1": 0.92838,
                "nauc_map_at_1_max": 0.852311,
                "nauc_map_at_1_std": -0.013857,
                "nauc_map_at_1_diff1": 0.935443,
                "nauc_map_at_3_max": 0.866072,
                "nauc_map_at_3_std": 0.040038,
                "nauc_map_at_3_diff1": 0.92438,
                "nauc_map_at_5_max": 0.86777,
                "nauc_map_at_5_std": 0.057031,
                "nauc_map_at_5_diff1": 0.927533,
                "nauc_map_at_10_max": 0.867736,
                "nauc_map_at_10_std": 0.058864,
                "nauc_map_at_10_diff1": 0.928173,
                "nauc_map_at_20_max": 0.868369,
                "nauc_map_at_20_std": 0.064701,
                "nauc_map_at_20_diff1": 0.928407,
                "nauc_map_at_100_max": 0.867855,
                "nauc_map_at_100_std": 0.061642,
                "nauc_map_at_100_diff1": 0.928468,
                "nauc_map_at_1000_max": 0.867828,
                "nauc_map_at_1000_std": 0.061201,
                "nauc_map_at_1000_diff1": 0.928447,
                "nauc_recall_at_1_max": 0.852311,
                "nauc_recall_at_1_std": -0.013857,
                "nauc_recall_at_1_diff1": 0.935443,
                "nauc_recall_at_3_max": 0.886844,
                "nauc_recall_at_3_std": 0.143202,
                "nauc_recall_at_3_diff1": 0.903017,
                "nauc_recall_at_5_max": 0.903128,
                "nauc_recall_at_5_std": 0.28176,
                "nauc_recall_at_5_diff1": 0.920566,
                "nauc_recall_at_10_max": 0.913093,
                "nauc_recall_at_10_std": 0.367575,
                "nauc_recall_at_10_diff1": 0.928356,
                "nauc_recall_at_20_max": 0.95098,
                "nauc_recall_at_20_std": 0.685071,
                "nauc_recall_at_20_diff1": 0.937221,
                "nauc_recall_at_100_max": 0.921569,
                "nauc_recall_at_100_std": 0.910831,
                "nauc_recall_at_100_diff1": 0.973856,
                "nauc_recall_at_1000_max": NaN,
                "nauc_recall_at_1000_std": NaN,
                "nauc_recall_at_1000_diff1": NaN,
                "nauc_precision_at_1_max": 0.852311,
                "nauc_precision_at_1_std": -0.013857,
                "nauc_precision_at_1_diff1": 0.935443,
                "nauc_precision_at_3_max": 0.886844,
                "nauc_precision_at_3_std": 0.143202,
                "nauc_precision_at_3_diff1": 0.903017,
                "nauc_precision_at_5_max": 0.903128,
                "nauc_precision_at_5_std": 0.28176,
                "nauc_precision_at_5_diff1": 0.920566,
                "nauc_precision_at_10_max": 0.913093,
                "nauc_precision_at_10_std": 0.367575,
                "nauc_precision_at_10_diff1": 0.928356,
                "nauc_precision_at_20_max": 0.95098,
                "nauc_precision_at_20_std": 0.685071,
                "nauc_precision_at_20_diff1": 0.937221,
                "nauc_precision_at_100_max": 0.921569,
                "nauc_precision_at_100_std": 0.910831,
                "nauc_precision_at_100_diff1": 0.973856,
                "nauc_precision_at_1000_max": 1.0,
                "nauc_precision_at_1000_std": 1.0,
                "nauc_precision_at_1000_diff1": 1.0,
                "nauc_mrr_at_1_max": 0.852311,
                "nauc_mrr_at_1_std": -0.013857,
                "nauc_mrr_at_1_diff1": 0.935443,
                "nauc_mrr_at_3_max": 0.866072,
                "nauc_mrr_at_3_std": 0.040038,
                "nauc_mrr_at_3_diff1": 0.92438,
                "nauc_mrr_at_5_max": 0.86777,
                "nauc_mrr_at_5_std": 0.057031,
                "nauc_mrr_at_5_diff1": 0.927533,
                "nauc_mrr_at_10_max": 0.867736,
                "nauc_mrr_at_10_std": 0.058864,
                "nauc_mrr_at_10_diff1": 0.928173,
                "nauc_mrr_at_20_max": 0.868369,
                "nauc_mrr_at_20_std": 0.064701,
                "nauc_mrr_at_20_diff1": 0.928407,
                "nauc_mrr_at_100_max": 0.867855,
                "nauc_mrr_at_100_std": 0.061642,
                "nauc_mrr_at_100_diff1": 0.928468,
                "nauc_mrr_at_1000_max": 0.867828,
                "nauc_mrr_at_1000_std": 0.061201,
                "nauc_mrr_at_1000_diff1": 0.928447,
                "main_score": 0.91822,
                "hf_subset": "default",
                "languages": [
                    "slk-Latn"
                ]
            }
        ]
    },
    "evaluation_time": 2504.910369157791,
    "kg_co2_emissions": null
}
