{
    "dataset_revision": "09f81f51dd5b8497da16d02c69c98d5cb5993ef2",
    "task_name": "SKQuadRetrieval",
    "mteb_version": "1.39.7",
    "scores": {
        "test": [
            {
                "ndcg_at_1": 0.59153,
                "ndcg_at_3": 0.63417,
                "ndcg_at_5": 0.65676,
                "ndcg_at_10": 0.6794,
                "ndcg_at_20": 0.69754,
                "ndcg_at_100": 0.71713,
                "ndcg_at_1000": 0.7259,
                "map_at_1": 0.40518,
                "map_at_3": 0.51899,
                "map_at_5": 0.53837,
                "map_at_10": 0.55402,
                "map_at_20": 0.56378,
                "map_at_100": 0.56998,
                "map_at_1000": 0.57065,
                "recall_at_1": 0.40518,
                "recall_at_3": 0.62269,
                "recall_at_5": 0.68134,
                "recall_at_10": 0.74571,
                "recall_at_20": 0.81269,
                "recall_at_100": 0.91204,
                "recall_at_1000": 0.98051,
                "accuracy": 0.40518,
                "precision_at_1": 0.60053,
                "precision_at_3": 0.32305,
                "precision_at_5": 0.21711,
                "precision_at_10": 0.12337,
                "precision_at_20": 0.07015,
                "precision_at_100": 0.01651,
                "precision_at_1000": 0.00181,
                "mrr_at_1": 0.600529,
                "mrr_at_3": 0.730012,
                "mrr_at_5": 0.741387,
                "mrr_at_10": 0.7459,
                "mrr_at_20": 0.746957,
                "mrr_at_100": 0.747338,
                "mrr_at_1000": 0.747372,
                "nauc_ndcg_at_1_max": 0.095716,
                "nauc_ndcg_at_1_std": -0.067304,
                "nauc_ndcg_at_1_diff1": 0.354123,
                "nauc_ndcg_at_3_max": 0.114111,
                "nauc_ndcg_at_3_std": -0.096562,
                "nauc_ndcg_at_3_diff1": 0.280566,
                "nauc_ndcg_at_5_max": 0.122165,
                "nauc_ndcg_at_5_std": -0.082621,
                "nauc_ndcg_at_5_diff1": 0.292301,
                "nauc_ndcg_at_10_max": 0.117194,
                "nauc_ndcg_at_10_std": -0.063724,
                "nauc_ndcg_at_10_diff1": 0.291997,
                "nauc_ndcg_at_20_max": 0.128542,
                "nauc_ndcg_at_20_std": -0.042901,
                "nauc_ndcg_at_20_diff1": 0.296364,
                "nauc_ndcg_at_100_max": 0.137731,
                "nauc_ndcg_at_100_std": -0.023278,
                "nauc_ndcg_at_100_diff1": 0.300037,
                "nauc_ndcg_at_1000_max": 0.136506,
                "nauc_ndcg_at_1000_std": -0.037855,
                "nauc_ndcg_at_1000_diff1": 0.304296,
                "nauc_map_at_1_max": 0.039258,
                "nauc_map_at_1_std": -0.103234,
                "nauc_map_at_1_diff1": 0.323829,
                "nauc_map_at_3_max": 0.055142,
                "nauc_map_at_3_std": -0.119427,
                "nauc_map_at_3_diff1": 0.272648,
                "nauc_map_at_5_max": 0.066063,
                "nauc_map_at_5_std": -0.111719,
                "nauc_map_at_5_diff1": 0.277511,
                "nauc_map_at_10_max": 0.067998,
                "nauc_map_at_10_std": -0.100389,
                "nauc_map_at_10_diff1": 0.275372,
                "nauc_map_at_20_max": 0.075055,
                "nauc_map_at_20_std": -0.09097,
                "nauc_map_at_20_diff1": 0.276982,
                "nauc_map_at_100_max": 0.078018,
                "nauc_map_at_100_std": -0.085433,
                "nauc_map_at_100_diff1": 0.278685,
                "nauc_map_at_1000_max": 0.078039,
                "nauc_map_at_1000_std": -0.086255,
                "nauc_map_at_1000_diff1": 0.279006,
                "nauc_recall_at_1_max": 0.039258,
                "nauc_recall_at_1_std": -0.103234,
                "nauc_recall_at_1_diff1": 0.323829,
                "nauc_recall_at_3_max": 0.052033,
                "nauc_recall_at_3_std": -0.113178,
                "nauc_recall_at_3_diff1": 0.183104,
                "nauc_recall_at_5_max": 0.073604,
                "nauc_recall_at_5_std": -0.077487,
                "nauc_recall_at_5_diff1": 0.184445,
                "nauc_recall_at_10_max": 0.058371,
                "nauc_recall_at_10_std": -0.017362,
                "nauc_recall_at_10_diff1": 0.151952,
                "nauc_recall_at_20_max": 0.08612,
                "nauc_recall_at_20_std": 0.069619,
                "nauc_recall_at_20_diff1": 0.144383,
                "nauc_recall_at_100_max": 0.198397,
                "nauc_recall_at_100_std": 0.400723,
                "nauc_recall_at_100_diff1": 0.114458,
                "nauc_recall_at_1000_max": 0.404796,
                "nauc_recall_at_1000_std": 0.651647,
                "nauc_recall_at_1000_diff1": 0.171137,
                "nauc_precision_at_1_max": 0.100853,
                "nauc_precision_at_1_std": -0.066935,
                "nauc_precision_at_1_diff1": 0.347122,
                "nauc_precision_at_3_max": 0.218193,
                "nauc_precision_at_3_std": -0.016957,
                "nauc_precision_at_3_diff1": 0.039788,
                "nauc_precision_at_5_max": 0.230124,
                "nauc_precision_at_5_std": 0.056838,
                "nauc_precision_at_5_diff1": -0.00049,
                "nauc_precision_at_10_max": 0.166348,
                "nauc_precision_at_10_std": 0.125527,
                "nauc_precision_at_10_diff1": -0.051863,
                "nauc_precision_at_20_max": 0.171288,
                "nauc_precision_at_20_std": 0.183652,
                "nauc_precision_at_20_diff1": -0.061722,
                "nauc_precision_at_100_max": 0.162436,
                "nauc_precision_at_100_std": 0.233302,
                "nauc_precision_at_100_diff1": -0.089925,
                "nauc_precision_at_1000_max": 0.131901,
                "nauc_precision_at_1000_std": 0.160957,
                "nauc_precision_at_1000_diff1": -0.105682,
                "nauc_mrr_at_1_max": 0.100853,
                "nauc_mrr_at_1_std": -0.066935,
                "nauc_mrr_at_1_diff1": 0.347122,
                "nauc_mrr_at_3_max": 0.181796,
                "nauc_mrr_at_3_std": -0.052102,
                "nauc_mrr_at_3_diff1": 0.321197,
                "nauc_mrr_at_5_max": 0.183326,
                "nauc_mrr_at_5_std": -0.044979,
                "nauc_mrr_at_5_diff1": 0.329804,
                "nauc_mrr_at_10_max": 0.179348,
                "nauc_mrr_at_10_std": -0.043011,
                "nauc_mrr_at_10_diff1": 0.331455,
                "nauc_mrr_at_20_max": 0.177065,
                "nauc_mrr_at_20_std": -0.042688,
                "nauc_mrr_at_20_diff1": 0.331907,
                "nauc_mrr_at_100_max": 0.176007,
                "nauc_mrr_at_100_std": -0.043565,
                "nauc_mrr_at_100_diff1": 0.331785,
                "nauc_mrr_at_1000_max": 0.175876,
                "nauc_mrr_at_1000_std": -0.043725,
                "nauc_mrr_at_1000_diff1": 0.331718,
                "cv_recall_at_1": 0.60053,
                "cv_recall_at_3": 0.88095,
                "cv_recall_at_5": 0.93034,
                "cv_recall_at_10": 0.96296,
                "cv_recall_at_20": 0.97707,
                "cv_recall_at_100": 0.9903,
                "cv_recall_at_1000": 0.99647,
                "main_score": 0.6794,
                "hf_subset": "default",
                "languages": [
                    "slk-Latn"
                ]
            }
        ]
    },
    "evaluation_time": 20.59943652153015,
    "kg_co2_emissions": null
}
