{
    "dataset_revision": "09f81f51dd5b8497da16d02c69c98d5cb5993ef2",
    "task_name": "SKQuadRetrieval",
    "mteb_version": "1.39.7",
    "scores": {
        "test": [
            {
                "ndcg_at_1": 0.54109,
                "ndcg_at_3": 0.61093,
                "ndcg_at_5": 0.6363,
                "ndcg_at_10": 0.65758,
                "ndcg_at_20": 0.67574,
                "ndcg_at_100": 0.69717,
                "ndcg_at_1000": 0.70671,
                "map_at_1": 0.37554,
                "map_at_3": 0.49804,
                "map_at_5": 0.51856,
                "map_at_10": 0.53366,
                "map_at_20": 0.5431,
                "map_at_100": 0.54971,
                "map_at_1000": 0.55039,
                "recall_at_1": 0.37554,
                "recall_at_3": 0.61249,
                "recall_at_5": 0.67444,
                "recall_at_10": 0.7359,
                "recall_at_20": 0.80092,
                "recall_at_100": 0.90994,
                "recall_at_1000": 0.98561,
                "accuracy": 0.37554,
                "precision_at_1": 0.55203,
                "precision_at_3": 0.31805,
                "precision_at_5": 0.21623,
                "precision_at_10": 0.12213,
                "precision_at_20": 0.06918,
                "precision_at_100": 0.01649,
                "precision_at_1000": 0.00182,
                "mrr_at_1": 0.552028,
                "mrr_at_3": 0.696208,
                "mrr_at_5": 0.709788,
                "mrr_at_10": 0.713922,
                "mrr_at_20": 0.715236,
                "mrr_at_100": 0.71576,
                "mrr_at_1000": 0.715814,
                "nauc_ndcg_at_1_max": 0.061274,
                "nauc_ndcg_at_1_std": -0.049187,
                "nauc_ndcg_at_1_diff1": 0.376316,
                "nauc_ndcg_at_3_max": 0.116052,
                "nauc_ndcg_at_3_std": -0.072892,
                "nauc_ndcg_at_3_diff1": 0.27765,
                "nauc_ndcg_at_5_max": 0.109057,
                "nauc_ndcg_at_5_std": -0.068134,
                "nauc_ndcg_at_5_diff1": 0.28034,
                "nauc_ndcg_at_10_max": 0.121747,
                "nauc_ndcg_at_10_std": -0.045213,
                "nauc_ndcg_at_10_diff1": 0.293083,
                "nauc_ndcg_at_20_max": 0.136551,
                "nauc_ndcg_at_20_std": -0.020806,
                "nauc_ndcg_at_20_diff1": 0.296678,
                "nauc_ndcg_at_100_max": 0.140379,
                "nauc_ndcg_at_100_std": -0.002513,
                "nauc_ndcg_at_100_diff1": 0.29658,
                "nauc_ndcg_at_1000_max": 0.133596,
                "nauc_ndcg_at_1000_std": -0.019771,
                "nauc_ndcg_at_1000_diff1": 0.303819,
                "nauc_map_at_1_max": 0.013438,
                "nauc_map_at_1_std": -0.094408,
                "nauc_map_at_1_diff1": 0.340704,
                "nauc_map_at_3_max": 0.056791,
                "nauc_map_at_3_std": -0.10018,
                "nauc_map_at_3_diff1": 0.279088,
                "nauc_map_at_5_max": 0.058936,
                "nauc_map_at_5_std": -0.095974,
                "nauc_map_at_5_diff1": 0.275063,
                "nauc_map_at_10_max": 0.070123,
                "nauc_map_at_10_std": -0.083544,
                "nauc_map_at_10_diff1": 0.280989,
                "nauc_map_at_20_max": 0.079044,
                "nauc_map_at_20_std": -0.072354,
                "nauc_map_at_20_diff1": 0.281704,
                "nauc_map_at_100_max": 0.080998,
                "nauc_map_at_100_std": -0.066461,
                "nauc_map_at_100_diff1": 0.281696,
                "nauc_map_at_1000_max": 0.080754,
                "nauc_map_at_1000_std": -0.06711,
                "nauc_map_at_1000_diff1": 0.281994,
                "nauc_recall_at_1_max": 0.013438,
                "nauc_recall_at_1_std": -0.094408,
                "nauc_recall_at_1_diff1": 0.340704,
                "nauc_recall_at_3_max": 0.082266,
                "nauc_recall_at_3_std": -0.08061,
                "nauc_recall_at_3_diff1": 0.169168,
                "nauc_recall_at_5_max": 0.066013,
                "nauc_recall_at_5_std": -0.069565,
                "nauc_recall_at_5_diff1": 0.145246,
                "nauc_recall_at_10_max": 0.101611,
                "nauc_recall_at_10_std": 0.003591,
                "nauc_recall_at_10_diff1": 0.148168,
                "nauc_recall_at_20_max": 0.159484,
                "nauc_recall_at_20_std": 0.11369,
                "nauc_recall_at_20_diff1": 0.131207,
                "nauc_recall_at_100_max": 0.266276,
                "nauc_recall_at_100_std": 0.423203,
                "nauc_recall_at_100_diff1": 0.060718,
                "nauc_recall_at_1000_max": 0.34652,
                "nauc_recall_at_1000_std": 0.603451,
                "nauc_recall_at_1000_diff1": 0.127612,
                "nauc_precision_at_1_max": 0.068449,
                "nauc_precision_at_1_std": -0.050751,
                "nauc_precision_at_1_diff1": 0.364993,
                "nauc_precision_at_3_max": 0.238604,
                "nauc_precision_at_3_std": 0.014011,
                "nauc_precision_at_3_diff1": 0.049513,
                "nauc_precision_at_5_max": 0.223494,
                "nauc_precision_at_5_std": 0.068465,
                "nauc_precision_at_5_diff1": -0.026397,
                "nauc_precision_at_10_max": 0.209566,
                "nauc_precision_at_10_std": 0.132584,
                "nauc_precision_at_10_diff1": -0.032258,
                "nauc_precision_at_20_max": 0.222921,
                "nauc_precision_at_20_std": 0.201055,
                "nauc_precision_at_20_diff1": -0.056577,
                "nauc_precision_at_100_max": 0.188388,
                "nauc_precision_at_100_std": 0.238338,
                "nauc_precision_at_100_diff1": -0.099248,
                "nauc_precision_at_1000_max": 0.138319,
                "nauc_precision_at_1000_std": 0.154084,
                "nauc_precision_at_1000_diff1": -0.102952,
                "nauc_mrr_at_1_max": 0.068449,
                "nauc_mrr_at_1_std": -0.050751,
                "nauc_mrr_at_1_diff1": 0.364993,
                "nauc_mrr_at_3_max": 0.167656,
                "nauc_mrr_at_3_std": -0.037007,
                "nauc_mrr_at_3_diff1": 0.321771,
                "nauc_mrr_at_5_max": 0.161614,
                "nauc_mrr_at_5_std": -0.033807,
                "nauc_mrr_at_5_diff1": 0.328765,
                "nauc_mrr_at_10_max": 0.162247,
                "nauc_mrr_at_10_std": -0.028948,
                "nauc_mrr_at_10_diff1": 0.333577,
                "nauc_mrr_at_20_max": 0.160734,
                "nauc_mrr_at_20_std": -0.027992,
                "nauc_mrr_at_20_diff1": 0.334137,
                "nauc_mrr_at_100_max": 0.159114,
                "nauc_mrr_at_100_std": -0.028717,
                "nauc_mrr_at_100_diff1": 0.334072,
                "nauc_mrr_at_1000_max": 0.158936,
                "nauc_mrr_at_1000_std": -0.02894,
                "nauc_mrr_at_1000_diff1": 0.33413,
                "cv_recall_at_1": 0.55203,
                "cv_recall_at_3": 0.86332,
                "cv_recall_at_5": 0.92063,
                "cv_recall_at_10": 0.94974,
                "cv_recall_at_20": 0.96737,
                "cv_recall_at_100": 0.98589,
                "cv_recall_at_1000": 0.99824,
                "main_score": 0.65758,
                "hf_subset": "default",
                "languages": [
                    "slk-Latn"
                ]
            }
        ]
    },
    "evaluation_time": 17.791802406311035,
    "kg_co2_emissions": null
}
