{
    "dataset_revision": "3997eba1c60721e34f7b01db400f5b14a40218ea",
    "task_name": "SkQuadReranking",
    "mteb_version": "1.39.7",
    "scores": {
        "test": [
            {
                "ndcg_at_1": 0.67255,
                "ndcg_at_3": 0.69366,
                "ndcg_at_5": 0.73965,
                "ndcg_at_10": 0.79628,
                "ndcg_at_20": 0.80526,
                "ndcg_at_100": 0.80526,
                "ndcg_at_1000": 0.80526,
                "map_at_1": 0.51435,
                "map_at_3": 0.63286,
                "map_at_5": 0.66727,
                "map_at_10": 0.7037,
                "map_at_20": 0.70883,
                "map_at_100": 0.70883,
                "map_at_1000": 0.70883,
                "recall_at_1": 0.51435,
                "recall_at_3": 0.73044,
                "recall_at_5": 0.82845,
                "recall_at_10": 0.97437,
                "recall_at_20": 1.0,
                "recall_at_100": 1.0,
                "recall_at_1000": 1.0,
                "accuracy": 0.51435,
                "precision_at_1": 0.67255,
                "precision_at_3": 0.33392,
                "precision_at_5": 0.23566,
                "precision_at_10": 0.14722,
                "precision_at_20": 0.07643,
                "precision_at_100": 0.01529,
                "precision_at_1000": 0.00153,
                "mrr_at_1": 0.672551,
                "mrr_at_3": 0.773757,
                "mrr_at_5": 0.78832,
                "mrr_at_10": 0.794007,
                "mrr_at_20": 0.794168,
                "mrr_at_100": 0.794168,
                "mrr_at_1000": 0.794168,
                "nauc_ndcg_at_1_max": 0.31113,
                "nauc_ndcg_at_1_std": 0.159216,
                "nauc_ndcg_at_1_diff1": 0.429702,
                "nauc_ndcg_at_3_max": 0.186831,
                "nauc_ndcg_at_3_std": 0.182935,
                "nauc_ndcg_at_3_diff1": 0.252919,
                "nauc_ndcg_at_5_max": 0.191569,
                "nauc_ndcg_at_5_std": 0.180293,
                "nauc_ndcg_at_5_diff1": 0.280357,
                "nauc_ndcg_at_10_max": 0.220223,
                "nauc_ndcg_at_10_std": 0.178369,
                "nauc_ndcg_at_10_diff1": 0.313323,
                "nauc_ndcg_at_20_max": 0.237465,
                "nauc_ndcg_at_20_std": 0.188874,
                "nauc_ndcg_at_20_diff1": 0.315504,
                "nauc_ndcg_at_100_max": 0.237465,
                "nauc_ndcg_at_100_std": 0.188874,
                "nauc_ndcg_at_100_diff1": 0.315504,
                "nauc_ndcg_at_1000_max": 0.237465,
                "nauc_ndcg_at_1000_std": 0.188874,
                "nauc_ndcg_at_1000_diff1": 0.315504,
                "nauc_map_at_1_max": 0.148339,
                "nauc_map_at_1_std": 0.099654,
                "nauc_map_at_1_diff1": 0.338292,
                "nauc_map_at_3_max": 0.156336,
                "nauc_map_at_3_std": 0.154843,
                "nauc_map_at_3_diff1": 0.264161,
                "nauc_map_at_5_max": 0.16574,
                "nauc_map_at_5_std": 0.154439,
                "nauc_map_at_5_diff1": 0.281411,
                "nauc_map_at_10_max": 0.182897,
                "nauc_map_at_10_std": 0.159077,
                "nauc_map_at_10_diff1": 0.294263,
                "nauc_map_at_20_max": 0.18928,
                "nauc_map_at_20_std": 0.163147,
                "nauc_map_at_20_diff1": 0.294605,
                "nauc_map_at_100_max": 0.18928,
                "nauc_map_at_100_std": 0.163147,
                "nauc_map_at_100_diff1": 0.294605,
                "nauc_map_at_1000_max": 0.18928,
                "nauc_map_at_1000_std": 0.163147,
                "nauc_map_at_1000_diff1": 0.294605,
                "nauc_recall_at_1_max": 0.148339,
                "nauc_recall_at_1_std": 0.099654,
                "nauc_recall_at_1_diff1": 0.338292,
                "nauc_recall_at_3_max": 0.10691,
                "nauc_recall_at_3_std": 0.177673,
                "nauc_recall_at_3_diff1": 0.130843,
                "nauc_recall_at_5_max": 0.062534,
                "nauc_recall_at_5_std": 0.151238,
                "nauc_recall_at_5_diff1": 0.139674,
                "nauc_recall_at_10_max": -0.125375,
                "nauc_recall_at_10_std": -0.041778,
                "nauc_recall_at_10_diff1": 0.1788,
                "nauc_recall_at_20_max": NaN,
                "nauc_recall_at_20_std": NaN,
                "nauc_recall_at_20_diff1": NaN,
                "nauc_recall_at_100_max": NaN,
                "nauc_recall_at_100_std": NaN,
                "nauc_recall_at_100_diff1": NaN,
                "nauc_recall_at_1000_max": NaN,
                "nauc_recall_at_1000_std": NaN,
                "nauc_recall_at_1000_diff1": NaN,
                "nauc_precision_at_1_max": 0.31113,
                "nauc_precision_at_1_std": 0.159216,
                "nauc_precision_at_1_diff1": 0.429702,
                "nauc_precision_at_3_max": 0.216369,
                "nauc_precision_at_3_std": 0.215341,
                "nauc_precision_at_3_diff1": -0.002687,
                "nauc_precision_at_5_max": 0.1498,
                "nauc_precision_at_5_std": 0.119781,
                "nauc_precision_at_5_diff1": -0.033041,
                "nauc_precision_at_10_max": 0.103043,
                "nauc_precision_at_10_std": 0.039625,
                "nauc_precision_at_10_diff1": -0.09199,
                "nauc_precision_at_20_max": 0.113606,
                "nauc_precision_at_20_std": 0.044504,
                "nauc_precision_at_20_diff1": -0.107501,
                "nauc_precision_at_100_max": 0.113606,
                "nauc_precision_at_100_std": 0.044504,
                "nauc_precision_at_100_diff1": -0.107501,
                "nauc_precision_at_1000_max": 0.113606,
                "nauc_precision_at_1000_std": 0.044504,
                "nauc_precision_at_1000_diff1": -0.107501,
                "nauc_mrr_at_1_max": 0.31113,
                "nauc_mrr_at_1_std": 0.159216,
                "nauc_mrr_at_1_diff1": 0.429702,
                "nauc_mrr_at_3_max": 0.353093,
                "nauc_mrr_at_3_std": 0.244957,
                "nauc_mrr_at_3_diff1": 0.367156,
                "nauc_mrr_at_5_max": 0.348814,
                "nauc_mrr_at_5_std": 0.241402,
                "nauc_mrr_at_5_diff1": 0.381741,
                "nauc_mrr_at_10_max": 0.344292,
                "nauc_mrr_at_10_std": 0.227039,
                "nauc_mrr_at_10_diff1": 0.387859,
                "nauc_mrr_at_20_max": 0.343826,
                "nauc_mrr_at_20_std": 0.226526,
                "nauc_mrr_at_20_diff1": 0.388036,
                "nauc_mrr_at_100_max": 0.343826,
                "nauc_mrr_at_100_std": 0.226526,
                "nauc_mrr_at_100_diff1": 0.388036,
                "nauc_mrr_at_1000_max": 0.343826,
                "nauc_mrr_at_1000_std": 0.226526,
                "nauc_mrr_at_1000_diff1": 0.388036,
                "cv_recall_at_1": 0.67255,
                "cv_recall_at_3": 0.8932,
                "cv_recall_at_5": 0.95675,
                "cv_recall_at_10": 0.99823,
                "cv_recall_at_20": 1.0,
                "cv_recall_at_100": 1.0,
                "cv_recall_at_1000": 1.0,
                "main_score": 0.70883,
                "hf_subset": "default",
                "languages": [
                    "slk-Latn"
                ]
            }
        ]
    },
    "evaluation_time": 17.171859741210938,
    "kg_co2_emissions": null
}
