{
    "dataset_revision": "82320d7f1d6561a12516605ec24f5d61aceb915c",
    "task_name": "SlovakPharmacyMojaLekarenReranking",
    "mteb_version": "1.39.7",
    "scores": {
        "test": [
            {
                "ndcg_at_1": 0.91192,
                "ndcg_at_3": 0.95903,
                "ndcg_at_5": 0.96299,
                "ndcg_at_10": 0.96299,
                "ndcg_at_20": 0.96299,
                "ndcg_at_100": 0.96299,
                "ndcg_at_1000": 0.96299,
                "map_at_1": 0.91192,
                "map_at_3": 0.94806,
                "map_at_5": 0.95029,
                "map_at_10": 0.95029,
                "map_at_20": 0.95029,
                "map_at_100": 0.95029,
                "map_at_1000": 0.95029,
                "recall_at_1": 0.91192,
                "recall_at_3": 0.99051,
                "recall_at_5": 1.0,
                "recall_at_10": 1.0,
                "recall_at_20": 1.0,
                "recall_at_100": 1.0,
                "recall_at_1000": 1.0,
                "accuracy": 0.91192,
                "precision_at_1": 0.91192,
                "precision_at_3": 0.33017,
                "precision_at_5": 0.2,
                "precision_at_10": 0.1,
                "precision_at_20": 0.05,
                "precision_at_100": 0.01,
                "precision_at_1000": 0.001,
                "mrr_at_1": 0.911924,
                "mrr_at_3": 0.948058,
                "mrr_at_5": 0.950294,
                "mrr_at_10": 0.950294,
                "mrr_at_20": 0.950294,
                "mrr_at_100": 0.950294,
                "mrr_at_1000": 0.950294,
                "nauc_ndcg_at_1_max": 0.682029,
                "nauc_ndcg_at_1_std": 0.649744,
                "nauc_ndcg_at_1_diff1": 0.855218,
                "nauc_ndcg_at_3_max": 0.739264,
                "nauc_ndcg_at_3_std": 0.712731,
                "nauc_ndcg_at_3_diff1": 0.856958,
                "nauc_ndcg_at_5_max": 0.713172,
                "nauc_ndcg_at_5_std": 0.684006,
                "nauc_ndcg_at_5_diff1": 0.85188,
                "nauc_ndcg_at_10_max": 0.713172,
                "nauc_ndcg_at_10_std": 0.684006,
                "nauc_ndcg_at_10_diff1": 0.85188,
                "nauc_ndcg_at_20_max": 0.713172,
                "nauc_ndcg_at_20_std": 0.684006,
                "nauc_ndcg_at_20_diff1": 0.85188,
                "nauc_ndcg_at_100_max": 0.713172,
                "nauc_ndcg_at_100_std": 0.684006,
                "nauc_ndcg_at_100_diff1": 0.85188,
                "nauc_ndcg_at_1000_max": 0.713172,
                "nauc_ndcg_at_1000_std": 0.684006,
                "nauc_ndcg_at_1000_diff1": 0.85188,
                "nauc_map_at_1_max": 0.682029,
                "nauc_map_at_1_std": 0.649744,
                "nauc_map_at_1_diff1": 0.855218,
                "nauc_map_at_3_max": 0.722934,
                "nauc_map_at_3_std": 0.694638,
                "nauc_map_at_3_diff1": 0.854675,
                "nauc_map_at_5_max": 0.711185,
                "nauc_map_at_5_std": 0.681794,
                "nauc_map_at_5_diff1": 0.852084,
                "nauc_map_at_10_max": 0.711185,
                "nauc_map_at_10_std": 0.681794,
                "nauc_map_at_10_diff1": 0.852084,
                "nauc_map_at_20_max": 0.711185,
                "nauc_map_at_20_std": 0.681794,
                "nauc_map_at_20_diff1": 0.852084,
                "nauc_map_at_100_max": 0.711185,
                "nauc_map_at_100_std": 0.681794,
                "nauc_map_at_100_diff1": 0.852084,
                "nauc_map_at_1000_max": 0.711185,
                "nauc_map_at_1000_std": 0.681794,
                "nauc_map_at_1000_diff1": 0.852084,
                "nauc_recall_at_1_max": 0.682029,
                "nauc_recall_at_1_std": 0.649744,
                "nauc_recall_at_1_diff1": 0.855218,
                "nauc_recall_at_3_max": 0.98132,
                "nauc_recall_at_3_std": 0.98132,
                "nauc_recall_at_3_diff1": 0.896604,
                "nauc_recall_at_5_max": NaN,
                "nauc_recall_at_5_std": NaN,
                "nauc_recall_at_5_diff1": NaN,
                "nauc_recall_at_10_max": NaN,
                "nauc_recall_at_10_std": NaN,
                "nauc_recall_at_10_diff1": NaN,
                "nauc_recall_at_20_max": NaN,
                "nauc_recall_at_20_std": NaN,
                "nauc_recall_at_20_diff1": NaN,
                "nauc_recall_at_100_max": NaN,
                "nauc_recall_at_100_std": NaN,
                "nauc_recall_at_100_diff1": NaN,
                "nauc_recall_at_1000_max": NaN,
                "nauc_recall_at_1000_std": NaN,
                "nauc_recall_at_1000_diff1": NaN,
                "nauc_precision_at_1_max": 0.682029,
                "nauc_precision_at_1_std": 0.649744,
                "nauc_precision_at_1_diff1": 0.855218,
                "nauc_precision_at_3_max": 0.98132,
                "nauc_precision_at_3_std": 0.98132,
                "nauc_precision_at_3_diff1": 0.896604,
                "nauc_precision_at_5_max": NaN,
                "nauc_precision_at_5_std": NaN,
                "nauc_precision_at_5_diff1": NaN,
                "nauc_precision_at_10_max": NaN,
                "nauc_precision_at_10_std": NaN,
                "nauc_precision_at_10_diff1": NaN,
                "nauc_precision_at_20_max": NaN,
                "nauc_precision_at_20_std": NaN,
                "nauc_precision_at_20_diff1": NaN,
                "nauc_precision_at_100_max": NaN,
                "nauc_precision_at_100_std": NaN,
                "nauc_precision_at_100_diff1": NaN,
                "nauc_precision_at_1000_max": 1.0,
                "nauc_precision_at_1000_std": 1.0,
                "nauc_precision_at_1000_diff1": 1.0,
                "nauc_mrr_at_1_max": 0.682029,
                "nauc_mrr_at_1_std": 0.649744,
                "nauc_mrr_at_1_diff1": 0.855218,
                "nauc_mrr_at_3_max": 0.722934,
                "nauc_mrr_at_3_std": 0.694638,
                "nauc_mrr_at_3_diff1": 0.854675,
                "nauc_mrr_at_5_max": 0.711185,
                "nauc_mrr_at_5_std": 0.681794,
                "nauc_mrr_at_5_diff1": 0.852084,
                "nauc_mrr_at_10_max": 0.711185,
                "nauc_mrr_at_10_std": 0.681794,
                "nauc_mrr_at_10_diff1": 0.852084,
                "nauc_mrr_at_20_max": 0.711185,
                "nauc_mrr_at_20_std": 0.681794,
                "nauc_mrr_at_20_diff1": 0.852084,
                "nauc_mrr_at_100_max": 0.711185,
                "nauc_mrr_at_100_std": 0.681794,
                "nauc_mrr_at_100_diff1": 0.852084,
                "nauc_mrr_at_1000_max": 0.711185,
                "nauc_mrr_at_1000_std": 0.681794,
                "nauc_mrr_at_1000_diff1": 0.852084,
                "cv_recall_at_1": 0.91192,
                "cv_recall_at_3": 0.99051,
                "cv_recall_at_5": 1.0,
                "cv_recall_at_10": 1.0,
                "cv_recall_at_20": 1.0,
                "cv_recall_at_100": 1.0,
                "cv_recall_at_1000": 1.0,
                "main_score": 0.95029,
                "hf_subset": "default",
                "languages": [
                    "slk-Latn"
                ]
            }
        ]
    },
    "evaluation_time": 4.376753568649292,
    "kg_co2_emissions": null
}
