{
    "dataset_revision": "faf73c5217c37e8a9ba297b8e29b25d1ccdeccae",
    "task_name": "SlovakPharmacyDrMaxReranking",
    "mteb_version": "1.39.7",
    "scores": {
        "test": [
            {
                "ndcg_at_1": 0.80945,
                "ndcg_at_3": 0.90471,
                "ndcg_at_5": 0.91726,
                "ndcg_at_10": 0.91726,
                "ndcg_at_20": 0.91726,
                "ndcg_at_100": 0.91726,
                "ndcg_at_1000": 0.91726,
                "map_at_1": 0.80945,
                "map_at_3": 0.88209,
                "map_at_5": 0.88913,
                "map_at_10": 0.88913,
                "map_at_20": 0.88913,
                "map_at_100": 0.88913,
                "map_at_1000": 0.88913,
                "recall_at_1": 0.80945,
                "recall_at_3": 0.96985,
                "recall_at_5": 1.0,
                "recall_at_10": 1.0,
                "recall_at_20": 1.0,
                "recall_at_100": 1.0,
                "recall_at_1000": 1.0,
                "accuracy": 0.80945,
                "precision_at_1": 0.80945,
                "precision_at_3": 0.32328,
                "precision_at_5": 0.2,
                "precision_at_10": 0.1,
                "precision_at_20": 0.05,
                "precision_at_100": 0.01,
                "precision_at_1000": 0.001,
                "mrr_at_1": 0.809453,
                "mrr_at_3": 0.882093,
                "mrr_at_5": 0.889129,
                "mrr_at_10": 0.889129,
                "mrr_at_20": 0.889129,
                "mrr_at_100": 0.889129,
                "mrr_at_1000": 0.889129,
                "nauc_ndcg_at_1_max": 0.616545,
                "nauc_ndcg_at_1_std": 0.578719,
                "nauc_ndcg_at_1_diff1": 0.790935,
                "nauc_ndcg_at_3_max": 0.635347,
                "nauc_ndcg_at_3_std": 0.632787,
                "nauc_ndcg_at_3_diff1": 0.774285,
                "nauc_ndcg_at_5_max": 0.62643,
                "nauc_ndcg_at_5_std": 0.603503,
                "nauc_ndcg_at_5_diff1": 0.7817,
                "nauc_ndcg_at_10_max": 0.62643,
                "nauc_ndcg_at_10_std": 0.603503,
                "nauc_ndcg_at_10_diff1": 0.7817,
                "nauc_ndcg_at_20_max": 0.62643,
                "nauc_ndcg_at_20_std": 0.603503,
                "nauc_ndcg_at_20_diff1": 0.7817,
                "nauc_ndcg_at_100_max": 0.62643,
                "nauc_ndcg_at_100_std": 0.603503,
                "nauc_ndcg_at_100_diff1": 0.7817,
                "nauc_ndcg_at_1000_max": 0.62643,
                "nauc_ndcg_at_1000_std": 0.603503,
                "nauc_ndcg_at_1000_diff1": 0.7817,
                "nauc_map_at_1_max": 0.616545,
                "nauc_map_at_1_std": 0.578719,
                "nauc_map_at_1_diff1": 0.790935,
                "nauc_map_at_3_max": 0.629891,
                "nauc_map_at_3_std": 0.615103,
                "nauc_map_at_3_diff1": 0.779094,
                "nauc_map_at_5_max": 0.625794,
                "nauc_map_at_5_std": 0.601779,
                "nauc_map_at_5_diff1": 0.78233,
                "nauc_map_at_10_max": 0.625794,
                "nauc_map_at_10_std": 0.601779,
                "nauc_map_at_10_diff1": 0.78233,
                "nauc_map_at_20_max": 0.625794,
                "nauc_map_at_20_std": 0.601779,
                "nauc_map_at_20_diff1": 0.78233,
                "nauc_map_at_100_max": 0.625794,
                "nauc_map_at_100_std": 0.601779,
                "nauc_map_at_100_diff1": 0.78233,
                "nauc_map_at_1000_max": 0.625794,
                "nauc_map_at_1000_std": 0.601779,
                "nauc_map_at_1000_diff1": 0.78233,
                "nauc_recall_at_1_max": 0.616545,
                "nauc_recall_at_1_std": 0.578719,
                "nauc_recall_at_1_diff1": 0.790935,
                "nauc_recall_at_3_max": 0.691098,
                "nauc_recall_at_3_std": 0.817535,
                "nauc_recall_at_3_diff1": 0.725185,
                "nauc_recall_at_5_max": NaN,
                "nauc_recall_at_5_std": NaN,
                "nauc_recall_at_5_diff1": NaN,
                "nauc_recall_at_10_max": NaN,
                "nauc_recall_at_10_std": NaN,
                "nauc_recall_at_10_diff1": NaN,
                "nauc_recall_at_20_max": NaN,
                "nauc_recall_at_20_std": NaN,
                "nauc_recall_at_20_diff1": NaN,
                "nauc_recall_at_100_max": NaN,
                "nauc_recall_at_100_std": NaN,
                "nauc_recall_at_100_diff1": NaN,
                "nauc_recall_at_1000_max": NaN,
                "nauc_recall_at_1000_std": NaN,
                "nauc_recall_at_1000_diff1": NaN,
                "nauc_precision_at_1_max": 0.616545,
                "nauc_precision_at_1_std": 0.578719,
                "nauc_precision_at_1_diff1": 0.790935,
                "nauc_precision_at_3_max": 0.691098,
                "nauc_precision_at_3_std": 0.817535,
                "nauc_precision_at_3_diff1": 0.725185,
                "nauc_precision_at_5_max": 1.0,
                "nauc_precision_at_5_std": 1.0,
                "nauc_precision_at_5_diff1": 1.0,
                "nauc_precision_at_10_max": 1.0,
                "nauc_precision_at_10_std": 1.0,
                "nauc_precision_at_10_diff1": 1.0,
                "nauc_precision_at_20_max": 1.0,
                "nauc_precision_at_20_std": 1.0,
                "nauc_precision_at_20_diff1": 1.0,
                "nauc_precision_at_100_max": 1.0,
                "nauc_precision_at_100_std": 1.0,
                "nauc_precision_at_100_diff1": 1.0,
                "nauc_precision_at_1000_max": 1.0,
                "nauc_precision_at_1000_std": 1.0,
                "nauc_precision_at_1000_diff1": 1.0,
                "nauc_mrr_at_1_max": 0.616545,
                "nauc_mrr_at_1_std": 0.578719,
                "nauc_mrr_at_1_diff1": 0.790935,
                "nauc_mrr_at_3_max": 0.629891,
                "nauc_mrr_at_3_std": 0.615103,
                "nauc_mrr_at_3_diff1": 0.779094,
                "nauc_mrr_at_5_max": 0.625794,
                "nauc_mrr_at_5_std": 0.601779,
                "nauc_mrr_at_5_diff1": 0.78233,
                "nauc_mrr_at_10_max": 0.625794,
                "nauc_mrr_at_10_std": 0.601779,
                "nauc_mrr_at_10_diff1": 0.78233,
                "nauc_mrr_at_20_max": 0.625794,
                "nauc_mrr_at_20_std": 0.601779,
                "nauc_mrr_at_20_diff1": 0.78233,
                "nauc_mrr_at_100_max": 0.625794,
                "nauc_mrr_at_100_std": 0.601779,
                "nauc_mrr_at_100_diff1": 0.78233,
                "nauc_mrr_at_1000_max": 0.625794,
                "nauc_mrr_at_1000_std": 0.601779,
                "nauc_mrr_at_1000_diff1": 0.78233,
                "cv_recall_at_1": 0.80945,
                "cv_recall_at_3": 0.96985,
                "cv_recall_at_5": 1.0,
                "cv_recall_at_10": 1.0,
                "cv_recall_at_20": 1.0,
                "cv_recall_at_100": 1.0,
                "cv_recall_at_1000": 1.0,
                "main_score": 0.88913,
                "hf_subset": "default",
                "languages": [
                    "slk-Latn"
                ]
            }
        ]
    },
    "evaluation_time": 19.84849190711975,
    "kg_co2_emissions": null
}
