{
    "dataset_revision": "82320d7f1d6561a12516605ec24f5d61aceb915c",
    "task_name": "SlovakPharmacyMojaLekarenReranking",
    "mteb_version": "1.39.7",
    "scores": {
        "test": [
            {
                "ndcg_at_1": 0.9065,
                "ndcg_at_3": 0.95773,
                "ndcg_at_5": 0.9617,
                "ndcg_at_10": 0.9617,
                "ndcg_at_20": 0.9617,
                "ndcg_at_100": 0.9617,
                "ndcg_at_1000": 0.9617,
                "map_at_1": 0.9065,
                "map_at_3": 0.94625,
                "map_at_5": 0.94849,
                "map_at_10": 0.94849,
                "map_at_20": 0.94849,
                "map_at_100": 0.94849,
                "map_at_1000": 0.94849,
                "recall_at_1": 0.9065,
                "recall_at_3": 0.99051,
                "recall_at_5": 1.0,
                "recall_at_10": 1.0,
                "recall_at_20": 1.0,
                "recall_at_100": 1.0,
                "recall_at_1000": 1.0,
                "accuracy": 0.9065,
                "precision_at_1": 0.9065,
                "precision_at_3": 0.33017,
                "precision_at_5": 0.2,
                "precision_at_10": 0.1,
                "precision_at_20": 0.05,
                "precision_at_100": 0.01,
                "precision_at_1000": 0.001,
                "mrr_at_1": 0.906504,
                "mrr_at_3": 0.946251,
                "mrr_at_5": 0.948487,
                "mrr_at_10": 0.948487,
                "mrr_at_20": 0.948487,
                "mrr_at_100": 0.948487,
                "mrr_at_1000": 0.948487,
                "nauc_ndcg_at_1_max": 0.660118,
                "nauc_ndcg_at_1_std": 0.549514,
                "nauc_ndcg_at_1_diff1": 0.85253,
                "nauc_ndcg_at_3_max": 0.699778,
                "nauc_ndcg_at_3_std": 0.609248,
                "nauc_ndcg_at_3_diff1": 0.838083,
                "nauc_ndcg_at_5_max": 0.680257,
                "nauc_ndcg_at_5_std": 0.57956,
                "nauc_ndcg_at_5_diff1": 0.84243,
                "nauc_ndcg_at_10_max": 0.680257,
                "nauc_ndcg_at_10_std": 0.57956,
                "nauc_ndcg_at_10_diff1": 0.84243,
                "nauc_ndcg_at_20_max": 0.680257,
                "nauc_ndcg_at_20_std": 0.57956,
                "nauc_ndcg_at_20_diff1": 0.84243,
                "nauc_ndcg_at_100_max": 0.680257,
                "nauc_ndcg_at_100_std": 0.57956,
                "nauc_ndcg_at_100_diff1": 0.84243,
                "nauc_ndcg_at_1000_max": 0.680257,
                "nauc_ndcg_at_1000_std": 0.57956,
                "nauc_ndcg_at_1000_diff1": 0.84243,
                "nauc_map_at_1_max": 0.660118,
                "nauc_map_at_1_std": 0.549514,
                "nauc_map_at_1_diff1": 0.85253,
                "nauc_map_at_3_max": 0.687539,
                "nauc_map_at_3_std": 0.590613,
                "nauc_map_at_3_diff1": 0.841117,
                "nauc_map_at_5_max": 0.678886,
                "nauc_map_at_5_std": 0.577497,
                "nauc_map_at_5_diff1": 0.843046,
                "nauc_map_at_10_max": 0.678886,
                "nauc_map_at_10_std": 0.577497,
                "nauc_map_at_10_diff1": 0.843046,
                "nauc_map_at_20_max": 0.678886,
                "nauc_map_at_20_std": 0.577497,
                "nauc_map_at_20_diff1": 0.843046,
                "nauc_map_at_100_max": 0.678886,
                "nauc_map_at_100_std": 0.577497,
                "nauc_map_at_100_diff1": 0.843046,
                "nauc_map_at_1000_max": 0.678886,
                "nauc_map_at_1000_std": 0.577497,
                "nauc_map_at_1000_diff1": 0.843046,
                "nauc_recall_at_1_max": 0.660118,
                "nauc_recall_at_1_std": 0.549514,
                "nauc_recall_at_1_diff1": 0.85253,
                "nauc_recall_at_3_max": 0.889628,
                "nauc_recall_at_3_std": 0.898947,
                "nauc_recall_at_3_diff1": 0.795551,
                "nauc_recall_at_5_max": NaN,
                "nauc_recall_at_5_std": NaN,
                "nauc_recall_at_5_diff1": NaN,
                "nauc_recall_at_10_max": NaN,
                "nauc_recall_at_10_std": NaN,
                "nauc_recall_at_10_diff1": NaN,
                "nauc_recall_at_20_max": NaN,
                "nauc_recall_at_20_std": NaN,
                "nauc_recall_at_20_diff1": NaN,
                "nauc_recall_at_100_max": NaN,
                "nauc_recall_at_100_std": NaN,
                "nauc_recall_at_100_diff1": NaN,
                "nauc_recall_at_1000_max": NaN,
                "nauc_recall_at_1000_std": NaN,
                "nauc_recall_at_1000_diff1": NaN,
                "nauc_precision_at_1_max": 0.660118,
                "nauc_precision_at_1_std": 0.549514,
                "nauc_precision_at_1_diff1": 0.85253,
                "nauc_precision_at_3_max": 0.889628,
                "nauc_precision_at_3_std": 0.898947,
                "nauc_precision_at_3_diff1": 0.795551,
                "nauc_precision_at_5_max": NaN,
                "nauc_precision_at_5_std": NaN,
                "nauc_precision_at_5_diff1": NaN,
                "nauc_precision_at_10_max": NaN,
                "nauc_precision_at_10_std": NaN,
                "nauc_precision_at_10_diff1": NaN,
                "nauc_precision_at_20_max": NaN,
                "nauc_precision_at_20_std": NaN,
                "nauc_precision_at_20_diff1": NaN,
                "nauc_precision_at_100_max": NaN,
                "nauc_precision_at_100_std": NaN,
                "nauc_precision_at_100_diff1": NaN,
                "nauc_precision_at_1000_max": 1.0,
                "nauc_precision_at_1000_std": 1.0,
                "nauc_precision_at_1000_diff1": 1.0,
                "nauc_mrr_at_1_max": 0.660118,
                "nauc_mrr_at_1_std": 0.549514,
                "nauc_mrr_at_1_diff1": 0.85253,
                "nauc_mrr_at_3_max": 0.687539,
                "nauc_mrr_at_3_std": 0.590613,
                "nauc_mrr_at_3_diff1": 0.841117,
                "nauc_mrr_at_5_max": 0.678886,
                "nauc_mrr_at_5_std": 0.577497,
                "nauc_mrr_at_5_diff1": 0.843046,
                "nauc_mrr_at_10_max": 0.678886,
                "nauc_mrr_at_10_std": 0.577497,
                "nauc_mrr_at_10_diff1": 0.843046,
                "nauc_mrr_at_20_max": 0.678886,
                "nauc_mrr_at_20_std": 0.577497,
                "nauc_mrr_at_20_diff1": 0.843046,
                "nauc_mrr_at_100_max": 0.678886,
                "nauc_mrr_at_100_std": 0.577497,
                "nauc_mrr_at_100_diff1": 0.843046,
                "nauc_mrr_at_1000_max": 0.678886,
                "nauc_mrr_at_1000_std": 0.577497,
                "nauc_mrr_at_1000_diff1": 0.843046,
                "cv_recall_at_1": 0.9065,
                "cv_recall_at_3": 0.99051,
                "cv_recall_at_5": 1.0,
                "cv_recall_at_10": 1.0,
                "cv_recall_at_20": 1.0,
                "cv_recall_at_100": 1.0,
                "cv_recall_at_1000": 1.0,
                "main_score": 0.94849,
                "hf_subset": "default",
                "languages": [
                    "slk-Latn"
                ]
            }
        ]
    },
    "evaluation_time": 4.770822048187256,
    "kg_co2_emissions": null
}
