{
    "dataset_revision": "85d6b32f2762313714618171b9d1a65eb7408835",
    "task_name": "SlovakSumRetrieval",
    "mteb_version": "1.39.7",
    "scores": {
        "test": [
            {
                "ndcg_at_1": 0.81667,
                "ndcg_at_3": 0.85909,
                "ndcg_at_5": 0.86776,
                "ndcg_at_10": 0.88023,
                "ndcg_at_20": 0.88316,
                "ndcg_at_100": 0.88785,
                "ndcg_at_1000": 0.89025,
                "map_at_1": 0.81667,
                "map_at_3": 0.84944,
                "map_at_5": 0.85411,
                "map_at_10": 0.85962,
                "map_at_20": 0.86041,
                "map_at_100": 0.86107,
                "map_at_1000": 0.86117,
                "recall_at_1": 0.81667,
                "recall_at_3": 0.88667,
                "recall_at_5": 0.90833,
                "recall_at_10": 0.945,
                "recall_at_20": 0.95667,
                "recall_at_100": 0.98167,
                "recall_at_1000": 1.0,
                "accuracy": 0.81667,
                "precision_at_1": 0.81667,
                "precision_at_3": 0.29556,
                "precision_at_5": 0.18167,
                "precision_at_10": 0.0945,
                "precision_at_20": 0.04783,
                "precision_at_100": 0.00982,
                "precision_at_1000": 0.001,
                "mrr_at_1": 0.816667,
                "mrr_at_3": 0.849444,
                "mrr_at_5": 0.854111,
                "mrr_at_10": 0.859618,
                "mrr_at_20": 0.860414,
                "mrr_at_100": 0.861075,
                "mrr_at_1000": 0.861174,
                "nauc_ndcg_at_1_max": 0.799779,
                "nauc_ndcg_at_1_std": 0.182822,
                "nauc_ndcg_at_1_diff1": 0.911335,
                "nauc_ndcg_at_3_max": 0.82925,
                "nauc_ndcg_at_3_std": 0.319669,
                "nauc_ndcg_at_3_diff1": 0.902331,
                "nauc_ndcg_at_5_max": 0.827812,
                "nauc_ndcg_at_5_std": 0.321283,
                "nauc_ndcg_at_5_diff1": 0.898167,
                "nauc_ndcg_at_10_max": 0.826581,
                "nauc_ndcg_at_10_std": 0.323787,
                "nauc_ndcg_at_10_diff1": 0.901469,
                "nauc_ndcg_at_20_max": 0.82253,
                "nauc_ndcg_at_20_std": 0.325226,
                "nauc_ndcg_at_20_diff1": 0.901886,
                "nauc_ndcg_at_100_max": 0.823626,
                "nauc_ndcg_at_100_std": 0.316285,
                "nauc_ndcg_at_100_diff1": 0.902642,
                "nauc_ndcg_at_1000_max": 0.822138,
                "nauc_ndcg_at_1000_std": 0.304578,
                "nauc_ndcg_at_1000_diff1": 0.902854,
                "nauc_map_at_1_max": 0.799779,
                "nauc_map_at_1_std": 0.182822,
                "nauc_map_at_1_diff1": 0.911335,
                "nauc_map_at_3_max": 0.821811,
                "nauc_map_at_3_std": 0.285518,
                "nauc_map_at_3_diff1": 0.904316,
                "nauc_map_at_5_max": 0.820921,
                "nauc_map_at_5_std": 0.285394,
                "nauc_map_at_5_diff1": 0.902256,
                "nauc_map_at_10_max": 0.820231,
                "nauc_map_at_10_std": 0.28528,
                "nauc_map_at_10_diff1": 0.903744,
                "nauc_map_at_20_max": 0.819268,
                "nauc_map_at_20_std": 0.285573,
                "nauc_map_at_20_diff1": 0.903854,
                "nauc_map_at_100_max": 0.819413,
                "nauc_map_at_100_std": 0.284496,
                "nauc_map_at_100_diff1": 0.903903,
                "nauc_map_at_1000_max": 0.819358,
                "nauc_map_at_1000_std": 0.284132,
                "nauc_map_at_1000_diff1": 0.903918,
                "nauc_recall_at_1_max": 0.799779,
                "nauc_recall_at_1_std": 0.182822,
                "nauc_recall_at_1_diff1": 0.911335,
                "nauc_recall_at_3_max": 0.856369,
                "nauc_recall_at_3_std": 0.443932,
                "nauc_recall_at_3_diff1": 0.89527,
                "nauc_recall_at_5_max": 0.856982,
                "nauc_recall_at_5_std": 0.475741,
                "nauc_recall_at_5_diff1": 0.879722,
                "nauc_recall_at_10_max": 0.868022,
                "nauc_recall_at_10_std": 0.588759,
                "nauc_recall_at_10_diff1": 0.886823,
                "nauc_recall_at_20_max": 0.837517,
                "nauc_recall_at_20_std": 0.670384,
                "nauc_recall_at_20_diff1": 0.887147,
                "nauc_recall_at_100_max": 0.888167,
                "nauc_recall_at_100_std": 0.842586,
                "nauc_recall_at_100_diff1": 0.89708,
                "nauc_recall_at_1000_max": NaN,
                "nauc_recall_at_1000_std": NaN,
                "nauc_recall_at_1000_diff1": NaN,
                "nauc_precision_at_1_max": 0.799779,
                "nauc_precision_at_1_std": 0.182822,
                "nauc_precision_at_1_diff1": 0.911335,
                "nauc_precision_at_3_max": 0.856369,
                "nauc_precision_at_3_std": 0.443932,
                "nauc_precision_at_3_diff1": 0.89527,
                "nauc_precision_at_5_max": 0.856982,
                "nauc_precision_at_5_std": 0.475741,
                "nauc_precision_at_5_diff1": 0.879722,
                "nauc_precision_at_10_max": 0.868022,
                "nauc_precision_at_10_std": 0.588759,
                "nauc_precision_at_10_diff1": 0.886823,
                "nauc_precision_at_20_max": 0.837517,
                "nauc_precision_at_20_std": 0.670384,
                "nauc_precision_at_20_diff1": 0.887147,
                "nauc_precision_at_100_max": 0.888167,
                "nauc_precision_at_100_std": 0.842586,
                "nauc_precision_at_100_diff1": 0.89708,
                "nauc_precision_at_1000_max": 1.0,
                "nauc_precision_at_1000_std": 1.0,
                "nauc_precision_at_1000_diff1": 1.0,
                "nauc_mrr_at_1_max": 0.799779,
                "nauc_mrr_at_1_std": 0.182822,
                "nauc_mrr_at_1_diff1": 0.911335,
                "nauc_mrr_at_3_max": 0.821811,
                "nauc_mrr_at_3_std": 0.285518,
                "nauc_mrr_at_3_diff1": 0.904316,
                "nauc_mrr_at_5_max": 0.820921,
                "nauc_mrr_at_5_std": 0.285394,
                "nauc_mrr_at_5_diff1": 0.902256,
                "nauc_mrr_at_10_max": 0.820231,
                "nauc_mrr_at_10_std": 0.28528,
                "nauc_mrr_at_10_diff1": 0.903744,
                "nauc_mrr_at_20_max": 0.819268,
                "nauc_mrr_at_20_std": 0.285573,
                "nauc_mrr_at_20_diff1": 0.903854,
                "nauc_mrr_at_100_max": 0.819413,
                "nauc_mrr_at_100_std": 0.284496,
                "nauc_mrr_at_100_diff1": 0.903903,
                "nauc_mrr_at_1000_max": 0.819358,
                "nauc_mrr_at_1000_std": 0.284132,
                "nauc_mrr_at_1000_diff1": 0.903918,
                "cv_recall_at_1": 0.81667,
                "cv_recall_at_3": 0.88667,
                "cv_recall_at_5": 0.90833,
                "cv_recall_at_10": 0.945,
                "cv_recall_at_20": 0.95667,
                "cv_recall_at_100": 0.98167,
                "cv_recall_at_1000": 1.0,
                "main_score": 0.88023,
                "hf_subset": "default",
                "languages": [
                    "slk-Latn"
                ]
            }
        ]
    },
    "evaluation_time": 1.801074504852295,
    "kg_co2_emissions": null
}
