{
    "dataset_revision": "f64f483ad0f31d2e78209d524c14a4a867965959",
    "task_name": "WebFAQRetrieval",
    "mteb_version": "1.39.7",
    "scores": {
        "test": [
            {
                "ndcg_at_1": 0.6635,
                "ndcg_at_3": 0.73958,
                "ndcg_at_5": 0.75618,
                "ndcg_at_10": 0.77101,
                "ndcg_at_20": 0.77941,
                "ndcg_at_100": 0.78888,
                "ndcg_at_1000": 0.79334,
                "map_at_1": 0.6635,
                "map_at_3": 0.7218,
                "map_at_5": 0.73101,
                "map_at_10": 0.73716,
                "map_at_20": 0.73946,
                "map_at_100": 0.74077,
                "map_at_1000": 0.74094,
                "recall_at_1": 0.6635,
                "recall_at_3": 0.79068,
                "recall_at_5": 0.83095,
                "recall_at_10": 0.87663,
                "recall_at_20": 0.90993,
                "recall_at_100": 0.96099,
                "recall_at_1000": 0.99619,
                "accuracy": 0.6635,
                "precision_at_1": 0.6635,
                "precision_at_3": 0.26356,
                "precision_at_5": 0.16619,
                "precision_at_10": 0.08766,
                "precision_at_20": 0.0455,
                "precision_at_100": 0.00961,
                "precision_at_1000": 0.001,
                "mrr_at_1": 0.663178,
                "mrr_at_3": 0.722064,
                "mrr_at_5": 0.731277,
                "mrr_at_10": 0.737434,
                "mrr_at_20": 0.739773,
                "mrr_at_100": 0.741058,
                "mrr_at_1000": 0.741225,
                "nauc_ndcg_at_1_max": 0.528905,
                "nauc_ndcg_at_1_std": -0.003174,
                "nauc_ndcg_at_1_diff1": 0.805616,
                "nauc_ndcg_at_3_max": 0.536053,
                "nauc_ndcg_at_3_std": -0.018044,
                "nauc_ndcg_at_3_diff1": 0.77003,
                "nauc_ndcg_at_5_max": 0.535032,
                "nauc_ndcg_at_5_std": -0.014703,
                "nauc_ndcg_at_5_diff1": 0.768978,
                "nauc_ndcg_at_10_max": 0.531717,
                "nauc_ndcg_at_10_std": -0.015108,
                "nauc_ndcg_at_10_diff1": 0.767956,
                "nauc_ndcg_at_20_max": 0.529153,
                "nauc_ndcg_at_20_std": -0.01331,
                "nauc_ndcg_at_20_diff1": 0.76757,
                "nauc_ndcg_at_100_max": 0.52989,
                "nauc_ndcg_at_100_std": -0.006456,
                "nauc_ndcg_at_100_diff1": 0.769652,
                "nauc_ndcg_at_1000_max": 0.53106,
                "nauc_ndcg_at_1000_std": -0.010505,
                "nauc_ndcg_at_1000_diff1": 0.773111,
                "nauc_map_at_1_max": 0.528905,
                "nauc_map_at_1_std": -0.003174,
                "nauc_map_at_1_diff1": 0.805616,
                "nauc_map_at_3_max": 0.534429,
                "nauc_map_at_3_std": -0.013623,
                "nauc_map_at_3_diff1": 0.779129,
                "nauc_map_at_5_max": 0.533873,
                "nauc_map_at_5_std": -0.011682,
                "nauc_map_at_5_diff1": 0.778838,
                "nauc_map_at_10_max": 0.532547,
                "nauc_map_at_10_std": -0.011852,
                "nauc_map_at_10_diff1": 0.778683,
                "nauc_map_at_20_max": 0.531778,
                "nauc_map_at_20_std": -0.011541,
                "nauc_map_at_20_diff1": 0.778629,
                "nauc_map_at_100_max": 0.531779,
                "nauc_map_at_100_std": -0.010784,
                "nauc_map_at_100_diff1": 0.778918,
                "nauc_map_at_1000_max": 0.531789,
                "nauc_map_at_1000_std": -0.010943,
                "nauc_map_at_1000_diff1": 0.779035,
                "nauc_recall_at_1_max": 0.528905,
                "nauc_recall_at_1_std": -0.003174,
                "nauc_recall_at_1_diff1": 0.805616,
                "nauc_recall_at_3_max": 0.541674,
                "nauc_recall_at_3_std": -0.034006,
                "nauc_recall_at_3_diff1": 0.737891,
                "nauc_recall_at_5_max": 0.539412,
                "nauc_recall_at_5_std": -0.027011,
                "nauc_recall_at_5_diff1": 0.728022,
                "nauc_recall_at_10_max": 0.524518,
                "nauc_recall_at_10_std": -0.032292,
                "nauc_recall_at_10_diff1": 0.709332,
                "nauc_recall_at_20_max": 0.503507,
                "nauc_recall_at_20_std": -0.02021,
                "nauc_recall_at_20_diff1": 0.687551,
                "nauc_recall_at_100_max": 0.497598,
                "nauc_recall_at_100_std": 0.149606,
                "nauc_recall_at_100_diff1": 0.637136,
                "nauc_recall_at_1000_max": 0.69946,
                "nauc_recall_at_1000_std": 0.128535,
                "nauc_recall_at_1000_diff1": 0.678891,
                "nauc_precision_at_1_max": 0.528905,
                "nauc_precision_at_1_std": -0.003174,
                "nauc_precision_at_1_diff1": 0.805616,
                "nauc_precision_at_3_max": 0.541674,
                "nauc_precision_at_3_std": -0.034006,
                "nauc_precision_at_3_diff1": 0.737891,
                "nauc_precision_at_5_max": 0.539412,
                "nauc_precision_at_5_std": -0.027011,
                "nauc_precision_at_5_diff1": 0.728022,
                "nauc_precision_at_10_max": 0.524518,
                "nauc_precision_at_10_std": -0.032292,
                "nauc_precision_at_10_diff1": 0.709332,
                "nauc_precision_at_20_max": 0.503507,
                "nauc_precision_at_20_std": -0.02021,
                "nauc_precision_at_20_diff1": 0.687551,
                "nauc_precision_at_100_max": 0.497598,
                "nauc_precision_at_100_std": 0.149606,
                "nauc_precision_at_100_diff1": 0.637136,
                "nauc_precision_at_1000_max": 0.69946,
                "nauc_precision_at_1000_std": 0.128535,
                "nauc_precision_at_1000_diff1": 0.678891,
                "nauc_mrr_at_1_max": 0.529201,
                "nauc_mrr_at_1_std": -0.005146,
                "nauc_mrr_at_1_diff1": 0.806244,
                "nauc_mrr_at_3_max": 0.532946,
                "nauc_mrr_at_3_std": -0.012653,
                "nauc_mrr_at_3_diff1": 0.778734,
                "nauc_mrr_at_5_max": 0.532842,
                "nauc_mrr_at_5_std": -0.011221,
                "nauc_mrr_at_5_diff1": 0.778473,
                "nauc_mrr_at_10_max": 0.531952,
                "nauc_mrr_at_10_std": -0.010935,
                "nauc_mrr_at_10_diff1": 0.778394,
                "nauc_mrr_at_20_max": 0.531064,
                "nauc_mrr_at_20_std": -0.010368,
                "nauc_mrr_at_20_diff1": 0.778311,
                "nauc_mrr_at_100_max": 0.531091,
                "nauc_mrr_at_100_std": -0.009764,
                "nauc_mrr_at_100_diff1": 0.778624,
                "nauc_mrr_at_1000_max": 0.531101,
                "nauc_mrr_at_1000_std": -0.009922,
                "nauc_mrr_at_1000_diff1": 0.77874,
                "cv_recall_at_1": 0.66318,
                "cv_recall_at_3": 0.79131,
                "cv_recall_at_5": 0.83159,
                "cv_recall_at_10": 0.87726,
                "cv_recall_at_20": 0.9112,
                "cv_recall_at_100": 0.96099,
                "cv_recall_at_1000": 0.99619,
                "main_score": 0.77101,
                "hf_subset": "slk",
                "languages": [
                    "slk-Latn"
                ]
            }
        ]
    },
    "evaluation_time": 19.762539863586426,
    "kg_co2_emissions": null
}
