{
    "dataset_revision": "f64f483ad0f31d2e78209d524c14a4a867965959",
    "task_name": "WebFAQRetrieval",
    "mteb_version": "1.39.7",
    "scores": {
        "test": [
            {
                "ndcg_at_1": 0.68157,
                "ndcg_at_3": 0.76028,
                "ndcg_at_5": 0.775,
                "ndcg_at_10": 0.78828,
                "ndcg_at_20": 0.79716,
                "ndcg_at_100": 0.80531,
                "ndcg_at_1000": 0.80886,
                "map_at_1": 0.68157,
                "map_at_3": 0.74157,
                "map_at_5": 0.74972,
                "map_at_10": 0.75523,
                "map_at_20": 0.7577,
                "map_at_100": 0.75883,
                "map_at_1000": 0.75897,
                "recall_at_1": 0.68157,
                "recall_at_3": 0.81415,
                "recall_at_5": 0.84998,
                "recall_at_10": 0.8909,
                "recall_at_20": 0.92578,
                "recall_at_100": 0.96955,
                "recall_at_1000": 0.99746,
                "accuracy": 0.68157,
                "precision_at_1": 0.68157,
                "precision_at_3": 0.27138,
                "precision_at_5": 0.17,
                "precision_at_10": 0.08909,
                "precision_at_20": 0.04629,
                "precision_at_100": 0.0097,
                "precision_at_1000": 0.001,
                "mrr_at_1": 0.681256,
                "mrr_at_3": 0.740987,
                "mrr_at_5": 0.749281,
                "mrr_at_10": 0.754775,
                "mrr_at_20": 0.757256,
                "mrr_at_100": 0.758386,
                "mrr_at_1000": 0.758521,
                "nauc_ndcg_at_1_max": 0.536482,
                "nauc_ndcg_at_1_std": 0.008943,
                "nauc_ndcg_at_1_diff1": 0.817581,
                "nauc_ndcg_at_3_max": 0.539252,
                "nauc_ndcg_at_3_std": -0.017022,
                "nauc_ndcg_at_3_diff1": 0.782814,
                "nauc_ndcg_at_5_max": 0.539238,
                "nauc_ndcg_at_5_std": -0.020012,
                "nauc_ndcg_at_5_diff1": 0.781576,
                "nauc_ndcg_at_10_max": 0.531521,
                "nauc_ndcg_at_10_std": -0.024173,
                "nauc_ndcg_at_10_diff1": 0.782276,
                "nauc_ndcg_at_20_max": 0.536427,
                "nauc_ndcg_at_20_std": -0.015171,
                "nauc_ndcg_at_20_diff1": 0.78449,
                "nauc_ndcg_at_100_max": 0.534767,
                "nauc_ndcg_at_100_std": -0.011807,
                "nauc_ndcg_at_100_diff1": 0.786431,
                "nauc_ndcg_at_1000_max": 0.536681,
                "nauc_ndcg_at_1000_std": -0.012005,
                "nauc_ndcg_at_1000_diff1": 0.788567,
                "nauc_map_at_1_max": 0.536482,
                "nauc_map_at_1_std": 0.008943,
                "nauc_map_at_1_diff1": 0.817581,
                "nauc_map_at_3_max": 0.539126,
                "nauc_map_at_3_std": -0.009763,
                "nauc_map_at_3_diff1": 0.792416,
                "nauc_map_at_5_max": 0.539265,
                "nauc_map_at_5_std": -0.010862,
                "nauc_map_at_5_diff1": 0.792053,
                "nauc_map_at_10_max": 0.536522,
                "nauc_map_at_10_std": -0.011976,
                "nauc_map_at_10_diff1": 0.792478,
                "nauc_map_at_20_max": 0.537792,
                "nauc_map_at_20_std": -0.009571,
                "nauc_map_at_20_diff1": 0.793032,
                "nauc_map_at_100_max": 0.53754,
                "nauc_map_at_100_std": -0.009226,
                "nauc_map_at_100_diff1": 0.793273,
                "nauc_map_at_1000_max": 0.537622,
                "nauc_map_at_1000_std": -0.00919,
                "nauc_map_at_1000_diff1": 0.79336,
                "nauc_recall_at_1_max": 0.536482,
                "nauc_recall_at_1_std": 0.008943,
                "nauc_recall_at_1_diff1": 0.817581,
                "nauc_recall_at_3_max": 0.539363,
                "nauc_recall_at_3_std": -0.044144,
                "nauc_recall_at_3_diff1": 0.747002,
                "nauc_recall_at_5_max": 0.538391,
                "nauc_recall_at_5_std": -0.061342,
                "nauc_recall_at_5_diff1": 0.735308,
                "nauc_recall_at_10_max": 0.495714,
                "nauc_recall_at_10_std": -0.099506,
                "nauc_recall_at_10_diff1": 0.724517,
                "nauc_recall_at_20_max": 0.525125,
                "nauc_recall_at_20_std": -0.050759,
                "nauc_recall_at_20_diff1": 0.721141,
                "nauc_recall_at_100_max": 0.46671,
                "nauc_recall_at_100_std": 0.005856,
                "nauc_recall_at_100_diff1": 0.692315,
                "nauc_recall_at_1000_max": 0.6333,
                "nauc_recall_at_1000_std": -0.07565,
                "nauc_recall_at_1000_diff1": 0.703323,
                "nauc_precision_at_1_max": 0.536482,
                "nauc_precision_at_1_std": 0.008943,
                "nauc_precision_at_1_diff1": 0.817581,
                "nauc_precision_at_3_max": 0.539363,
                "nauc_precision_at_3_std": -0.044144,
                "nauc_precision_at_3_diff1": 0.747002,
                "nauc_precision_at_5_max": 0.538391,
                "nauc_precision_at_5_std": -0.061342,
                "nauc_precision_at_5_diff1": 0.735308,
                "nauc_precision_at_10_max": 0.495714,
                "nauc_precision_at_10_std": -0.099506,
                "nauc_precision_at_10_diff1": 0.724517,
                "nauc_precision_at_20_max": 0.525125,
                "nauc_precision_at_20_std": -0.050759,
                "nauc_precision_at_20_diff1": 0.721141,
                "nauc_precision_at_100_max": 0.46671,
                "nauc_precision_at_100_std": 0.005856,
                "nauc_precision_at_100_diff1": 0.692315,
                "nauc_precision_at_1000_max": 0.6333,
                "nauc_precision_at_1000_std": -0.07565,
                "nauc_precision_at_1000_diff1": 0.703323,
                "nauc_mrr_at_1_max": 0.536553,
                "nauc_mrr_at_1_std": 0.009866,
                "nauc_mrr_at_1_diff1": 0.818225,
                "nauc_mrr_at_3_max": 0.539513,
                "nauc_mrr_at_3_std": -0.009505,
                "nauc_mrr_at_3_diff1": 0.793337,
                "nauc_mrr_at_5_max": 0.53942,
                "nauc_mrr_at_5_std": -0.010566,
                "nauc_mrr_at_5_diff1": 0.792802,
                "nauc_mrr_at_10_max": 0.536737,
                "nauc_mrr_at_10_std": -0.011929,
                "nauc_mrr_at_10_diff1": 0.793253,
                "nauc_mrr_at_20_max": 0.537963,
                "nauc_mrr_at_20_std": -0.009545,
                "nauc_mrr_at_20_diff1": 0.793792,
                "nauc_mrr_at_100_max": 0.537741,
                "nauc_mrr_at_100_std": -0.009088,
                "nauc_mrr_at_100_diff1": 0.794062,
                "nauc_mrr_at_1000_max": 0.537822,
                "nauc_mrr_at_1000_std": -0.009051,
                "nauc_mrr_at_1000_diff1": 0.794148,
                "cv_recall_at_1": 0.68126,
                "cv_recall_at_3": 0.81319,
                "cv_recall_at_5": 0.84967,
                "cv_recall_at_10": 0.89058,
                "cv_recall_at_20": 0.92578,
                "cv_recall_at_100": 0.96955,
                "cv_recall_at_1000": 0.99746,
                "main_score": 0.78828,
                "hf_subset": "slk",
                "languages": [
                    "slk-Latn"
                ]
            }
        ]
    },
    "evaluation_time": 22.66076374053955,
    "kg_co2_emissions": null
}
