{
  "dataset_revision": "6448ea012b1b7caa3d55cb747b58cda1d7edc714",
  "task_name": "SlovakPharmacyDrMaxReranking",
  "mteb_version": "1.39.7",
  "scores": {
    "test": [
      {
        "ndcg_at_1": 0.85073,
        "ndcg_at_3": 0.9235,
        "ndcg_at_5": 0.93446,
        "ndcg_at_10": 0.93446,
        "ndcg_at_20": 0.93446,
        "ndcg_at_100": 0.93446,
        "ndcg_at_1000": 0.93446,
        "map_at_1": 0.85073,
        "map_at_3": 0.90615,
        "map_at_5": 0.91226,
        "map_at_10": 0.91226,
        "map_at_20": 0.91226,
        "map_at_100": 0.91226,
        "map_at_1000": 0.91226,
        "recall_at_1": 0.85073,
        "recall_at_3": 0.97348,
        "recall_at_5": 1.0,
        "recall_at_10": 1.0,
        "recall_at_20": 1.0,
        "recall_at_100": 1.0,
        "recall_at_1000": 1.0,
        "accuracy": 0.85073,
        "precision_at_1": 0.85073,
        "precision_at_3": 0.32449,
        "precision_at_5": 0.2,
        "precision_at_10": 0.1,
        "precision_at_20": 0.05,
        "precision_at_100": 0.01,
        "precision_at_1000": 0.001,
        "mrr_at_1": 0.850727,
        "mrr_at_3": 0.906152,
        "mrr_at_5": 0.912258,
        "mrr_at_10": 0.912258,
        "mrr_at_20": 0.912258,
        "mrr_at_100": 0.912258,
        "mrr_at_1000": 0.912258,
        "nauc_ndcg_at_1_max": 0.698711,
        "nauc_ndcg_at_1_std": 0.608667,
        "nauc_ndcg_at_1_diff1": 0.814253,
        "nauc_ndcg_at_3_max": 0.720479,
        "nauc_ndcg_at_3_std": 0.658462,
        "nauc_ndcg_at_3_diff1": 0.800463,
        "nauc_ndcg_at_5_max": 0.709301,
        "nauc_ndcg_at_5_std": 0.633081,
        "nauc_ndcg_at_5_diff1": 0.807282,
        "nauc_ndcg_at_10_max": 0.709301,
        "nauc_ndcg_at_10_std": 0.633081,
        "nauc_ndcg_at_10_diff1": 0.807282,
        "nauc_ndcg_at_20_max": 0.709301,
        "nauc_ndcg_at_20_std": 0.633081,
        "nauc_ndcg_at_20_diff1": 0.807282,
        "nauc_ndcg_at_100_max": 0.709301,
        "nauc_ndcg_at_100_std": 0.633081,
        "nauc_ndcg_at_100_diff1": 0.807282,
        "nauc_ndcg_at_1000_max": 0.709301,
        "nauc_ndcg_at_1000_std": 0.633081,
        "nauc_ndcg_at_1000_diff1": 0.807282,
        "nauc_map_at_1_max": 0.698711,
        "nauc_map_at_1_std": 0.608667,
        "nauc_map_at_1_diff1": 0.814253,
        "nauc_map_at_3_max": 0.713726,
        "nauc_map_at_3_std": 0.642855,
        "nauc_map_at_3_diff1": 0.804624,
        "nauc_map_at_5_max": 0.708589,
        "nauc_map_at_5_std": 0.63139,
        "nauc_map_at_5_diff1": 0.807746,
        "nauc_map_at_10_max": 0.708589,
        "nauc_map_at_10_std": 0.63139,
        "nauc_map_at_10_diff1": 0.807746,
        "nauc_map_at_20_max": 0.708589,
        "nauc_map_at_20_std": 0.63139,
        "nauc_map_at_20_diff1": 0.807746,
        "nauc_map_at_100_max": 0.708589,
        "nauc_map_at_100_std": 0.63139,
        "nauc_map_at_100_diff1": 0.807746,
        "nauc_map_at_1000_max": 0.708589,
        "nauc_map_at_1000_std": 0.63139,
        "nauc_map_at_1000_diff1": 0.807746,
        "nauc_recall_at_1_max": 0.698711,
        "nauc_recall_at_1_std": 0.608667,
        "nauc_recall_at_1_diff1": 0.814253,
        "nauc_recall_at_3_max": 0.784937,
        "nauc_recall_at_3_std": 0.807703,
        "nauc_recall_at_3_diff1": 0.76095,
        "nauc_recall_at_5_max": NaN,
        "nauc_recall_at_5_std": NaN,
        "nauc_recall_at_5_diff1": NaN,
        "nauc_recall_at_10_max": NaN,
        "nauc_recall_at_10_std": NaN,
        "nauc_recall_at_10_diff1": NaN,
        "nauc_recall_at_20_max": NaN,
        "nauc_recall_at_20_std": NaN,
        "nauc_recall_at_20_diff1": NaN,
        "nauc_recall_at_100_max": NaN,
        "nauc_recall_at_100_std": NaN,
        "nauc_recall_at_100_diff1": NaN,
        "nauc_recall_at_1000_max": NaN,
        "nauc_recall_at_1000_std": NaN,
        "nauc_recall_at_1000_diff1": NaN,
        "nauc_precision_at_1_max": 0.698711,
        "nauc_precision_at_1_std": 0.608667,
        "nauc_precision_at_1_diff1": 0.814253,
        "nauc_precision_at_3_max": 0.784937,
        "nauc_precision_at_3_std": 0.807703,
        "nauc_precision_at_3_diff1": 0.76095,
        "nauc_precision_at_5_max": 1.0,
        "nauc_precision_at_5_std": 1.0,
        "nauc_precision_at_5_diff1": 1.0,
        "nauc_precision_at_10_max": 1.0,
        "nauc_precision_at_10_std": 1.0,
        "nauc_precision_at_10_diff1": 1.0,
        "nauc_precision_at_20_max": 1.0,
        "nauc_precision_at_20_std": 1.0,
        "nauc_precision_at_20_diff1": 1.0,
        "nauc_precision_at_100_max": 1.0,
        "nauc_precision_at_100_std": 1.0,
        "nauc_precision_at_100_diff1": 1.0,
        "nauc_precision_at_1000_max": 1.0,
        "nauc_precision_at_1000_std": 1.0,
        "nauc_precision_at_1000_diff1": 1.0,
        "nauc_mrr_at_1_max": 0.698711,
        "nauc_mrr_at_1_std": 0.608667,
        "nauc_mrr_at_1_diff1": 0.814253,
        "nauc_mrr_at_3_max": 0.713726,
        "nauc_mrr_at_3_std": 0.642855,
        "nauc_mrr_at_3_diff1": 0.804624,
        "nauc_mrr_at_5_max": 0.708589,
        "nauc_mrr_at_5_std": 0.63139,
        "nauc_mrr_at_5_diff1": 0.807746,
        "nauc_mrr_at_10_max": 0.708589,
        "nauc_mrr_at_10_std": 0.63139,
        "nauc_mrr_at_10_diff1": 0.807746,
        "nauc_mrr_at_20_max": 0.708589,
        "nauc_mrr_at_20_std": 0.63139,
        "nauc_mrr_at_20_diff1": 0.807746,
        "nauc_mrr_at_100_max": 0.708589,
        "nauc_mrr_at_100_std": 0.63139,
        "nauc_mrr_at_100_diff1": 0.807746,
        "nauc_mrr_at_1000_max": 0.708589,
        "nauc_mrr_at_1000_std": 0.63139,
        "nauc_mrr_at_1000_diff1": 0.807746,
        "cv_recall_at_1": 0.85073,
        "cv_recall_at_3": 0.97348,
        "cv_recall_at_5": 1.0,
        "cv_recall_at_10": 1.0,
        "cv_recall_at_20": 1.0,
        "cv_recall_at_100": 1.0,
        "cv_recall_at_1000": 1.0,
        "main_score": 0.91226,
        "hf_subset": "default",
        "languages": [
          "slk-Latn"
        ]
      }
    ]
  },
  "evaluation_time": 187.79725861549377,
  "kg_co2_emissions": null
}