{
  "dataset_revision": "f64f483ad0f31d2e78209d524c14a4a867965959",
  "task_name": "WebFAQRetrieval",
  "mteb_version": "1.39.7",
  "scores": {
    "test": [
      {
        "ndcg_at_1": 0.77228,
        "ndcg_at_3": 0.84317,
        "ndcg_at_5": 0.85567,
        "ndcg_at_10": 0.86507,
        "ndcg_at_20": 0.8697,
        "ndcg_at_100": 0.87426,
        "ndcg_at_1000": 0.8752,
        "map_at_1": 0.77228,
        "map_at_3": 0.82646,
        "map_at_5": 0.83345,
        "map_at_10": 0.83737,
        "map_at_20": 0.83867,
        "map_at_100": 0.83929,
        "map_at_1000": 0.83934,
        "recall_at_1": 0.77228,
        "recall_at_3": 0.89121,
        "recall_at_5": 0.92134,
        "recall_at_10": 0.95021,
        "recall_at_20": 0.96828,
        "recall_at_100": 0.99302,
        "recall_at_1000": 1.0,
        "accuracy": 0.77228,
        "precision_at_1": 0.77228,
        "precision_at_3": 0.29707,
        "precision_at_5": 0.18427,
        "precision_at_10": 0.09502,
        "precision_at_20": 0.04841,
        "precision_at_100": 0.00993,
        "precision_at_1000": 0.001,
        "mrr_at_1": 0.771963,
        "mrr_at_3": 0.826673,
        "mrr_at_5": 0.833365,
        "mrr_at_10": 0.837309,
        "mrr_at_20": 0.838545,
        "mrr_at_100": 0.839217,
        "mrr_at_1000": 0.839262,
        "nauc_ndcg_at_1_max": 0.479506,
        "nauc_ndcg_at_1_std": -0.109142,
        "nauc_ndcg_at_1_diff1": 0.84557,
        "nauc_ndcg_at_3_max": 0.465533,
        "nauc_ndcg_at_3_std": -0.177018,
        "nauc_ndcg_at_3_diff1": 0.826887,
        "nauc_ndcg_at_5_max": 0.466581,
        "nauc_ndcg_at_5_std": -0.174691,
        "nauc_ndcg_at_5_diff1": 0.827768,
        "nauc_ndcg_at_10_max": 0.461411,
        "nauc_ndcg_at_10_std": -0.179862,
        "nauc_ndcg_at_10_diff1": 0.831951,
        "nauc_ndcg_at_20_max": 0.464445,
        "nauc_ndcg_at_20_std": -0.179383,
        "nauc_ndcg_at_20_diff1": 0.835508,
        "nauc_ndcg_at_100_max": 0.465484,
        "nauc_ndcg_at_100_std": -0.166853,
        "nauc_ndcg_at_100_diff1": 0.834627,
        "nauc_ndcg_at_1000_max": 0.466231,
        "nauc_ndcg_at_1000_std": -0.16484,
        "nauc_ndcg_at_1000_diff1": 0.834222,
        "nauc_map_at_1_max": 0.479506,
        "nauc_map_at_1_std": -0.109142,
        "nauc_map_at_1_diff1": 0.84557,
        "nauc_map_at_3_max": 0.468919,
        "nauc_map_at_3_std": -0.157525,
        "nauc_map_at_3_diff1": 0.832092,
        "nauc_map_at_5_max": 0.469572,
        "nauc_map_at_5_std": -0.155437,
        "nauc_map_at_5_diff1": 0.832591,
        "nauc_map_at_10_max": 0.467771,
        "nauc_map_at_10_std": -0.156899,
        "nauc_map_at_10_diff1": 0.834202,
        "nauc_map_at_20_max": 0.468472,
        "nauc_map_at_20_std": -0.156663,
        "nauc_map_at_20_diff1": 0.835059,
        "nauc_map_at_100_max": 0.468437,
        "nauc_map_at_100_std": -0.155365,
        "nauc_map_at_100_diff1": 0.834948,
        "nauc_map_at_1000_max": 0.468479,
        "nauc_map_at_1000_std": -0.155284,
        "nauc_map_at_1000_diff1": 0.834934,
        "nauc_recall_at_1_max": 0.479506,
        "nauc_recall_at_1_std": -0.109142,
        "nauc_recall_at_1_diff1": 0.84557,
        "nauc_recall_at_3_max": 0.451408,
        "nauc_recall_at_3_std": -0.260744,
        "nauc_recall_at_3_diff1": 0.804643,
        "nauc_recall_at_5_max": 0.450622,
        "nauc_recall_at_5_std": -0.282758,
        "nauc_recall_at_5_diff1": 0.801402,
        "nauc_recall_at_10_max": 0.402226,
        "nauc_recall_at_10_std": -0.383147,
        "nauc_recall_at_10_diff1": 0.818317,
        "nauc_recall_at_20_max": 0.415416,
        "nauc_recall_at_20_std": -0.489756,
        "nauc_recall_at_20_diff1": 0.862986,
        "nauc_recall_at_100_max": 0.385958,
        "nauc_recall_at_100_std": -0.409451,
        "nauc_recall_at_100_diff1": 0.885413,
        "nauc_recall_at_1000_max": NaN,
        "nauc_recall_at_1000_std": NaN,
        "nauc_recall_at_1000_diff1": NaN,
        "nauc_precision_at_1_max": 0.479506,
        "nauc_precision_at_1_std": -0.109142,
        "nauc_precision_at_1_diff1": 0.84557,
        "nauc_precision_at_3_max": 0.451408,
        "nauc_precision_at_3_std": -0.260744,
        "nauc_precision_at_3_diff1": 0.804643,
        "nauc_precision_at_5_max": 0.450622,
        "nauc_precision_at_5_std": -0.282758,
        "nauc_precision_at_5_diff1": 0.801402,
        "nauc_precision_at_10_max": 0.402226,
        "nauc_precision_at_10_std": -0.383147,
        "nauc_precision_at_10_diff1": 0.818317,
        "nauc_precision_at_20_max": 0.415416,
        "nauc_precision_at_20_std": -0.489756,
        "nauc_precision_at_20_diff1": 0.862986,
        "nauc_precision_at_100_max": 0.385958,
        "nauc_precision_at_100_std": -0.409451,
        "nauc_precision_at_100_diff1": 0.885413,
        "nauc_precision_at_1000_max": NaN,
        "nauc_precision_at_1000_std": NaN,
        "nauc_precision_at_1000_diff1": NaN,
        "nauc_mrr_at_1_max": 0.479524,
        "nauc_mrr_at_1_std": -0.108983,
        "nauc_mrr_at_1_diff1": 0.846166,
        "nauc_mrr_at_3_max": 0.469769,
        "nauc_mrr_at_3_std": -0.157709,
        "nauc_mrr_at_3_diff1": 0.83206,
        "nauc_mrr_at_5_max": 0.470386,
        "nauc_mrr_at_5_std": -0.156348,
        "nauc_mrr_at_5_diff1": 0.832994,
        "nauc_mrr_at_10_max": 0.468388,
        "nauc_mrr_at_10_std": -0.158294,
        "nauc_mrr_at_10_diff1": 0.834689,
        "nauc_mrr_at_20_max": 0.469372,
        "nauc_mrr_at_20_std": -0.157959,
        "nauc_mrr_at_20_diff1": 0.835485,
        "nauc_mrr_at_100_max": 0.469164,
        "nauc_mrr_at_100_std": -0.156677,
        "nauc_mrr_at_100_diff1": 0.835384,
        "nauc_mrr_at_1000_max": 0.469207,
        "nauc_mrr_at_1000_std": -0.156596,
        "nauc_mrr_at_1000_diff1": 0.835371,
        "cv_recall_at_1": 0.77196,
        "cv_recall_at_3": 0.89185,
        "cv_recall_at_5": 0.92071,
        "cv_recall_at_10": 0.94989,
        "cv_recall_at_20": 0.96702,
        "cv_recall_at_100": 0.99302,
        "cv_recall_at_1000": 1.0,
        "main_score": 0.86507,
        "hf_subset": "slk",
        "languages": [
          "slk-Latn"
        ]
      }
    ]
  },
  "evaluation_time": 224.7839686870575,
  "kg_co2_emissions": null
}