{
    "dataset_revision": "09f81f51dd5b8497da16d02c69c98d5cb5993ef2",
    "task_name": "SKQuadRetrieval",
    "mteb_version": "1.39.7",
    "scores": {
        "test": [
            {
                "ndcg_at_1": 0.52222,
                "ndcg_at_3": 0.60263,
                "ndcg_at_5": 0.63145,
                "ndcg_at_10": 0.65526,
                "ndcg_at_20": 0.67556,
                "ndcg_at_100": 0.69696,
                "ndcg_at_1000": 0.70403,
                "map_at_1": 0.35758,
                "map_at_3": 0.48667,
                "map_at_5": 0.51051,
                "map_at_10": 0.5267,
                "map_at_20": 0.53728,
                "map_at_100": 0.54403,
                "map_at_1000": 0.54461,
                "recall_at_1": 0.35758,
                "recall_at_3": 0.609,
                "recall_at_5": 0.67986,
                "recall_at_10": 0.74873,
                "recall_at_20": 0.82377,
                "recall_at_100": 0.933,
                "recall_at_1000": 0.98927,
                "precision_at_1": 0.53263,
                "precision_at_3": 0.31805,
                "precision_at_5": 0.21905,
                "precision_at_10": 0.12443,
                "precision_at_20": 0.0713,
                "precision_at_100": 0.01694,
                "precision_at_1000": 0.00183,
                "mrr_at_1": 0.532628,
                "mrr_at_3": 0.687684,
                "mrr_at_5": 0.700867,
                "mrr_at_10": 0.705949,
                "mrr_at_20": 0.707089,
                "mrr_at_100": 0.707475,
                "mrr_at_1000": 0.70749,
                "nauc_ndcg_at_1_max": 0.078294,
                "nauc_ndcg_at_1_std": -0.156249,
                "nauc_ndcg_at_1_diff1": 0.298376,
                "nauc_ndcg_at_3_max": 0.107426,
                "nauc_ndcg_at_3_std": -0.217093,
                "nauc_ndcg_at_3_diff1": 0.175313,
                "nauc_ndcg_at_5_max": 0.087031,
                "nauc_ndcg_at_5_std": -0.222954,
                "nauc_ndcg_at_5_diff1": 0.190924,
                "nauc_ndcg_at_10_max": 0.083072,
                "nauc_ndcg_at_10_std": -0.197689,
                "nauc_ndcg_at_10_diff1": 0.189252,
                "nauc_ndcg_at_20_max": 0.091834,
                "nauc_ndcg_at_20_std": -0.172852,
                "nauc_ndcg_at_20_diff1": 0.191883,
                "nauc_ndcg_at_100_max": 0.106562,
                "nauc_ndcg_at_100_std": -0.156863,
                "nauc_ndcg_at_100_diff1": 0.204644,
                "nauc_ndcg_at_1000_max": 0.10856,
                "nauc_ndcg_at_1000_std": -0.168652,
                "nauc_ndcg_at_1000_diff1": 0.208517,
                "nauc_map_at_1_max": -0.001812,
                "nauc_map_at_1_std": -0.180287,
                "nauc_map_at_1_diff1": 0.273431,
                "nauc_map_at_3_max": 0.029563,
                "nauc_map_at_3_std": -0.215562,
                "nauc_map_at_3_diff1": 0.186147,
                "nauc_map_at_5_max": 0.027326,
                "nauc_map_at_5_std": -0.219401,
                "nauc_map_at_5_diff1": 0.19169,
                "nauc_map_at_10_max": 0.031378,
                "nauc_map_at_10_std": -0.210497,
                "nauc_map_at_10_diff1": 0.190476,
                "nauc_map_at_20_max": 0.038208,
                "nauc_map_at_20_std": -0.200538,
                "nauc_map_at_20_diff1": 0.190694,
                "nauc_map_at_100_max": 0.043675,
                "nauc_map_at_100_std": -0.194759,
                "nauc_map_at_100_diff1": 0.193194,
                "nauc_map_at_1000_max": 0.043871,
                "nauc_map_at_1000_std": -0.195147,
                "nauc_map_at_1000_diff1": 0.193341,
                "nauc_recall_at_1_max": -0.001812,
                "nauc_recall_at_1_std": -0.180287,
                "nauc_recall_at_1_diff1": 0.273431,
                "nauc_recall_at_3_max": 0.038155,
                "nauc_recall_at_3_std": -0.219158,
                "nauc_recall_at_3_diff1": 0.0685,
                "nauc_recall_at_5_max": -0.010251,
                "nauc_recall_at_5_std": -0.223825,
                "nauc_recall_at_5_diff1": 0.071251,
                "nauc_recall_at_10_max": -0.035929,
                "nauc_recall_at_10_std": -0.14899,
                "nauc_recall_at_10_diff1": 0.03473,
                "nauc_recall_at_20_max": -0.036049,
                "nauc_recall_at_20_std": -0.031354,
                "nauc_recall_at_20_diff1": 0.002864,
                "nauc_recall_at_100_max": 0.033432,
                "nauc_recall_at_100_std": 0.279373,
                "nauc_recall_at_100_diff1": 0.00744,
                "nauc_recall_at_1000_max": 0.059831,
                "nauc_recall_at_1000_std": 0.399508,
                "nauc_recall_at_1000_diff1": 0.063764,
                "nauc_precision_at_1_max": 0.093617,
                "nauc_precision_at_1_std": -0.151412,
                "nauc_precision_at_1_diff1": 0.291875,
                "nauc_precision_at_3_max": 0.326199,
                "nauc_precision_at_3_std": -0.096726,
                "nauc_precision_at_3_diff1": -0.061378,
                "nauc_precision_at_5_max": 0.274462,
                "nauc_precision_at_5_std": -0.011887,
                "nauc_precision_at_5_diff1": -0.052688,
                "nauc_precision_at_10_max": 0.236951,
                "nauc_precision_at_10_std": 0.075023,
                "nauc_precision_at_10_diff1": -0.084853,
                "nauc_precision_at_20_max": 0.229084,
                "nauc_precision_at_20_std": 0.170308,
                "nauc_precision_at_20_diff1": -0.093696,
                "nauc_precision_at_100_max": 0.242367,
                "nauc_precision_at_100_std": 0.244192,
                "nauc_precision_at_100_diff1": -0.071504,
                "nauc_precision_at_1000_max": 0.233107,
                "nauc_precision_at_1000_std": 0.197666,
                "nauc_precision_at_1000_diff1": -0.068073,
                "nauc_mrr_at_1_max": 0.093617,
                "nauc_mrr_at_1_std": -0.151412,
                "nauc_mrr_at_1_diff1": 0.291875,
                "nauc_mrr_at_3_max": 0.190294,
                "nauc_mrr_at_3_std": -0.192651,
                "nauc_mrr_at_3_diff1": 0.232237,
                "nauc_mrr_at_5_max": 0.181253,
                "nauc_mrr_at_5_std": -0.18719,
                "nauc_mrr_at_5_diff1": 0.24099,
                "nauc_mrr_at_10_max": 0.176237,
                "nauc_mrr_at_10_std": -0.177412,
                "nauc_mrr_at_10_diff1": 0.240818,
                "nauc_mrr_at_20_max": 0.174569,
                "nauc_mrr_at_20_std": -0.176037,
                "nauc_mrr_at_20_diff1": 0.241663,
                "nauc_mrr_at_100_max": 0.173904,
                "nauc_mrr_at_100_std": -0.176633,
                "nauc_mrr_at_100_diff1": 0.242438,
                "nauc_mrr_at_1000_max": 0.173852,
                "nauc_mrr_at_1000_std": -0.176704,
                "nauc_mrr_at_1000_diff1": 0.242475,
                "main_score": 0.65526,
                "hf_subset": "default",
                "languages": [
                    "slk-Latn"
                ]
            }
        ]
    },
    "evaluation_time": 20.18187117576599,
    "kg_co2_emissions": null
}
