{
    "dataset_revision": "85d6b32f2762313714618171b9d1a65eb7408835",
    "task_name": "SlovakSumRetrieval",
    "mteb_version": "1.39.7",
    "scores": {
        "test": [
            {
                "ndcg_at_1": 0.90667,
                "ndcg_at_3": 0.92998,
                "ndcg_at_5": 0.93471,
                "ndcg_at_10": 0.93969,
                "ndcg_at_20": 0.94184,
                "ndcg_at_100": 0.94441,
                "ndcg_at_1000": 0.94521,
                "map_at_1": 0.90667,
                "map_at_3": 0.92472,
                "map_at_5": 0.92731,
                "map_at_10": 0.92944,
                "map_at_20": 0.93005,
                "map_at_100": 0.93044,
                "map_at_1000": 0.93046,
                "recall_at_1": 0.90667,
                "recall_at_3": 0.945,
                "recall_at_5": 0.95667,
                "recall_at_10": 0.97167,
                "recall_at_20": 0.98,
                "recall_at_100": 0.99333,
                "recall_at_1000": 1.0,
                "precision_at_1": 0.90667,
                "precision_at_3": 0.315,
                "precision_at_5": 0.19133,
                "precision_at_10": 0.09717,
                "precision_at_20": 0.049,
                "precision_at_100": 0.00993,
                "precision_at_1000": 0.001,
                "mrr_at_1": 0.906667,
                "mrr_at_3": 0.924722,
                "mrr_at_5": 0.927306,
                "mrr_at_10": 0.929437,
                "mrr_at_20": 0.930048,
                "mrr_at_100": 0.930442,
                "mrr_at_1000": 0.930463,
                "nauc_ndcg_at_1_max": 0.831316,
                "nauc_ndcg_at_1_std": -0.228475,
                "nauc_ndcg_at_1_diff1": 0.919301,
                "nauc_ndcg_at_3_max": 0.884171,
                "nauc_ndcg_at_3_std": -0.158073,
                "nauc_ndcg_at_3_diff1": 0.926881,
                "nauc_ndcg_at_5_max": 0.885902,
                "nauc_ndcg_at_5_std": -0.098236,
                "nauc_ndcg_at_5_diff1": 0.926072,
                "nauc_ndcg_at_10_max": 0.881188,
                "nauc_ndcg_at_10_std": -0.105657,
                "nauc_ndcg_at_10_diff1": 0.927168,
                "nauc_ndcg_at_20_max": 0.878671,
                "nauc_ndcg_at_20_std": -0.099435,
                "nauc_ndcg_at_20_diff1": 0.925363,
                "nauc_ndcg_at_100_max": 0.8747,
                "nauc_ndcg_at_100_std": -0.113478,
                "nauc_ndcg_at_100_diff1": 0.926685,
                "nauc_ndcg_at_1000_max": 0.872884,
                "nauc_ndcg_at_1000_std": -0.129618,
                "nauc_ndcg_at_1000_diff1": 0.925622,
                "nauc_map_at_1_max": 0.831316,
                "nauc_map_at_1_std": -0.228475,
                "nauc_map_at_1_diff1": 0.919301,
                "nauc_map_at_3_max": 0.870027,
                "nauc_map_at_3_std": -0.17962,
                "nauc_map_at_3_diff1": 0.924769,
                "nauc_map_at_5_max": 0.87054,
                "nauc_map_at_5_std": -0.149996,
                "nauc_map_at_5_diff1": 0.924437,
                "nauc_map_at_10_max": 0.868243,
                "nauc_map_at_10_std": -0.15509,
                "nauc_map_at_10_diff1": 0.924723,
                "nauc_map_at_20_max": 0.867503,
                "nauc_map_at_20_std": -0.154153,
                "nauc_map_at_20_diff1": 0.924238,
                "nauc_map_at_100_max": 0.866996,
                "nauc_map_at_100_std": -0.155615,
                "nauc_map_at_100_diff1": 0.924442,
                "nauc_map_at_1000_max": 0.866958,
                "nauc_map_at_1000_std": -0.155951,
                "nauc_map_at_1000_diff1": 0.92442,
                "nauc_recall_at_1_max": 0.831316,
                "nauc_recall_at_1_std": -0.228475,
                "nauc_recall_at_1_diff1": 0.919301,
                "nauc_recall_at_3_max": 0.939097,
                "nauc_recall_at_3_std": -0.072688,
                "nauc_recall_at_3_diff1": 0.935136,
                "nauc_recall_at_5_max": 0.95915,
                "nauc_recall_at_5_std": 0.16523,
                "nauc_recall_at_5_diff1": 0.933384,
                "nauc_recall_at_10_max": 0.969243,
                "nauc_recall_at_10_std": 0.268578,
                "nauc_recall_at_10_diff1": 0.945213,
                "nauc_recall_at_20_max": 0.978214,
                "nauc_recall_at_20_std": 0.496693,
                "nauc_recall_at_20_diff1": 0.933279,
                "nauc_recall_at_100_max": 1.0,
                "nauc_recall_at_100_std": 1.0,
                "nauc_recall_at_100_diff1": 1.0,
                "nauc_recall_at_1000_max": NaN,
                "nauc_recall_at_1000_std": NaN,
                "nauc_recall_at_1000_diff1": NaN,
                "nauc_precision_at_1_max": 0.831316,
                "nauc_precision_at_1_std": -0.228475,
                "nauc_precision_at_1_diff1": 0.919301,
                "nauc_precision_at_3_max": 0.939097,
                "nauc_precision_at_3_std": -0.072688,
                "nauc_precision_at_3_diff1": 0.935136,
                "nauc_precision_at_5_max": 0.95915,
                "nauc_precision_at_5_std": 0.16523,
                "nauc_precision_at_5_diff1": 0.933384,
                "nauc_precision_at_10_max": 0.969243,
                "nauc_precision_at_10_std": 0.268578,
                "nauc_precision_at_10_diff1": 0.945213,
                "nauc_precision_at_20_max": 0.978214,
                "nauc_precision_at_20_std": 0.496693,
                "nauc_precision_at_20_diff1": 0.933279,
                "nauc_precision_at_100_max": 1.0,
                "nauc_precision_at_100_std": 1.0,
                "nauc_precision_at_100_diff1": 1.0,
                "nauc_precision_at_1000_max": 1.0,
                "nauc_precision_at_1000_std": 1.0,
                "nauc_precision_at_1000_diff1": 1.0,
                "nauc_mrr_at_1_max": 0.831316,
                "nauc_mrr_at_1_std": -0.228475,
                "nauc_mrr_at_1_diff1": 0.919301,
                "nauc_mrr_at_3_max": 0.870027,
                "nauc_mrr_at_3_std": -0.17962,
                "nauc_mrr_at_3_diff1": 0.924769,
                "nauc_mrr_at_5_max": 0.87054,
                "nauc_mrr_at_5_std": -0.149996,
                "nauc_mrr_at_5_diff1": 0.924437,
                "nauc_mrr_at_10_max": 0.868243,
                "nauc_mrr_at_10_std": -0.15509,
                "nauc_mrr_at_10_diff1": 0.924723,
                "nauc_mrr_at_20_max": 0.867503,
                "nauc_mrr_at_20_std": -0.154153,
                "nauc_mrr_at_20_diff1": 0.924238,
                "nauc_mrr_at_100_max": 0.866996,
                "nauc_mrr_at_100_std": -0.155615,
                "nauc_mrr_at_100_diff1": 0.924442,
                "nauc_mrr_at_1000_max": 0.866958,
                "nauc_mrr_at_1000_std": -0.155951,
                "nauc_mrr_at_1000_diff1": 0.92442,
                "main_score": 0.93969,
                "hf_subset": "default",
                "languages": [
                    "slk-Latn"
                ]
            }
        ]
    },
    "evaluation_time": 4.064671516418457,
    "kg_co2_emissions": null
}
