{
    "dataset_revision": "79914f425b59d8b9fabb6d38c37f6d81f9723f46",
    "task_name": "SlovakNLI",
    "mteb_version": "1.39.7",
    "scores": {
        "test": [
            {
                "similarity_accuracy": 0.73822,
                "similarity_f1": 0.762332,
                "similarity_precision": 0.702479,
                "similarity_recall": 0.833333,
                "similarity_ap": 0.775063,
                "cosine_accuracy": 0.73822,
                "cosine_f1": 0.762332,
                "cosine_precision": 0.702479,
                "cosine_recall": 0.833333,
                "cosine_ap": 0.774991,
                "manhattan_accuracy": 0.735602,
                "manhattan_f1": 0.759551,
                "manhattan_precision": 0.701245,
                "manhattan_recall": 0.828431,
                "manhattan_ap": 0.773656,
                "euclidean_accuracy": 0.743455,
                "euclidean_f1": 0.761062,
                "euclidean_precision": 0.693548,
                "euclidean_recall": 0.843137,
                "euclidean_ap": 0.773716,
                "dot_accuracy": 0.688482,
                "dot_f1": 0.732632,
                "dot_precision": 0.642066,
                "dot_recall": 0.852941,
                "dot_ap": 0.747281,
                "max_accuracy": 0.743455,
                "max_f1": 0.762332,
                "max_precision": 0.702479,
                "max_recall": 0.852941,
                "max_ap": 0.775063,
                "main_score": 0.775063,
                "hf_subset": "default",
                "languages": [
                    "slk-Latn"
                ]
            }
        ]
    },
    "evaluation_time": 0.7912602424621582,
    "kg_co2_emissions": null
}
