{
    "dataset_revision": "6448ea012b1b7caa3d55cb747b58cda1d7edc714",
    "task_name": "SlovakPharmacyDrMaxReranking",
    "mteb_version": "1.39.7",
    "scores": {
        "test": [
            {
                "ndcg_at_1": 0.87831,
                "ndcg_at_3": 0.94221,
                "ndcg_at_5": 0.94859,
                "ndcg_at_10": 0.94859,
                "ndcg_at_20": 0.94859,
                "ndcg_at_100": 0.94859,
                "ndcg_at_1000": 0.94859,
                "map_at_1": 0.87831,
                "map_at_3": 0.92736,
                "map_at_5": 0.93098,
                "map_at_10": 0.93098,
                "map_at_20": 0.93098,
                "map_at_100": 0.93098,
                "map_at_1000": 0.93098,
                "recall_at_1": 0.87831,
                "recall_at_3": 0.98482,
                "recall_at_5": 1.0,
                "recall_at_10": 1.0,
                "recall_at_20": 1.0,
                "recall_at_100": 1.0,
                "recall_at_1000": 1.0,
                "accuracy": 0.87831,
                "precision_at_1": 0.87831,
                "precision_at_3": 0.32827,
                "precision_at_5": 0.2,
                "precision_at_10": 0.1,
                "precision_at_20": 0.05,
                "precision_at_100": 0.01,
                "precision_at_1000": 0.001,
                "mrr_at_1": 0.878315,
                "mrr_at_3": 0.92736,
                "mrr_at_5": 0.930984,
                "mrr_at_10": 0.930984,
                "mrr_at_20": 0.930984,
                "mrr_at_100": 0.930984,
                "mrr_at_1000": 0.930984,
                "nauc_ndcg_at_1_max": 0.764158,
                "nauc_ndcg_at_1_std": 0.691215,
                "nauc_ndcg_at_1_diff1": 0.868382,
                "nauc_ndcg_at_3_max": 0.782756,
                "nauc_ndcg_at_3_std": 0.72205,
                "nauc_ndcg_at_3_diff1": 0.858094,
                "nauc_ndcg_at_5_max": 0.772697,
                "nauc_ndcg_at_5_std": 0.707995,
                "nauc_ndcg_at_5_diff1": 0.862714,
                "nauc_ndcg_at_10_max": 0.772697,
                "nauc_ndcg_at_10_std": 0.707995,
                "nauc_ndcg_at_10_diff1": 0.862714,
                "nauc_ndcg_at_20_max": 0.772697,
                "nauc_ndcg_at_20_std": 0.707995,
                "nauc_ndcg_at_20_diff1": 0.862714,
                "nauc_ndcg_at_100_max": 0.772697,
                "nauc_ndcg_at_100_std": 0.707995,
                "nauc_ndcg_at_100_diff1": 0.862714,
                "nauc_ndcg_at_1000_max": 0.772697,
                "nauc_ndcg_at_1000_std": 0.707995,
                "nauc_ndcg_at_1000_diff1": 0.862714,
                "nauc_map_at_1_max": 0.764158,
                "nauc_map_at_1_std": 0.691215,
                "nauc_map_at_1_diff1": 0.868382,
                "nauc_map_at_3_max": 0.776757,
                "nauc_map_at_3_std": 0.713248,
                "nauc_map_at_3_diff1": 0.860914,
                "nauc_map_at_5_max": 0.772132,
                "nauc_map_at_5_std": 0.70691,
                "nauc_map_at_5_diff1": 0.863061,
                "nauc_map_at_10_max": 0.772132,
                "nauc_map_at_10_std": 0.70691,
                "nauc_map_at_10_diff1": 0.863061,
                "nauc_map_at_20_max": 0.772132,
                "nauc_map_at_20_std": 0.70691,
                "nauc_map_at_20_diff1": 0.863061,
                "nauc_map_at_100_max": 0.772132,
                "nauc_map_at_100_std": 0.70691,
                "nauc_map_at_100_diff1": 0.863061,
                "nauc_map_at_1000_max": 0.772132,
                "nauc_map_at_1000_std": 0.70691,
                "nauc_map_at_1000_diff1": 0.863061,
                "nauc_recall_at_1_max": 0.764158,
                "nauc_recall_at_1_std": 0.691215,
                "nauc_recall_at_1_diff1": 0.868382,
                "nauc_recall_at_3_max": 0.861091,
                "nauc_recall_at_3_std": 0.834217,
                "nauc_recall_at_3_diff1": 0.822479,
                "nauc_recall_at_5_max": NaN,
                "nauc_recall_at_5_std": NaN,
                "nauc_recall_at_5_diff1": NaN,
                "nauc_recall_at_10_max": NaN,
                "nauc_recall_at_10_std": NaN,
                "nauc_recall_at_10_diff1": NaN,
                "nauc_recall_at_20_max": NaN,
                "nauc_recall_at_20_std": NaN,
                "nauc_recall_at_20_diff1": NaN,
                "nauc_recall_at_100_max": NaN,
                "nauc_recall_at_100_std": NaN,
                "nauc_recall_at_100_diff1": NaN,
                "nauc_recall_at_1000_max": NaN,
                "nauc_recall_at_1000_std": NaN,
                "nauc_recall_at_1000_diff1": NaN,
                "nauc_precision_at_1_max": 0.764158,
                "nauc_precision_at_1_std": 0.691215,
                "nauc_precision_at_1_diff1": 0.868382,
                "nauc_precision_at_3_max": 0.861091,
                "nauc_precision_at_3_std": 0.834217,
                "nauc_precision_at_3_diff1": 0.822479,
                "nauc_precision_at_5_max": 1.0,
                "nauc_precision_at_5_std": 1.0,
                "nauc_precision_at_5_diff1": 1.0,
                "nauc_precision_at_10_max": 1.0,
                "nauc_precision_at_10_std": 1.0,
                "nauc_precision_at_10_diff1": 1.0,
                "nauc_precision_at_20_max": 1.0,
                "nauc_precision_at_20_std": 1.0,
                "nauc_precision_at_20_diff1": 1.0,
                "nauc_precision_at_100_max": 1.0,
                "nauc_precision_at_100_std": 1.0,
                "nauc_precision_at_100_diff1": 1.0,
                "nauc_precision_at_1000_max": 1.0,
                "nauc_precision_at_1000_std": 1.0,
                "nauc_precision_at_1000_diff1": 1.0,
                "nauc_mrr_at_1_max": 0.764158,
                "nauc_mrr_at_1_std": 0.691215,
                "nauc_mrr_at_1_diff1": 0.868382,
                "nauc_mrr_at_3_max": 0.776757,
                "nauc_mrr_at_3_std": 0.713248,
                "nauc_mrr_at_3_diff1": 0.860914,
                "nauc_mrr_at_5_max": 0.772132,
                "nauc_mrr_at_5_std": 0.70691,
                "nauc_mrr_at_5_diff1": 0.863061,
                "nauc_mrr_at_10_max": 0.772132,
                "nauc_mrr_at_10_std": 0.70691,
                "nauc_mrr_at_10_diff1": 0.863061,
                "nauc_mrr_at_20_max": 0.772132,
                "nauc_mrr_at_20_std": 0.70691,
                "nauc_mrr_at_20_diff1": 0.863061,
                "nauc_mrr_at_100_max": 0.772132,
                "nauc_mrr_at_100_std": 0.70691,
                "nauc_mrr_at_100_diff1": 0.863061,
                "nauc_mrr_at_1000_max": 0.772132,
                "nauc_mrr_at_1000_std": 0.70691,
                "nauc_mrr_at_1000_diff1": 0.863061,
                "cv_recall_at_1": 0.87831,
                "cv_recall_at_3": 0.98482,
                "cv_recall_at_5": 1.0,
                "cv_recall_at_10": 1.0,
                "cv_recall_at_20": 1.0,
                "cv_recall_at_100": 1.0,
                "cv_recall_at_1000": 1.0,
                "main_score": 0.93098,
                "hf_subset": "default",
                "languages": [
                    "slk-Latn"
                ]
            }
        ]
    },
    "evaluation_time": 127.46497797966003,
    "kg_co2_emissions": null
}
