{
    "dataset_revision": "c5a6521a4ddce3450fb04ba218623681a9189c6d",
    "task_name": "SMESumRetrieval",
    "mteb_version": "1.39.7",
    "scores": {
        "test": [
            {
                "ndcg_at_1": 0.77333,
                "ndcg_at_3": 0.82895,
                "ndcg_at_5": 0.83999,
                "ndcg_at_10": 0.85012,
                "ndcg_at_20": 0.85649,
                "ndcg_at_100": 0.86483,
                "ndcg_at_1000": 0.86567,
                "map_at_1": 0.77333,
                "map_at_3": 0.81583,
                "map_at_5": 0.822,
                "map_at_10": 0.8261,
                "map_at_20": 0.82788,
                "map_at_100": 0.82913,
                "map_at_1000": 0.82916,
                "recall_at_1": 0.77333,
                "recall_at_3": 0.86667,
                "recall_at_5": 0.89333,
                "recall_at_10": 0.925,
                "recall_at_20": 0.95,
                "recall_at_100": 0.99333,
                "recall_at_1000": 1.0,
                "accuracy": 0.77333,
                "precision_at_1": 0.77333,
                "precision_at_3": 0.28889,
                "precision_at_5": 0.17867,
                "precision_at_10": 0.0925,
                "precision_at_20": 0.0475,
                "precision_at_100": 0.00993,
                "precision_at_1000": 0.001,
                "mrr_at_1": 0.773333,
                "mrr_at_3": 0.815833,
                "mrr_at_5": 0.822,
                "mrr_at_10": 0.826103,
                "mrr_at_20": 0.82788,
                "mrr_at_100": 0.829129,
                "mrr_at_1000": 0.829159,
                "nauc_ndcg_at_1_max": 0.771404,
                "nauc_ndcg_at_1_std": 0.370762,
                "nauc_ndcg_at_1_diff1": 0.873985,
                "nauc_ndcg_at_3_max": 0.801759,
                "nauc_ndcg_at_3_std": 0.431102,
                "nauc_ndcg_at_3_diff1": 0.853189,
                "nauc_ndcg_at_5_max": 0.794863,
                "nauc_ndcg_at_5_std": 0.432378,
                "nauc_ndcg_at_5_diff1": 0.84692,
                "nauc_ndcg_at_10_max": 0.796352,
                "nauc_ndcg_at_10_std": 0.448072,
                "nauc_ndcg_at_10_diff1": 0.846679,
                "nauc_ndcg_at_20_max": 0.799961,
                "nauc_ndcg_at_20_std": 0.450168,
                "nauc_ndcg_at_20_diff1": 0.849268,
                "nauc_ndcg_at_100_max": 0.795208,
                "nauc_ndcg_at_100_std": 0.432149,
                "nauc_ndcg_at_100_diff1": 0.854905,
                "nauc_ndcg_at_1000_max": 0.793829,
                "nauc_ndcg_at_1000_std": 0.428325,
                "nauc_ndcg_at_1000_diff1": 0.854116,
                "nauc_map_at_1_max": 0.771404,
                "nauc_map_at_1_std": 0.370762,
                "nauc_map_at_1_diff1": 0.873985,
                "nauc_map_at_3_max": 0.793259,
                "nauc_map_at_3_std": 0.414458,
                "nauc_map_at_3_diff1": 0.858572,
                "nauc_map_at_5_max": 0.78963,
                "nauc_map_at_5_std": 0.414493,
                "nauc_map_at_5_diff1": 0.855631,
                "nauc_map_at_10_max": 0.789987,
                "nauc_map_at_10_std": 0.419245,
                "nauc_map_at_10_diff1": 0.855718,
                "nauc_map_at_20_max": 0.790754,
                "nauc_map_at_20_std": 0.41962,
                "nauc_map_at_20_diff1": 0.856328,
                "nauc_map_at_100_max": 0.790179,
                "nauc_map_at_100_std": 0.417158,
                "nauc_map_at_100_diff1": 0.857018,
                "nauc_map_at_1000_max": 0.790138,
                "nauc_map_at_1000_std": 0.417045,
                "nauc_map_at_1000_diff1": 0.856993,
                "nauc_recall_at_1_max": 0.771404,
                "nauc_recall_at_1_std": 0.370762,
                "nauc_recall_at_1_diff1": 0.873985,
                "nauc_recall_at_3_max": 0.834146,
                "nauc_recall_at_3_std": 0.494377,
                "nauc_recall_at_3_diff1": 0.832927,
                "nauc_recall_at_5_max": 0.816589,
                "nauc_recall_at_5_std": 0.513113,
                "nauc_recall_at_5_diff1": 0.806506,
                "nauc_recall_at_10_max": 0.834641,
                "nauc_recall_at_10_std": 0.642515,
                "nauc_recall_at_10_diff1": 0.788993,
                "nauc_recall_at_20_max": 0.891846,
                "nauc_recall_at_20_std": 0.756816,
                "nauc_recall_at_20_diff1": 0.789776,
                "nauc_recall_at_100_max": 1.0,
                "nauc_recall_at_100_std": 1.0,
                "nauc_recall_at_100_diff1": 0.96732,
                "nauc_recall_at_1000_max": NaN,
                "nauc_recall_at_1000_std": NaN,
                "nauc_recall_at_1000_diff1": NaN,
                "nauc_precision_at_1_max": 0.771404,
                "nauc_precision_at_1_std": 0.370762,
                "nauc_precision_at_1_diff1": 0.873985,
                "nauc_precision_at_3_max": 0.834146,
                "nauc_precision_at_3_std": 0.494377,
                "nauc_precision_at_3_diff1": 0.832927,
                "nauc_precision_at_5_max": 0.816589,
                "nauc_precision_at_5_std": 0.513113,
                "nauc_precision_at_5_diff1": 0.806506,
                "nauc_precision_at_10_max": 0.834641,
                "nauc_precision_at_10_std": 0.642515,
                "nauc_precision_at_10_diff1": 0.788993,
                "nauc_precision_at_20_max": 0.891846,
                "nauc_precision_at_20_std": 0.756816,
                "nauc_precision_at_20_diff1": 0.789776,
                "nauc_precision_at_100_max": 1.0,
                "nauc_precision_at_100_std": 1.0,
                "nauc_precision_at_100_diff1": 0.96732,
                "nauc_precision_at_1000_max": 1.0,
                "nauc_precision_at_1000_std": 1.0,
                "nauc_precision_at_1000_diff1": 1.0,
                "nauc_mrr_at_1_max": 0.771404,
                "nauc_mrr_at_1_std": 0.370762,
                "nauc_mrr_at_1_diff1": 0.873985,
                "nauc_mrr_at_3_max": 0.793259,
                "nauc_mrr_at_3_std": 0.414458,
                "nauc_mrr_at_3_diff1": 0.858572,
                "nauc_mrr_at_5_max": 0.78963,
                "nauc_mrr_at_5_std": 0.414493,
                "nauc_mrr_at_5_diff1": 0.855631,
                "nauc_mrr_at_10_max": 0.789987,
                "nauc_mrr_at_10_std": 0.419245,
                "nauc_mrr_at_10_diff1": 0.855718,
                "nauc_mrr_at_20_max": 0.790754,
                "nauc_mrr_at_20_std": 0.41962,
                "nauc_mrr_at_20_diff1": 0.856328,
                "nauc_mrr_at_100_max": 0.790179,
                "nauc_mrr_at_100_std": 0.417158,
                "nauc_mrr_at_100_diff1": 0.857018,
                "nauc_mrr_at_1000_max": 0.790138,
                "nauc_mrr_at_1000_std": 0.417045,
                "nauc_mrr_at_1000_diff1": 0.856993,
                "cv_recall_at_1": 0.77333,
                "cv_recall_at_3": 0.86667,
                "cv_recall_at_5": 0.89333,
                "cv_recall_at_10": 0.925,
                "cv_recall_at_20": 0.95,
                "cv_recall_at_100": 0.99333,
                "cv_recall_at_1000": 1.0,
                "main_score": 0.85012,
                "hf_subset": "default",
                "languages": [
                    "slk-Latn"
                ]
            }
        ]
    },
    "evaluation_time": 5.627524375915527,
    "kg_co2_emissions": null
}
