{
    "dataset_revision": "f64f483ad0f31d2e78209d524c14a4a867965959",
    "task_name": "WebFAQRetrieval",
    "mteb_version": "1.39.7",
    "scores": {
        "test": [
            {
                "ndcg_at_1": 0.77196,
                "ndcg_at_3": 0.83633,
                "ndcg_at_5": 0.85024,
                "ndcg_at_10": 0.86097,
                "ndcg_at_20": 0.86683,
                "ndcg_at_100": 0.87104,
                "ndcg_at_1000": 0.87203,
                "map_at_1": 0.77196,
                "map_at_3": 0.82102,
                "map_at_5": 0.82877,
                "map_at_10": 0.83329,
                "map_at_20": 0.8349,
                "map_at_100": 0.83551,
                "map_at_1000": 0.83555,
                "recall_at_1": 0.77196,
                "recall_at_3": 0.88043,
                "recall_at_5": 0.91405,
                "recall_at_10": 0.94672,
                "recall_at_20": 0.96987,
                "recall_at_100": 0.99239,
                "recall_at_1000": 1.0,
                "accuracy": 0.77196,
                "precision_at_1": 0.77196,
                "precision_at_3": 0.29348,
                "precision_at_5": 0.18281,
                "precision_at_10": 0.09467,
                "precision_at_20": 0.04849,
                "precision_at_100": 0.00992,
                "precision_at_1000": 0.001,
                "mrr_at_1": 0.771646,
                "mrr_at_3": 0.820858,
                "mrr_at_5": 0.828565,
                "mrr_at_10": 0.833253,
                "mrr_at_20": 0.834823,
                "mrr_at_100": 0.835442,
                "mrr_at_1000": 0.835482,
                "nauc_ndcg_at_1_max": 0.510531,
                "nauc_ndcg_at_1_std": -0.150956,
                "nauc_ndcg_at_1_diff1": 0.870025,
                "nauc_ndcg_at_3_max": 0.526172,
                "nauc_ndcg_at_3_std": -0.198961,
                "nauc_ndcg_at_3_diff1": 0.853176,
                "nauc_ndcg_at_5_max": 0.522789,
                "nauc_ndcg_at_5_std": -0.189622,
                "nauc_ndcg_at_5_diff1": 0.849681,
                "nauc_ndcg_at_10_max": 0.515576,
                "nauc_ndcg_at_10_std": -0.202545,
                "nauc_ndcg_at_10_diff1": 0.852808,
                "nauc_ndcg_at_20_max": 0.516492,
                "nauc_ndcg_at_20_std": -0.193781,
                "nauc_ndcg_at_20_diff1": 0.854277,
                "nauc_ndcg_at_100_max": 0.51746,
                "nauc_ndcg_at_100_std": -0.186478,
                "nauc_ndcg_at_100_diff1": 0.855686,
                "nauc_ndcg_at_1000_max": 0.518047,
                "nauc_ndcg_at_1000_std": -0.186684,
                "nauc_ndcg_at_1000_diff1": 0.856326,
                "nauc_map_at_1_max": 0.510531,
                "nauc_map_at_1_std": -0.150956,
                "nauc_map_at_1_diff1": 0.870025,
                "nauc_map_at_3_max": 0.522113,
                "nauc_map_at_3_std": -0.184982,
                "nauc_map_at_3_diff1": 0.858154,
                "nauc_map_at_5_max": 0.520116,
                "nauc_map_at_5_std": -0.180002,
                "nauc_map_at_5_diff1": 0.856523,
                "nauc_map_at_10_max": 0.517344,
                "nauc_map_at_10_std": -0.184641,
                "nauc_map_at_10_diff1": 0.857693,
                "nauc_map_at_20_max": 0.5176,
                "nauc_map_at_20_std": -0.182411,
                "nauc_map_at_20_diff1": 0.858085,
                "nauc_map_at_100_max": 0.517818,
                "nauc_map_at_100_std": -0.181662,
                "nauc_map_at_100_diff1": 0.858299,
                "nauc_map_at_1000_max": 0.517853,
                "nauc_map_at_1000_std": -0.181625,
                "nauc_map_at_1000_diff1": 0.858329,
                "nauc_recall_at_1_max": 0.510531,
                "nauc_recall_at_1_std": -0.150956,
                "nauc_recall_at_1_diff1": 0.870025,
                "nauc_recall_at_3_max": 0.542481,
                "nauc_recall_at_3_std": -0.256154,
                "nauc_recall_at_3_diff1": 0.832765,
                "nauc_recall_at_5_max": 0.536091,
                "nauc_recall_at_5_std": -0.237883,
                "nauc_recall_at_5_diff1": 0.812529,
                "nauc_recall_at_10_max": 0.492687,
                "nauc_recall_at_10_std": -0.35839,
                "nauc_recall_at_10_diff1": 0.815158,
                "nauc_recall_at_20_max": 0.489007,
                "nauc_recall_at_20_std": -0.337874,
                "nauc_recall_at_20_diff1": 0.809689,
                "nauc_recall_at_100_max": 0.460065,
                "nauc_recall_at_100_std": -0.118274,
                "nauc_recall_at_100_diff1": 0.785952,
                "nauc_recall_at_1000_max": NaN,
                "nauc_recall_at_1000_std": NaN,
                "nauc_recall_at_1000_diff1": NaN,
                "nauc_precision_at_1_max": 0.510531,
                "nauc_precision_at_1_std": -0.150956,
                "nauc_precision_at_1_diff1": 0.870025,
                "nauc_precision_at_3_max": 0.542481,
                "nauc_precision_at_3_std": -0.256154,
                "nauc_precision_at_3_diff1": 0.832765,
                "nauc_precision_at_5_max": 0.536091,
                "nauc_precision_at_5_std": -0.237883,
                "nauc_precision_at_5_diff1": 0.812529,
                "nauc_precision_at_10_max": 0.492687,
                "nauc_precision_at_10_std": -0.35839,
                "nauc_precision_at_10_diff1": 0.815158,
                "nauc_precision_at_20_max": 0.489007,
                "nauc_precision_at_20_std": -0.337874,
                "nauc_precision_at_20_diff1": 0.809689,
                "nauc_precision_at_100_max": 0.460065,
                "nauc_precision_at_100_std": -0.118274,
                "nauc_precision_at_100_diff1": 0.785952,
                "nauc_precision_at_1000_max": NaN,
                "nauc_precision_at_1000_std": NaN,
                "nauc_precision_at_1000_diff1": NaN,
                "nauc_mrr_at_1_max": 0.511496,
                "nauc_mrr_at_1_std": -0.151651,
                "nauc_mrr_at_1_diff1": 0.870593,
                "nauc_mrr_at_3_max": 0.523207,
                "nauc_mrr_at_3_std": -0.184306,
                "nauc_mrr_at_3_diff1": 0.858604,
                "nauc_mrr_at_5_max": 0.52105,
                "nauc_mrr_at_5_std": -0.180454,
                "nauc_mrr_at_5_diff1": 0.856791,
                "nauc_mrr_at_10_max": 0.51811,
                "nauc_mrr_at_10_std": -0.184551,
                "nauc_mrr_at_10_diff1": 0.858015,
                "nauc_mrr_at_20_max": 0.518437,
                "nauc_mrr_at_20_std": -0.182304,
                "nauc_mrr_at_20_diff1": 0.858416,
                "nauc_mrr_at_100_max": 0.518643,
                "nauc_mrr_at_100_std": -0.181381,
                "nauc_mrr_at_100_diff1": 0.858641,
                "nauc_mrr_at_1000_max": 0.518678,
                "nauc_mrr_at_1000_std": -0.181344,
                "nauc_mrr_at_1000_diff1": 0.85867,
                "cv_recall_at_1": 0.77165,
                "cv_recall_at_3": 0.88011,
                "cv_recall_at_5": 0.91342,
                "cv_recall_at_10": 0.94735,
                "cv_recall_at_20": 0.96955,
                "cv_recall_at_100": 0.99239,
                "cv_recall_at_1000": 1.0,
                "main_score": 0.86097,
                "hf_subset": "slk",
                "languages": [
                    "slk-Latn"
                ]
            }
        ]
    },
    "evaluation_time": 99.68183708190918,
    "kg_co2_emissions": null
}
