{
  "dataset_revision": "6448ea012b1b7caa3d55cb747b58cda1d7edc714",
  "task_name": "SlovakPharmacyDrMaxReranking",
  "mteb_version": "1.39.7",
  "scores": {
    "test": [
      {
        "ndcg_at_1": 0.69932,
        "ndcg_at_3": 0.82635,
        "ndcg_at_5": 0.86134,
        "ndcg_at_10": 0.86134,
        "ndcg_at_20": 0.86134,
        "ndcg_at_100": 0.86134,
        "ndcg_at_1000": 0.86134,
        "map_at_1": 0.69932,
        "map_at_3": 0.79555,
        "map_at_5": 0.81502,
        "map_at_10": 0.81502,
        "map_at_20": 0.81502,
        "map_at_100": 0.81502,
        "map_at_1000": 0.81502,
        "recall_at_1": 0.69932,
        "recall_at_3": 0.91531,
        "recall_at_5": 1.0,
        "recall_at_10": 1.0,
        "recall_at_20": 1.0,
        "recall_at_100": 1.0,
        "recall_at_1000": 1.0,
        "accuracy": 0.69932,
        "precision_at_1": 0.69932,
        "precision_at_3": 0.3051,
        "precision_at_5": 0.2,
        "precision_at_10": 0.1,
        "precision_at_20": 0.05,
        "precision_at_100": 0.01,
        "precision_at_1000": 0.001,
        "mrr_at_1": 0.699316,
        "mrr_at_3": 0.795552,
        "mrr_at_5": 0.815024,
        "mrr_at_10": 0.815024,
        "mrr_at_20": 0.815024,
        "mrr_at_100": 0.815024,
        "mrr_at_1000": 0.815024,
        "nauc_ndcg_at_1_max": 0.557607,
        "nauc_ndcg_at_1_std": 0.57569,
        "nauc_ndcg_at_1_diff1": 0.703934,
        "nauc_ndcg_at_3_max": 0.584229,
        "nauc_ndcg_at_3_std": 0.603235,
        "nauc_ndcg_at_3_diff1": 0.662245,
        "nauc_ndcg_at_5_max": 0.571343,
        "nauc_ndcg_at_5_std": 0.590633,
        "nauc_ndcg_at_5_diff1": 0.684356,
        "nauc_ndcg_at_10_max": 0.571343,
        "nauc_ndcg_at_10_std": 0.590633,
        "nauc_ndcg_at_10_diff1": 0.684356,
        "nauc_ndcg_at_20_max": 0.571343,
        "nauc_ndcg_at_20_std": 0.590633,
        "nauc_ndcg_at_20_diff1": 0.684356,
        "nauc_ndcg_at_100_max": 0.571343,
        "nauc_ndcg_at_100_std": 0.590633,
        "nauc_ndcg_at_100_diff1": 0.684356,
        "nauc_ndcg_at_1000_max": 0.571343,
        "nauc_ndcg_at_1000_std": 0.590633,
        "nauc_ndcg_at_1000_diff1": 0.684356,
        "nauc_map_at_1_max": 0.557607,
        "nauc_map_at_1_std": 0.57569,
        "nauc_map_at_1_diff1": 0.703934,
        "nauc_map_at_3_max": 0.576431,
        "nauc_map_at_3_std": 0.59555,
        "nauc_map_at_3_diff1": 0.674619,
        "nauc_map_at_5_max": 0.570394,
        "nauc_map_at_5_std": 0.589634,
        "nauc_map_at_5_diff1": 0.685602,
        "nauc_map_at_10_max": 0.570394,
        "nauc_map_at_10_std": 0.589634,
        "nauc_map_at_10_diff1": 0.685602,
        "nauc_map_at_20_max": 0.570394,
        "nauc_map_at_20_std": 0.589634,
        "nauc_map_at_20_diff1": 0.685602,
        "nauc_map_at_100_max": 0.570394,
        "nauc_map_at_100_std": 0.589634,
        "nauc_map_at_100_diff1": 0.685602,
        "nauc_map_at_1000_max": 0.570394,
        "nauc_map_at_1000_std": 0.589634,
        "nauc_map_at_1000_diff1": 0.685602,
        "nauc_recall_at_1_max": 0.557607,
        "nauc_recall_at_1_std": 0.57569,
        "nauc_recall_at_1_diff1": 0.703934,
        "nauc_recall_at_3_max": 0.631593,
        "nauc_recall_at_3_std": 0.649506,
        "nauc_recall_at_3_diff1": 0.58692,
        "nauc_recall_at_5_max": NaN,
        "nauc_recall_at_5_std": NaN,
        "nauc_recall_at_5_diff1": NaN,
        "nauc_recall_at_10_max": NaN,
        "nauc_recall_at_10_std": NaN,
        "nauc_recall_at_10_diff1": NaN,
        "nauc_recall_at_20_max": NaN,
        "nauc_recall_at_20_std": NaN,
        "nauc_recall_at_20_diff1": NaN,
        "nauc_recall_at_100_max": NaN,
        "nauc_recall_at_100_std": NaN,
        "nauc_recall_at_100_diff1": NaN,
        "nauc_recall_at_1000_max": NaN,
        "nauc_recall_at_1000_std": NaN,
        "nauc_recall_at_1000_diff1": NaN,
        "nauc_precision_at_1_max": 0.557607,
        "nauc_precision_at_1_std": 0.57569,
        "nauc_precision_at_1_diff1": 0.703934,
        "nauc_precision_at_3_max": 0.631593,
        "nauc_precision_at_3_std": 0.649506,
        "nauc_precision_at_3_diff1": 0.58692,
        "nauc_precision_at_5_max": 1.0,
        "nauc_precision_at_5_std": 1.0,
        "nauc_precision_at_5_diff1": 1.0,
        "nauc_precision_at_10_max": 1.0,
        "nauc_precision_at_10_std": 1.0,
        "nauc_precision_at_10_diff1": 1.0,
        "nauc_precision_at_20_max": 1.0,
        "nauc_precision_at_20_std": 1.0,
        "nauc_precision_at_20_diff1": 1.0,
        "nauc_precision_at_100_max": 1.0,
        "nauc_precision_at_100_std": 1.0,
        "nauc_precision_at_100_diff1": 1.0,
        "nauc_precision_at_1000_max": 1.0,
        "nauc_precision_at_1000_std": 1.0,
        "nauc_precision_at_1000_diff1": 1.0,
        "nauc_mrr_at_1_max": 0.557607,
        "nauc_mrr_at_1_std": 0.57569,
        "nauc_mrr_at_1_diff1": 0.703934,
        "nauc_mrr_at_3_max": 0.576431,
        "nauc_mrr_at_3_std": 0.59555,
        "nauc_mrr_at_3_diff1": 0.674619,
        "nauc_mrr_at_5_max": 0.570394,
        "nauc_mrr_at_5_std": 0.589634,
        "nauc_mrr_at_5_diff1": 0.685602,
        "nauc_mrr_at_10_max": 0.570394,
        "nauc_mrr_at_10_std": 0.589634,
        "nauc_mrr_at_10_diff1": 0.685602,
        "nauc_mrr_at_20_max": 0.570394,
        "nauc_mrr_at_20_std": 0.589634,
        "nauc_mrr_at_20_diff1": 0.685602,
        "nauc_mrr_at_100_max": 0.570394,
        "nauc_mrr_at_100_std": 0.589634,
        "nauc_mrr_at_100_diff1": 0.685602,
        "nauc_mrr_at_1000_max": 0.570394,
        "nauc_mrr_at_1000_std": 0.589634,
        "nauc_mrr_at_1000_diff1": 0.685602,
        "cv_recall_at_1": 0.69932,
        "cv_recall_at_3": 0.91531,
        "cv_recall_at_5": 1.0,
        "cv_recall_at_10": 1.0,
        "cv_recall_at_20": 1.0,
        "cv_recall_at_100": 1.0,
        "cv_recall_at_1000": 1.0,
        "main_score": 0.81502,
        "hf_subset": "default",
        "languages": [
          "slk-Latn"
        ]
      }
    ]
  },
  "evaluation_time": 73.34933114051819,
  "kg_co2_emissions": null
}