{
    "dataset_revision": "09f81f51dd5b8497da16d02c69c98d5cb5993ef2",
    "task_name": "SKQuadRetrieval",
    "mteb_version": "1.39.7",
    "scores": {
        "test": [
            {
                "ndcg_at_1": 0.62698,
                "ndcg_at_3": 0.66062,
                "ndcg_at_5": 0.68211,
                "ndcg_at_10": 0.70286,
                "ndcg_at_20": 0.72044,
                "ndcg_at_100": 0.74119,
                "ndcg_at_1000": 0.74754,
                "map_at_1": 0.4262,
                "map_at_3": 0.53991,
                "map_at_5": 0.55901,
                "map_at_10": 0.57542,
                "map_at_20": 0.58495,
                "map_at_100": 0.59185,
                "map_at_1000": 0.59236,
                "recall_at_1": 0.4262,
                "recall_at_3": 0.64556,
                "recall_at_5": 0.70061,
                "recall_at_10": 0.76216,
                "recall_at_20": 0.82714,
                "recall_at_100": 0.93329,
                "recall_at_1000": 0.98111,
                "accuracy": 0.4262,
                "precision_at_1": 0.6358,
                "precision_at_3": 0.33392,
                "precision_at_5": 0.22346,
                "precision_at_10": 0.1269,
                "precision_at_20": 0.07156,
                "precision_at_100": 0.01698,
                "precision_at_1000": 0.00181,
                "mrr_at_1": 0.635802,
                "mrr_at_3": 0.762787,
                "mrr_at_5": 0.773148,
                "mrr_at_10": 0.775512,
                "mrr_at_20": 0.776758,
                "mrr_at_100": 0.776913,
                "mrr_at_1000": 0.776946,
                "nauc_ndcg_at_1_max": 0.18512,
                "nauc_ndcg_at_1_std": -0.034773,
                "nauc_ndcg_at_1_diff1": 0.420627,
                "nauc_ndcg_at_3_max": 0.108486,
                "nauc_ndcg_at_3_std": -0.131647,
                "nauc_ndcg_at_3_diff1": 0.25312,
                "nauc_ndcg_at_5_max": 0.09665,
                "nauc_ndcg_at_5_std": -0.122603,
                "nauc_ndcg_at_5_diff1": 0.268472,
                "nauc_ndcg_at_10_max": 0.111124,
                "nauc_ndcg_at_10_std": -0.098903,
                "nauc_ndcg_at_10_diff1": 0.276582,
                "nauc_ndcg_at_20_max": 0.118325,
                "nauc_ndcg_at_20_std": -0.078284,
                "nauc_ndcg_at_20_diff1": 0.282503,
                "nauc_ndcg_at_100_max": 0.133417,
                "nauc_ndcg_at_100_std": -0.049414,
                "nauc_ndcg_at_100_diff1": 0.294017,
                "nauc_ndcg_at_1000_max": 0.137932,
                "nauc_ndcg_at_1000_std": -0.059276,
                "nauc_ndcg_at_1000_diff1": 0.297533,
                "nauc_map_at_1_max": 0.031338,
                "nauc_map_at_1_std": -0.111251,
                "nauc_map_at_1_diff1": 0.329852,
                "nauc_map_at_3_max": 0.021839,
                "nauc_map_at_3_std": -0.15956,
                "nauc_map_at_3_diff1": 0.242344,
                "nauc_map_at_5_max": 0.024433,
                "nauc_map_at_5_std": -0.155531,
                "nauc_map_at_5_diff1": 0.248791,
                "nauc_map_at_10_max": 0.039213,
                "nauc_map_at_10_std": -0.141934,
                "nauc_map_at_10_diff1": 0.252117,
                "nauc_map_at_20_max": 0.045935,
                "nauc_map_at_20_std": -0.132152,
                "nauc_map_at_20_diff1": 0.254228,
                "nauc_map_at_100_max": 0.05001,
                "nauc_map_at_100_std": -0.123582,
                "nauc_map_at_100_diff1": 0.256435,
                "nauc_map_at_1000_max": 0.050184,
                "nauc_map_at_1000_std": -0.124038,
                "nauc_map_at_1000_diff1": 0.256555,
                "nauc_recall_at_1_max": 0.031338,
                "nauc_recall_at_1_std": -0.111251,
                "nauc_recall_at_1_diff1": 0.329852,
                "nauc_recall_at_3_max": -0.026029,
                "nauc_recall_at_3_std": -0.202404,
                "nauc_recall_at_3_diff1": 0.104334,
                "nauc_recall_at_5_max": -0.061148,
                "nauc_recall_at_5_std": -0.183724,
                "nauc_recall_at_5_diff1": 0.1048,
                "nauc_recall_at_10_max": -0.032217,
                "nauc_recall_at_10_std": -0.123185,
                "nauc_recall_at_10_diff1": 0.105631,
                "nauc_recall_at_20_max": -0.046606,
                "nauc_recall_at_20_std": -0.042565,
                "nauc_recall_at_20_diff1": 0.082783,
                "nauc_recall_at_100_max": -0.003072,
                "nauc_recall_at_100_std": 0.325075,
                "nauc_recall_at_100_diff1": 0.106402,
                "nauc_recall_at_1000_max": 0.107531,
                "nauc_recall_at_1000_std": 0.519038,
                "nauc_recall_at_1000_diff1": 0.180071,
                "nauc_precision_at_1_max": 0.192262,
                "nauc_precision_at_1_std": -0.033803,
                "nauc_precision_at_1_diff1": 0.413265,
                "nauc_precision_at_3_max": 0.227108,
                "nauc_precision_at_3_std": -0.023411,
                "nauc_precision_at_3_diff1": -0.028376,
                "nauc_precision_at_5_max": 0.204866,
                "nauc_precision_at_5_std": 0.058769,
                "nauc_precision_at_5_diff1": -0.045094,
                "nauc_precision_at_10_max": 0.209574,
                "nauc_precision_at_10_std": 0.139225,
                "nauc_precision_at_10_diff1": -0.051883,
                "nauc_precision_at_20_max": 0.201264,
                "nauc_precision_at_20_std": 0.201563,
                "nauc_precision_at_20_diff1": -0.066184,
                "nauc_precision_at_100_max": 0.193921,
                "nauc_precision_at_100_std": 0.273866,
                "nauc_precision_at_100_diff1": -0.072707,
                "nauc_precision_at_1000_max": 0.196261,
                "nauc_precision_at_1000_std": 0.238168,
                "nauc_precision_at_1000_diff1": -0.076971,
                "nauc_mrr_at_1_max": 0.192262,
                "nauc_mrr_at_1_std": -0.033803,
                "nauc_mrr_at_1_diff1": 0.413265,
                "nauc_mrr_at_3_max": 0.270224,
                "nauc_mrr_at_3_std": -0.047829,
                "nauc_mrr_at_3_diff1": 0.354048,
                "nauc_mrr_at_5_max": 0.266873,
                "nauc_mrr_at_5_std": -0.033137,
                "nauc_mrr_at_5_diff1": 0.369578,
                "nauc_mrr_at_10_max": 0.263741,
                "nauc_mrr_at_10_std": -0.029915,
                "nauc_mrr_at_10_diff1": 0.37264,
                "nauc_mrr_at_20_max": 0.260933,
                "nauc_mrr_at_20_std": -0.029892,
                "nauc_mrr_at_20_diff1": 0.373046,
                "nauc_mrr_at_100_max": 0.260926,
                "nauc_mrr_at_100_std": -0.030109,
                "nauc_mrr_at_100_diff1": 0.373183,
                "nauc_mrr_at_1000_max": 0.260797,
                "nauc_mrr_at_1000_std": -0.030284,
                "nauc_mrr_at_1000_diff1": 0.373114,
                "cv_recall_at_1": 0.6358,
                "cv_recall_at_3": 0.91093,
                "cv_recall_at_5": 0.95503,
                "cv_recall_at_10": 0.97266,
                "cv_recall_at_20": 0.98942,
                "cv_recall_at_100": 0.99559,
                "cv_recall_at_1000": 1.0,
                "main_score": 0.70286,
                "hf_subset": "default",
                "languages": [
                    "slk-Latn"
                ]
            }
        ]
    },
    "evaluation_time": 59.12365770339966,
    "kg_co2_emissions": null
}
