{
    "dataset_revision": "3997eba1c60721e34f7b01db400f5b14a40218ea",
    "task_name": "SkQuadReranking",
    "mteb_version": "1.39.7",
    "scores": {
        "test": [
            {
                "ndcg_at_1": 0.70079,
                "ndcg_at_3": 0.72521,
                "ndcg_at_5": 0.75794,
                "ndcg_at_10": 0.81352,
                "ndcg_at_20": 0.82152,
                "ndcg_at_100": 0.82152,
                "ndcg_at_1000": 0.82152,
                "map_at_1": 0.53542,
                "map_at_3": 0.66035,
                "map_at_5": 0.68688,
                "map_at_10": 0.72355,
                "map_at_20": 0.7282,
                "map_at_100": 0.7282,
                "map_at_1000": 0.7282,
                "recall_at_1": 0.53542,
                "recall_at_3": 0.7667,
                "recall_at_5": 0.83591,
                "recall_at_10": 0.97734,
                "recall_at_20": 1.0,
                "recall_at_100": 1.0,
                "recall_at_1000": 1.0,
                "accuracy": 0.53542,
                "precision_at_1": 0.70079,
                "precision_at_3": 0.34922,
                "precision_at_5": 0.23672,
                "precision_at_10": 0.14775,
                "precision_at_20": 0.07643,
                "precision_at_100": 0.01529,
                "precision_at_1000": 0.00153,
                "mrr_at_1": 0.700794,
                "mrr_at_3": 0.807885,
                "mrr_at_5": 0.815872,
                "mrr_at_10": 0.819905,
                "mrr_at_20": 0.820065,
                "mrr_at_100": 0.820065,
                "mrr_at_1000": 0.820065,
                "nauc_ndcg_at_1_max": 0.295168,
                "nauc_ndcg_at_1_std": 0.169461,
                "nauc_ndcg_at_1_diff1": 0.434175,
                "nauc_ndcg_at_3_max": 0.142734,
                "nauc_ndcg_at_3_std": 0.149583,
                "nauc_ndcg_at_3_diff1": 0.293883,
                "nauc_ndcg_at_5_max": 0.157212,
                "nauc_ndcg_at_5_std": 0.144932,
                "nauc_ndcg_at_5_diff1": 0.304524,
                "nauc_ndcg_at_10_max": 0.193756,
                "nauc_ndcg_at_10_std": 0.154899,
                "nauc_ndcg_at_10_diff1": 0.327242,
                "nauc_ndcg_at_20_max": 0.210566,
                "nauc_ndcg_at_20_std": 0.16608,
                "nauc_ndcg_at_20_diff1": 0.334656,
                "nauc_ndcg_at_100_max": 0.210566,
                "nauc_ndcg_at_100_std": 0.16608,
                "nauc_ndcg_at_100_diff1": 0.334656,
                "nauc_ndcg_at_1000_max": 0.210566,
                "nauc_ndcg_at_1000_std": 0.16608,
                "nauc_ndcg_at_1000_diff1": 0.334656,
                "nauc_map_at_1_max": 0.117067,
                "nauc_map_at_1_std": 0.080203,
                "nauc_map_at_1_diff1": 0.336133,
                "nauc_map_at_3_max": 0.113453,
                "nauc_map_at_3_std": 0.118794,
                "nauc_map_at_3_diff1": 0.294087,
                "nauc_map_at_5_max": 0.129358,
                "nauc_map_at_5_std": 0.117096,
                "nauc_map_at_5_diff1": 0.298954,
                "nauc_map_at_10_max": 0.148874,
                "nauc_map_at_10_std": 0.125485,
                "nauc_map_at_10_diff1": 0.306872,
                "nauc_map_at_20_max": 0.155243,
                "nauc_map_at_20_std": 0.129708,
                "nauc_map_at_20_diff1": 0.309018,
                "nauc_map_at_100_max": 0.155243,
                "nauc_map_at_100_std": 0.129708,
                "nauc_map_at_100_diff1": 0.309018,
                "nauc_map_at_1000_max": 0.155243,
                "nauc_map_at_1000_std": 0.129708,
                "nauc_map_at_1000_diff1": 0.309018,
                "nauc_recall_at_1_max": 0.117067,
                "nauc_recall_at_1_std": 0.080203,
                "nauc_recall_at_1_diff1": 0.336133,
                "nauc_recall_at_3_max": 0.023976,
                "nauc_recall_at_3_std": 0.120819,
                "nauc_recall_at_3_diff1": 0.187604,
                "nauc_recall_at_5_max": 0.014195,
                "nauc_recall_at_5_std": 0.086208,
                "nauc_recall_at_5_diff1": 0.175664,
                "nauc_recall_at_10_max": -0.1327,
                "nauc_recall_at_10_std": -0.066964,
                "nauc_recall_at_10_diff1": 0.108497,
                "nauc_recall_at_20_max": NaN,
                "nauc_recall_at_20_std": NaN,
                "nauc_recall_at_20_diff1": NaN,
                "nauc_recall_at_100_max": NaN,
                "nauc_recall_at_100_std": NaN,
                "nauc_recall_at_100_diff1": NaN,
                "nauc_recall_at_1000_max": NaN,
                "nauc_recall_at_1000_std": NaN,
                "nauc_recall_at_1000_diff1": NaN,
                "nauc_precision_at_1_max": 0.295168,
                "nauc_precision_at_1_std": 0.169461,
                "nauc_precision_at_1_diff1": 0.434175,
                "nauc_precision_at_3_max": 0.212201,
                "nauc_precision_at_3_std": 0.211546,
                "nauc_precision_at_3_diff1": 0.040577,
                "nauc_precision_at_5_max": 0.167847,
                "nauc_precision_at_5_std": 0.116009,
                "nauc_precision_at_5_diff1": -0.039693,
                "nauc_precision_at_10_max": 0.136668,
                "nauc_precision_at_10_std": 0.061767,
                "nauc_precision_at_10_diff1": -0.116178,
                "nauc_precision_at_20_max": 0.145996,
                "nauc_precision_at_20_std": 0.067535,
                "nauc_precision_at_20_diff1": -0.122914,
                "nauc_precision_at_100_max": 0.145996,
                "nauc_precision_at_100_std": 0.067535,
                "nauc_precision_at_100_diff1": -0.122914,
                "nauc_precision_at_1000_max": 0.145996,
                "nauc_precision_at_1000_std": 0.067535,
                "nauc_precision_at_1000_diff1": -0.122914,
                "nauc_mrr_at_1_max": 0.295168,
                "nauc_mrr_at_1_std": 0.169461,
                "nauc_mrr_at_1_diff1": 0.434175,
                "nauc_mrr_at_3_max": 0.351542,
                "nauc_mrr_at_3_std": 0.256778,
                "nauc_mrr_at_3_diff1": 0.411975,
                "nauc_mrr_at_5_max": 0.344114,
                "nauc_mrr_at_5_std": 0.248374,
                "nauc_mrr_at_5_diff1": 0.415665,
                "nauc_mrr_at_10_max": 0.338978,
                "nauc_mrr_at_10_std": 0.235846,
                "nauc_mrr_at_10_diff1": 0.415174,
                "nauc_mrr_at_20_max": 0.338377,
                "nauc_mrr_at_20_std": 0.235075,
                "nauc_mrr_at_20_diff1": 0.415232,
                "nauc_mrr_at_100_max": 0.338377,
                "nauc_mrr_at_100_std": 0.235075,
                "nauc_mrr_at_100_diff1": 0.415232,
                "nauc_mrr_at_1000_max": 0.338377,
                "nauc_mrr_at_1000_std": 0.235075,
                "nauc_mrr_at_1000_diff1": 0.415232,
                "cv_recall_at_1": 0.70079,
                "cv_recall_at_3": 0.93469,
                "cv_recall_at_5": 0.96911,
                "cv_recall_at_10": 0.99823,
                "cv_recall_at_20": 1.0,
                "cv_recall_at_100": 1.0,
                "cv_recall_at_1000": 1.0,
                "main_score": 0.7282,
                "hf_subset": "default",
                "languages": [
                    "slk-Latn"
                ]
            }
        ]
    },
    "evaluation_time": 95.62813997268677,
    "kg_co2_emissions": null
}
