{
    "dataset_revision": "6448ea012b1b7caa3d55cb747b58cda1d7edc714",
    "task_name": "SlovakPharmacyDrMaxReranking",
    "mteb_version": "1.39.7",
    "scores": {
        "test": [
            {
                "ndcg_at_1": 0.88516,
                "ndcg_at_3": 0.94557,
                "ndcg_at_5": 0.95151,
                "ndcg_at_10": 0.95151,
                "ndcg_at_20": 0.95151,
                "ndcg_at_100": 0.95151,
                "ndcg_at_1000": 0.95151,
                "map_at_1": 0.88516,
                "map_at_3": 0.93153,
                "map_at_5": 0.9349,
                "map_at_10": 0.9349,
                "map_at_20": 0.9349,
                "map_at_100": 0.9349,
                "map_at_1000": 0.9349,
                "recall_at_1": 0.88516,
                "recall_at_3": 0.98589,
                "recall_at_5": 1.0,
                "recall_at_10": 1.0,
                "recall_at_20": 1.0,
                "recall_at_100": 1.0,
                "recall_at_1000": 1.0,
                "accuracy": 0.88516,
                "precision_at_1": 0.88516,
                "precision_at_3": 0.32863,
                "precision_at_5": 0.2,
                "precision_at_10": 0.1,
                "precision_at_20": 0.05,
                "precision_at_100": 0.01,
                "precision_at_1000": 0.001,
                "mrr_at_1": 0.885158,
                "mrr_at_3": 0.93153,
                "mrr_at_5": 0.934898,
                "mrr_at_10": 0.934898,
                "mrr_at_20": 0.934898,
                "mrr_at_100": 0.934898,
                "mrr_at_1000": 0.934898,
                "nauc_ndcg_at_1_max": 0.756929,
                "nauc_ndcg_at_1_std": 0.696548,
                "nauc_ndcg_at_1_diff1": 0.863339,
                "nauc_ndcg_at_3_max": 0.770877,
                "nauc_ndcg_at_3_std": 0.723804,
                "nauc_ndcg_at_3_diff1": 0.855127,
                "nauc_ndcg_at_5_max": 0.764327,
                "nauc_ndcg_at_5_std": 0.711097,
                "nauc_ndcg_at_5_diff1": 0.858917,
                "nauc_ndcg_at_10_max": 0.764327,
                "nauc_ndcg_at_10_std": 0.711097,
                "nauc_ndcg_at_10_diff1": 0.858917,
                "nauc_ndcg_at_20_max": 0.764327,
                "nauc_ndcg_at_20_std": 0.711097,
                "nauc_ndcg_at_20_diff1": 0.858917,
                "nauc_ndcg_at_100_max": 0.764327,
                "nauc_ndcg_at_100_std": 0.711097,
                "nauc_ndcg_at_100_diff1": 0.858917,
                "nauc_ndcg_at_1000_max": 0.764327,
                "nauc_ndcg_at_1000_std": 0.711097,
                "nauc_ndcg_at_1000_diff1": 0.858917,
                "nauc_map_at_1_max": 0.756929,
                "nauc_map_at_1_std": 0.696548,
                "nauc_map_at_1_diff1": 0.863339,
                "nauc_map_at_3_max": 0.766871,
                "nauc_map_at_3_std": 0.715833,
                "nauc_map_at_3_diff1": 0.857476,
                "nauc_map_at_5_max": 0.763861,
                "nauc_map_at_5_std": 0.710141,
                "nauc_map_at_5_diff1": 0.859199,
                "nauc_map_at_10_max": 0.763861,
                "nauc_map_at_10_std": 0.710141,
                "nauc_map_at_10_diff1": 0.859199,
                "nauc_map_at_20_max": 0.763861,
                "nauc_map_at_20_std": 0.710141,
                "nauc_map_at_20_diff1": 0.859199,
                "nauc_map_at_100_max": 0.763861,
                "nauc_map_at_100_std": 0.710141,
                "nauc_map_at_100_diff1": 0.859199,
                "nauc_map_at_1000_max": 0.763861,
                "nauc_map_at_1000_std": 0.710141,
                "nauc_map_at_1000_diff1": 0.859199,
                "nauc_recall_at_1_max": 0.756929,
                "nauc_recall_at_1_std": 0.696548,
                "nauc_recall_at_1_diff1": 0.863339,
                "nauc_recall_at_3_max": 0.822968,
                "nauc_recall_at_3_std": 0.827855,
                "nauc_recall_at_3_diff1": 0.8246,
                "nauc_recall_at_5_max": NaN,
                "nauc_recall_at_5_std": NaN,
                "nauc_recall_at_5_diff1": NaN,
                "nauc_recall_at_10_max": NaN,
                "nauc_recall_at_10_std": NaN,
                "nauc_recall_at_10_diff1": NaN,
                "nauc_recall_at_20_max": NaN,
                "nauc_recall_at_20_std": NaN,
                "nauc_recall_at_20_diff1": NaN,
                "nauc_recall_at_100_max": NaN,
                "nauc_recall_at_100_std": NaN,
                "nauc_recall_at_100_diff1": NaN,
                "nauc_recall_at_1000_max": NaN,
                "nauc_recall_at_1000_std": NaN,
                "nauc_recall_at_1000_diff1": NaN,
                "nauc_precision_at_1_max": 0.756929,
                "nauc_precision_at_1_std": 0.696548,
                "nauc_precision_at_1_diff1": 0.863339,
                "nauc_precision_at_3_max": 0.822968,
                "nauc_precision_at_3_std": 0.827855,
                "nauc_precision_at_3_diff1": 0.8246,
                "nauc_precision_at_5_max": 1.0,
                "nauc_precision_at_5_std": 1.0,
                "nauc_precision_at_5_diff1": 1.0,
                "nauc_precision_at_10_max": 1.0,
                "nauc_precision_at_10_std": 1.0,
                "nauc_precision_at_10_diff1": 1.0,
                "nauc_precision_at_20_max": 1.0,
                "nauc_precision_at_20_std": 1.0,
                "nauc_precision_at_20_diff1": 1.0,
                "nauc_precision_at_100_max": 1.0,
                "nauc_precision_at_100_std": 1.0,
                "nauc_precision_at_100_diff1": 1.0,
                "nauc_precision_at_1000_max": 1.0,
                "nauc_precision_at_1000_std": 1.0,
                "nauc_precision_at_1000_diff1": 1.0,
                "nauc_mrr_at_1_max": 0.756929,
                "nauc_mrr_at_1_std": 0.696548,
                "nauc_mrr_at_1_diff1": 0.863339,
                "nauc_mrr_at_3_max": 0.766871,
                "nauc_mrr_at_3_std": 0.715833,
                "nauc_mrr_at_3_diff1": 0.857476,
                "nauc_mrr_at_5_max": 0.763861,
                "nauc_mrr_at_5_std": 0.710141,
                "nauc_mrr_at_5_diff1": 0.859199,
                "nauc_mrr_at_10_max": 0.763861,
                "nauc_mrr_at_10_std": 0.710141,
                "nauc_mrr_at_10_diff1": 0.859199,
                "nauc_mrr_at_20_max": 0.763861,
                "nauc_mrr_at_20_std": 0.710141,
                "nauc_mrr_at_20_diff1": 0.859199,
                "nauc_mrr_at_100_max": 0.763861,
                "nauc_mrr_at_100_std": 0.710141,
                "nauc_mrr_at_100_diff1": 0.859199,
                "nauc_mrr_at_1000_max": 0.763861,
                "nauc_mrr_at_1000_std": 0.710141,
                "nauc_mrr_at_1000_diff1": 0.859199,
                "cv_recall_at_1": 0.88516,
                "cv_recall_at_3": 0.98589,
                "cv_recall_at_5": 1.0,
                "cv_recall_at_10": 1.0,
                "cv_recall_at_20": 1.0,
                "cv_recall_at_100": 1.0,
                "cv_recall_at_1000": 1.0,
                "main_score": 0.9349,
                "hf_subset": "default",
                "languages": [
                    "slk-Latn"
                ]
            }
        ]
    },
    "evaluation_time": 133.6121792793274,
    "kg_co2_emissions": null
}
