{
    "dataset_revision": "82320d7f1d6561a12516605ec24f5d61aceb915c",
    "task_name": "SlovakPharmacyMojaLekarenReranking",
    "mteb_version": "1.39.7",
    "scores": {
        "test": [
            {
                "ndcg_at_1": 0.95257,
                "ndcg_at_3": 0.9799,
                "ndcg_at_5": 0.98101,
                "ndcg_at_10": 0.98101,
                "ndcg_at_20": 0.98101,
                "ndcg_at_100": 0.98101,
                "ndcg_at_1000": 0.98101,
                "map_at_1": 0.95257,
                "map_at_3": 0.9738,
                "map_at_5": 0.97441,
                "map_at_10": 0.97441,
                "map_at_20": 0.97441,
                "map_at_100": 0.97441,
                "map_at_1000": 0.97441,
                "recall_at_1": 0.95257,
                "recall_at_3": 0.99729,
                "recall_at_5": 1.0,
                "recall_at_10": 1.0,
                "recall_at_20": 1.0,
                "recall_at_100": 1.0,
                "recall_at_1000": 1.0,
                "accuracy": 0.95257,
                "precision_at_1": 0.95257,
                "precision_at_3": 0.33243,
                "precision_at_5": 0.2,
                "precision_at_10": 0.1,
                "precision_at_20": 0.05,
                "precision_at_100": 0.01,
                "precision_at_1000": 0.001,
                "mrr_at_1": 0.952575,
                "mrr_at_3": 0.973803,
                "mrr_at_5": 0.974413,
                "mrr_at_10": 0.974413,
                "mrr_at_20": 0.974413,
                "mrr_at_100": 0.974413,
                "mrr_at_1000": 0.974413,
                "nauc_ndcg_at_1_max": 0.659762,
                "nauc_ndcg_at_1_std": 0.603136,
                "nauc_ndcg_at_1_diff1": 0.921876,
                "nauc_ndcg_at_3_max": 0.691072,
                "nauc_ndcg_at_3_std": 0.639576,
                "nauc_ndcg_at_3_diff1": 0.929661,
                "nauc_ndcg_at_5_max": 0.673054,
                "nauc_ndcg_at_5_std": 0.622572,
                "nauc_ndcg_at_5_diff1": 0.925558,
                "nauc_ndcg_at_10_max": 0.673054,
                "nauc_ndcg_at_10_std": 0.622572,
                "nauc_ndcg_at_10_diff1": 0.925558,
                "nauc_ndcg_at_20_max": 0.673054,
                "nauc_ndcg_at_20_std": 0.622572,
                "nauc_ndcg_at_20_diff1": 0.925558,
                "nauc_ndcg_at_100_max": 0.673054,
                "nauc_ndcg_at_100_std": 0.622572,
                "nauc_ndcg_at_100_diff1": 0.925558,
                "nauc_ndcg_at_1000_max": 0.673054,
                "nauc_ndcg_at_1000_std": 0.622572,
                "nauc_ndcg_at_1000_diff1": 0.925558,
                "nauc_map_at_1_max": 0.659762,
                "nauc_map_at_1_std": 0.603136,
                "nauc_map_at_1_diff1": 0.921876,
                "nauc_map_at_3_max": 0.679673,
                "nauc_map_at_3_std": 0.628332,
                "nauc_map_at_3_diff1": 0.92703,
                "nauc_map_at_5_max": 0.67204,
                "nauc_map_at_5_std": 0.621206,
                "nauc_map_at_5_diff1": 0.925291,
                "nauc_map_at_10_max": 0.67204,
                "nauc_map_at_10_std": 0.621206,
                "nauc_map_at_10_diff1": 0.925291,
                "nauc_map_at_20_max": 0.67204,
                "nauc_map_at_20_std": 0.621206,
                "nauc_map_at_20_diff1": 0.925291,
                "nauc_map_at_100_max": 0.67204,
                "nauc_map_at_100_std": 0.621206,
                "nauc_map_at_100_diff1": 0.925291,
                "nauc_map_at_1000_max": 0.67204,
                "nauc_map_at_1000_std": 0.621206,
                "nauc_map_at_1000_diff1": 0.925291,
                "nauc_recall_at_1_max": 0.659762,
                "nauc_recall_at_1_std": 0.603136,
                "nauc_recall_at_1_diff1": 0.921876,
                "nauc_recall_at_3_max": 1.0,
                "nauc_recall_at_3_std": 0.934621,
                "nauc_recall_at_3_diff1": 1.0,
                "nauc_recall_at_5_max": NaN,
                "nauc_recall_at_5_std": NaN,
                "nauc_recall_at_5_diff1": NaN,
                "nauc_recall_at_10_max": NaN,
                "nauc_recall_at_10_std": NaN,
                "nauc_recall_at_10_diff1": NaN,
                "nauc_recall_at_20_max": NaN,
                "nauc_recall_at_20_std": NaN,
                "nauc_recall_at_20_diff1": NaN,
                "nauc_recall_at_100_max": NaN,
                "nauc_recall_at_100_std": NaN,
                "nauc_recall_at_100_diff1": NaN,
                "nauc_recall_at_1000_max": NaN,
                "nauc_recall_at_1000_std": NaN,
                "nauc_recall_at_1000_diff1": NaN,
                "nauc_precision_at_1_max": 0.659762,
                "nauc_precision_at_1_std": 0.603136,
                "nauc_precision_at_1_diff1": 0.921876,
                "nauc_precision_at_3_max": 1.0,
                "nauc_precision_at_3_std": 0.934621,
                "nauc_precision_at_3_diff1": 1.0,
                "nauc_precision_at_5_max": NaN,
                "nauc_precision_at_5_std": NaN,
                "nauc_precision_at_5_diff1": NaN,
                "nauc_precision_at_10_max": NaN,
                "nauc_precision_at_10_std": NaN,
                "nauc_precision_at_10_diff1": NaN,
                "nauc_precision_at_20_max": NaN,
                "nauc_precision_at_20_std": NaN,
                "nauc_precision_at_20_diff1": NaN,
                "nauc_precision_at_100_max": NaN,
                "nauc_precision_at_100_std": NaN,
                "nauc_precision_at_100_diff1": NaN,
                "nauc_precision_at_1000_max": 1.0,
                "nauc_precision_at_1000_std": 1.0,
                "nauc_precision_at_1000_diff1": 1.0,
                "nauc_mrr_at_1_max": 0.659762,
                "nauc_mrr_at_1_std": 0.603136,
                "nauc_mrr_at_1_diff1": 0.921876,
                "nauc_mrr_at_3_max": 0.679673,
                "nauc_mrr_at_3_std": 0.628332,
                "nauc_mrr_at_3_diff1": 0.92703,
                "nauc_mrr_at_5_max": 0.67204,
                "nauc_mrr_at_5_std": 0.621206,
                "nauc_mrr_at_5_diff1": 0.925291,
                "nauc_mrr_at_10_max": 0.67204,
                "nauc_mrr_at_10_std": 0.621206,
                "nauc_mrr_at_10_diff1": 0.925291,
                "nauc_mrr_at_20_max": 0.67204,
                "nauc_mrr_at_20_std": 0.621206,
                "nauc_mrr_at_20_diff1": 0.925291,
                "nauc_mrr_at_100_max": 0.67204,
                "nauc_mrr_at_100_std": 0.621206,
                "nauc_mrr_at_100_diff1": 0.925291,
                "nauc_mrr_at_1000_max": 0.67204,
                "nauc_mrr_at_1000_std": 0.621206,
                "nauc_mrr_at_1000_diff1": 0.925291,
                "cv_recall_at_1": 0.95257,
                "cv_recall_at_3": 0.99729,
                "cv_recall_at_5": 1.0,
                "cv_recall_at_10": 1.0,
                "cv_recall_at_20": 1.0,
                "cv_recall_at_100": 1.0,
                "cv_recall_at_1000": 1.0,
                "main_score": 0.97441,
                "hf_subset": "default",
                "languages": [
                    "slk-Latn"
                ]
            }
        ]
    },
    "evaluation_time": 29.56487274169922,
    "kg_co2_emissions": null
}
