{
    "dataset_revision": "79914f425b59d8b9fabb6d38c37f6d81f9723f46",
    "task_name": "SlovakNLI",
    "mteb_version": "1.39.7",
    "scores": {
        "test": [
            {
                "similarity_accuracy": 0.735602,
                "similarity_f1": 0.761261,
                "similarity_precision": 0.704167,
                "similarity_recall": 0.828431,
                "similarity_ap": 0.77337,
                "cosine_accuracy": 0.735602,
                "cosine_f1": 0.761261,
                "cosine_precision": 0.704167,
                "cosine_recall": 0.828431,
                "cosine_ap": 0.77337,
                "manhattan_accuracy": 0.732984,
                "manhattan_f1": 0.75803,
                "manhattan_precision": 0.673004,
                "manhattan_recall": 0.867647,
                "manhattan_ap": 0.772657,
                "euclidean_accuracy": 0.746073,
                "euclidean_f1": 0.760494,
                "euclidean_precision": 0.766169,
                "euclidean_recall": 0.754902,
                "euclidean_ap": 0.77402,
                "dot_accuracy": 0.688482,
                "dot_f1": 0.728745,
                "dot_precision": 0.62069,
                "dot_recall": 0.882353,
                "dot_ap": 0.74423,
                "max_accuracy": 0.746073,
                "max_f1": 0.761261,
                "max_precision": 0.766169,
                "max_recall": 0.882353,
                "max_ap": 0.77402,
                "main_score": 0.77402,
                "hf_subset": "default",
                "languages": [
                    "slk-Latn"
                ]
            }
        ]
    },
    "evaluation_time": 0.6404707431793213,
    "kg_co2_emissions": null
}
