{
    "dataset_revision": "962818770efbb0395130a3abb04dcae3b4ef7c30",
    "task_name": "SlovakPharmacyMojaLekarenReranking",
    "mteb_version": "1.39.7",
    "scores": {
        "test": [
            {
                "ndcg_at_1": 0.95257,
                "ndcg_at_3": 0.9799,
                "ndcg_at_5": 0.98101,
                "ndcg_at_10": 0.98101,
                "ndcg_at_20": 0.98101,
                "ndcg_at_100": 0.98101,
                "ndcg_at_1000": 0.98101,
                "map_at_1": 0.95257,
                "map_at_3": 0.9738,
                "map_at_5": 0.97441,
                "map_at_10": 0.97441,
                "map_at_20": 0.97441,
                "map_at_100": 0.97441,
                "map_at_1000": 0.97441,
                "recall_at_1": 0.95257,
                "recall_at_3": 0.99729,
                "recall_at_5": 1.0,
                "recall_at_10": 1.0,
                "recall_at_20": 1.0,
                "recall_at_100": 1.0,
                "recall_at_1000": 1.0,
                "accuracy": 0.95257,
                "precision_at_1": 0.95257,
                "precision_at_3": 0.33243,
                "precision_at_5": 0.2,
                "precision_at_10": 0.1,
                "precision_at_20": 0.05,
                "precision_at_100": 0.01,
                "precision_at_1000": 0.001,
                "mrr_at_1": 0.952575,
                "mrr_at_3": 0.973803,
                "mrr_at_5": 0.974413,
                "mrr_at_10": 0.974413,
                "mrr_at_20": 0.974413,
                "mrr_at_100": 0.974413,
                "mrr_at_1000": 0.974413,
                "nauc_ndcg_at_1_max": 0.658524,
                "nauc_ndcg_at_1_std": 0.6372,
                "nauc_ndcg_at_1_diff1": 0.933552,
                "nauc_ndcg_at_3_max": 0.684432,
                "nauc_ndcg_at_3_std": 0.669239,
                "nauc_ndcg_at_3_diff1": 0.938675,
                "nauc_ndcg_at_5_max": 0.670044,
                "nauc_ndcg_at_5_std": 0.653965,
                "nauc_ndcg_at_5_diff1": 0.935098,
                "nauc_ndcg_at_10_max": 0.670044,
                "nauc_ndcg_at_10_std": 0.653965,
                "nauc_ndcg_at_10_diff1": 0.935098,
                "nauc_ndcg_at_20_max": 0.670044,
                "nauc_ndcg_at_20_std": 0.653965,
                "nauc_ndcg_at_20_diff1": 0.935098,
                "nauc_ndcg_at_100_max": 0.670044,
                "nauc_ndcg_at_100_std": 0.653965,
                "nauc_ndcg_at_100_diff1": 0.935098,
                "nauc_ndcg_at_1000_max": 0.670044,
                "nauc_ndcg_at_1000_std": 0.653965,
                "nauc_ndcg_at_1000_diff1": 0.935098,
                "nauc_map_at_1_max": 0.658524,
                "nauc_map_at_1_std": 0.6372,
                "nauc_map_at_1_diff1": 0.933552,
                "nauc_map_at_3_max": 0.67517,
                "nauc_map_at_3_std": 0.659166,
                "nauc_map_at_3_diff1": 0.936472,
                "nauc_map_at_5_max": 0.669161,
                "nauc_map_at_5_std": 0.652775,
                "nauc_map_at_5_diff1": 0.934958,
                "nauc_map_at_10_max": 0.669161,
                "nauc_map_at_10_std": 0.652775,
                "nauc_map_at_10_diff1": 0.934958,
                "nauc_map_at_20_max": 0.669161,
                "nauc_map_at_20_std": 0.652775,
                "nauc_map_at_20_diff1": 0.934958,
                "nauc_map_at_100_max": 0.669161,
                "nauc_map_at_100_std": 0.652775,
                "nauc_map_at_100_diff1": 0.934958,
                "nauc_map_at_1000_max": 0.669161,
                "nauc_map_at_1000_std": 0.652775,
                "nauc_map_at_1000_diff1": 0.934958,
                "nauc_recall_at_1_max": 0.658524,
                "nauc_recall_at_1_std": 0.6372,
                "nauc_recall_at_1_diff1": 0.933552,
                "nauc_recall_at_3_max": 0.934621,
                "nauc_recall_at_3_std": 0.934621,
                "nauc_recall_at_3_diff1": 1.0,
                "nauc_recall_at_5_max": NaN,
                "nauc_recall_at_5_std": NaN,
                "nauc_recall_at_5_diff1": NaN,
                "nauc_recall_at_10_max": NaN,
                "nauc_recall_at_10_std": NaN,
                "nauc_recall_at_10_diff1": NaN,
                "nauc_recall_at_20_max": NaN,
                "nauc_recall_at_20_std": NaN,
                "nauc_recall_at_20_diff1": NaN,
                "nauc_recall_at_100_max": NaN,
                "nauc_recall_at_100_std": NaN,
                "nauc_recall_at_100_diff1": NaN,
                "nauc_recall_at_1000_max": NaN,
                "nauc_recall_at_1000_std": NaN,
                "nauc_recall_at_1000_diff1": NaN,
                "nauc_precision_at_1_max": 0.658524,
                "nauc_precision_at_1_std": 0.6372,
                "nauc_precision_at_1_diff1": 0.933552,
                "nauc_precision_at_3_max": 0.934621,
                "nauc_precision_at_3_std": 0.934621,
                "nauc_precision_at_3_diff1": 1.0,
                "nauc_precision_at_5_max": NaN,
                "nauc_precision_at_5_std": NaN,
                "nauc_precision_at_5_diff1": NaN,
                "nauc_precision_at_10_max": NaN,
                "nauc_precision_at_10_std": NaN,
                "nauc_precision_at_10_diff1": NaN,
                "nauc_precision_at_20_max": NaN,
                "nauc_precision_at_20_std": NaN,
                "nauc_precision_at_20_diff1": NaN,
                "nauc_precision_at_100_max": NaN,
                "nauc_precision_at_100_std": NaN,
                "nauc_precision_at_100_diff1": NaN,
                "nauc_precision_at_1000_max": 1.0,
                "nauc_precision_at_1000_std": 1.0,
                "nauc_precision_at_1000_diff1": 1.0,
                "nauc_mrr_at_1_max": 0.658524,
                "nauc_mrr_at_1_std": 0.6372,
                "nauc_mrr_at_1_diff1": 0.933552,
                "nauc_mrr_at_3_max": 0.67517,
                "nauc_mrr_at_3_std": 0.659166,
                "nauc_mrr_at_3_diff1": 0.936472,
                "nauc_mrr_at_5_max": 0.669161,
                "nauc_mrr_at_5_std": 0.652775,
                "nauc_mrr_at_5_diff1": 0.934958,
                "nauc_mrr_at_10_max": 0.669161,
                "nauc_mrr_at_10_std": 0.652775,
                "nauc_mrr_at_10_diff1": 0.934958,
                "nauc_mrr_at_20_max": 0.669161,
                "nauc_mrr_at_20_std": 0.652775,
                "nauc_mrr_at_20_diff1": 0.934958,
                "nauc_mrr_at_100_max": 0.669161,
                "nauc_mrr_at_100_std": 0.652775,
                "nauc_mrr_at_100_diff1": 0.934958,
                "nauc_mrr_at_1000_max": 0.669161,
                "nauc_mrr_at_1000_std": 0.652775,
                "nauc_mrr_at_1000_diff1": 0.934958,
                "cv_recall_at_1": 0.95257,
                "cv_recall_at_3": 0.99729,
                "cv_recall_at_5": 1.0,
                "cv_recall_at_10": 1.0,
                "cv_recall_at_20": 1.0,
                "cv_recall_at_100": 1.0,
                "cv_recall_at_1000": 1.0,
                "main_score": 0.97441,
                "hf_subset": "default",
                "languages": [
                    "slk-Latn"
                ]
            }
        ]
    },
    "evaluation_time": 29.775227546691895,
    "kg_co2_emissions": null
}
