{
    "dataset_revision": "85d6b32f2762313714618171b9d1a65eb7408835",
    "task_name": "SlovakSumRetrieval",
    "mteb_version": "1.39.7",
    "scores": {
        "test": [
            {
                "ndcg_at_1": 0.89,
                "ndcg_at_3": 0.91599,
                "ndcg_at_5": 0.92023,
                "ndcg_at_10": 0.92628,
                "ndcg_at_20": 0.92964,
                "ndcg_at_100": 0.93322,
                "ndcg_at_1000": 0.93378,
                "map_at_1": 0.89,
                "map_at_3": 0.90944,
                "map_at_5": 0.91186,
                "map_at_10": 0.91444,
                "map_at_20": 0.91535,
                "map_at_100": 0.91591,
                "map_at_1000": 0.91593,
                "recall_at_1": 0.89,
                "recall_at_3": 0.935,
                "recall_at_5": 0.945,
                "recall_at_10": 0.96333,
                "recall_at_20": 0.97667,
                "recall_at_100": 0.995,
                "recall_at_1000": 1.0,
                "accuracy": 0.89,
                "precision_at_1": 0.89,
                "precision_at_3": 0.31167,
                "precision_at_5": 0.189,
                "precision_at_10": 0.09633,
                "precision_at_20": 0.04883,
                "precision_at_100": 0.00995,
                "precision_at_1000": 0.001,
                "mrr_at_1": 0.89,
                "mrr_at_3": 0.909444,
                "mrr_at_5": 0.911861,
                "mrr_at_10": 0.91444,
                "mrr_at_20": 0.915351,
                "mrr_at_100": 0.915914,
                "mrr_at_1000": 0.915926,
                "nauc_ndcg_at_1_max": 0.889557,
                "nauc_ndcg_at_1_std": 0.397525,
                "nauc_ndcg_at_1_diff1": 0.94606,
                "nauc_ndcg_at_3_max": 0.912071,
                "nauc_ndcg_at_3_std": 0.419929,
                "nauc_ndcg_at_3_diff1": 0.938343,
                "nauc_ndcg_at_5_max": 0.914842,
                "nauc_ndcg_at_5_std": 0.44764,
                "nauc_ndcg_at_5_diff1": 0.93848,
                "nauc_ndcg_at_10_max": 0.910764,
                "nauc_ndcg_at_10_std": 0.437741,
                "nauc_ndcg_at_10_diff1": 0.942739,
                "nauc_ndcg_at_20_max": 0.909554,
                "nauc_ndcg_at_20_std": 0.453982,
                "nauc_ndcg_at_20_diff1": 0.942341,
                "nauc_ndcg_at_100_max": 0.906626,
                "nauc_ndcg_at_100_std": 0.440928,
                "nauc_ndcg_at_100_diff1": 0.940536,
                "nauc_ndcg_at_1000_max": 0.906948,
                "nauc_ndcg_at_1000_std": 0.436102,
                "nauc_ndcg_at_1000_diff1": 0.941151,
                "nauc_map_at_1_max": 0.889557,
                "nauc_map_at_1_std": 0.397525,
                "nauc_map_at_1_diff1": 0.94606,
                "nauc_map_at_3_max": 0.906421,
                "nauc_map_at_3_std": 0.412909,
                "nauc_map_at_3_diff1": 0.940289,
                "nauc_map_at_5_max": 0.907702,
                "nauc_map_at_5_std": 0.427018,
                "nauc_map_at_5_diff1": 0.940382,
                "nauc_map_at_10_max": 0.905933,
                "nauc_map_at_10_std": 0.423888,
                "nauc_map_at_10_diff1": 0.941993,
                "nauc_map_at_20_max": 0.905538,
                "nauc_map_at_20_std": 0.427093,
                "nauc_map_at_20_diff1": 0.941853,
                "nauc_map_at_100_max": 0.905148,
                "nauc_map_at_100_std": 0.42561,
                "nauc_map_at_100_diff1": 0.94163,
                "nauc_map_at_1000_max": 0.905153,
                "nauc_map_at_1000_std": 0.425533,
                "nauc_map_at_1000_diff1": 0.94164,
                "nauc_recall_at_1_max": 0.889557,
                "nauc_recall_at_1_std": 0.397525,
                "nauc_recall_at_1_diff1": 0.94606,
                "nauc_recall_at_3_max": 0.934102,
                "nauc_recall_at_3_std": 0.448227,
                "nauc_recall_at_3_diff1": 0.93075,
                "nauc_recall_at_5_max": 0.947514,
                "nauc_recall_at_5_std": 0.547959,
                "nauc_recall_at_5_diff1": 0.930043,
                "nauc_recall_at_10_max": 0.93984,
                "nauc_recall_at_10_std": 0.524446,
                "nauc_recall_at_10_diff1": 0.951723,
                "nauc_recall_at_20_max": 0.943978,
                "nauc_recall_at_20_std": 0.775143,
                "nauc_recall_at_20_diff1": 0.953315,
                "nauc_recall_at_100_max": 0.869281,
                "nauc_recall_at_100_std": 1.0,
                "nauc_recall_at_100_diff1": 0.869281,
                "nauc_recall_at_1000_max": NaN,
                "nauc_recall_at_1000_std": NaN,
                "nauc_recall_at_1000_diff1": NaN,
                "nauc_precision_at_1_max": 0.889557,
                "nauc_precision_at_1_std": 0.397525,
                "nauc_precision_at_1_diff1": 0.94606,
                "nauc_precision_at_3_max": 0.934102,
                "nauc_precision_at_3_std": 0.448227,
                "nauc_precision_at_3_diff1": 0.93075,
                "nauc_precision_at_5_max": 0.947514,
                "nauc_precision_at_5_std": 0.547959,
                "nauc_precision_at_5_diff1": 0.930043,
                "nauc_precision_at_10_max": 0.93984,
                "nauc_precision_at_10_std": 0.524446,
                "nauc_precision_at_10_diff1": 0.951723,
                "nauc_precision_at_20_max": 0.943978,
                "nauc_precision_at_20_std": 0.775143,
                "nauc_precision_at_20_diff1": 0.953315,
                "nauc_precision_at_100_max": 0.869281,
                "nauc_precision_at_100_std": 1.0,
                "nauc_precision_at_100_diff1": 0.869281,
                "nauc_precision_at_1000_max": 1.0,
                "nauc_precision_at_1000_std": 1.0,
                "nauc_precision_at_1000_diff1": 1.0,
                "nauc_mrr_at_1_max": 0.889557,
                "nauc_mrr_at_1_std": 0.397525,
                "nauc_mrr_at_1_diff1": 0.94606,
                "nauc_mrr_at_3_max": 0.906421,
                "nauc_mrr_at_3_std": 0.412909,
                "nauc_mrr_at_3_diff1": 0.940289,
                "nauc_mrr_at_5_max": 0.907702,
                "nauc_mrr_at_5_std": 0.427018,
                "nauc_mrr_at_5_diff1": 0.940382,
                "nauc_mrr_at_10_max": 0.905933,
                "nauc_mrr_at_10_std": 0.423888,
                "nauc_mrr_at_10_diff1": 0.941993,
                "nauc_mrr_at_20_max": 0.905538,
                "nauc_mrr_at_20_std": 0.427093,
                "nauc_mrr_at_20_diff1": 0.941853,
                "nauc_mrr_at_100_max": 0.905148,
                "nauc_mrr_at_100_std": 0.42561,
                "nauc_mrr_at_100_diff1": 0.94163,
                "nauc_mrr_at_1000_max": 0.905153,
                "nauc_mrr_at_1000_std": 0.425533,
                "nauc_mrr_at_1000_diff1": 0.94164,
                "cv_recall_at_1": 0.89,
                "cv_recall_at_3": 0.935,
                "cv_recall_at_5": 0.945,
                "cv_recall_at_10": 0.96333,
                "cv_recall_at_20": 0.97667,
                "cv_recall_at_100": 0.995,
                "cv_recall_at_1000": 1.0,
                "main_score": 0.92628,
                "hf_subset": "default",
                "languages": [
                    "slk-Latn"
                ]
            }
        ]
    },
    "evaluation_time": 7.742423057556152,
    "kg_co2_emissions": null
}
