{
    "dataset_revision": "c5a6521a4ddce3450fb04ba218623681a9189c6d",
    "task_name": "SMESumRetrieval",
    "mteb_version": "1.39.7",
    "scores": {
        "test": [
            {
                "ndcg_at_1": 0.785,
                "ndcg_at_3": 0.8368,
                "ndcg_at_5": 0.84534,
                "ndcg_at_10": 0.85649,
                "ndcg_at_20": 0.86382,
                "ndcg_at_100": 0.86992,
                "ndcg_at_1000": 0.87169,
                "map_at_1": 0.785,
                "map_at_3": 0.82417,
                "map_at_5": 0.82908,
                "map_at_10": 0.8339,
                "map_at_20": 0.83601,
                "map_at_100": 0.83692,
                "map_at_1000": 0.837,
                "recall_at_1": 0.785,
                "recall_at_3": 0.87333,
                "recall_at_5": 0.89333,
                "recall_at_10": 0.92667,
                "recall_at_20": 0.955,
                "recall_at_100": 0.98667,
                "recall_at_1000": 1.0,
                "accuracy": 0.785,
                "precision_at_1": 0.785,
                "precision_at_3": 0.29111,
                "precision_at_5": 0.17867,
                "precision_at_10": 0.09267,
                "precision_at_20": 0.04775,
                "precision_at_100": 0.00987,
                "precision_at_1000": 0.001,
                "mrr_at_1": 0.785,
                "mrr_at_3": 0.824167,
                "mrr_at_5": 0.829083,
                "mrr_at_10": 0.833904,
                "mrr_at_20": 0.83601,
                "mrr_at_100": 0.836918,
                "mrr_at_1000": 0.836995,
                "nauc_ndcg_at_1_max": 0.760299,
                "nauc_ndcg_at_1_std": 0.423142,
                "nauc_ndcg_at_1_diff1": 0.883669,
                "nauc_ndcg_at_3_max": 0.7895,
                "nauc_ndcg_at_3_std": 0.495029,
                "nauc_ndcg_at_3_diff1": 0.849265,
                "nauc_ndcg_at_5_max": 0.78831,
                "nauc_ndcg_at_5_std": 0.497016,
                "nauc_ndcg_at_5_diff1": 0.844488,
                "nauc_ndcg_at_10_max": 0.79227,
                "nauc_ndcg_at_10_std": 0.511093,
                "nauc_ndcg_at_10_diff1": 0.848434,
                "nauc_ndcg_at_20_max": 0.795066,
                "nauc_ndcg_at_20_std": 0.505629,
                "nauc_ndcg_at_20_diff1": 0.853025,
                "nauc_ndcg_at_100_max": 0.790412,
                "nauc_ndcg_at_100_std": 0.497462,
                "nauc_ndcg_at_100_diff1": 0.858534,
                "nauc_ndcg_at_1000_max": 0.787846,
                "nauc_ndcg_at_1000_std": 0.49111,
                "nauc_ndcg_at_1000_diff1": 0.857742,
                "nauc_map_at_1_max": 0.760299,
                "nauc_map_at_1_std": 0.423142,
                "nauc_map_at_1_diff1": 0.883669,
                "nauc_map_at_3_max": 0.782764,
                "nauc_map_at_3_std": 0.475629,
                "nauc_map_at_3_diff1": 0.859706,
                "nauc_map_at_5_max": 0.782033,
                "nauc_map_at_5_std": 0.476279,
                "nauc_map_at_5_diff1": 0.857446,
                "nauc_map_at_10_max": 0.783182,
                "nauc_map_at_10_std": 0.480985,
                "nauc_map_at_10_diff1": 0.859264,
                "nauc_map_at_20_max": 0.783726,
                "nauc_map_at_20_std": 0.479513,
                "nauc_map_at_20_diff1": 0.860607,
                "nauc_map_at_100_max": 0.783202,
                "nauc_map_at_100_std": 0.478695,
                "nauc_map_at_100_diff1": 0.861243,
                "nauc_map_at_1000_max": 0.783114,
                "nauc_map_at_1000_std": 0.478468,
                "nauc_map_at_1000_diff1": 0.861224,
                "nauc_recall_at_1_max": 0.760299,
                "nauc_recall_at_1_std": 0.423142,
                "nauc_recall_at_1_diff1": 0.883669,
                "nauc_recall_at_3_max": 0.814562,
                "nauc_recall_at_3_std": 0.569161,
                "nauc_recall_at_3_diff1": 0.808682,
                "nauc_recall_at_5_max": 0.814346,
                "nauc_recall_at_5_std": 0.587035,
                "nauc_recall_at_5_diff1": 0.786656,
                "nauc_recall_at_10_max": 0.849514,
                "nauc_recall_at_10_std": 0.704599,
                "nauc_recall_at_10_diff1": 0.783624,
                "nauc_recall_at_20_max": 0.916139,
                "nauc_recall_at_20_std": 0.759778,
                "nauc_recall_at_20_diff1": 0.790971,
                "nauc_recall_at_100_max": 0.96732,
                "nauc_recall_at_100_std": 0.930556,
                "nauc_recall_at_100_diff1": 0.916258,
                "nauc_recall_at_1000_max": NaN,
                "nauc_recall_at_1000_std": NaN,
                "nauc_recall_at_1000_diff1": NaN,
                "nauc_precision_at_1_max": 0.760299,
                "nauc_precision_at_1_std": 0.423142,
                "nauc_precision_at_1_diff1": 0.883669,
                "nauc_precision_at_3_max": 0.814562,
                "nauc_precision_at_3_std": 0.569161,
                "nauc_precision_at_3_diff1": 0.808682,
                "nauc_precision_at_5_max": 0.814346,
                "nauc_precision_at_5_std": 0.587035,
                "nauc_precision_at_5_diff1": 0.786656,
                "nauc_precision_at_10_max": 0.849514,
                "nauc_precision_at_10_std": 0.704599,
                "nauc_precision_at_10_diff1": 0.783624,
                "nauc_precision_at_20_max": 0.916139,
                "nauc_precision_at_20_std": 0.759778,
                "nauc_precision_at_20_diff1": 0.790971,
                "nauc_precision_at_100_max": 0.96732,
                "nauc_precision_at_100_std": 0.930556,
                "nauc_precision_at_100_diff1": 0.916258,
                "nauc_precision_at_1000_max": 1.0,
                "nauc_precision_at_1000_std": 1.0,
                "nauc_precision_at_1000_diff1": 1.0,
                "nauc_mrr_at_1_max": 0.760299,
                "nauc_mrr_at_1_std": 0.423142,
                "nauc_mrr_at_1_diff1": 0.883669,
                "nauc_mrr_at_3_max": 0.782764,
                "nauc_mrr_at_3_std": 0.475629,
                "nauc_mrr_at_3_diff1": 0.859706,
                "nauc_mrr_at_5_max": 0.782033,
                "nauc_mrr_at_5_std": 0.476279,
                "nauc_mrr_at_5_diff1": 0.857446,
                "nauc_mrr_at_10_max": 0.783182,
                "nauc_mrr_at_10_std": 0.480985,
                "nauc_mrr_at_10_diff1": 0.859264,
                "nauc_mrr_at_20_max": 0.783726,
                "nauc_mrr_at_20_std": 0.479513,
                "nauc_mrr_at_20_diff1": 0.860607,
                "nauc_mrr_at_100_max": 0.783202,
                "nauc_mrr_at_100_std": 0.478695,
                "nauc_mrr_at_100_diff1": 0.861243,
                "nauc_mrr_at_1000_max": 0.783114,
                "nauc_mrr_at_1000_std": 0.478468,
                "nauc_mrr_at_1000_diff1": 0.861224,
                "cv_recall_at_1": 0.785,
                "cv_recall_at_3": 0.87333,
                "cv_recall_at_5": 0.89333,
                "cv_recall_at_10": 0.92667,
                "cv_recall_at_20": 0.955,
                "cv_recall_at_100": 0.98667,
                "cv_recall_at_1000": 1.0,
                "main_score": 0.85649,
                "hf_subset": "default",
                "languages": [
                    "slk-Latn"
                ]
            }
        ]
    },
    "evaluation_time": 7.63197660446167,
    "kg_co2_emissions": null
}
