{
    "dataset_revision": "f64f483ad0f31d2e78209d524c14a4a867965959",
    "task_name": "WebFAQRetrieval",
    "mteb_version": "1.39.7",
    "scores": {
        "test": [
            {
                "ndcg_at_1": 0.77101,
                "ndcg_at_3": 0.83438,
                "ndcg_at_5": 0.84859,
                "ndcg_at_10": 0.85945,
                "ndcg_at_20": 0.86523,
                "ndcg_at_100": 0.86972,
                "ndcg_at_1000": 0.87075,
                "map_at_1": 0.77101,
                "map_at_3": 0.81927,
                "map_at_5": 0.82722,
                "map_at_10": 0.83176,
                "map_at_20": 0.83334,
                "map_at_100": 0.834,
                "map_at_1000": 0.83404,
                "recall_at_1": 0.77101,
                "recall_at_3": 0.87789,
                "recall_at_5": 0.91215,
                "recall_at_10": 0.94545,
                "recall_at_20": 0.96828,
                "recall_at_100": 0.99207,
                "recall_at_1000": 1.0,
                "accuracy": 0.77101,
                "precision_at_1": 0.77101,
                "precision_at_3": 0.29263,
                "precision_at_5": 0.18243,
                "precision_at_10": 0.09454,
                "precision_at_20": 0.04841,
                "precision_at_100": 0.00992,
                "precision_at_1000": 0.001,
                "mrr_at_1": 0.771012,
                "mrr_at_3": 0.819801,
                "mrr_at_5": 0.827556,
                "mrr_at_10": 0.832225,
                "mrr_at_20": 0.833742,
                "mrr_at_100": 0.834408,
                "mrr_at_1000": 0.834451,
                "nauc_ndcg_at_1_max": 0.50737,
                "nauc_ndcg_at_1_std": -0.139641,
                "nauc_ndcg_at_1_diff1": 0.871124,
                "nauc_ndcg_at_3_max": 0.522813,
                "nauc_ndcg_at_3_std": -0.195512,
                "nauc_ndcg_at_3_diff1": 0.855809,
                "nauc_ndcg_at_5_max": 0.519292,
                "nauc_ndcg_at_5_std": -0.17858,
                "nauc_ndcg_at_5_diff1": 0.851246,
                "nauc_ndcg_at_10_max": 0.513315,
                "nauc_ndcg_at_10_std": -0.192972,
                "nauc_ndcg_at_10_diff1": 0.854054,
                "nauc_ndcg_at_20_max": 0.514202,
                "nauc_ndcg_at_20_std": -0.185164,
                "nauc_ndcg_at_20_diff1": 0.855754,
                "nauc_ndcg_at_100_max": 0.514614,
                "nauc_ndcg_at_100_std": -0.175761,
                "nauc_ndcg_at_100_diff1": 0.85667,
                "nauc_ndcg_at_1000_max": 0.515016,
                "nauc_ndcg_at_1000_std": -0.176215,
                "nauc_ndcg_at_1000_diff1": 0.857415,
                "nauc_map_at_1_max": 0.50737,
                "nauc_map_at_1_std": -0.139641,
                "nauc_map_at_1_diff1": 0.871124,
                "nauc_map_at_3_max": 0.518344,
                "nauc_map_at_3_std": -0.179375,
                "nauc_map_at_3_diff1": 0.860098,
                "nauc_map_at_5_max": 0.516267,
                "nauc_map_at_5_std": -0.170474,
                "nauc_map_at_5_diff1": 0.857894,
                "nauc_map_at_10_max": 0.514053,
                "nauc_map_at_10_std": -0.175349,
                "nauc_map_at_10_diff1": 0.858898,
                "nauc_map_at_20_max": 0.514283,
                "nauc_map_at_20_std": -0.173164,
                "nauc_map_at_20_diff1": 0.859323,
                "nauc_map_at_100_max": 0.514421,
                "nauc_map_at_100_std": -0.171899,
                "nauc_map_at_100_diff1": 0.859443,
                "nauc_map_at_1000_max": 0.514451,
                "nauc_map_at_1000_std": -0.171874,
                "nauc_map_at_1000_diff1": 0.859476,
                "nauc_recall_at_1_max": 0.50737,
                "nauc_recall_at_1_std": -0.139641,
                "nauc_recall_at_1_diff1": 0.871124,
                "nauc_recall_at_3_max": 0.540915,
                "nauc_recall_at_3_std": -0.260851,
                "nauc_recall_at_3_diff1": 0.838524,
                "nauc_recall_at_5_max": 0.534607,
                "nauc_recall_at_5_std": -0.216355,
                "nauc_recall_at_5_diff1": 0.815546,
                "nauc_recall_at_10_max": 0.500106,
                "nauc_recall_at_10_std": -0.345172,
                "nauc_recall_at_10_diff1": 0.817205,
                "nauc_recall_at_20_max": 0.503809,
                "nauc_recall_at_20_std": -0.34121,
                "nauc_recall_at_20_diff1": 0.817519,
                "nauc_recall_at_100_max": 0.481663,
                "nauc_recall_at_100_std": -0.082952,
                "nauc_recall_at_100_diff1": 0.777055,
                "nauc_recall_at_1000_max": NaN,
                "nauc_recall_at_1000_std": NaN,
                "nauc_recall_at_1000_diff1": NaN,
                "nauc_precision_at_1_max": 0.50737,
                "nauc_precision_at_1_std": -0.139641,
                "nauc_precision_at_1_diff1": 0.871124,
                "nauc_precision_at_3_max": 0.540915,
                "nauc_precision_at_3_std": -0.260851,
                "nauc_precision_at_3_diff1": 0.838524,
                "nauc_precision_at_5_max": 0.534607,
                "nauc_precision_at_5_std": -0.216355,
                "nauc_precision_at_5_diff1": 0.815546,
                "nauc_precision_at_10_max": 0.500106,
                "nauc_precision_at_10_std": -0.345172,
                "nauc_precision_at_10_diff1": 0.817205,
                "nauc_precision_at_20_max": 0.503809,
                "nauc_precision_at_20_std": -0.34121,
                "nauc_precision_at_20_diff1": 0.817519,
                "nauc_precision_at_100_max": 0.481663,
                "nauc_precision_at_100_std": -0.082952,
                "nauc_precision_at_100_diff1": 0.777055,
                "nauc_precision_at_1000_max": NaN,
                "nauc_precision_at_1000_std": NaN,
                "nauc_precision_at_1000_diff1": NaN,
                "nauc_mrr_at_1_max": 0.508676,
                "nauc_mrr_at_1_std": -0.135243,
                "nauc_mrr_at_1_diff1": 0.871124,
                "nauc_mrr_at_3_max": 0.518613,
                "nauc_mrr_at_3_std": -0.170244,
                "nauc_mrr_at_3_diff1": 0.85939,
                "nauc_mrr_at_5_max": 0.5167,
                "nauc_mrr_at_5_std": -0.164144,
                "nauc_mrr_at_5_diff1": 0.85717,
                "nauc_mrr_at_10_max": 0.514335,
                "nauc_mrr_at_10_std": -0.16794,
                "nauc_mrr_at_10_diff1": 0.858173,
                "nauc_mrr_at_20_max": 0.514566,
                "nauc_mrr_at_20_std": -0.166185,
                "nauc_mrr_at_20_diff1": 0.858559,
                "nauc_mrr_at_100_max": 0.514733,
                "nauc_mrr_at_100_std": -0.164748,
                "nauc_mrr_at_100_diff1": 0.858726,
                "nauc_mrr_at_1000_max": 0.514763,
                "nauc_mrr_at_1000_std": -0.164721,
                "nauc_mrr_at_1000_diff1": 0.858758,
                "cv_recall_at_1": 0.77101,
                "cv_recall_at_3": 0.87853,
                "cv_recall_at_5": 0.91183,
                "cv_recall_at_10": 0.94608,
                "cv_recall_at_20": 0.96797,
                "cv_recall_at_100": 0.99207,
                "cv_recall_at_1000": 1.0,
                "main_score": 0.85945,
                "hf_subset": "slk",
                "languages": [
                    "slk-Latn"
                ]
            }
        ]
    },
    "evaluation_time": 96.32807922363281,
    "kg_co2_emissions": null
}
