{
  "dataset_revision": "75b399394a9803252cfec289d103de462763db7c",
  "task_name": "BelebeleRetrieval",
  "mteb_version": "2.3.0",
  "scores": {
    "test": [
      {
        "ndcg_at_1": 0.86,
        "ndcg_at_3": 0.90669,
        "ndcg_at_5": 0.91295,
        "ndcg_at_10": 0.92009,
        "ndcg_at_20": 0.92267,
        "ndcg_at_100": 0.92438,
        "ndcg_at_1000": 0.9248,
        "map_at_1": 0.86,
        "map_at_3": 0.89519,
        "map_at_5": 0.89857,
        "map_at_10": 0.90149,
        "map_at_20": 0.90223,
        "map_at_100": 0.90248,
        "map_at_1000": 0.9025,
        "recall_at_1": 0.86,
        "recall_at_3": 0.94,
        "recall_at_5": 0.95556,
        "recall_at_10": 0.97778,
        "recall_at_20": 0.98778,
        "recall_at_100": 0.99667,
        "recall_at_1000": 1.0,
        "accuracy": 0.86,
        "precision_at_1": 0.86,
        "precision_at_3": 0.31333,
        "precision_at_5": 0.19111,
        "precision_at_10": 0.09778,
        "precision_at_20": 0.04939,
        "precision_at_100": 0.00997,
        "precision_at_1000": 0.001,
        "mrr_at_1": 0.86,
        "mrr_at_3": 0.895185,
        "mrr_at_5": 0.898574,
        "mrr_at_10": 0.901491,
        "mrr_at_20": 0.902227,
        "mrr_at_100": 0.902484,
        "mrr_at_1000": 0.902498,
        "nauc_ndcg_at_1_max": 0.793666,
        "nauc_ndcg_at_1_std": -0.016077,
        "nauc_ndcg_at_1_diff1": 0.924064,
        "nauc_ndcg_at_3_max": 0.827394,
        "nauc_ndcg_at_3_std": 0.044889,
        "nauc_ndcg_at_3_diff1": 0.907858,
        "nauc_ndcg_at_5_max": 0.825495,
        "nauc_ndcg_at_5_std": 0.029946,
        "nauc_ndcg_at_5_diff1": 0.908435,
        "nauc_ndcg_at_10_max": 0.818111,
        "nauc_ndcg_at_10_std": -0.000828,
        "nauc_ndcg_at_10_diff1": 0.909902,
        "nauc_ndcg_at_20_max": 0.818219,
        "nauc_ndcg_at_20_std": 0.002497,
        "nauc_ndcg_at_20_diff1": 0.913673,
        "nauc_ndcg_at_100_max": 0.817564,
        "nauc_ndcg_at_100_std": 0.015686,
        "nauc_ndcg_at_100_diff1": 0.913963,
        "nauc_ndcg_at_1000_max": 0.816519,
        "nauc_ndcg_at_1000_std": 0.010307,
        "nauc_ndcg_at_1000_diff1": 0.91347,
        "nauc_map_at_1_max": 0.793666,
        "nauc_map_at_1_std": -0.016077,
        "nauc_map_at_1_diff1": 0.924064,
        "nauc_map_at_3_max": 0.817589,
        "nauc_map_at_3_std": 0.022634,
        "nauc_map_at_3_diff1": 0.912151,
        "nauc_map_at_5_max": 0.816319,
        "nauc_map_at_5_std": 0.014529,
        "nauc_map_at_5_diff1": 0.912585,
        "nauc_map_at_10_max": 0.81373,
        "nauc_map_at_10_std": 0.004248,
        "nauc_map_at_10_diff1": 0.913152,
        "nauc_map_at_20_max": 0.813808,
        "nauc_map_at_20_std": 0.005271,
        "nauc_map_at_20_diff1": 0.91417,
        "nauc_map_at_100_max": 0.8137,
        "nauc_map_at_100_std": 0.006868,
        "nauc_map_at_100_diff1": 0.914192,
        "nauc_map_at_1000_max": 0.813673,
        "nauc_map_at_1000_std": 0.00673,
        "nauc_map_at_1000_diff1": 0.914179,
        "nauc_recall_at_1_max": 0.793666,
        "nauc_recall_at_1_std": -0.016077,
        "nauc_recall_at_1_diff1": 0.924064,
        "nauc_recall_at_3_max": 0.874944,
        "nauc_recall_at_3_std": 0.156301,
        "nauc_recall_at_3_diff1": 0.887359,
        "nauc_recall_at_5_max": 0.882995,
        "nauc_recall_at_5_std": 0.127638,
        "nauc_recall_at_5_diff1": 0.882773,
        "nauc_recall_at_10_max": 0.856326,
        "nauc_recall_at_10_std": -0.120542,
        "nauc_recall_at_10_diff1": 0.874206,
        "nauc_recall_at_20_max": 0.885197,
        "nauc_recall_at_20_std": -0.152873,
        "nauc_recall_at_20_diff1": 0.927213,
        "nauc_recall_at_100_max": 1.0,
        "nauc_recall_at_100_std": 0.956427,
        "nauc_recall_at_100_diff1": 1.0,
        "nauc_recall_at_1000_max": NaN,
        "nauc_recall_at_1000_std": NaN,
        "nauc_recall_at_1000_diff1": NaN,
        "nauc_precision_at_1_max": 0.793666,
        "nauc_precision_at_1_std": -0.016077,
        "nauc_precision_at_1_diff1": 0.924064,
        "nauc_precision_at_3_max": 0.874944,
        "nauc_precision_at_3_std": 0.156301,
        "nauc_precision_at_3_diff1": 0.887359,
        "nauc_precision_at_5_max": 0.882995,
        "nauc_precision_at_5_std": 0.127638,
        "nauc_precision_at_5_diff1": 0.882773,
        "nauc_precision_at_10_max": 0.856326,
        "nauc_precision_at_10_std": -0.120542,
        "nauc_precision_at_10_diff1": 0.874206,
        "nauc_precision_at_20_max": 0.885197,
        "nauc_precision_at_20_std": -0.152873,
        "nauc_precision_at_20_diff1": 0.927213,
        "nauc_precision_at_100_max": 1.0,
        "nauc_precision_at_100_std": 0.956427,
        "nauc_precision_at_100_diff1": 1.0,
        "nauc_precision_at_1000_max": NaN,
        "nauc_precision_at_1000_std": NaN,
        "nauc_precision_at_1000_diff1": NaN,
        "nauc_mrr_at_1_max": 0.793666,
        "nauc_mrr_at_1_std": -0.016077,
        "nauc_mrr_at_1_diff1": 0.924064,
        "nauc_mrr_at_3_max": 0.817589,
        "nauc_mrr_at_3_std": 0.022634,
        "nauc_mrr_at_3_diff1": 0.912151,
        "nauc_mrr_at_5_max": 0.816319,
        "nauc_mrr_at_5_std": 0.014529,
        "nauc_mrr_at_5_diff1": 0.912585,
        "nauc_mrr_at_10_max": 0.81373,
        "nauc_mrr_at_10_std": 0.004248,
        "nauc_mrr_at_10_diff1": 0.913152,
        "nauc_mrr_at_20_max": 0.813808,
        "nauc_mrr_at_20_std": 0.005271,
        "nauc_mrr_at_20_diff1": 0.91417,
        "nauc_mrr_at_100_max": 0.8137,
        "nauc_mrr_at_100_std": 0.006868,
        "nauc_mrr_at_100_diff1": 0.914192,
        "nauc_mrr_at_1000_max": 0.813673,
        "nauc_mrr_at_1000_std": 0.00673,
        "nauc_mrr_at_1000_diff1": 0.914179,
        "cv_recall_at_1": 0.86,
        "cv_recall_at_3": 0.94,
        "cv_recall_at_5": 0.95556,
        "cv_recall_at_10": 0.97778,
        "cv_recall_at_20": 0.98778,
        "cv_recall_at_100": 0.99667,
        "cv_recall_at_1000": 1.0,
        "main_score": 0.92009,
        "hf_subset": "slk_Latn-slk_Latn",
        "languages": [
          "slk-Latn",
          "slk-Latn"
        ]
      },
      {
        "ndcg_at_1": 0.91222,
        "ndcg_at_3": 0.94468,
        "ndcg_at_5": 0.94927,
        "ndcg_at_10": 0.95171,
        "ndcg_at_20": 0.95339,
        "ndcg_at_100": 0.95468,
        "ndcg_at_1000": 0.95481,
        "map_at_1": 0.91222,
        "map_at_3": 0.93704,
        "map_at_5": 0.93959,
        "map_at_10": 0.94055,
        "map_at_20": 0.94101,
        "map_at_100": 0.94122,
        "map_at_1000": 0.94122,
        "recall_at_1": 0.91222,
        "recall_at_3": 0.96667,
        "recall_at_5": 0.97778,
        "recall_at_10": 0.98556,
        "recall_at_20": 0.99222,
        "recall_at_100": 0.99889,
        "recall_at_1000": 1.0,
        "accuracy": 0.91222,
        "precision_at_1": 0.91222,
        "precision_at_3": 0.32222,
        "precision_at_5": 0.19556,
        "precision_at_10": 0.09856,
        "precision_at_20": 0.04961,
        "precision_at_100": 0.00999,
        "precision_at_1000": 0.001,
        "mrr_at_1": 0.912222,
        "mrr_at_3": 0.937037,
        "mrr_at_5": 0.939593,
        "mrr_at_10": 0.940553,
        "mrr_at_20": 0.941014,
        "mrr_at_100": 0.941217,
        "mrr_at_1000": 0.94122,
        "nauc_ndcg_at_1_max": 0.757544,
        "nauc_ndcg_at_1_std": -0.166247,
        "nauc_ndcg_at_1_diff1": 0.911475,
        "nauc_ndcg_at_3_max": 0.816164,
        "nauc_ndcg_at_3_std": -0.110676,
        "nauc_ndcg_at_3_diff1": 0.918795,
        "nauc_ndcg_at_5_max": 0.81538,
        "nauc_ndcg_at_5_std": -0.074502,
        "nauc_ndcg_at_5_diff1": 0.917249,
        "nauc_ndcg_at_10_max": 0.809477,
        "nauc_ndcg_at_10_std": -0.097705,
        "nauc_ndcg_at_10_diff1": 0.919866,
        "nauc_ndcg_at_20_max": 0.805106,
        "nauc_ndcg_at_20_std": -0.111538,
        "nauc_ndcg_at_20_diff1": 0.91849,
        "nauc_ndcg_at_100_max": 0.800878,
        "nauc_ndcg_at_100_std": -0.106606,