{
  "dataset_revision": "3997eba1c60721e34f7b01db400f5b14a40218ea",
  "task_name": "SkQuadReranking",
  "mteb_version": "2.3.0",
  "scores": {
    "test": [
      {
        "ndcg_at_1": 0.65402,
        "ndcg_at_3": 0.68889,
        "ndcg_at_5": 0.72861,
        "ndcg_at_10": 0.7899,
        "ndcg_at_20": 0.79871,
        "ndcg_at_100": 0.79871,
        "ndcg_at_1000": 0.79871,
        "map_at_1": 0.5004,
        "map_at_3": 0.62709,
        "map_at_5": 0.65707,
        "map_at_10": 0.69566,
        "map_at_20": 0.70055,
        "map_at_100": 0.70055,
        "map_at_1000": 0.70055,
        "recall_at_1": 0.5004,
        "recall_at_3": 0.72895,
        "recall_at_5": 0.81396,
        "recall_at_10": 0.97445,
        "recall_at_20": 1.0,
        "recall_at_100": 1.0,
        "recall_at_1000": 1.0,
        "accuracy": 0.5004,
        "precision_at_1": 0.65402,
        "precision_at_3": 0.33686,
        "precision_at_5": 0.23301,
        "precision_at_10": 0.14748,
        "precision_at_20": 0.07643,
        "precision_at_100": 0.01529,
        "precision_at_1000": 0.00153,
        "mrr_at_1": 0.654016,
        "mrr_at_3": 0.765078,
        "mrr_at_5": 0.777523,
        "mrr_at_10": 0.784421,
        "mrr_at_20": 0.784742,
        "mrr_at_100": 0.784742,
        "mrr_at_1000": 0.784742,
        "nauc_ndcg_at_1_max": 0.374275,
        "nauc_ndcg_at_1_std": 0.12987,
        "nauc_ndcg_at_1_diff1": 0.567828,
        "nauc_ndcg_at_3_max": 0.259307,
        "nauc_ndcg_at_3_std": 0.195989,
        "nauc_ndcg_at_3_diff1": 0.401414,
        "nauc_ndcg_at_5_max": 0.265408,
        "nauc_ndcg_at_5_std": 0.198937,
        "nauc_ndcg_at_5_diff1": 0.40842,
        "nauc_ndcg_at_10_max": 0.289418,
        "nauc_ndcg_at_10_std": 0.187487,
        "nauc_ndcg_at_10_diff1": 0.438975,
        "nauc_ndcg_at_20_max": 0.310931,
        "nauc_ndcg_at_20_std": 0.191733,
        "nauc_ndcg_at_20_diff1": 0.450329,
        "nauc_ndcg_at_100_max": 0.310931,
        "nauc_ndcg_at_100_std": 0.191733,
        "nauc_ndcg_at_100_diff1": 0.450329,
        "nauc_ndcg_at_1000_max": 0.310931,
        "nauc_ndcg_at_1000_std": 0.191733,
        "nauc_ndcg_at_1000_diff1": 0.450329,
        "nauc_map_at_1_max": 0.198775,
        "nauc_map_at_1_std": 0.067726,
        "nauc_map_at_1_diff1": 0.450571,
        "nauc_map_at_3_max": 0.213935,
        "nauc_map_at_3_std": 0.152469,
        "nauc_map_at_3_diff1": 0.401637,
        "nauc_map_at_5_max": 0.223212,
        "nauc_map_at_5_std": 0.156717,
        "nauc_map_at_5_diff1": 0.403604,
        "nauc_map_at_10_max": 0.243846,
        "nauc_map_at_10_std": 0.158575,
        "nauc_map_at_10_diff1": 0.416696,
        "nauc_map_at_20_max": 0.253002,
        "nauc_map_at_20_std": 0.160753,
        "nauc_map_at_20_diff1": 0.420721,
        "nauc_map_at_100_max": 0.253002,
        "nauc_map_at_100_std": 0.160753,
        "nauc_map_at_100_diff1": 0.420721,
        "nauc_map_at_1000_max": 0.253002,
        "nauc_map_at_1000_std": 0.160753,
        "nauc_map_at_1000_diff1": 0.420721,
        "nauc_recall_at_1_max": 0.198775,
        "nauc_recall_at_1_std": 0.067726,
        "nauc_recall_at_1_diff1": 0.450571,
        "nauc_recall_at_3_max": 0.175828,
        "nauc_recall_at_3_std": 0.218063,
        "nauc_recall_at_3_diff1": 0.27108,
        "nauc_recall_at_5_max": 0.146594,
        "nauc_recall_at_5_std": 0.223128,
        "nauc_recall_at_5_diff1": 0.237274,
        "nauc_recall_at_10_max": -0.117868,
        "nauc_recall_at_10_std": 0.094489,
        "nauc_recall_at_10_diff1": 0.141775,
        "nauc_recall_at_20_max": NaN,
        "nauc_recall_at_20_std": NaN,
        "nauc_recall_at_20_diff1": NaN,
        "nauc_recall_at_100_max": NaN,
        "nauc_recall_at_100_std": NaN,
        "nauc_recall_at_100_diff1": NaN,
        "nauc_recall_at_1000_max": NaN,
        "nauc_recall_at_1000_std": NaN,
        "nauc_recall_at_1000_diff1": NaN,
        "nauc_precision_at_1_max": 0.374275,
        "nauc_precision_at_1_std": 0.12987,
        "nauc_precision_at_1_diff1": 0.567828,
        "nauc_precision_at_3_max": 0.297417,
        "nauc_precision_at_3_std": 0.255469,
        "nauc_precision_at_3_diff1": 0.125391,
        "nauc_precision_at_5_max": 0.22453,
        "nauc_precision_at_5_std": 0.185358,
        "nauc_precision_at_5_diff1": 0.005665,
        "nauc_precision_at_10_max": 0.146991,
        "nauc_precision_at_10_std": 0.079377,
        "nauc_precision_at_10_diff1": -0.121287,
        "nauc_precision_at_20_max": 0.16613,
        "nauc_precision_at_20_std": 0.075119,
        "nauc_precision_at_20_diff1": -0.128626,
        "nauc_precision_at_100_max": 0.16613,
        "nauc_precision_at_100_std": 0.075119,
        "nauc_precision_at_100_diff1": -0.128626,
        "nauc_precision_at_1000_max": 0.16613,
        "nauc_precision_at_1000_std": 0.075119,
        "nauc_precision_at_1000_diff1": -0.128626,
        "nauc_mrr_at_1_max": 0.374275,
        "nauc_mrr_at_1_std": 0.12987,
        "nauc_mrr_at_1_diff1": 0.567828,
        "nauc_mrr_at_3_max": 0.437144,
        "nauc_mrr_at_3_std": 0.252173,
        "nauc_mrr_at_3_diff1": 0.527929,
        "nauc_mrr_at_5_max": 0.436769,
        "nauc_mrr_at_5_std": 0.246503,
        "nauc_mrr_at_5_diff1": 0.538203,
        "nauc_mrr_at_10_max": 0.423696,
        "nauc_mrr_at_10_std": 0.226906,
        "nauc_mrr_at_10_diff1": 0.541079,
        "nauc_mrr_at_20_max": 0.422866,
        "nauc_mrr_at_20_std": 0.225552,
        "nauc_mrr_at_20_diff1": 0.540809,
        "nauc_mrr_at_100_max": 0.422866,
        "nauc_mrr_at_100_std": 0.225552,
        "nauc_mrr_at_100_diff1": 0.540809,
        "nauc_mrr_at_1000_max": 0.422866,
        "nauc_mrr_at_1000_std": 0.225552,
        "nauc_mrr_at_1000_diff1": 0.540809,
        "cv_recall_at_1": 0.65402,
        "cv_recall_at_3": 0.89144,
        "cv_recall_at_5": 0.94528,
        "cv_recall_at_10": 0.99647,
        "cv_recall_at_20": 1.0,
        "cv_recall_at_100": 1.0,
        "cv_recall_at_1000": 1.0,
        "main_score": 0.70055,
        "hf_subset": "default",
        "languages": [
          "slk-Latn"
        ]
      }
    ]
  },
  "evaluation_time": 3773.9999589920044,
  "kg_co2_emissions": null
}