{
  "dataset_revision": "82320d7f1d6561a12516605ec24f5d61aceb915c",
  "task_name": "SlovakPharmacyMojaLekarenReranking",
  "mteb_version": "2.3.0",
  "scores": {
    "test": [
      {
        "ndcg_at_1": 0.9458,
        "ndcg_at_3": 0.97722,
        "ndcg_at_5": 0.97839,
        "ndcg_at_10": 0.97839,
        "ndcg_at_20": 0.97839,
        "ndcg_at_100": 0.97839,
        "ndcg_at_1000": 0.97839,
        "map_at_1": 0.9458,
        "map_at_3": 0.97019,
        "map_at_5": 0.97087,
        "map_at_10": 0.97087,
        "map_at_20": 0.97087,
        "map_at_100": 0.97087,
        "map_at_1000": 0.97087,
        "recall_at_1": 0.9458,
        "recall_at_3": 0.99729,
        "recall_at_5": 1.0,
        "recall_at_10": 1.0,
        "recall_at_20": 1.0,
        "recall_at_100": 1.0,
        "recall_at_1000": 1.0,
        "accuracy": 0.9458,
        "precision_at_1": 0.9458,
        "precision_at_3": 0.33243,
        "precision_at_5": 0.2,
        "precision_at_10": 0.1,
        "precision_at_20": 0.05,
        "precision_at_100": 0.01,
        "precision_at_1000": 0.001,
        "mrr_at_1": 0.945799,
        "mrr_at_3": 0.97019,
        "mrr_at_5": 0.970867,
        "mrr_at_10": 0.970867,
        "mrr_at_20": 0.970867,
        "mrr_at_100": 0.970867,
        "mrr_at_1000": 0.970867,
        "nauc_ndcg_at_1_max": 0.686982,
        "nauc_ndcg_at_1_std": 0.557955,
        "nauc_ndcg_at_1_diff1": 0.941457,
        "nauc_ndcg_at_3_max": 0.696733,
        "nauc_ndcg_at_3_std": 0.575271,
        "nauc_ndcg_at_3_diff1": 0.939606,
        "nauc_ndcg_at_5_max": 0.695364,
        "nauc_ndcg_at_5_std": 0.576412,
        "nauc_ndcg_at_5_diff1": 0.939876,
        "nauc_ndcg_at_10_max": 0.695364,
        "nauc_ndcg_at_10_std": 0.576412,
        "nauc_ndcg_at_10_diff1": 0.939876,
        "nauc_ndcg_at_20_max": 0.695364,
        "nauc_ndcg_at_20_std": 0.576412,
        "nauc_ndcg_at_20_diff1": 0.939876,
        "nauc_ndcg_at_100_max": 0.695364,
        "nauc_ndcg_at_100_std": 0.576412,
        "nauc_ndcg_at_100_diff1": 0.939876,
        "nauc_ndcg_at_1000_max": 0.695364,
        "nauc_ndcg_at_1000_std": 0.576412,
        "nauc_ndcg_at_1000_diff1": 0.939876,
        "nauc_map_at_1_max": 0.686982,
        "nauc_map_at_1_std": 0.557955,
        "nauc_map_at_1_diff1": 0.941457,
        "nauc_map_at_3_max": 0.695499,
        "nauc_map_at_3_std": 0.574903,
        "nauc_map_at_3_diff1": 0.939845,
        "nauc_map_at_5_max": 0.694881,
        "nauc_map_at_5_std": 0.575386,
        "nauc_map_at_5_diff1": 0.939967,
        "nauc_map_at_10_max": 0.694881,
        "nauc_map_at_10_std": 0.575386,
        "nauc_map_at_10_diff1": 0.939967,
        "nauc_map_at_20_max": 0.694881,
        "nauc_map_at_20_std": 0.575386,
        "nauc_map_at_20_diff1": 0.939967,
        "nauc_map_at_100_max": 0.694881,
        "nauc_map_at_100_std": 0.575386,
        "nauc_map_at_100_diff1": 0.939967,
        "nauc_map_at_1000_max": 0.694881,
        "nauc_map_at_1000_std": 0.575386,
        "nauc_map_at_1000_diff1": 0.939967,
        "nauc_recall_at_1_max": 0.686982,
        "nauc_recall_at_1_std": 0.557955,
        "nauc_recall_at_1_diff1": 0.941457,
        "nauc_recall_at_3_max": 0.722083,
        "nauc_recall_at_3_std": 0.554146,
        "nauc_recall_at_3_diff1": 0.934621,
        "nauc_recall_at_5_max": NaN,
        "nauc_recall_at_5_std": NaN,
        "nauc_recall_at_5_diff1": NaN,
        "nauc_recall_at_10_max": NaN,
        "nauc_recall_at_10_std": NaN,
        "nauc_recall_at_10_diff1": NaN,
        "nauc_recall_at_20_max": NaN,
        "nauc_recall_at_20_std": NaN,
        "nauc_recall_at_20_diff1": NaN,
        "nauc_recall_at_100_max": NaN,
        "nauc_recall_at_100_std": NaN,
        "nauc_recall_at_100_diff1": NaN,
        "nauc_recall_at_1000_max": NaN,
        "nauc_recall_at_1000_std": NaN,
        "nauc_recall_at_1000_diff1": NaN,
        "nauc_precision_at_1_max": 0.686982,
        "nauc_precision_at_1_std": 0.557955,
        "nauc_precision_at_1_diff1": 0.941457,
        "nauc_precision_at_3_max": 0.722083,
        "nauc_precision_at_3_std": 0.554146,
        "nauc_precision_at_3_diff1": 0.934621,
        "nauc_precision_at_5_max": NaN,
        "nauc_precision_at_5_std": NaN,
        "nauc_precision_at_5_diff1": NaN,
        "nauc_precision_at_10_max": NaN,
        "nauc_precision_at_10_std": NaN,
        "nauc_precision_at_10_diff1": NaN,
        "nauc_precision_at_20_max": NaN,
        "nauc_precision_at_20_std": NaN,
        "nauc_precision_at_20_diff1": NaN,
        "nauc_precision_at_100_max": NaN,
        "nauc_precision_at_100_std": NaN,
        "nauc_precision_at_100_diff1": NaN,
        "nauc_precision_at_1000_max": 1.0,
        "nauc_precision_at_1000_std": 1.0,
        "nauc_precision_at_1000_diff1": 1.0,
        "nauc_mrr_at_1_max": 0.686982,
        "nauc_mrr_at_1_std": 0.557955,
        "nauc_mrr_at_1_diff1": 0.941457,
        "nauc_mrr_at_3_max": 0.695499,
        "nauc_mrr_at_3_std": 0.574903,
        "nauc_mrr_at_3_diff1": 0.939845,
        "nauc_mrr_at_5_max": 0.694881,
        "nauc_mrr_at_5_std": 0.575386,
        "nauc_mrr_at_5_diff1": 0.939967,
        "nauc_mrr_at_10_max": 0.694881,
        "nauc_mrr_at_10_std": 0.575386,
        "nauc_mrr_at_10_diff1": 0.939967,
        "nauc_mrr_at_20_max": 0.694881,
        "nauc_mrr_at_20_std": 0.575386,
        "nauc_mrr_at_20_diff1": 0.939967,
        "nauc_mrr_at_100_max": 0.694881,
        "nauc_mrr_at_100_std": 0.575386,
        "nauc_mrr_at_100_diff1": 0.939967,
        "nauc_mrr_at_1000_max": 0.694881,
        "nauc_mrr_at_1000_std": 0.575386,
        "nauc_mrr_at_1000_diff1": 0.939967,
        "cv_recall_at_1": 0.9458,
        "cv_recall_at_3": 0.99729,
        "cv_recall_at_5": 1.0,
        "cv_recall_at_10": 1.0,
        "cv_recall_at_20": 1.0,
        "cv_recall_at_100": 1.0,
        "cv_recall_at_1000": 1.0,
        "main_score": 0.97087,
        "hf_subset": "default",
        "languages": [
          "slk-Latn"
        ]
      }
    ]
  },
  "evaluation_time": 900.7146103382111,
  "kg_co2_emissions": null
}