{
  "dataset_revision": "f64f483ad0f31d2e78209d524c14a4a867965959",
  "task_name": "WebFAQRetrieval",
  "mteb_version": "2.3.0",
  "scores": {
    "test": [
      {
        "ndcg_at_1": 0.78465,
        "ndcg_at_3": 0.85295,
        "ndcg_at_5": 0.86515,
        "ndcg_at_10": 0.87368,
        "ndcg_at_20": 0.87797,
        "ndcg_at_100": 0.88245,
        "ndcg_at_1000": 0.88297,
        "map_at_1": 0.78465,
        "map_at_3": 0.8365,
        "map_at_5": 0.84323,
        "map_at_10": 0.84681,
        "map_at_20": 0.84802,
        "map_at_100": 0.8487,
        "map_at_1000": 0.84873,
        "recall_at_1": 0.78465,
        "recall_at_3": 0.90041,
        "recall_at_5": 0.93023,
        "recall_at_10": 0.95623,
        "recall_at_20": 0.97304,
        "recall_at_100": 0.99619,
        "recall_at_1000": 1.0,
        "accuracy": 0.78465,
        "precision_at_1": 0.78465,
        "precision_at_3": 0.30014,
        "precision_at_5": 0.18605,
        "precision_at_10": 0.09562,
        "precision_at_20": 0.04865,
        "precision_at_100": 0.00996,
        "precision_at_1000": 0.001,
        "mrr_at_1": 0.784332,
        "mrr_at_3": 0.836029,
        "mrr_at_5": 0.842912,
        "mrr_at_10": 0.84651,
        "mrr_at_20": 0.847712,
        "mrr_at_100": 0.848393,
        "mrr_at_1000": 0.848419,
        "nauc_ndcg_at_1_max": 0.457208,
        "nauc_ndcg_at_1_std": -0.12919,
        "nauc_ndcg_at_1_diff1": 0.863292,
        "nauc_ndcg_at_3_max": 0.479353,
        "nauc_ndcg_at_3_std": -0.172616,
        "nauc_ndcg_at_3_diff1": 0.844193,
        "nauc_ndcg_at_5_max": 0.471079,
        "nauc_ndcg_at_5_std": -0.191341,
        "nauc_ndcg_at_5_diff1": 0.848425,
        "nauc_ndcg_at_10_max": 0.469382,
        "nauc_ndcg_at_10_std": -0.191357,
        "nauc_ndcg_at_10_diff1": 0.850881,
        "nauc_ndcg_at_20_max": 0.472196,
        "nauc_ndcg_at_20_std": -0.181432,
        "nauc_ndcg_at_20_diff1": 0.851447,
        "nauc_ndcg_at_100_max": 0.4704,
        "nauc_ndcg_at_100_std": -0.170337,
        "nauc_ndcg_at_100_diff1": 0.852555,
        "nauc_ndcg_at_1000_max": 0.47052,
        "nauc_ndcg_at_1000_std": -0.170572,
        "nauc_ndcg_at_1000_diff1": 0.852543,
        "nauc_map_at_1_max": 0.457208,
        "nauc_map_at_1_std": -0.12919,
        "nauc_map_at_1_diff1": 0.863292,
        "nauc_map_at_3_max": 0.474702,
        "nauc_map_at_3_std": -0.157789,
        "nauc_map_at_3_diff1": 0.850371,
        "nauc_map_at_5_max": 0.470618,
        "nauc_map_at_5_std": -0.166212,
        "nauc_map_at_5_diff1": 0.852632,
        "nauc_map_at_10_max": 0.46989,
        "nauc_map_at_10_std": -0.165884,
        "nauc_map_at_10_diff1": 0.853604,
        "nauc_map_at_20_max": 0.47043,
        "nauc_map_at_20_std": -0.163509,
        "nauc_map_at_20_diff1": 0.853685,
        "nauc_map_at_100_max": 0.470081,
        "nauc_map_at_100_std": -0.162369,
        "nauc_map_at_100_diff1": 0.853831,
        "nauc_map_at_1000_max": 0.470096,
        "nauc_map_at_1000_std": -0.162365,
        "nauc_map_at_1000_diff1": 0.853832,
        "nauc_recall_at_1_max": 0.457208,
        "nauc_recall_at_1_std": -0.12919,
        "nauc_recall_at_1_diff1": 0.863292,
        "nauc_recall_at_3_max": 0.498699,
        "nauc_recall_at_3_std": -0.239679,
        "nauc_recall_at_3_diff1": 0.816449,
        "nauc_recall_at_5_max": 0.469179,
        "nauc_recall_at_5_std": -0.350894,
        "nauc_recall_at_5_diff1": 0.823932,
        "nauc_recall_at_10_max": 0.456071,
        "nauc_recall_at_10_std": -0.440801,
        "nauc_recall_at_10_diff1": 0.829721,
        "nauc_recall_at_20_max": 0.498663,
        "nauc_recall_at_20_std": -0.427661,
        "nauc_recall_at_20_diff1": 0.828733,
        "nauc_recall_at_100_max": 0.461097,
        "nauc_recall_at_100_std": -0.104757,
        "nauc_recall_at_100_diff1": 0.85664,
        "nauc_recall_at_1000_max": NaN,
        "nauc_recall_at_1000_std": NaN,
        "nauc_recall_at_1000_diff1": NaN,
        "nauc_precision_at_1_max": 0.457208,
        "nauc_precision_at_1_std": -0.12919,
        "nauc_precision_at_1_diff1": 0.863292,
        "nauc_precision_at_3_max": 0.498699,
        "nauc_precision_at_3_std": -0.239679,
        "nauc_precision_at_3_diff1": 0.816449,
        "nauc_precision_at_5_max": 0.469179,
        "nauc_precision_at_5_std": -0.350894,
        "nauc_precision_at_5_diff1": 0.823932,
        "nauc_precision_at_10_max": 0.456071,
        "nauc_precision_at_10_std": -0.440801,
        "nauc_precision_at_10_diff1": 0.829721,
        "nauc_precision_at_20_max": 0.498663,
        "nauc_precision_at_20_std": -0.427661,
        "nauc_precision_at_20_diff1": 0.828733,
        "nauc_precision_at_100_max": 0.461097,
        "nauc_precision_at_100_std": -0.104757,
        "nauc_precision_at_100_diff1": 0.85664,
        "nauc_precision_at_1000_max": NaN,
        "nauc_precision_at_1000_std": NaN,
        "nauc_precision_at_1000_diff1": NaN,
        "nauc_mrr_at_1_max": 0.458193,
        "nauc_mrr_at_1_std": -0.130882,
        "nauc_mrr_at_1_diff1": 0.863894,
        "nauc_mrr_at_3_max": 0.475231,
        "nauc_mrr_at_3_std": -0.161124,
        "nauc_mrr_at_3_diff1": 0.851226,
        "nauc_mrr_at_5_max": 0.471325,
        "nauc_mrr_at_5_std": -0.168305,
        "nauc_mrr_at_5_diff1": 0.853363,
        "nauc_mrr_at_10_max": 0.470345,
        "nauc_mrr_at_10_std": -0.16864,
        "nauc_mrr_at_10_diff1": 0.854336,
        "nauc_mrr_at_20_max": 0.470867,
        "nauc_mrr_at_20_std": -0.165954,
        "nauc_mrr_at_20_diff1": 0.854494,
        "nauc_mrr_at_100_max": 0.470566,
        "nauc_mrr_at_100_std": -0.164815,
        "nauc_mrr_at_100_diff1": 0.85461,
        "nauc_mrr_at_1000_max": 0.470582,
        "nauc_mrr_at_1000_std": -0.164811,
        "nauc_mrr_at_1000_diff1": 0.85461,
        "cv_recall_at_1": 0.78433,
        "cv_recall_at_3": 0.9001,
        "cv_recall_at_5": 0.93054,
        "cv_recall_at_10": 0.95655,
        "cv_recall_at_20": 0.97368,
        "cv_recall_at_100": 0.99619,
        "cv_recall_at_1000": 1.0,
        "main_score": 0.87368,
        "hf_subset": "slk",
        "languages": [
          "slk-Latn"
        ]
      }
    ]
  },
  "evaluation_time": 2560.8487560749054,
  "kg_co2_emissions": null
}