{
  "dataset_revision": "82320d7f1d6561a12516605ec24f5d61aceb915c",
  "task_name": "SlovakPharmacyMojaLekarenReranking",
  "mteb_version": "1.39.7",
  "scores": {
    "test": [
      {
        "ndcg_at_1": 0.91463,
        "ndcg_at_3": 0.96088,
        "ndcg_at_5": 0.96432,
        "ndcg_at_10": 0.96432,
        "ndcg_at_20": 0.96432,
        "ndcg_at_100": 0.96432,
        "ndcg_at_1000": 0.96432,
        "map_at_1": 0.91463,
        "map_at_3": 0.95009,
        "map_at_5": 0.95206,
        "map_at_10": 0.95206,
        "map_at_20": 0.95206,
        "map_at_100": 0.95206,
        "map_at_1000": 0.95206,
        "recall_at_1": 0.91463,
        "recall_at_3": 0.99187,
        "recall_at_5": 1.0,
        "recall_at_10": 1.0,
        "recall_at_20": 1.0,
        "recall_at_100": 1.0,
        "recall_at_1000": 1.0,
        "accuracy": 0.91463,
        "precision_at_1": 0.91463,
        "precision_at_3": 0.33062,
        "precision_at_5": 0.2,
        "precision_at_10": 0.1,
        "precision_at_20": 0.05,
        "precision_at_100": 0.01,
        "precision_at_1000": 0.001,
        "mrr_at_1": 0.914634,
        "mrr_at_3": 0.95009,
        "mrr_at_5": 0.952055,
        "mrr_at_10": 0.952055,
        "mrr_at_20": 0.952055,
        "mrr_at_100": 0.952055,
        "mrr_at_1000": 0.952055,
        "nauc_ndcg_at_1_max": 0.648789,
        "nauc_ndcg_at_1_std": 0.561863,
        "nauc_ndcg_at_1_diff1": 0.873346,
        "nauc_ndcg_at_3_max": 0.686515,
        "nauc_ndcg_at_3_std": 0.636046,
        "nauc_ndcg_at_3_diff1": 0.874627,
        "nauc_ndcg_at_5_max": 0.669979,
        "nauc_ndcg_at_5_std": 0.600932,
        "nauc_ndcg_at_5_diff1": 0.873276,
        "nauc_ndcg_at_10_max": 0.669979,
        "nauc_ndcg_at_10_std": 0.600932,
        "nauc_ndcg_at_10_diff1": 0.873276,
        "nauc_ndcg_at_20_max": 0.669979,
        "nauc_ndcg_at_20_std": 0.600932,
        "nauc_ndcg_at_20_diff1": 0.873276,
        "nauc_ndcg_at_100_max": 0.669979,
        "nauc_ndcg_at_100_std": 0.600932,
        "nauc_ndcg_at_100_diff1": 0.873276,
        "nauc_ndcg_at_1000_max": 0.669979,
        "nauc_ndcg_at_1000_std": 0.600932,
        "nauc_ndcg_at_1000_diff1": 0.873276,
        "nauc_map_at_1_max": 0.648789,
        "nauc_map_at_1_std": 0.561863,
        "nauc_map_at_1_diff1": 0.873346,
        "nauc_map_at_3_max": 0.676522,
        "nauc_map_at_3_std": 0.614243,
        "nauc_map_at_3_diff1": 0.873886,
        "nauc_map_at_5_max": 0.668741,
        "nauc_map_at_5_std": 0.598434,
        "nauc_map_at_5_diff1": 0.873268,
        "nauc_map_at_10_max": 0.668741,
        "nauc_map_at_10_std": 0.598434,
        "nauc_map_at_10_diff1": 0.873268,
        "nauc_map_at_20_max": 0.668741,
        "nauc_map_at_20_std": 0.598434,
        "nauc_map_at_20_diff1": 0.873268,
        "nauc_map_at_100_max": 0.668741,
        "nauc_map_at_100_std": 0.598434,
        "nauc_map_at_100_diff1": 0.873268,
        "nauc_map_at_1000_max": 0.668741,
        "nauc_map_at_1000_std": 0.598434,
        "nauc_map_at_1000_diff1": 0.873268,
        "nauc_recall_at_1_max": 0.648789,
        "nauc_recall_at_1_std": 0.561863,
        "nauc_recall_at_1_diff1": 0.873346,
        "nauc_recall_at_3_max": 0.84944,
        "nauc_recall_at_3_std": 1.0,
        "nauc_recall_at_3_diff1": 0.888301,
        "nauc_recall_at_5_max": NaN,
        "nauc_recall_at_5_std": NaN,
        "nauc_recall_at_5_diff1": NaN,
        "nauc_recall_at_10_max": NaN,
        "nauc_recall_at_10_std": NaN,
        "nauc_recall_at_10_diff1": NaN,
        "nauc_recall_at_20_max": NaN,
        "nauc_recall_at_20_std": NaN,
        "nauc_recall_at_20_diff1": NaN,
        "nauc_recall_at_100_max": NaN,
        "nauc_recall_at_100_std": NaN,
        "nauc_recall_at_100_diff1": NaN,
        "nauc_recall_at_1000_max": NaN,
        "nauc_recall_at_1000_std": NaN,
        "nauc_recall_at_1000_diff1": NaN,
        "nauc_precision_at_1_max": 0.648789,
        "nauc_precision_at_1_std": 0.561863,
        "nauc_precision_at_1_diff1": 0.873346,
        "nauc_precision_at_3_max": 0.84944,
        "nauc_precision_at_3_std": 1.0,
        "nauc_precision_at_3_diff1": 0.888301,
        "nauc_precision_at_5_max": NaN,
        "nauc_precision_at_5_std": NaN,
        "nauc_precision_at_5_diff1": NaN,
        "nauc_precision_at_10_max": NaN,
        "nauc_precision_at_10_std": NaN,
        "nauc_precision_at_10_diff1": NaN,
        "nauc_precision_at_20_max": NaN,
        "nauc_precision_at_20_std": NaN,
        "nauc_precision_at_20_diff1": NaN,
        "nauc_precision_at_100_max": NaN,
        "nauc_precision_at_100_std": NaN,
        "nauc_precision_at_100_diff1": NaN,
        "nauc_precision_at_1000_max": 1.0,
        "nauc_precision_at_1000_std": 1.0,
        "nauc_precision_at_1000_diff1": 1.0,
        "nauc_mrr_at_1_max": 0.648789,
        "nauc_mrr_at_1_std": 0.561863,
        "nauc_mrr_at_1_diff1": 0.873346,
        "nauc_mrr_at_3_max": 0.676522,
        "nauc_mrr_at_3_std": 0.614243,
        "nauc_mrr_at_3_diff1": 0.873886,
        "nauc_mrr_at_5_max": 0.668741,
        "nauc_mrr_at_5_std": 0.598434,
        "nauc_mrr_at_5_diff1": 0.873268,
        "nauc_mrr_at_10_max": 0.668741,
        "nauc_mrr_at_10_std": 0.598434,
        "nauc_mrr_at_10_diff1": 0.873268,
        "nauc_mrr_at_20_max": 0.668741,
        "nauc_mrr_at_20_std": 0.598434,
        "nauc_mrr_at_20_diff1": 0.873268,
        "nauc_mrr_at_100_max": 0.668741,
        "nauc_mrr_at_100_std": 0.598434,
        "nauc_mrr_at_100_diff1": 0.873268,
        "nauc_mrr_at_1000_max": 0.668741,
        "nauc_mrr_at_1000_std": 0.598434,
        "nauc_mrr_at_1000_diff1": 0.873268,
        "cv_recall_at_1": 0.91463,
        "cv_recall_at_3": 0.99187,
        "cv_recall_at_5": 1.0,
        "cv_recall_at_10": 1.0,
        "cv_recall_at_20": 1.0,
        "cv_recall_at_100": 1.0,
        "cv_recall_at_1000": 1.0,
        "main_score": 0.95206,
        "hf_subset": "default",
        "languages": [
          "slk-Latn"
        ]
      }
    ]
  },
  "evaluation_time": 77.36890530586243,
  "kg_co2_emissions": null
}