{
  "dataset_revision": "f64f483ad0f31d2e78209d524c14a4a867965959",
  "task_name": "WebFAQRetrieval",
  "mteb_version": "1.39.7",
  "scores": {
    "test": [
      {
        "ndcg_at_1": 0.74627,
        "ndcg_at_3": 0.81791,
        "ndcg_at_5": 0.83167,
        "ndcg_at_10": 0.84293,
        "ndcg_at_20": 0.84956,
        "ndcg_at_100": 0.85456,
        "ndcg_at_1000": 0.8562,
        "map_at_1": 0.74627,
        "map_at_3": 0.80093,
        "map_at_5": 0.80859,
        "map_at_10": 0.81334,
        "map_at_20": 0.81519,
        "map_at_100": 0.81587,
        "map_at_1000": 0.81594,
        "recall_at_1": 0.74627,
        "recall_at_3": 0.86679,
        "recall_at_5": 0.9001,
        "recall_at_10": 0.93435,
        "recall_at_20": 0.96036,
        "recall_at_100": 0.98763,
        "recall_at_1000": 1.0,
        "accuracy": 0.74627,
        "precision_at_1": 0.74627,
        "precision_at_3": 0.28893,
        "precision_at_5": 0.18002,
        "precision_at_10": 0.09343,
        "precision_at_20": 0.04802,
        "precision_at_100": 0.00988,
        "precision_at_1000": 0.001,
        "mrr_at_1": 0.746273,
        "mrr_at_3": 0.800983,
        "mrr_at_5": 0.808643,
        "mrr_at_10": 0.813437,
        "mrr_at_20": 0.815261,
        "mrr_at_100": 0.815951,
        "mrr_at_1000": 0.816023,
        "nauc_ndcg_at_1_max": 0.477085,
        "nauc_ndcg_at_1_std": -0.121585,
        "nauc_ndcg_at_1_diff1": 0.820274,
        "nauc_ndcg_at_3_max": 0.469781,
        "nauc_ndcg_at_3_std": -0.172774,
        "nauc_ndcg_at_3_diff1": 0.79638,
        "nauc_ndcg_at_5_max": 0.46058,
        "nauc_ndcg_at_5_std": -0.184686,
        "nauc_ndcg_at_5_diff1": 0.795267,
        "nauc_ndcg_at_10_max": 0.456446,
        "nauc_ndcg_at_10_std": -0.196796,
        "nauc_ndcg_at_10_diff1": 0.799789,
        "nauc_ndcg_at_20_max": 0.458654,
        "nauc_ndcg_at_20_std": -0.192237,
        "nauc_ndcg_at_20_diff1": 0.802363,
        "nauc_ndcg_at_100_max": 0.458559,
        "nauc_ndcg_at_100_std": -0.181871,
        "nauc_ndcg_at_100_diff1": 0.803111,
        "nauc_ndcg_at_1000_max": 0.462471,
        "nauc_ndcg_at_1000_std": -0.177123,
        "nauc_ndcg_at_1000_diff1": 0.803133,
        "nauc_map_at_1_max": 0.477085,
        "nauc_map_at_1_std": -0.121585,
        "nauc_map_at_1_diff1": 0.820274,
        "nauc_map_at_3_max": 0.471383,
        "nauc_map_at_3_std": -0.159237,
        "nauc_map_at_3_diff1": 0.802862,
        "nauc_map_at_5_max": 0.466876,
        "nauc_map_at_5_std": -0.164616,
        "nauc_map_at_5_diff1": 0.802536,
        "nauc_map_at_10_max": 0.465679,
        "nauc_map_at_10_std": -0.168454,
        "nauc_map_at_10_diff1": 0.804371,
        "nauc_map_at_20_max": 0.466201,
        "nauc_map_at_20_std": -0.16733,
        "nauc_map_at_20_diff1": 0.804981,
        "nauc_map_at_100_max": 0.466208,
        "nauc_map_at_100_std": -0.166276,
        "nauc_map_at_100_diff1": 0.805046,
        "nauc_map_at_1000_max": 0.466354,
        "nauc_map_at_1000_std": -0.166079,
        "nauc_map_at_1000_diff1": 0.805046,
        "nauc_recall_at_1_max": 0.477085,
        "nauc_recall_at_1_std": -0.121585,
        "nauc_recall_at_1_diff1": 0.820274,
        "nauc_recall_at_3_max": 0.463587,
        "nauc_recall_at_3_std": -0.226972,
        "nauc_recall_at_3_diff1": 0.77032,
        "nauc_recall_at_5_max": 0.426913,
        "nauc_recall_at_5_std": -0.287981,
        "nauc_recall_at_5_diff1": 0.75869,
        "nauc_recall_at_10_max": 0.38004,
        "nauc_recall_at_10_std": -0.422701,
        "nauc_recall_at_10_diff1": 0.769927,
        "nauc_recall_at_20_max": 0.362955,
        "nauc_recall_at_20_std": -0.501563,
        "nauc_recall_at_20_diff1": 0.786574,
        "nauc_recall_at_100_max": 0.150029,
        "nauc_recall_at_100_std": -0.545922,
        "nauc_recall_at_100_diff1": 0.799597,
        "nauc_recall_at_1000_max": NaN,
        "nauc_recall_at_1000_std": NaN,
        "nauc_recall_at_1000_diff1": NaN,
        "nauc_precision_at_1_max": 0.477085,
        "nauc_precision_at_1_std": -0.121585,
        "nauc_precision_at_1_diff1": 0.820274,
        "nauc_precision_at_3_max": 0.463587,
        "nauc_precision_at_3_std": -0.226972,
        "nauc_precision_at_3_diff1": 0.77032,
        "nauc_precision_at_5_max": 0.426913,
        "nauc_precision_at_5_std": -0.287981,
        "nauc_precision_at_5_diff1": 0.75869,
        "nauc_precision_at_10_max": 0.38004,
        "nauc_precision_at_10_std": -0.422701,
        "nauc_precision_at_10_diff1": 0.769927,
        "nauc_precision_at_20_max": 0.362955,
        "nauc_precision_at_20_std": -0.501563,
        "nauc_precision_at_20_diff1": 0.786574,
        "nauc_precision_at_100_max": 0.150029,
        "nauc_precision_at_100_std": -0.545922,
        "nauc_precision_at_100_diff1": 0.799597,
        "nauc_precision_at_1000_max": NaN,
        "nauc_precision_at_1000_std": NaN,
        "nauc_precision_at_1000_diff1": NaN,
        "nauc_mrr_at_1_max": 0.479281,
        "nauc_mrr_at_1_std": -0.117345,
        "nauc_mrr_at_1_diff1": 0.820274,
        "nauc_mrr_at_3_max": 0.472518,
        "nauc_mrr_at_3_std": -0.156906,
        "nauc_mrr_at_3_diff1": 0.802741,
        "nauc_mrr_at_5_max": 0.468399,
        "nauc_mrr_at_5_std": -0.163058,
        "nauc_mrr_at_5_diff1": 0.802516,
        "nauc_mrr_at_10_max": 0.467107,
        "nauc_mrr_at_10_std": -0.167021,
        "nauc_mrr_at_10_diff1": 0.804274,
        "nauc_mrr_at_20_max": 0.46761,
        "nauc_mrr_at_20_std": -0.165836,
        "nauc_mrr_at_20_diff1": 0.804918,
        "nauc_mrr_at_100_max": 0.467668,
        "nauc_mrr_at_100_std": -0.16438,
        "nauc_mrr_at_100_diff1": 0.804948,
        "nauc_mrr_at_1000_max": 0.467816,
        "nauc_mrr_at_1000_std": -0.164182,
        "nauc_mrr_at_1000_diff1": 0.804948,
        "cv_recall_at_1": 0.74627,
        "cv_recall_at_3": 0.86648,
        "cv_recall_at_5": 0.89978,
        "cv_recall_at_10": 0.93435,
        "cv_recall_at_20": 0.96004,
        "cv_recall_at_100": 0.98763,
        "cv_recall_at_1000": 1.0,
        "main_score": 0.84293,
        "hf_subset": "slk",
        "languages": [
          "slk-Latn"
        ]
      }
    ]
  },
  "evaluation_time": 553.3419704437256,
  "kg_co2_emissions": null
}