{
  "dataset_revision": "09f81f51dd5b8497da16d02c69c98d5cb5993ef2",
  "task_name": "SKQuadRetrieval",
  "mteb_version": "2.3.0",
  "scores": {
    "test": [
      {
        "ndcg_at_1": 0.57496,
        "ndcg_at_3": 0.63901,
        "ndcg_at_5": 0.66486,
        "ndcg_at_10": 0.68636,
        "ndcg_at_20": 0.70634,
        "ndcg_at_100": 0.7282,
        "ndcg_at_1000": 0.73332,
        "map_at_1": 0.39302,
        "map_at_3": 0.51903,
        "map_at_5": 0.5408,
        "map_at_10": 0.55758,
        "map_at_20": 0.56872,
        "map_at_100": 0.57584,
        "map_at_1000": 0.57628,
        "recall_at_1": 0.39302,
        "recall_at_3": 0.63983,
        "recall_at_5": 0.70173,
        "recall_at_10": 0.76538,
        "recall_at_20": 0.84112,
        "recall_at_100": 0.95261,
        "recall_at_1000": 0.99206,
        "accuracy": 0.39302,
        "precision_at_1": 0.58289,
        "precision_at_3": 0.33275,
        "precision_at_5": 0.22504,
        "precision_at_10": 0.12769,
        "precision_at_20": 0.07319,
        "precision_at_100": 0.01745,
        "precision_at_1000": 0.00184,
        "mrr_at_1": 0.582892,
        "mrr_at_3": 0.7306,
        "mrr_at_5": 0.741755,
        "mrr_at_10": 0.744802,
        "mrr_at_20": 0.745955,
        "mrr_at_100": 0.746144,
        "mrr_at_1000": 0.746161,
        "nauc_ndcg_at_1_max": 0.084061,
        "nauc_ndcg_at_1_std": 0.015921,
        "nauc_ndcg_at_1_diff1": 0.386084,
        "nauc_ndcg_at_3_max": 0.083254,
        "nauc_ndcg_at_3_std": -0.038483,
        "nauc_ndcg_at_3_diff1": 0.25739,
        "nauc_ndcg_at_5_max": 0.085348,
        "nauc_ndcg_at_5_std": -0.024295,
        "nauc_ndcg_at_5_diff1": 0.262657,
        "nauc_ndcg_at_10_max": 0.087815,
        "nauc_ndcg_at_10_std": -0.024072,
        "nauc_ndcg_at_10_diff1": 0.265759,
        "nauc_ndcg_at_20_max": 0.091958,
        "nauc_ndcg_at_20_std": -0.004375,
        "nauc_ndcg_at_20_diff1": 0.271734,
        "nauc_ndcg_at_100_max": 0.105012,
        "nauc_ndcg_at_100_std": 0.016182,
        "nauc_ndcg_at_100_diff1": 0.27921,
        "nauc_ndcg_at_1000_max": 0.104363,
        "nauc_ndcg_at_1000_std": 0.009494,
        "nauc_ndcg_at_1000_diff1": 0.285896,
        "nauc_map_at_1_max": 0.041456,
        "nauc_map_at_1_std": -0.034587,
        "nauc_map_at_1_diff1": 0.332916,
        "nauc_map_at_3_max": 0.041367,
        "nauc_map_at_3_std": -0.067968,
        "nauc_map_at_3_diff1": 0.257172,
        "nauc_map_at_5_max": 0.042327,
        "nauc_map_at_5_std": -0.061918,
        "nauc_map_at_5_diff1": 0.255726,
        "nauc_map_at_10_max": 0.049985,
        "nauc_map_at_10_std": -0.0605,
        "nauc_map_at_10_diff1": 0.254313,
        "nauc_map_at_20_max": 0.054425,
        "nauc_map_at_20_std": -0.052027,
        "nauc_map_at_20_diff1": 0.255458,
        "nauc_map_at_100_max": 0.058277,
        "nauc_map_at_100_std": -0.046258,
        "nauc_map_at_100_diff1": 0.258354,
        "nauc_map_at_1000_max": 0.058301,
        "nauc_map_at_1000_std": -0.046528,
        "nauc_map_at_1000_diff1": 0.2587,
        "nauc_recall_at_1_max": 0.041456,
        "nauc_recall_at_1_std": -0.034587,
        "nauc_recall_at_1_diff1": 0.332916,
        "nauc_recall_at_3_max": 0.028946,
        "nauc_recall_at_3_std": -0.102761,
        "nauc_recall_at_3_diff1": 0.123117,
        "nauc_recall_at_5_max": 0.017598,
        "nauc_recall_at_5_std": -0.079113,
        "nauc_recall_at_5_diff1": 0.102704,
        "nauc_recall_at_10_max": 0.011264,
        "nauc_recall_at_10_std": -0.096994,
        "nauc_recall_at_10_diff1": 0.084225,
        "nauc_recall_at_20_max": 0.01126,
        "nauc_recall_at_20_std": -0.029562,
        "nauc_recall_at_20_diff1": 0.063749,
        "nauc_recall_at_100_max": 0.169352,
        "nauc_recall_at_100_std": 0.353552,
        "nauc_recall_at_100_diff1": -0.042304,
        "nauc_recall_at_1000_max": 0.445953,
        "nauc_recall_at_1000_std": 0.723783,
        "nauc_recall_at_1000_diff1": 0.197663,
        "nauc_precision_at_1_max": 0.084789,
        "nauc_precision_at_1_std": 0.010227,
        "nauc_precision_at_1_diff1": 0.384264,
        "nauc_precision_at_3_max": 0.152353,
        "nauc_precision_at_3_std": 0.03524,
        "nauc_precision_at_3_diff1": 0.019123,
        "nauc_precision_at_5_max": 0.16166,
        "nauc_precision_at_5_std": 0.087936,
        "nauc_precision_at_5_diff1": -0.050197,
        "nauc_precision_at_10_max": 0.155756,
        "nauc_precision_at_10_std": 0.091466,
        "nauc_precision_at_10_diff1": -0.08173,
        "nauc_precision_at_20_max": 0.144113,
        "nauc_precision_at_20_std": 0.139266,
        "nauc_precision_at_20_diff1": -0.094254,
        "nauc_precision_at_100_max": 0.149145,
        "nauc_precision_at_100_std": 0.202684,
        "nauc_precision_at_100_diff1": -0.112161,
        "nauc_precision_at_1000_max": 0.138104,
        "nauc_precision_at_1000_std": 0.172453,
        "nauc_precision_at_1000_diff1": -0.09695,
        "nauc_mrr_at_1_max": 0.084789,
        "nauc_mrr_at_1_std": 0.010227,
        "nauc_mrr_at_1_diff1": 0.384264,
        "nauc_mrr_at_3_max": 0.142078,
        "nauc_mrr_at_3_std": 0.021998,
        "nauc_mrr_at_3_diff1": 0.3271,
        "nauc_mrr_at_5_max": 0.149823,
        "nauc_mrr_at_5_std": 0.033753,
        "nauc_mrr_at_5_diff1": 0.339038,
        "nauc_mrr_at_10_max": 0.142539,
        "nauc_mrr_at_10_std": 0.030135,
        "nauc_mrr_at_10_diff1": 0.341782,
        "nauc_mrr_at_20_max": 0.139466,
        "nauc_mrr_at_20_std": 0.030625,
        "nauc_mrr_at_20_diff1": 0.342571,
        "nauc_mrr_at_100_max": 0.138684,
        "nauc_mrr_at_100_std": 0.029748,
        "nauc_mrr_at_100_diff1": 0.342542,
        "nauc_mrr_at_1000_max": 0.138609,
        "nauc_mrr_at_1000_std": 0.029664,
        "nauc_mrr_at_1000_diff1": 0.342529,
        "cv_recall_at_1": 0.58289,
        "cv_recall_at_3": 0.90388,
        "cv_recall_at_5": 0.9515,
        "cv_recall_at_10": 0.97354,
        "cv_recall_at_20": 0.98854,
        "cv_recall_at_100": 0.99559,
        "cv_recall_at_1000": 0.99824,
        "main_score": 0.68636,
        "hf_subset": "default",
        "languages": [
          "slk-Latn"
        ]
      }
    ]
  },
  "evaluation_time": 481.6950101852417,
  "kg_co2_emissions": null
}