{
  "dataset_revision": "3997eba1c60721e34f7b01db400f5b14a40218ea",
  "task_name": "SkQuadReranking",
  "mteb_version": "2.3.0",
  "scores": {
    "test": [
      {
        "ndcg_at_1": 0.65578,
        "ndcg_at_3": 0.70468,
        "ndcg_at_5": 0.74293,
        "ndcg_at_10": 0.795,
        "ndcg_at_20": 0.80552,
        "ndcg_at_100": 0.80552,
        "ndcg_at_1000": 0.80552,
        "map_at_1": 0.50484,
        "map_at_3": 0.63902,
        "map_at_5": 0.66885,
        "map_at_10": 0.70307,
        "map_at_20": 0.70892,
        "map_at_100": 0.70892,
        "map_at_1000": 0.70892,
        "recall_at_1": 0.50484,
        "recall_at_3": 0.75547,
        "recall_at_5": 0.83687,
        "recall_at_10": 0.96952,
        "recall_at_20": 1.0,
        "recall_at_100": 1.0,
        "recall_at_1000": 1.0,
        "accuracy": 0.50484,
        "precision_at_1": 0.65578,
        "precision_at_3": 0.34598,
        "precision_at_5": 0.2376,
        "precision_at_10": 0.14643,
        "precision_at_20": 0.07643,
        "precision_at_100": 0.01529,
        "precision_at_1000": 0.00153,
        "mrr_at_1": 0.655781,
        "mrr_at_3": 0.776846,
        "mrr_at_5": 0.787702,
        "mrr_at_10": 0.791706,
        "mrr_at_20": 0.792107,
        "mrr_at_100": 0.792107,
        "mrr_at_1000": 0.792107,
        "nauc_ndcg_at_1_max": 0.200334,
        "nauc_ndcg_at_1_std": 0.105194,
        "nauc_ndcg_at_1_diff1": 0.410031,
        "nauc_ndcg_at_3_max": 0.128306,
        "nauc_ndcg_at_3_std": 0.120313,
        "nauc_ndcg_at_3_diff1": 0.285719,
        "nauc_ndcg_at_5_max": 0.118373,
        "nauc_ndcg_at_5_std": 0.126368,
        "nauc_ndcg_at_5_diff1": 0.289734,
        "nauc_ndcg_at_10_max": 0.153112,
        "nauc_ndcg_at_10_std": 0.135229,
        "nauc_ndcg_at_10_diff1": 0.319884,
        "nauc_ndcg_at_20_max": 0.164711,
        "nauc_ndcg_at_20_std": 0.133175,
        "nauc_ndcg_at_20_diff1": 0.327323,
        "nauc_ndcg_at_100_max": 0.164711,
        "nauc_ndcg_at_100_std": 0.133175,
        "nauc_ndcg_at_100_diff1": 0.327323,
        "nauc_ndcg_at_1000_max": 0.164711,
        "nauc_ndcg_at_1000_std": 0.133175,
        "nauc_ndcg_at_1000_diff1": 0.327323,
        "nauc_map_at_1_max": 0.094302,
        "nauc_map_at_1_std": 0.040095,
        "nauc_map_at_1_diff1": 0.349594,
        "nauc_map_at_3_max": 0.097048,
        "nauc_map_at_3_std": 0.088047,
        "nauc_map_at_3_diff1": 0.29332,
        "nauc_map_at_5_max": 0.097545,
        "nauc_map_at_5_std": 0.095649,
        "nauc_map_at_5_diff1": 0.295458,
        "nauc_map_at_10_max": 0.117538,
        "nauc_map_at_10_std": 0.104298,
        "nauc_map_at_10_diff1": 0.306834,
        "nauc_map_at_20_max": 0.123041,
        "nauc_map_at_20_std": 0.103844,
        "nauc_map_at_20_diff1": 0.309756,
        "nauc_map_at_100_max": 0.123041,
        "nauc_map_at_100_std": 0.103844,
        "nauc_map_at_100_diff1": 0.309756,
        "nauc_map_at_1000_max": 0.123041,
        "nauc_map_at_1000_std": 0.103844,
        "nauc_map_at_1000_diff1": 0.309756,
        "nauc_recall_at_1_max": 0.094302,
        "nauc_recall_at_1_std": 0.040095,
        "nauc_recall_at_1_diff1": 0.349594,
        "nauc_recall_at_3_max": 0.059293,
        "nauc_recall_at_3_std": 0.111396,
        "nauc_recall_at_3_diff1": 0.168008,
        "nauc_recall_at_5_max": -0.002063,
        "nauc_recall_at_5_std": 0.106978,
        "nauc_recall_at_5_diff1": 0.12743,
        "nauc_recall_at_10_max": -0.008868,
        "nauc_recall_at_10_std": 0.155194,
        "nauc_recall_at_10_diff1": 0.153694,
        "nauc_recall_at_20_max": NaN,
        "nauc_recall_at_20_std": NaN,
        "nauc_recall_at_20_diff1": NaN,
        "nauc_recall_at_100_max": NaN,
        "nauc_recall_at_100_std": NaN,
        "nauc_recall_at_100_diff1": NaN,
        "nauc_recall_at_1000_max": NaN,
        "nauc_recall_at_1000_std": NaN,
        "nauc_recall_at_1000_diff1": NaN,
        "nauc_precision_at_1_max": 0.200334,
        "nauc_precision_at_1_std": 0.105194,
        "nauc_precision_at_1_diff1": 0.410031,
        "nauc_precision_at_3_max": 0.182619,
        "nauc_precision_at_3_std": 0.206078,
        "nauc_precision_at_3_diff1": -0.000736,
        "nauc_precision_at_5_max": 0.125325,
        "nauc_precision_at_5_std": 0.163934,
        "nauc_precision_at_5_diff1": -0.071614,
        "nauc_precision_at_10_max": 0.121354,
        "nauc_precision_at_10_std": 0.105641,
        "nauc_precision_at_10_diff1": -0.126388,
        "nauc_precision_at_20_max": 0.129025,
        "nauc_precision_at_20_std": 0.088854,
        "nauc_precision_at_20_diff1": -0.13541,
        "nauc_precision_at_100_max": 0.129025,
        "nauc_precision_at_100_std": 0.088854,
        "nauc_precision_at_100_diff1": -0.13541,
        "nauc_precision_at_1000_max": 0.129025,
        "nauc_precision_at_1000_std": 0.088854,
        "nauc_precision_at_1000_diff1": -0.13541,
        "nauc_mrr_at_1_max": 0.200334,
        "nauc_mrr_at_1_std": 0.105194,
        "nauc_mrr_at_1_diff1": 0.410031,
        "nauc_mrr_at_3_max": 0.257331,
        "nauc_mrr_at_3_std": 0.192799,
        "nauc_mrr_at_3_diff1": 0.374891,
        "nauc_mrr_at_5_max": 0.247551,
        "nauc_mrr_at_5_std": 0.185334,
        "nauc_mrr_at_5_diff1": 0.378944,
        "nauc_mrr_at_10_max": 0.242954,
        "nauc_mrr_at_10_std": 0.173403,
        "nauc_mrr_at_10_diff1": 0.385723,
        "nauc_mrr_at_20_max": 0.241487,
        "nauc_mrr_at_20_std": 0.171644,
        "nauc_mrr_at_20_diff1": 0.385084,
        "nauc_mrr_at_100_max": 0.241487,
        "nauc_mrr_at_100_std": 0.171644,
        "nauc_mrr_at_100_diff1": 0.385084,
        "nauc_mrr_at_1000_max": 0.241487,
        "nauc_mrr_at_1000_std": 0.171644,
        "nauc_mrr_at_1000_diff1": 0.385084,
        "cv_recall_at_1": 0.65578,
        "cv_recall_at_3": 0.91968,
        "cv_recall_at_5": 0.96646,
        "cv_recall_at_10": 0.99559,
        "cv_recall_at_20": 1.0,
        "cv_recall_at_100": 1.0,
        "cv_recall_at_1000": 1.0,
        "main_score": 0.70892,
        "hf_subset": "default",
        "languages": [
          "slk-Latn"
        ]
      }
    ]
  },
  "evaluation_time": 834.3598530292511,
  "kg_co2_emissions": null
}