{
  "dataset_revision": "79914f425b59d8b9fabb6d38c37f6d81f9723f46",
  "task_name": "SlovakNLI",
  "mteb_version": "2.3.0",
  "scores": {
    "test": [
      {
        "similarity_accuracy": 0.759162,
        "similarity_f1": 0.7806,
        "similarity_precision": 0.737991,
        "similarity_recall": 0.828431,
        "similarity_ap": 0.803901,
        "cosine_accuracy": 0.759162,
        "cosine_f1": 0.7806,
        "cosine_precision": 0.737991,
        "cosine_recall": 0.828431,
        "cosine_ap": 0.803901,
        "manhattan_accuracy": 0.759162,
        "manhattan_f1": 0.780384,
        "manhattan_precision": 0.690566,
        "manhattan_recall": 0.897059,
        "manhattan_ap": 0.803524,
        "euclidean_accuracy": 0.759162,
        "euclidean_f1": 0.7806,
        "euclidean_precision": 0.737991,
        "euclidean_recall": 0.828431,
        "euclidean_ap": 0.803901,
        "dot_accuracy": 0.759162,
        "dot_f1": 0.7806,
        "dot_precision": 0.737991,
        "dot_recall": 0.828431,
        "dot_ap": 0.803901,
        "max_accuracy": 0.759162,
        "max_f1": 0.7806,
        "max_precision": 0.737991,
        "max_recall": 0.897059,
        "max_ap": 0.803901,
        "main_score": 0.803901,
        "hf_subset": "default",
        "languages": [
          "slk-Latn"
        ]
      }
    ]
  },
  "evaluation_time": 43.89423418045044,
  "kg_co2_emissions": null
}