{
  "dataset_revision": "6448ea012b1b7caa3d55cb747b58cda1d7edc714",
  "task_name": "SlovakPharmacyDrMaxReranking",
  "mteb_version": "2.3.0",
  "scores": {
    "test": [
      {
        "ndcg_at_1": 0.92836,
        "ndcg_at_3": 0.96591,
        "ndcg_at_5": 0.96973,
        "ndcg_at_10": 0.96973,
        "ndcg_at_20": 0.96973,
        "ndcg_at_100": 0.96973,
        "ndcg_at_1000": 0.96973,
        "map_at_1": 0.92836,
        "map_at_3": 0.95723,
        "map_at_5": 0.95937,
        "map_at_10": 0.95937,
        "map_at_20": 0.95937,
        "map_at_100": 0.95937,
        "map_at_1000": 0.95937,
        "recall_at_1": 0.92836,
        "recall_at_3": 0.9908,
        "recall_at_5": 1.0,
        "recall_at_10": 1.0,
        "recall_at_20": 1.0,
        "recall_at_100": 1.0,
        "recall_at_1000": 1.0,
        "accuracy": 0.92836,
        "precision_at_1": 0.92836,
        "precision_at_3": 0.33027,
        "precision_at_5": 0.2,
        "precision_at_10": 0.1,
        "precision_at_20": 0.05,
        "precision_at_100": 0.01,
        "precision_at_1000": 0.001,
        "mrr_at_1": 0.928358,
        "mrr_at_3": 0.957228,
        "mrr_at_5": 0.959367,
        "mrr_at_10": 0.959367,
        "mrr_at_20": 0.959367,
        "mrr_at_100": 0.959367,
        "mrr_at_1000": 0.959367,
        "nauc_ndcg_at_1_max": 0.788868,
        "nauc_ndcg_at_1_std": 0.724499,
        "nauc_ndcg_at_1_diff1": 0.910884,
        "nauc_ndcg_at_3_max": 0.817511,
        "nauc_ndcg_at_3_std": 0.754235,
        "nauc_ndcg_at_3_diff1": 0.908492,
        "nauc_ndcg_at_5_max": 0.802788,
        "nauc_ndcg_at_5_std": 0.739369,
        "nauc_ndcg_at_5_diff1": 0.909042,
        "nauc_ndcg_at_10_max": 0.802788,
        "nauc_ndcg_at_10_std": 0.739369,
        "nauc_ndcg_at_10_diff1": 0.909042,
        "nauc_ndcg_at_20_max": 0.802788,
        "nauc_ndcg_at_20_std": 0.739369,
        "nauc_ndcg_at_20_diff1": 0.909042,
        "nauc_ndcg_at_100_max": 0.802788,
        "nauc_ndcg_at_100_std": 0.739369,
        "nauc_ndcg_at_100_diff1": 0.909042,
        "nauc_ndcg_at_1000_max": 0.802788,
        "nauc_ndcg_at_1000_std": 0.739369,
        "nauc_ndcg_at_1000_diff1": 0.909042,
        "nauc_map_at_1_max": 0.788868,
        "nauc_map_at_1_std": 0.724499,
        "nauc_map_at_1_diff1": 0.910884,
        "nauc_map_at_3_max": 0.808387,
        "nauc_map_at_3_std": 0.744903,
        "nauc_map_at_3_diff1": 0.908919,
        "nauc_map_at_5_max": 0.801825,
        "nauc_map_at_5_std": 0.738337,
        "nauc_map_at_5_diff1": 0.909152,
        "nauc_map_at_10_max": 0.801825,
        "nauc_map_at_10_std": 0.738337,
        "nauc_map_at_10_diff1": 0.909152,
        "nauc_map_at_20_max": 0.801825,
        "nauc_map_at_20_std": 0.738337,
        "nauc_map_at_20_diff1": 0.909152,
        "nauc_map_at_100_max": 0.801825,
        "nauc_map_at_100_std": 0.738337,
        "nauc_map_at_100_diff1": 0.909152,
        "nauc_map_at_1000_max": 0.801825,
        "nauc_map_at_1000_std": 0.738337,
        "nauc_map_at_1000_diff1": 0.909152,
        "nauc_recall_at_1_max": 0.788868,
        "nauc_recall_at_1_std": 0.724499,
        "nauc_recall_at_1_diff1": 0.910884,
        "nauc_recall_at_3_max": 0.935289,
        "nauc_recall_at_3_std": 0.874348,
        "nauc_recall_at_3_diff1": 0.903803,
        "nauc_recall_at_5_max": NaN,
        "nauc_recall_at_5_std": NaN,
        "nauc_recall_at_5_diff1": NaN,
        "nauc_recall_at_10_max": NaN,
        "nauc_recall_at_10_std": NaN,
        "nauc_recall_at_10_diff1": NaN,
        "nauc_recall_at_20_max": NaN,
        "nauc_recall_at_20_std": NaN,
        "nauc_recall_at_20_diff1": NaN,
        "nauc_recall_at_100_max": NaN,
        "nauc_recall_at_100_std": NaN,
        "nauc_recall_at_100_diff1": NaN,
        "nauc_recall_at_1000_max": NaN,
        "nauc_recall_at_1000_std": NaN,
        "nauc_recall_at_1000_diff1": NaN,
        "nauc_precision_at_1_max": 0.788868,
        "nauc_precision_at_1_std": 0.724499,
        "nauc_precision_at_1_diff1": 0.910884,
        "nauc_precision_at_3_max": 0.935289,
        "nauc_precision_at_3_std": 0.874348,
        "nauc_precision_at_3_diff1": 0.903803,
        "nauc_precision_at_5_max": 1.0,
        "nauc_precision_at_5_std": 1.0,
        "nauc_precision_at_5_diff1": 1.0,
        "nauc_precision_at_10_max": 1.0,
        "nauc_precision_at_10_std": 1.0,
        "nauc_precision_at_10_diff1": 1.0,
        "nauc_precision_at_20_max": 1.0,
        "nauc_precision_at_20_std": 1.0,
        "nauc_precision_at_20_diff1": 1.0,
        "nauc_precision_at_100_max": 1.0,
        "nauc_precision_at_100_std": 1.0,
        "nauc_precision_at_100_diff1": 1.0,
        "nauc_precision_at_1000_max": 1.0,
        "nauc_precision_at_1000_std": 1.0,
        "nauc_precision_at_1000_diff1": 1.0,
        "nauc_mrr_at_1_max": 0.788868,
        "nauc_mrr_at_1_std": 0.724499,
        "nauc_mrr_at_1_diff1": 0.910884,
        "nauc_mrr_at_3_max": 0.808387,
        "nauc_mrr_at_3_std": 0.744903,
        "nauc_mrr_at_3_diff1": 0.908919,
        "nauc_mrr_at_5_max": 0.801825,
        "nauc_mrr_at_5_std": 0.738337,
        "nauc_mrr_at_5_diff1": 0.909152,
        "nauc_mrr_at_10_max": 0.801825,
        "nauc_mrr_at_10_std": 0.738337,
        "nauc_mrr_at_10_diff1": 0.909152,
        "nauc_mrr_at_20_max": 0.801825,
        "nauc_mrr_at_20_std": 0.738337,
        "nauc_mrr_at_20_diff1": 0.909152,
        "nauc_mrr_at_100_max": 0.801825,
        "nauc_mrr_at_100_std": 0.738337,
        "nauc_mrr_at_100_diff1": 0.909152,
        "nauc_mrr_at_1000_max": 0.801825,
        "nauc_mrr_at_1000_std": 0.738337,
        "nauc_mrr_at_1000_diff1": 0.909152,
        "cv_recall_at_1": 0.92836,
        "cv_recall_at_3": 0.9908,
        "cv_recall_at_5": 1.0,
        "cv_recall_at_10": 1.0,
        "cv_recall_at_20": 1.0,
        "cv_recall_at_100": 1.0,
        "cv_recall_at_1000": 1.0,
        "main_score": 0.95937,
        "hf_subset": "default",
        "languages": [
          "slk-Latn"
        ]
      }
    ]
  },
  "evaluation_time": 1714.5736629962921,
  "kg_co2_emissions": null
}