{
    "dataset_revision": "7cfcb122006b33d150b485caac5aa41939b3ba37",
    "task_name": "SkQuadReranking",
    "mteb_version": "1.39.7",
    "scores": {
        "test": [
            {
                "map": 0.590648,
                "mrr": 0.66093,
                "recall_at_10": 0.960025,
                "nAUC_map_max": 0.198596,
                "nAUC_map_std": 0.197695,
                "nAUC_map_diff1": 0.330039,
                "nAUC_mrr_max": 0.269988,
                "nAUC_mrr_std": 0.236555,
                "nAUC_mrr_diff1": 0.389278,
                "nAUC_recall_at_10_max": 0.20588,
                "nAUC_recall_at_10_std": 0.220261,
                "nAUC_recall_at_10_diff1": 0.011057,
                "main_score": 0.590648,
                "hf_subset": "default",
                "languages": [
                    "slk-Latn"
                ]
            }
        ]
    },
    "evaluation_time": 8.6697838306427,
    "kg_co2_emissions": null
}
