{
    "dataset_revision": "3997eba1c60721e34f7b01db400f5b14a40218ea",
    "task_name": "SkQuadReranking",
    "mteb_version": "1.39.7",
    "scores": {
        "test": [
            {
                "ndcg_at_1": 0.40953,
                "ndcg_at_3": 0.4691,
                "ndcg_at_5": 0.52863,
                "ndcg_at_10": 0.62361,
                "ndcg_at_20": 0.64902,
                "ndcg_at_100": 0.64902,
                "ndcg_at_1000": 0.64902,
                "map_at_1": 0.28601,
                "map_at_3": 0.40756,
                "map_at_5": 0.4479,
                "map_at_10": 0.49974,
                "map_at_20": 0.51073,
                "map_at_100": 0.51073,
                "map_at_1000": 0.51073,
                "recall_at_1": 0.28601,
                "recall_at_3": 0.52561,
                "recall_at_5": 0.65573,
                "recall_at_10": 0.91698,
                "recall_at_20": 1.0,
                "recall_at_100": 1.0,
                "recall_at_1000": 1.0,
                "accuracy": 0.28601,
                "precision_at_1": 0.40953,
                "precision_at_3": 0.2536,
                "precision_at_5": 0.19506,
                "precision_at_10": 0.14078,
                "precision_at_20": 0.07643,
                "precision_at_100": 0.01529,
                "precision_at_1000": 0.00153,
                "mrr_at_1": 0.410415,
                "mrr_at_3": 0.530303,
                "mrr_at_5": 0.554134,
                "mrr_at_10": 0.575427,
                "mrr_at_20": 0.580321,
                "mrr_at_100": 0.580321,
                "mrr_at_1000": 0.580321,
                "nauc_ndcg_at_1_max": 0.24136,
                "nauc_ndcg_at_1_std": 0.185186,
                "nauc_ndcg_at_1_diff1": 0.313705,
                "nauc_ndcg_at_3_max": 0.195411,
                "nauc_ndcg_at_3_std": 0.165046,
                "nauc_ndcg_at_3_diff1": 0.219779,
                "nauc_ndcg_at_5_max": 0.206534,
                "nauc_ndcg_at_5_std": 0.168413,
                "nauc_ndcg_at_5_diff1": 0.218631,
                "nauc_ndcg_at_10_max": 0.230443,
                "nauc_ndcg_at_10_std": 0.186973,
                "nauc_ndcg_at_10_diff1": 0.240247,
                "nauc_ndcg_at_20_max": 0.225308,
                "nauc_ndcg_at_20_std": 0.18705,
                "nauc_ndcg_at_20_diff1": 0.251957,
                "nauc_ndcg_at_100_max": 0.225308,
                "nauc_ndcg_at_100_std": 0.18705,
                "nauc_ndcg_at_100_diff1": 0.251957,
                "nauc_ndcg_at_1000_max": 0.225308,
                "nauc_ndcg_at_1000_std": 0.18705,
                "nauc_ndcg_at_1000_diff1": 0.251957,
                "nauc_map_at_1_max": 0.158852,
                "nauc_map_at_1_std": 0.128471,
                "nauc_map_at_1_diff1": 0.301282,
                "nauc_map_at_3_max": 0.170573,
                "nauc_map_at_3_std": 0.145296,
                "nauc_map_at_3_diff1": 0.229157,
                "nauc_map_at_5_max": 0.179063,
                "nauc_map_at_5_std": 0.148645,
                "nauc_map_at_5_diff1": 0.23203,
                "nauc_map_at_10_max": 0.196784,
                "nauc_map_at_10_std": 0.166,
                "nauc_map_at_10_diff1": 0.242758,
                "nauc_map_at_20_max": 0.197723,
                "nauc_map_at_20_std": 0.167709,
                "nauc_map_at_20_diff1": 0.247433,
                "nauc_map_at_100_max": 0.197723,
                "nauc_map_at_100_std": 0.167709,
                "nauc_map_at_100_diff1": 0.247433,
                "nauc_map_at_1000_max": 0.197723,
                "nauc_map_at_1000_std": 0.167709,
                "nauc_map_at_1000_diff1": 0.247433,
                "nauc_recall_at_1_max": 0.158852,
                "nauc_recall_at_1_std": 0.128471,
                "nauc_recall_at_1_diff1": 0.301282,
                "nauc_recall_at_3_max": 0.153196,
                "nauc_recall_at_3_std": 0.129022,
                "nauc_recall_at_3_diff1": 0.128074,
                "nauc_recall_at_5_max": 0.167673,
                "nauc_recall_at_5_std": 0.127057,
                "nauc_recall_at_5_diff1": 0.102202,
                "nauc_recall_at_10_max": 0.265374,
                "nauc_recall_at_10_std": 0.173572,
                "nauc_recall_at_10_diff1": 0.109304,
                "nauc_recall_at_20_max": NaN,
                "nauc_recall_at_20_std": NaN,
                "nauc_recall_at_20_diff1": NaN,
                "nauc_recall_at_100_max": NaN,
                "nauc_recall_at_100_std": NaN,
                "nauc_recall_at_100_diff1": NaN,
                "nauc_recall_at_1000_max": NaN,
                "nauc_recall_at_1000_std": NaN,
                "nauc_recall_at_1000_diff1": NaN,
                "nauc_precision_at_1_max": 0.24136,
                "nauc_precision_at_1_std": 0.185186,
                "nauc_precision_at_1_diff1": 0.313705,
                "nauc_precision_at_3_max": 0.226076,
                "nauc_precision_at_3_std": 0.204362,
                "nauc_precision_at_3_diff1": 0.142516,
                "nauc_precision_at_5_max": 0.21335,
                "nauc_precision_at_5_std": 0.180242,
                "nauc_precision_at_5_diff1": 0.105163,
                "nauc_precision_at_10_max": 0.219077,
                "nauc_precision_at_10_std": 0.191064,
                "nauc_precision_at_10_diff1": 0.055667,
                "nauc_precision_at_20_max": 0.201265,
                "nauc_precision_at_20_std": 0.181444,
                "nauc_precision_at_20_diff1": 0.04519,
                "nauc_precision_at_100_max": 0.201265,
                "nauc_precision_at_100_std": 0.181444,
                "nauc_precision_at_100_diff1": 0.04519,
                "nauc_precision_at_1000_max": 0.201265,
                "nauc_precision_at_1000_std": 0.181444,
                "nauc_precision_at_1000_diff1": 0.04519,
                "nauc_mrr_at_1_max": 0.241851,
                "nauc_mrr_at_1_std": 0.18566,
                "nauc_mrr_at_1_diff1": 0.311356,
                "nauc_mrr_at_3_max": 0.25717,
                "nauc_mrr_at_3_std": 0.20682,
                "nauc_mrr_at_3_diff1": 0.264647,
                "nauc_mrr_at_5_max": 0.262275,
                "nauc_mrr_at_5_std": 0.20811,
                "nauc_mrr_at_5_diff1": 0.261303,
                "nauc_mrr_at_10_max": 0.261841,
                "nauc_mrr_at_10_std": 0.207162,
                "nauc_mrr_at_10_diff1": 0.268467,
                "nauc_mrr_at_20_max": 0.258922,
                "nauc_mrr_at_20_std": 0.205897,
                "nauc_mrr_at_20_diff1": 0.270075,
                "nauc_mrr_at_100_max": 0.258922,
                "nauc_mrr_at_100_std": 0.205897,
                "nauc_mrr_at_100_diff1": 0.270075,
                "nauc_mrr_at_1000_max": 0.258922,
                "nauc_mrr_at_1000_std": 0.205897,
                "nauc_mrr_at_1000_diff1": 0.270075,
                "cv_recall_at_1": 0.41041,
                "cv_recall_at_3": 0.67873,
                "cv_recall_at_5": 0.78464,
                "cv_recall_at_10": 0.94616,
                "cv_recall_at_20": 1.0,
                "cv_recall_at_100": 1.0,
                "cv_recall_at_1000": 1.0,
                "main_score": 0.51073,
                "hf_subset": "default",
                "languages": [
                    "slk-Latn"
                ]
            }
        ]
    },
    "evaluation_time": 34.14208722114563,
    "kg_co2_emissions": null
}
