{
    "dataset_revision": "85d6b32f2762313714618171b9d1a65eb7408835",
    "task_name": "SlovakSumRetrieval",
    "mteb_version": "1.39.7",
    "scores": {
        "test": [
            {
                "ndcg_at_1": 0.80333,
                "ndcg_at_3": 0.85452,
                "ndcg_at_5": 0.8678,
                "ndcg_at_10": 0.87651,
                "ndcg_at_20": 0.88242,
                "ndcg_at_100": 0.88617,
                "ndcg_at_1000": 0.88718,
                "map_at_1": 0.80333,
                "map_at_3": 0.84222,
                "map_at_5": 0.84972,
                "map_at_10": 0.85337,
                "map_at_20": 0.855,
                "map_at_100": 0.85552,
                "map_at_1000": 0.85555,
                "recall_at_1": 0.80333,
                "recall_at_3": 0.89,
                "recall_at_5": 0.92167,
                "recall_at_10": 0.94833,
                "recall_at_20": 0.97167,
                "recall_at_100": 0.99167,
                "recall_at_1000": 1.0,
                "accuracy": 0.80333,
                "precision_at_1": 0.80333,
                "precision_at_3": 0.29667,
                "precision_at_5": 0.18433,
                "precision_at_10": 0.09483,
                "precision_at_20": 0.04858,
                "precision_at_100": 0.00992,
                "precision_at_1000": 0.001,
                "mrr_at_1": 0.803333,
                "mrr_at_3": 0.842222,
                "mrr_at_5": 0.849722,
                "mrr_at_10": 0.853366,
                "mrr_at_20": 0.854995,
                "mrr_at_100": 0.855524,
                "mrr_at_1000": 0.855553,
                "nauc_ndcg_at_1_max": 0.717994,
                "nauc_ndcg_at_1_std": -0.051726,
                "nauc_ndcg_at_1_diff1": 0.884033,
                "nauc_ndcg_at_3_max": 0.748304,
                "nauc_ndcg_at_3_std": 0.039419,
                "nauc_ndcg_at_3_diff1": 0.865296,
                "nauc_ndcg_at_5_max": 0.758767,
                "nauc_ndcg_at_5_std": 0.034933,
                "nauc_ndcg_at_5_diff1": 0.874054,
                "nauc_ndcg_at_10_max": 0.764512,
                "nauc_ndcg_at_10_std": 0.048054,
                "nauc_ndcg_at_10_diff1": 0.874656,
                "nauc_ndcg_at_20_max": 0.756359,
                "nauc_ndcg_at_20_std": 0.037882,
                "nauc_ndcg_at_20_diff1": 0.876365,
                "nauc_ndcg_at_100_max": 0.753001,
                "nauc_ndcg_at_100_std": 0.02984,
                "nauc_ndcg_at_100_diff1": 0.876147,
                "nauc_ndcg_at_1000_max": 0.750664,
                "nauc_ndcg_at_1000_std": 0.020661,
                "nauc_ndcg_at_1000_diff1": 0.875948,
                "nauc_map_at_1_max": 0.717994,
                "nauc_map_at_1_std": -0.051726,
                "nauc_map_at_1_diff1": 0.884033,
                "nauc_map_at_3_max": 0.740103,
                "nauc_map_at_3_std": 0.008922,
                "nauc_map_at_3_diff1": 0.871102,
                "nauc_map_at_5_max": 0.745272,
                "nauc_map_at_5_std": 0.004979,
                "nauc_map_at_5_diff1": 0.875896,
                "nauc_map_at_10_max": 0.746691,
                "nauc_map_at_10_std": 0.007858,
                "nauc_map_at_10_diff1": 0.876174,
                "nauc_map_at_20_max": 0.7447,
                "nauc_map_at_20_std": 0.00535,
                "nauc_map_at_20_diff1": 0.876536,
                "nauc_map_at_100_max": 0.744403,
                "nauc_map_at_100_std": 0.004415,
                "nauc_map_at_100_diff1": 0.876506,
                "nauc_map_at_1000_max": 0.744349,
                "nauc_map_at_1000_std": 0.004204,
                "nauc_map_at_1000_diff1": 0.8765,
                "nauc_recall_at_1_max": 0.717994,
                "nauc_recall_at_1_std": -0.051726,
                "nauc_recall_at_1_diff1": 0.884033,
                "nauc_recall_at_3_max": 0.780582,
                "nauc_recall_at_3_std": 0.163095,
                "nauc_recall_at_3_diff1": 0.841988,
                "nauc_recall_at_5_max": 0.830949,
                "nauc_recall_at_5_std": 0.194956,
                "nauc_recall_at_5_diff1": 0.865904,
                "nauc_recall_at_10_max": 0.912051,
                "nauc_recall_at_10_std": 0.383362,
                "nauc_recall_at_10_diff1": 0.865667,
                "nauc_recall_at_20_max": 0.904295,
                "nauc_recall_at_20_std": 0.49124,
                "nauc_recall_at_20_diff1": 0.886307,
                "nauc_recall_at_100_max": 1.0,
                "nauc_recall_at_100_std": 1.0,
                "nauc_recall_at_100_diff1": 0.895425,
                "nauc_recall_at_1000_max": NaN,
                "nauc_recall_at_1000_std": NaN,
                "nauc_recall_at_1000_diff1": NaN,
                "nauc_precision_at_1_max": 0.717994,
                "nauc_precision_at_1_std": -0.051726,
                "nauc_precision_at_1_diff1": 0.884033,
                "nauc_precision_at_3_max": 0.780582,
                "nauc_precision_at_3_std": 0.163095,
                "nauc_precision_at_3_diff1": 0.841988,
                "nauc_precision_at_5_max": 0.830949,
                "nauc_precision_at_5_std": 0.194956,
                "nauc_precision_at_5_diff1": 0.865904,
                "nauc_precision_at_10_max": 0.912051,
                "nauc_precision_at_10_std": 0.383362,
                "nauc_precision_at_10_diff1": 0.865667,
                "nauc_precision_at_20_max": 0.904295,
                "nauc_precision_at_20_std": 0.49124,
                "nauc_precision_at_20_diff1": 0.886307,
                "nauc_precision_at_100_max": 1.0,
                "nauc_precision_at_100_std": 1.0,
                "nauc_precision_at_100_diff1": 0.895425,
                "nauc_precision_at_1000_max": 1.0,
                "nauc_precision_at_1000_std": 1.0,
                "nauc_precision_at_1000_diff1": 1.0,
                "nauc_mrr_at_1_max": 0.717994,
                "nauc_mrr_at_1_std": -0.051726,
                "nauc_mrr_at_1_diff1": 0.884033,
                "nauc_mrr_at_3_max": 0.740103,
                "nauc_mrr_at_3_std": 0.008922,
                "nauc_mrr_at_3_diff1": 0.871102,
                "nauc_mrr_at_5_max": 0.745272,
                "nauc_mrr_at_5_std": 0.004979,
                "nauc_mrr_at_5_diff1": 0.875896,
                "nauc_mrr_at_10_max": 0.746691,
                "nauc_mrr_at_10_std": 0.007858,
                "nauc_mrr_at_10_diff1": 0.876174,
                "nauc_mrr_at_20_max": 0.7447,
                "nauc_mrr_at_20_std": 0.00535,
                "nauc_mrr_at_20_diff1": 0.876536,
                "nauc_mrr_at_100_max": 0.744403,
                "nauc_mrr_at_100_std": 0.004415,
                "nauc_mrr_at_100_diff1": 0.876506,
                "nauc_mrr_at_1000_max": 0.744349,
                "nauc_mrr_at_1000_std": 0.004204,
                "nauc_mrr_at_1000_diff1": 0.8765,
                "cv_recall_at_1": 0.80333,
                "cv_recall_at_3": 0.89,
                "cv_recall_at_5": 0.92167,
                "cv_recall_at_10": 0.94833,
                "cv_recall_at_20": 0.97167,
                "cv_recall_at_100": 0.99167,
                "cv_recall_at_1000": 1.0,
                "main_score": 0.87651,
                "hf_subset": "default",
                "languages": [
                    "slk-Latn"
                ]
            }
        ]
    },
    "evaluation_time": 3.020840883255005,
    "kg_co2_emissions": null
}
