{
    "dataset_revision": "82320d7f1d6561a12516605ec24f5d61aceb915c",
    "task_name": "SlovakPharmacyMojaLekarenReranking",
    "mteb_version": "1.39.7",
    "scores": {
        "test": [
            {
                "ndcg_at_1": 0.80217,
                "ndcg_at_3": 0.90837,
                "ndcg_at_5": 0.918,
                "ndcg_at_10": 0.918,
                "ndcg_at_20": 0.918,
                "ndcg_at_100": 0.918,
                "ndcg_at_1000": 0.918,
                "map_at_1": 0.80217,
                "map_at_3": 0.88437,
                "map_at_5": 0.88979,
                "map_at_10": 0.88979,
                "map_at_20": 0.88979,
                "map_at_100": 0.88979,
                "map_at_1000": 0.88979,
                "recall_at_1": 0.80217,
                "recall_at_3": 0.97696,
                "recall_at_5": 1.0,
                "recall_at_10": 1.0,
                "recall_at_20": 1.0,
                "recall_at_100": 1.0,
                "recall_at_1000": 1.0,
                "accuracy": 0.80217,
                "precision_at_1": 0.80217,
                "precision_at_3": 0.32565,
                "precision_at_5": 0.2,
                "precision_at_10": 0.1,
                "precision_at_20": 0.05,
                "precision_at_100": 0.01,
                "precision_at_1000": 0.001,
                "mrr_at_1": 0.802168,
                "mrr_at_3": 0.884372,
                "mrr_at_5": 0.889792,
                "mrr_at_10": 0.889792,
                "mrr_at_20": 0.889792,
                "mrr_at_100": 0.889792,
                "mrr_at_1000": 0.889792,
                "nauc_ndcg_at_1_max": 0.146033,
                "nauc_ndcg_at_1_std": 0.160546,
                "nauc_ndcg_at_1_diff1": 0.704468,
                "nauc_ndcg_at_3_max": 0.100029,
                "nauc_ndcg_at_3_std": 0.255001,
                "nauc_ndcg_at_3_diff1": 0.685025,
                "nauc_ndcg_at_5_max": 0.124326,
                "nauc_ndcg_at_5_std": 0.206981,
                "nauc_ndcg_at_5_diff1": 0.694006,
                "nauc_ndcg_at_10_max": 0.124326,
                "nauc_ndcg_at_10_std": 0.206981,
                "nauc_ndcg_at_10_diff1": 0.694006,
                "nauc_ndcg_at_20_max": 0.124326,
                "nauc_ndcg_at_20_std": 0.206981,
                "nauc_ndcg_at_20_diff1": 0.694006,
                "nauc_ndcg_at_100_max": 0.124326,
                "nauc_ndcg_at_100_std": 0.206981,
                "nauc_ndcg_at_100_diff1": 0.694006,
                "nauc_ndcg_at_1000_max": 0.124326,
                "nauc_ndcg_at_1000_std": 0.206981,
                "nauc_ndcg_at_1000_diff1": 0.694006,
                "nauc_map_at_1_max": 0.146033,
                "nauc_map_at_1_std": 0.160546,
                "nauc_map_at_1_diff1": 0.704468,
                "nauc_map_at_3_max": 0.114412,
                "nauc_map_at_3_std": 0.225081,
                "nauc_map_at_3_diff1": 0.691192,
                "nauc_map_at_5_max": 0.125721,
                "nauc_map_at_5_std": 0.203752,
                "nauc_map_at_5_diff1": 0.694808,
                "nauc_map_at_10_max": 0.125721,
                "nauc_map_at_10_std": 0.203752,
                "nauc_map_at_10_diff1": 0.694808,
                "nauc_map_at_20_max": 0.125721,
                "nauc_map_at_20_std": 0.203752,
                "nauc_map_at_20_diff1": 0.694808,
                "nauc_map_at_100_max": 0.125721,
                "nauc_map_at_100_std": 0.203752,
                "nauc_map_at_100_diff1": 0.694808,
                "nauc_map_at_1000_max": 0.125721,
                "nauc_map_at_1000_std": 0.203752,
                "nauc_map_at_1000_diff1": 0.694808,
                "nauc_recall_at_1_max": 0.146033,
                "nauc_recall_at_1_std": 0.160546,
                "nauc_recall_at_1_diff1": 0.704468,
                "nauc_recall_at_3_max": -0.088185,
                "nauc_recall_at_3_std": 0.64752,
                "nauc_recall_at_3_diff1": 0.604105,
                "nauc_recall_at_5_max": NaN,
                "nauc_recall_at_5_std": NaN,
                "nauc_recall_at_5_diff1": NaN,
                "nauc_recall_at_10_max": NaN,
                "nauc_recall_at_10_std": NaN,
                "nauc_recall_at_10_diff1": NaN,
                "nauc_recall_at_20_max": NaN,
                "nauc_recall_at_20_std": NaN,
                "nauc_recall_at_20_diff1": NaN,
                "nauc_recall_at_100_max": NaN,
                "nauc_recall_at_100_std": NaN,
                "nauc_recall_at_100_diff1": NaN,
                "nauc_recall_at_1000_max": NaN,
                "nauc_recall_at_1000_std": NaN,
                "nauc_recall_at_1000_diff1": NaN,
                "nauc_precision_at_1_max": 0.146033,
                "nauc_precision_at_1_std": 0.160546,
                "nauc_precision_at_1_diff1": 0.704468,
                "nauc_precision_at_3_max": -0.088185,
                "nauc_precision_at_3_std": 0.64752,
                "nauc_precision_at_3_diff1": 0.604105,
                "nauc_precision_at_5_max": NaN,
                "nauc_precision_at_5_std": NaN,
                "nauc_precision_at_5_diff1": NaN,
                "nauc_precision_at_10_max": NaN,
                "nauc_precision_at_10_std": NaN,
                "nauc_precision_at_10_diff1": NaN,
                "nauc_precision_at_20_max": NaN,
                "nauc_precision_at_20_std": NaN,
                "nauc_precision_at_20_diff1": NaN,
                "nauc_precision_at_100_max": NaN,
                "nauc_precision_at_100_std": NaN,
                "nauc_precision_at_100_diff1": NaN,
                "nauc_precision_at_1000_max": 1.0,
                "nauc_precision_at_1000_std": 1.0,
                "nauc_precision_at_1000_diff1": 1.0,
                "nauc_mrr_at_1_max": 0.146033,
                "nauc_mrr_at_1_std": 0.160546,
                "nauc_mrr_at_1_diff1": 0.704468,
                "nauc_mrr_at_3_max": 0.114412,
                "nauc_mrr_at_3_std": 0.225081,
                "nauc_mrr_at_3_diff1": 0.691192,
                "nauc_mrr_at_5_max": 0.125721,
                "nauc_mrr_at_5_std": 0.203752,
                "nauc_mrr_at_5_diff1": 0.694808,
                "nauc_mrr_at_10_max": 0.125721,
                "nauc_mrr_at_10_std": 0.203752,
                "nauc_mrr_at_10_diff1": 0.694808,
                "nauc_mrr_at_20_max": 0.125721,
                "nauc_mrr_at_20_std": 0.203752,
                "nauc_mrr_at_20_diff1": 0.694808,
                "nauc_mrr_at_100_max": 0.125721,
                "nauc_mrr_at_100_std": 0.203752,
                "nauc_mrr_at_100_diff1": 0.694808,
                "nauc_mrr_at_1000_max": 0.125721,
                "nauc_mrr_at_1000_std": 0.203752,
                "nauc_mrr_at_1000_diff1": 0.694808,
                "cv_recall_at_1": 0.80217,
                "cv_recall_at_3": 0.97696,
                "cv_recall_at_5": 1.0,
                "cv_recall_at_10": 1.0,
                "cv_recall_at_20": 1.0,
                "cv_recall_at_100": 1.0,
                "cv_recall_at_1000": 1.0,
                "main_score": 0.88979,
                "hf_subset": "default",
                "languages": [
                    "slk-Latn"
                ]
            }
        ]
    },
    "evaluation_time": 8.388380289077759,
    "kg_co2_emissions": null
}
