{
    "dataset_revision": "962818770efbb0395130a3abb04dcae3b4ef7c30",
    "task_name": "SlovakPharmacyMojaLekarenReranking",
    "mteb_version": "1.39.7",
    "scores": {
        "test": [
            {
                "ndcg_at_1": 0.7981,
                "ndcg_at_3": 0.90566,
                "ndcg_at_5": 0.91581,
                "ndcg_at_10": 0.91581,
                "ndcg_at_20": 0.91581,
                "ndcg_at_100": 0.91581,
                "ndcg_at_1000": 0.91581,
                "map_at_1": 0.7981,
                "map_at_3": 0.88121,
                "map_at_5": 0.8869,
                "map_at_10": 0.8869,
                "map_at_20": 0.8869,
                "map_at_100": 0.8869,
                "map_at_1000": 0.8869,
                "recall_at_1": 0.7981,
                "recall_at_3": 0.97561,
                "recall_at_5": 1.0,
                "recall_at_10": 1.0,
                "recall_at_20": 1.0,
                "recall_at_100": 1.0,
                "recall_at_1000": 1.0,
                "accuracy": 0.7981,
                "precision_at_1": 0.7981,
                "precision_at_3": 0.3252,
                "precision_at_5": 0.2,
                "precision_at_10": 0.1,
                "precision_at_20": 0.05,
                "precision_at_100": 0.01,
                "precision_at_1000": 0.001,
                "mrr_at_1": 0.798103,
                "mrr_at_3": 0.88121,
                "mrr_at_5": 0.886902,
                "mrr_at_10": 0.886902,
                "mrr_at_20": 0.886902,
                "mrr_at_100": 0.886902,
                "mrr_at_1000": 0.886902,
                "nauc_ndcg_at_1_max": 0.158627,
                "nauc_ndcg_at_1_std": 0.166041,
                "nauc_ndcg_at_1_diff1": 0.712544,
                "nauc_ndcg_at_3_max": 0.103622,
                "nauc_ndcg_at_3_std": 0.267032,
                "nauc_ndcg_at_3_diff1": 0.695922,
                "nauc_ndcg_at_5_max": 0.138117,
                "nauc_ndcg_at_5_std": 0.216906,
                "nauc_ndcg_at_5_diff1": 0.703749,
                "nauc_ndcg_at_10_max": 0.138117,
                "nauc_ndcg_at_10_std": 0.216906,
                "nauc_ndcg_at_10_diff1": 0.703749,
                "nauc_ndcg_at_20_max": 0.138117,
                "nauc_ndcg_at_20_std": 0.216906,
                "nauc_ndcg_at_20_diff1": 0.703749,
                "nauc_ndcg_at_100_max": 0.138117,
                "nauc_ndcg_at_100_std": 0.216906,
                "nauc_ndcg_at_100_diff1": 0.703749,
                "nauc_ndcg_at_1000_max": 0.138117,
                "nauc_ndcg_at_1000_std": 0.216906,
                "nauc_ndcg_at_1000_diff1": 0.703749,
                "nauc_map_at_1_max": 0.158627,
                "nauc_map_at_1_std": 0.166041,
                "nauc_map_at_1_diff1": 0.712544,
                "nauc_map_at_3_max": 0.123986,
                "nauc_map_at_3_std": 0.235565,
                "nauc_map_at_3_diff1": 0.701416,
                "nauc_map_at_5_max": 0.139648,
                "nauc_map_at_5_std": 0.213381,
                "nauc_map_at_5_diff1": 0.70446,
                "nauc_map_at_10_max": 0.139648,
                "nauc_map_at_10_std": 0.213381,
                "nauc_map_at_10_diff1": 0.70446,
                "nauc_map_at_20_max": 0.139648,
                "nauc_map_at_20_std": 0.213381,
                "nauc_map_at_20_diff1": 0.70446,
                "nauc_map_at_100_max": 0.139648,
                "nauc_map_at_100_std": 0.213381,
                "nauc_map_at_100_diff1": 0.70446,
                "nauc_map_at_1000_max": 0.139648,
                "nauc_map_at_1000_std": 0.213381,
                "nauc_map_at_1000_diff1": 0.70446,
                "nauc_recall_at_1_max": 0.158627,
                "nauc_recall_at_1_std": 0.166041,
                "nauc_recall_at_1_diff1": 0.712544,
                "nauc_recall_at_3_max": -0.162668,
                "nauc_recall_at_3_std": 0.666191,
                "nauc_recall_at_3_diff1": 0.625452,
                "nauc_recall_at_5_max": NaN,
                "nauc_recall_at_5_std": NaN,
                "nauc_recall_at_5_diff1": NaN,
                "nauc_recall_at_10_max": NaN,
                "nauc_recall_at_10_std": NaN,
                "nauc_recall_at_10_diff1": NaN,
                "nauc_recall_at_20_max": NaN,
                "nauc_recall_at_20_std": NaN,
                "nauc_recall_at_20_diff1": NaN,
                "nauc_recall_at_100_max": NaN,
                "nauc_recall_at_100_std": NaN,
                "nauc_recall_at_100_diff1": NaN,
                "nauc_recall_at_1000_max": NaN,
                "nauc_recall_at_1000_std": NaN,
                "nauc_recall_at_1000_diff1": NaN,
                "nauc_precision_at_1_max": 0.158627,
                "nauc_precision_at_1_std": 0.166041,
                "nauc_precision_at_1_diff1": 0.712544,
                "nauc_precision_at_3_max": -0.162668,
                "nauc_precision_at_3_std": 0.666191,
                "nauc_precision_at_3_diff1": 0.625452,
                "nauc_precision_at_5_max": NaN,
                "nauc_precision_at_5_std": NaN,
                "nauc_precision_at_5_diff1": NaN,
                "nauc_precision_at_10_max": NaN,
                "nauc_precision_at_10_std": NaN,
                "nauc_precision_at_10_diff1": NaN,
                "nauc_precision_at_20_max": NaN,
                "nauc_precision_at_20_std": NaN,
                "nauc_precision_at_20_diff1": NaN,
                "nauc_precision_at_100_max": NaN,
                "nauc_precision_at_100_std": NaN,
                "nauc_precision_at_100_diff1": NaN,
                "nauc_precision_at_1000_max": 1.0,
                "nauc_precision_at_1000_std": 1.0,
                "nauc_precision_at_1000_diff1": 1.0,
                "nauc_mrr_at_1_max": 0.158627,
                "nauc_mrr_at_1_std": 0.166041,
                "nauc_mrr_at_1_diff1": 0.712544,
                "nauc_mrr_at_3_max": 0.123986,
                "nauc_mrr_at_3_std": 0.235565,
                "nauc_mrr_at_3_diff1": 0.701416,
                "nauc_mrr_at_5_max": 0.139648,
                "nauc_mrr_at_5_std": 0.213381,
                "nauc_mrr_at_5_diff1": 0.70446,
                "nauc_mrr_at_10_max": 0.139648,
                "nauc_mrr_at_10_std": 0.213381,
                "nauc_mrr_at_10_diff1": 0.70446,
                "nauc_mrr_at_20_max": 0.139648,
                "nauc_mrr_at_20_std": 0.213381,
                "nauc_mrr_at_20_diff1": 0.70446,
                "nauc_mrr_at_100_max": 0.139648,
                "nauc_mrr_at_100_std": 0.213381,
                "nauc_mrr_at_100_diff1": 0.70446,
                "nauc_mrr_at_1000_max": 0.139648,
                "nauc_mrr_at_1000_std": 0.213381,
                "nauc_mrr_at_1000_diff1": 0.70446,
                "cv_recall_at_1": 0.7981,
                "cv_recall_at_3": 0.97561,
                "cv_recall_at_5": 1.0,
                "cv_recall_at_10": 1.0,
                "cv_recall_at_20": 1.0,
                "cv_recall_at_100": 1.0,
                "cv_recall_at_1000": 1.0,
                "main_score": 0.8869,
                "hf_subset": "default",
                "languages": [
                    "slk-Latn"
                ]
            }
        ]
    },
    "evaluation_time": 8.439590454101562,
    "kg_co2_emissions": null
}
