{
    "dataset_revision": "6448ea012b1b7caa3d55cb747b58cda1d7edc714",
    "task_name": "SlovakPharmacyDrMaxReranking",
    "mteb_version": "1.39.7",
    "scores": {
        "test": [
            {
                "ndcg_at_1": 0.66275,
                "ndcg_at_3": 0.81408,
                "ndcg_at_5": 0.84698,
                "ndcg_at_10": 0.84698,
                "ndcg_at_20": 0.84698,
                "ndcg_at_100": 0.84698,
                "ndcg_at_1000": 0.84698,
                "map_at_1": 0.66275,
                "map_at_3": 0.77727,
                "map_at_5": 0.79561,
                "map_at_10": 0.79561,
                "map_at_20": 0.79561,
                "map_at_100": 0.79561,
                "map_at_1000": 0.79561,
                "recall_at_1": 0.66275,
                "recall_at_3": 0.92044,
                "recall_at_5": 1.0,
                "recall_at_10": 1.0,
                "recall_at_20": 1.0,
                "recall_at_100": 1.0,
                "recall_at_1000": 1.0,
                "accuracy": 0.66275,
                "precision_at_1": 0.66275,
                "precision_at_3": 0.30681,
                "precision_at_5": 0.2,
                "precision_at_10": 0.1,
                "precision_at_20": 0.05,
                "precision_at_100": 0.01,
                "precision_at_1000": 0.001,
                "mrr_at_1": 0.662746,
                "mrr_at_3": 0.777267,
                "mrr_at_5": 0.795605,
                "mrr_at_10": 0.795605,
                "mrr_at_20": 0.795605,
                "mrr_at_100": 0.795605,
                "mrr_at_1000": 0.795605,
                "nauc_ndcg_at_1_max": 0.362848,
                "nauc_ndcg_at_1_std": 0.311823,
                "nauc_ndcg_at_1_diff1": 0.564783,
                "nauc_ndcg_at_3_max": 0.401472,
                "nauc_ndcg_at_3_std": 0.368633,
                "nauc_ndcg_at_3_diff1": 0.517763,
                "nauc_ndcg_at_5_max": 0.38031,
                "nauc_ndcg_at_5_std": 0.338857,
                "nauc_ndcg_at_5_diff1": 0.541201,
                "nauc_ndcg_at_10_max": 0.38031,
                "nauc_ndcg_at_10_std": 0.338857,
                "nauc_ndcg_at_10_diff1": 0.541201,
                "nauc_ndcg_at_20_max": 0.38031,
                "nauc_ndcg_at_20_std": 0.338857,
                "nauc_ndcg_at_20_diff1": 0.541201,
                "nauc_ndcg_at_100_max": 0.38031,
                "nauc_ndcg_at_100_std": 0.338857,
                "nauc_ndcg_at_100_diff1": 0.541201,
                "nauc_ndcg_at_1000_max": 0.38031,
                "nauc_ndcg_at_1000_std": 0.338857,
                "nauc_ndcg_at_1000_diff1": 0.541201,
                "nauc_map_at_1_max": 0.362848,
                "nauc_map_at_1_std": 0.311823,
                "nauc_map_at_1_diff1": 0.564783,
                "nauc_map_at_3_max": 0.388988,
                "nauc_map_at_3_std": 0.350916,
                "nauc_map_at_3_diff1": 0.531418,
                "nauc_map_at_5_max": 0.379059,
                "nauc_map_at_5_std": 0.336969,
                "nauc_map_at_5_diff1": 0.542711,
                "nauc_map_at_10_max": 0.379059,
                "nauc_map_at_10_std": 0.336969,
                "nauc_map_at_10_diff1": 0.542711,
                "nauc_map_at_20_max": 0.379059,
                "nauc_map_at_20_std": 0.336969,
                "nauc_map_at_20_diff1": 0.542711,
                "nauc_map_at_100_max": 0.379059,
                "nauc_map_at_100_std": 0.336969,
                "nauc_map_at_100_diff1": 0.542711,
                "nauc_map_at_1000_max": 0.379059,
                "nauc_map_at_1000_std": 0.336969,
                "nauc_map_at_1000_diff1": 0.542711,
                "nauc_recall_at_1_max": 0.362848,
                "nauc_recall_at_1_std": 0.311823,
                "nauc_recall_at_1_diff1": 0.564783,
                "nauc_recall_at_3_max": 0.48764,
                "nauc_recall_at_3_std": 0.490214,
                "nauc_recall_at_3_diff1": 0.425191,
                "nauc_recall_at_5_max": NaN,
                "nauc_recall_at_5_std": NaN,
                "nauc_recall_at_5_diff1": NaN,
                "nauc_recall_at_10_max": NaN,
                "nauc_recall_at_10_std": NaN,
                "nauc_recall_at_10_diff1": NaN,
                "nauc_recall_at_20_max": NaN,
                "nauc_recall_at_20_std": NaN,
                "nauc_recall_at_20_diff1": NaN,
                "nauc_recall_at_100_max": NaN,
                "nauc_recall_at_100_std": NaN,
                "nauc_recall_at_100_diff1": NaN,
                "nauc_recall_at_1000_max": NaN,
                "nauc_recall_at_1000_std": NaN,
                "nauc_recall_at_1000_diff1": NaN,
                "nauc_precision_at_1_max": 0.362848,
                "nauc_precision_at_1_std": 0.311823,
                "nauc_precision_at_1_diff1": 0.564783,
                "nauc_precision_at_3_max": 0.48764,
                "nauc_precision_at_3_std": 0.490214,
                "nauc_precision_at_3_diff1": 0.425191,
                "nauc_precision_at_5_max": 1.0,
                "nauc_precision_at_5_std": 1.0,
                "nauc_precision_at_5_diff1": 1.0,
                "nauc_precision_at_10_max": 1.0,
                "nauc_precision_at_10_std": 1.0,
                "nauc_precision_at_10_diff1": 1.0,
                "nauc_precision_at_20_max": 1.0,
                "nauc_precision_at_20_std": 1.0,
                "nauc_precision_at_20_diff1": 1.0,
                "nauc_precision_at_100_max": 1.0,
                "nauc_precision_at_100_std": 1.0,
                "nauc_precision_at_100_diff1": 1.0,
                "nauc_precision_at_1000_max": 1.0,
                "nauc_precision_at_1000_std": 1.0,
                "nauc_precision_at_1000_diff1": 1.0,
                "nauc_mrr_at_1_max": 0.362848,
                "nauc_mrr_at_1_std": 0.311823,
                "nauc_mrr_at_1_diff1": 0.564783,
                "nauc_mrr_at_3_max": 0.388988,
                "nauc_mrr_at_3_std": 0.350916,
                "nauc_mrr_at_3_diff1": 0.531418,
                "nauc_mrr_at_5_max": 0.379059,
                "nauc_mrr_at_5_std": 0.336969,
                "nauc_mrr_at_5_diff1": 0.542711,
                "nauc_mrr_at_10_max": 0.379059,
                "nauc_mrr_at_10_std": 0.336969,
                "nauc_mrr_at_10_diff1": 0.542711,
                "nauc_mrr_at_20_max": 0.379059,
                "nauc_mrr_at_20_std": 0.336969,
                "nauc_mrr_at_20_diff1": 0.542711,
                "nauc_mrr_at_100_max": 0.379059,
                "nauc_mrr_at_100_std": 0.336969,
                "nauc_mrr_at_100_diff1": 0.542711,
                "nauc_mrr_at_1000_max": 0.379059,
                "nauc_mrr_at_1000_std": 0.336969,
                "nauc_mrr_at_1000_diff1": 0.542711,
                "cv_recall_at_1": 0.66275,
                "cv_recall_at_3": 0.92044,
                "cv_recall_at_5": 1.0,
                "cv_recall_at_10": 1.0,
                "cv_recall_at_20": 1.0,
                "cv_recall_at_100": 1.0,
                "cv_recall_at_1000": 1.0,
                "main_score": 0.79561,
                "hf_subset": "default",
                "languages": [
                    "slk-Latn"
                ]
            }
        ]
    },
    "evaluation_time": 38.01079177856445,
    "kg_co2_emissions": null
}
