{
    "dataset_revision": "faf73c5217c37e8a9ba297b8e29b25d1ccdeccae",
    "task_name": "SlovakPharmacyDrMaxReranking",
    "mteb_version": "1.39.7",
    "scores": {
        "test": [
            {
                "ndcg_at_1": 0.66275,
                "ndcg_at_3": 0.81281,
                "ndcg_at_5": 0.84667,
                "ndcg_at_10": 0.84667,
                "ndcg_at_20": 0.84667,
                "ndcg_at_100": 0.84667,
                "ndcg_at_1000": 0.84667,
                "map_at_1": 0.66275,
                "map_at_3": 0.7763,
                "map_at_5": 0.79521,
                "map_at_10": 0.79521,
                "map_at_20": 0.79521,
                "map_at_100": 0.79521,
                "map_at_1000": 0.79521,
                "recall_at_1": 0.66275,
                "recall_at_3": 0.91831,
                "recall_at_5": 1.0,
                "recall_at_10": 1.0,
                "recall_at_20": 1.0,
                "recall_at_100": 1.0,
                "recall_at_1000": 1.0,
                "accuracy": 0.66275,
                "precision_at_1": 0.66275,
                "precision_at_3": 0.3061,
                "precision_at_5": 0.2,
                "precision_at_10": 0.1,
                "precision_at_20": 0.05,
                "precision_at_100": 0.01,
                "precision_at_1000": 0.001,
                "mrr_at_1": 0.662746,
                "mrr_at_3": 0.776305,
                "mrr_at_5": 0.79521,
                "mrr_at_10": 0.79521,
                "mrr_at_20": 0.79521,
                "mrr_at_100": 0.79521,
                "mrr_at_1000": 0.79521,
                "nauc_ndcg_at_1_max": 0.370064,
                "nauc_ndcg_at_1_std": 0.314243,
                "nauc_ndcg_at_1_diff1": 0.560187,
                "nauc_ndcg_at_3_max": 0.400004,
                "nauc_ndcg_at_3_std": 0.36969,
                "nauc_ndcg_at_3_diff1": 0.510478,
                "nauc_ndcg_at_5_max": 0.383616,
                "nauc_ndcg_at_5_std": 0.338713,
                "nauc_ndcg_at_5_diff1": 0.536602,
                "nauc_ndcg_at_10_max": 0.383616,
                "nauc_ndcg_at_10_std": 0.338713,
                "nauc_ndcg_at_10_diff1": 0.536602,
                "nauc_ndcg_at_20_max": 0.383616,
                "nauc_ndcg_at_20_std": 0.338713,
                "nauc_ndcg_at_20_diff1": 0.536602,
                "nauc_ndcg_at_100_max": 0.383616,
                "nauc_ndcg_at_100_std": 0.338713,
                "nauc_ndcg_at_100_diff1": 0.536602,
                "nauc_ndcg_at_1000_max": 0.383616,
                "nauc_ndcg_at_1000_std": 0.338713,
                "nauc_ndcg_at_1000_diff1": 0.536602,
                "nauc_map_at_1_max": 0.370064,
                "nauc_map_at_1_std": 0.314243,
                "nauc_map_at_1_diff1": 0.560187,
                "nauc_map_at_3_max": 0.390272,
                "nauc_map_at_3_std": 0.351494,
                "nauc_map_at_3_diff1": 0.525534,
                "nauc_map_at_5_max": 0.382627,
                "nauc_map_at_5_std": 0.336932,
                "nauc_map_at_5_diff1": 0.538152,
                "nauc_map_at_10_max": 0.382627,
                "nauc_map_at_10_std": 0.336932,
                "nauc_map_at_10_diff1": 0.538152,
                "nauc_map_at_20_max": 0.382627,
                "nauc_map_at_20_std": 0.336932,
                "nauc_map_at_20_diff1": 0.538152,
                "nauc_map_at_100_max": 0.382627,
                "nauc_map_at_100_std": 0.336932,
                "nauc_map_at_100_diff1": 0.538152,
                "nauc_map_at_1000_max": 0.382627,
                "nauc_map_at_1000_std": 0.336932,
                "nauc_map_at_1000_diff1": 0.538152,
                "nauc_recall_at_1_max": 0.370064,
                "nauc_recall_at_1_std": 0.314243,
                "nauc_recall_at_1_diff1": 0.560187,
                "nauc_recall_at_3_max": 0.465838,
                "nauc_recall_at_3_std": 0.492956,
                "nauc_recall_at_3_diff1": 0.409793,
                "nauc_recall_at_5_max": NaN,
                "nauc_recall_at_5_std": NaN,
                "nauc_recall_at_5_diff1": NaN,
                "nauc_recall_at_10_max": NaN,
                "nauc_recall_at_10_std": NaN,
                "nauc_recall_at_10_diff1": NaN,
                "nauc_recall_at_20_max": NaN,
                "nauc_recall_at_20_std": NaN,
                "nauc_recall_at_20_diff1": NaN,
                "nauc_recall_at_100_max": NaN,
                "nauc_recall_at_100_std": NaN,
                "nauc_recall_at_100_diff1": NaN,
                "nauc_recall_at_1000_max": NaN,
                "nauc_recall_at_1000_std": NaN,
                "nauc_recall_at_1000_diff1": NaN,
                "nauc_precision_at_1_max": 0.370064,
                "nauc_precision_at_1_std": 0.314243,
                "nauc_precision_at_1_diff1": 0.560187,
                "nauc_precision_at_3_max": 0.465838,
                "nauc_precision_at_3_std": 0.492956,
                "nauc_precision_at_3_diff1": 0.409793,
                "nauc_precision_at_5_max": 1.0,
                "nauc_precision_at_5_std": 1.0,
                "nauc_precision_at_5_diff1": 1.0,
                "nauc_precision_at_10_max": 1.0,
                "nauc_precision_at_10_std": 1.0,
                "nauc_precision_at_10_diff1": 1.0,
                "nauc_precision_at_20_max": 1.0,
                "nauc_precision_at_20_std": 1.0,
                "nauc_precision_at_20_diff1": 1.0,
                "nauc_precision_at_100_max": 1.0,
                "nauc_precision_at_100_std": 1.0,
                "nauc_precision_at_100_diff1": 1.0,
                "nauc_precision_at_1000_max": 1.0,
                "nauc_precision_at_1000_std": 1.0,
                "nauc_precision_at_1000_diff1": 1.0,
                "nauc_mrr_at_1_max": 0.370064,
                "nauc_mrr_at_1_std": 0.314243,
                "nauc_mrr_at_1_diff1": 0.560187,
                "nauc_mrr_at_3_max": 0.390272,
                "nauc_mrr_at_3_std": 0.351494,
                "nauc_mrr_at_3_diff1": 0.525534,
                "nauc_mrr_at_5_max": 0.382627,
                "nauc_mrr_at_5_std": 0.336932,
                "nauc_mrr_at_5_diff1": 0.538152,
                "nauc_mrr_at_10_max": 0.382627,
                "nauc_mrr_at_10_std": 0.336932,
                "nauc_mrr_at_10_diff1": 0.538152,
                "nauc_mrr_at_20_max": 0.382627,
                "nauc_mrr_at_20_std": 0.336932,
                "nauc_mrr_at_20_diff1": 0.538152,
                "nauc_mrr_at_100_max": 0.382627,
                "nauc_mrr_at_100_std": 0.336932,
                "nauc_mrr_at_100_diff1": 0.538152,
                "nauc_mrr_at_1000_max": 0.382627,
                "nauc_mrr_at_1000_std": 0.336932,
                "nauc_mrr_at_1000_diff1": 0.538152,
                "cv_recall_at_1": 0.66275,
                "cv_recall_at_3": 0.91831,
                "cv_recall_at_5": 1.0,
                "cv_recall_at_10": 1.0,
                "cv_recall_at_20": 1.0,
                "cv_recall_at_100": 1.0,
                "cv_recall_at_1000": 1.0,
                "main_score": 0.79521,
                "hf_subset": "default",
                "languages": [
                    "slk-Latn"
                ]
            }
        ]
    },
    "evaluation_time": 37.52767372131348,
    "kg_co2_emissions": null
}
