{
    "dataset_revision": "f64f483ad0f31d2e78209d524c14a4a867965959",
    "task_name": "WebFAQRetrieval",
    "mteb_version": "1.39.7",
    "scores": {
        "test": [
            {
                "ndcg_at_1": 0.53283,
                "ndcg_at_3": 0.61996,
                "ndcg_at_5": 0.64043,
                "ndcg_at_10": 0.65857,
                "ndcg_at_20": 0.67229,
                "ndcg_at_100": 0.68782,
                "ndcg_at_1000": 0.69565,
                "map_at_1": 0.53283,
                "map_at_3": 0.59874,
                "map_at_5": 0.61008,
                "map_at_10": 0.61762,
                "map_at_20": 0.62148,
                "map_at_100": 0.62367,
                "map_at_1000": 0.62395,
                "recall_at_1": 0.53283,
                "recall_at_3": 0.68126,
                "recall_at_5": 0.73105,
                "recall_at_10": 0.78687,
                "recall_at_20": 0.84047,
                "recall_at_100": 0.92356,
                "recall_at_1000": 0.98605,
                "accuracy": 0.53283,
                "precision_at_1": 0.53283,
                "precision_at_3": 0.22709,
                "precision_at_5": 0.14621,
                "precision_at_10": 0.07869,
                "precision_at_20": 0.04202,
                "precision_at_100": 0.00924,
                "precision_at_1000": 0.00099,
                "mrr_at_1": 0.531874,
                "mrr_at_3": 0.598108,
                "mrr_at_5": 0.609446,
                "mrr_at_10": 0.617028,
                "mrr_at_20": 0.620882,
                "mrr_at_100": 0.623092,
                "mrr_at_1000": 0.623374,
                "nauc_ndcg_at_1_max": 0.41011,
                "nauc_ndcg_at_1_std": 0.089588,
                "nauc_ndcg_at_1_diff1": 0.726609,
                "nauc_ndcg_at_3_max": 0.40806,
                "nauc_ndcg_at_3_std": 0.105348,
                "nauc_ndcg_at_3_diff1": 0.685233,
                "nauc_ndcg_at_5_max": 0.414552,
                "nauc_ndcg_at_5_std": 0.107644,
                "nauc_ndcg_at_5_diff1": 0.68496,
                "nauc_ndcg_at_10_max": 0.415207,
                "nauc_ndcg_at_10_std": 0.11465,
                "nauc_ndcg_at_10_diff1": 0.680538,
                "nauc_ndcg_at_20_max": 0.416071,
                "nauc_ndcg_at_20_std": 0.124598,
                "nauc_ndcg_at_20_diff1": 0.68222,
                "nauc_ndcg_at_100_max": 0.416564,
                "nauc_ndcg_at_100_std": 0.12994,
                "nauc_ndcg_at_100_diff1": 0.68481,
                "nauc_ndcg_at_1000_max": 0.416019,
                "nauc_ndcg_at_1000_std": 0.12189,
                "nauc_ndcg_at_1000_diff1": 0.687117,
                "nauc_map_at_1_max": 0.41011,
                "nauc_map_at_1_std": 0.089588,
                "nauc_map_at_1_diff1": 0.726609,
                "nauc_map_at_3_max": 0.408369,
                "nauc_map_at_3_std": 0.101277,
                "nauc_map_at_3_diff1": 0.695555,
                "nauc_map_at_5_max": 0.411801,
                "nauc_map_at_5_std": 0.102557,
                "nauc_map_at_5_diff1": 0.695478,
                "nauc_map_at_10_max": 0.411915,
                "nauc_map_at_10_std": 0.105176,
                "nauc_map_at_10_diff1": 0.69377,
                "nauc_map_at_20_max": 0.412092,
                "nauc_map_at_20_std": 0.107481,
                "nauc_map_at_20_diff1": 0.694229,
                "nauc_map_at_100_max": 0.412065,
                "nauc_map_at_100_std": 0.108175,
                "nauc_map_at_100_diff1": 0.694506,
                "nauc_map_at_1000_max": 0.412016,
                "nauc_map_at_1000_std": 0.107957,
                "nauc_map_at_1000_diff1": 0.694556,
                "nauc_recall_at_1_max": 0.41011,
                "nauc_recall_at_1_std": 0.089588,
                "nauc_recall_at_1_diff1": 0.726609,
                "nauc_recall_at_3_max": 0.407147,
                "nauc_recall_at_3_std": 0.118756,
                "nauc_recall_at_3_diff1": 0.651415,
                "nauc_recall_at_5_max": 0.425936,
                "nauc_recall_at_5_std": 0.126411,
                "nauc_recall_at_5_diff1": 0.646916,
                "nauc_recall_at_10_max": 0.431727,
                "nauc_recall_at_10_std": 0.159878,
                "nauc_recall_at_10_diff1": 0.621907,
                "nauc_recall_at_20_max": 0.44243,
                "nauc_recall_at_20_std": 0.241147,
                "nauc_recall_at_20_diff1": 0.617413,
                "nauc_recall_at_100_max": 0.480205,
                "nauc_recall_at_100_std": 0.439789,
                "nauc_recall_at_100_diff1": 0.604753,
                "nauc_recall_at_1000_max": 0.72096,
                "nauc_recall_at_1000_std": 0.67973,
                "nauc_recall_at_1000_diff1": 0.591322,
                "nauc_precision_at_1_max": 0.41011,
                "nauc_precision_at_1_std": 0.089588,
                "nauc_precision_at_1_diff1": 0.726609,
                "nauc_precision_at_3_max": 0.407147,
                "nauc_precision_at_3_std": 0.118756,
                "nauc_precision_at_3_diff1": 0.651415,
                "nauc_precision_at_5_max": 0.425936,
                "nauc_precision_at_5_std": 0.126411,
                "nauc_precision_at_5_diff1": 0.646916,
                "nauc_precision_at_10_max": 0.431727,
                "nauc_precision_at_10_std": 0.159878,
                "nauc_precision_at_10_diff1": 0.621907,
                "nauc_precision_at_20_max": 0.44243,
                "nauc_precision_at_20_std": 0.241147,
                "nauc_precision_at_20_diff1": 0.617413,
                "nauc_precision_at_100_max": 0.480205,
                "nauc_precision_at_100_std": 0.439789,
                "nauc_precision_at_100_diff1": 0.604753,
                "nauc_precision_at_1000_max": 0.72096,
                "nauc_precision_at_1000_std": 0.67973,
                "nauc_precision_at_1000_diff1": 0.591322,
                "nauc_mrr_at_1_max": 0.412001,
                "nauc_mrr_at_1_std": 0.091184,
                "nauc_mrr_at_1_diff1": 0.728686,
                "nauc_mrr_at_3_max": 0.410803,
                "nauc_mrr_at_3_std": 0.102593,
                "nauc_mrr_at_3_diff1": 0.696798,
                "nauc_mrr_at_5_max": 0.413819,
                "nauc_mrr_at_5_std": 0.103492,
                "nauc_mrr_at_5_diff1": 0.696838,
                "nauc_mrr_at_10_max": 0.413895,
                "nauc_mrr_at_10_std": 0.10624,
                "nauc_mrr_at_10_diff1": 0.695107,
                "nauc_mrr_at_20_max": 0.41391,
                "nauc_mrr_at_20_std": 0.108205,
                "nauc_mrr_at_20_diff1": 0.695656,
                "nauc_mrr_at_100_max": 0.414014,
                "nauc_mrr_at_100_std": 0.109165,
                "nauc_mrr_at_100_diff1": 0.695897,
                "nauc_mrr_at_1000_max": 0.413968,
                "nauc_mrr_at_1000_std": 0.108948,
                "nauc_mrr_at_1000_diff1": 0.695948,
                "cv_recall_at_1": 0.53187,
                "cv_recall_at_3": 0.68094,
                "cv_recall_at_5": 0.73073,
                "cv_recall_at_10": 0.78687,
                "cv_recall_at_20": 0.84047,
                "cv_recall_at_100": 0.92356,
                "cv_recall_at_1000": 0.98605,
                "main_score": 0.65857,
                "hf_subset": "slk",
                "languages": [
                    "slk-Latn"
                ]
            }
        ]
    },
    "evaluation_time": 34.200170278549194,
    "kg_co2_emissions": null
}
