{
    "dataset_revision": "82320d7f1d6561a12516605ec24f5d61aceb915c",
    "task_name": "SlovakPharmacyMojaLekarenReranking",
    "mteb_version": "1.39.7",
    "scores": {
        "test": [
            {
                "ndcg_at_1": 0.70054,
                "ndcg_at_3": 0.84473,
                "ndcg_at_5": 0.86888,
                "ndcg_at_10": 0.86888,
                "ndcg_at_20": 0.86888,
                "ndcg_at_100": 0.86888,
                "ndcg_at_1000": 0.86888,
                "map_at_1": 0.70054,
                "map_at_3": 0.81098,
                "map_at_5": 0.82446,
                "map_at_10": 0.82446,
                "map_at_20": 0.82446,
                "map_at_100": 0.82446,
                "map_at_1000": 0.82446,
                "recall_at_1": 0.70054,
                "recall_at_3": 0.94173,
                "recall_at_5": 1.0,
                "recall_at_10": 1.0,
                "recall_at_20": 1.0,
                "recall_at_100": 1.0,
                "recall_at_1000": 1.0,
                "accuracy": 0.70054,
                "precision_at_1": 0.70054,
                "precision_at_3": 0.31391,
                "precision_at_5": 0.2,
                "precision_at_10": 0.1,
                "precision_at_20": 0.05,
                "precision_at_100": 0.01,
                "precision_at_1000": 0.001,
                "mrr_at_1": 0.700542,
                "mrr_at_3": 0.810976,
                "mrr_at_5": 0.824458,
                "mrr_at_10": 0.824458,
                "mrr_at_20": 0.824458,
                "mrr_at_100": 0.824458,
                "mrr_at_1000": 0.824458,
                "nauc_ndcg_at_1_max": 0.205643,
                "nauc_ndcg_at_1_std": 0.303327,
                "nauc_ndcg_at_1_diff1": 0.543037,
                "nauc_ndcg_at_3_max": 0.276595,
                "nauc_ndcg_at_3_std": 0.410427,
                "nauc_ndcg_at_3_diff1": 0.551205,
                "nauc_ndcg_at_5_max": 0.239099,
                "nauc_ndcg_at_5_std": 0.358267,
                "nauc_ndcg_at_5_diff1": 0.549268,
                "nauc_ndcg_at_10_max": 0.239099,
                "nauc_ndcg_at_10_std": 0.358267,
                "nauc_ndcg_at_10_diff1": 0.549268,
                "nauc_ndcg_at_20_max": 0.239099,
                "nauc_ndcg_at_20_std": 0.358267,
                "nauc_ndcg_at_20_diff1": 0.549268,
                "nauc_ndcg_at_100_max": 0.239099,
                "nauc_ndcg_at_100_std": 0.358267,
                "nauc_ndcg_at_100_diff1": 0.549268,
                "nauc_ndcg_at_1000_max": 0.239099,
                "nauc_ndcg_at_1000_std": 0.358267,
                "nauc_ndcg_at_1000_diff1": 0.549268,
                "nauc_map_at_1_max": 0.205643,
                "nauc_map_at_1_std": 0.303327,
                "nauc_map_at_1_diff1": 0.543037,
                "nauc_map_at_3_max": 0.253562,
                "nauc_map_at_3_std": 0.378657,
                "nauc_map_at_3_diff1": 0.549527,
                "nauc_map_at_5_max": 0.236641,
                "nauc_map_at_5_std": 0.35457,
                "nauc_map_at_5_diff1": 0.548852,
                "nauc_map_at_10_max": 0.236641,
                "nauc_map_at_10_std": 0.35457,
                "nauc_map_at_10_diff1": 0.548852,
                "nauc_map_at_20_max": 0.236641,
                "nauc_map_at_20_std": 0.35457,
                "nauc_map_at_20_diff1": 0.548852,
                "nauc_map_at_100_max": 0.236641,
                "nauc_map_at_100_std": 0.35457,
                "nauc_map_at_100_diff1": 0.548852,
                "nauc_map_at_1000_max": 0.236641,
                "nauc_map_at_1000_std": 0.35457,
                "nauc_map_at_1000_diff1": 0.548852,
                "nauc_recall_at_1_max": 0.205643,
                "nauc_recall_at_1_std": 0.303327,
                "nauc_recall_at_1_diff1": 0.543037,
                "nauc_recall_at_3_max": 0.46468,
                "nauc_recall_at_3_std": 0.665775,
                "nauc_recall_at_3_diff1": 0.56358,
                "nauc_recall_at_5_max": NaN,
                "nauc_recall_at_5_std": NaN,
                "nauc_recall_at_5_diff1": NaN,
                "nauc_recall_at_10_max": NaN,
                "nauc_recall_at_10_std": NaN,
                "nauc_recall_at_10_diff1": NaN,
                "nauc_recall_at_20_max": NaN,
                "nauc_recall_at_20_std": NaN,
                "nauc_recall_at_20_diff1": NaN,
                "nauc_recall_at_100_max": NaN,
                "nauc_recall_at_100_std": NaN,
                "nauc_recall_at_100_diff1": NaN,
                "nauc_recall_at_1000_max": NaN,
                "nauc_recall_at_1000_std": NaN,
                "nauc_recall_at_1000_diff1": NaN,
                "nauc_precision_at_1_max": 0.205643,
                "nauc_precision_at_1_std": 0.303327,
                "nauc_precision_at_1_diff1": 0.543037,
                "nauc_precision_at_3_max": 0.46468,
                "nauc_precision_at_3_std": 0.665775,
                "nauc_precision_at_3_diff1": 0.56358,
                "nauc_precision_at_5_max": NaN,
                "nauc_precision_at_5_std": NaN,
                "nauc_precision_at_5_diff1": NaN,
                "nauc_precision_at_10_max": NaN,
                "nauc_precision_at_10_std": NaN,
                "nauc_precision_at_10_diff1": NaN,
                "nauc_precision_at_20_max": NaN,
                "nauc_precision_at_20_std": NaN,
                "nauc_precision_at_20_diff1": NaN,
                "nauc_precision_at_100_max": NaN,
                "nauc_precision_at_100_std": NaN,
                "nauc_precision_at_100_diff1": NaN,
                "nauc_precision_at_1000_max": 1.0,
                "nauc_precision_at_1000_std": 1.0,
                "nauc_precision_at_1000_diff1": 1.0,
                "nauc_mrr_at_1_max": 0.205643,
                "nauc_mrr_at_1_std": 0.303327,
                "nauc_mrr_at_1_diff1": 0.543037,
                "nauc_mrr_at_3_max": 0.253562,
                "nauc_mrr_at_3_std": 0.378657,
                "nauc_mrr_at_3_diff1": 0.549527,
                "nauc_mrr_at_5_max": 0.236641,
                "nauc_mrr_at_5_std": 0.35457,
                "nauc_mrr_at_5_diff1": 0.548852,
                "nauc_mrr_at_10_max": 0.236641,
                "nauc_mrr_at_10_std": 0.35457,
                "nauc_mrr_at_10_diff1": 0.548852,
                "nauc_mrr_at_20_max": 0.236641,
                "nauc_mrr_at_20_std": 0.35457,
                "nauc_mrr_at_20_diff1": 0.548852,
                "nauc_mrr_at_100_max": 0.236641,
                "nauc_mrr_at_100_std": 0.35457,
                "nauc_mrr_at_100_diff1": 0.548852,
                "nauc_mrr_at_1000_max": 0.236641,
                "nauc_mrr_at_1000_std": 0.35457,
                "nauc_mrr_at_1000_diff1": 0.548852,
                "cv_recall_at_1": 0.70054,
                "cv_recall_at_3": 0.94173,
                "cv_recall_at_5": 1.0,
                "cv_recall_at_10": 1.0,
                "cv_recall_at_20": 1.0,
                "cv_recall_at_100": 1.0,
                "cv_recall_at_1000": 1.0,
                "main_score": 0.82446,
                "hf_subset": "default",
                "languages": [
                    "slk-Latn"
                ]
            }
        ]
    },
    "evaluation_time": 3.000401258468628,
    "kg_co2_emissions": null
}
