{
    "dataset_revision": "6448ea012b1b7caa3d55cb747b58cda1d7edc714",
    "task_name": "SlovakPharmacyDrMaxReranking",
    "mteb_version": "1.39.7",
    "scores": {
        "test": [
            {
                "ndcg_at_1": 0.56138,
                "ndcg_at_3": 0.74218,
                "ndcg_at_5": 0.7955,
                "ndcg_at_10": 0.7955,
                "ndcg_at_20": 0.7955,
                "ndcg_at_100": 0.7955,
                "ndcg_at_1000": 0.7955,
                "map_at_1": 0.56138,
                "map_at_3": 0.69753,
                "map_at_5": 0.72733,
                "map_at_10": 0.72733,
                "map_at_20": 0.72733,
                "map_at_100": 0.72733,
                "map_at_1000": 0.72733,
                "recall_at_1": 0.56138,
                "recall_at_3": 0.87147,
                "recall_at_5": 1.0,
                "recall_at_10": 1.0,
                "recall_at_20": 1.0,
                "recall_at_100": 1.0,
                "recall_at_1000": 1.0,
                "accuracy": 0.56138,
                "precision_at_1": 0.56138,
                "precision_at_3": 0.29049,
                "precision_at_5": 0.2,
                "precision_at_10": 0.1,
                "precision_at_20": 0.05,
                "precision_at_100": 0.01,
                "precision_at_1000": 0.001,
                "mrr_at_1": 0.561377,
                "mrr_at_3": 0.697534,
                "mrr_at_5": 0.727335,
                "mrr_at_10": 0.727335,
                "mrr_at_20": 0.727335,
                "mrr_at_100": 0.727335,
                "mrr_at_1000": 0.727335,
                "nauc_ndcg_at_1_max": 0.330465,
                "nauc_ndcg_at_1_std": 0.365122,
                "nauc_ndcg_at_1_diff1": 0.481777,
                "nauc_ndcg_at_3_max": 0.358427,
                "nauc_ndcg_at_3_std": 0.41454,
                "nauc_ndcg_at_3_diff1": 0.433409,
                "nauc_ndcg_at_5_max": 0.341497,
                "nauc_ndcg_at_5_std": 0.387589,
                "nauc_ndcg_at_5_diff1": 0.455337,
                "nauc_ndcg_at_10_max": 0.341497,
                "nauc_ndcg_at_10_std": 0.387589,
                "nauc_ndcg_at_10_diff1": 0.455337,
                "nauc_ndcg_at_20_max": 0.341497,
                "nauc_ndcg_at_20_std": 0.387589,
                "nauc_ndcg_at_20_diff1": 0.455337,
                "nauc_ndcg_at_100_max": 0.341497,
                "nauc_ndcg_at_100_std": 0.387589,
                "nauc_ndcg_at_100_diff1": 0.455337,
                "nauc_ndcg_at_1000_max": 0.341497,
                "nauc_ndcg_at_1000_std": 0.387589,
                "nauc_ndcg_at_1000_diff1": 0.455337,
                "nauc_map_at_1_max": 0.330465,
                "nauc_map_at_1_std": 0.365122,
                "nauc_map_at_1_diff1": 0.481777,
                "nauc_map_at_3_max": 0.348788,
                "nauc_map_at_3_std": 0.398908,
                "nauc_map_at_3_diff1": 0.445954,
                "nauc_map_at_5_max": 0.34063,
                "nauc_map_at_5_std": 0.385961,
                "nauc_map_at_5_diff1": 0.456924,
                "nauc_map_at_10_max": 0.34063,
                "nauc_map_at_10_std": 0.385961,
                "nauc_map_at_10_diff1": 0.456924,
                "nauc_map_at_20_max": 0.34063,
                "nauc_map_at_20_std": 0.385961,
                "nauc_map_at_20_diff1": 0.456924,
                "nauc_map_at_100_max": 0.34063,
                "nauc_map_at_100_std": 0.385961,
                "nauc_map_at_100_diff1": 0.456924,
                "nauc_map_at_1000_max": 0.34063,
                "nauc_map_at_1000_std": 0.385961,
                "nauc_map_at_1000_diff1": 0.456924,
                "nauc_recall_at_1_max": 0.330465,
                "nauc_recall_at_1_std": 0.365122,
                "nauc_recall_at_1_diff1": 0.481777,
                "nauc_recall_at_3_max": 0.41275,
                "nauc_recall_at_3_std": 0.501571,
                "nauc_recall_at_3_diff1": 0.365843,
                "nauc_recall_at_5_max": NaN,
                "nauc_recall_at_5_std": NaN,
                "nauc_recall_at_5_diff1": NaN,
                "nauc_recall_at_10_max": NaN,
                "nauc_recall_at_10_std": NaN,
                "nauc_recall_at_10_diff1": NaN,
                "nauc_recall_at_20_max": NaN,
                "nauc_recall_at_20_std": NaN,
                "nauc_recall_at_20_diff1": NaN,
                "nauc_recall_at_100_max": NaN,
                "nauc_recall_at_100_std": NaN,
                "nauc_recall_at_100_diff1": NaN,
                "nauc_recall_at_1000_max": NaN,
                "nauc_recall_at_1000_std": NaN,
                "nauc_recall_at_1000_diff1": NaN,
                "nauc_precision_at_1_max": 0.330465,
                "nauc_precision_at_1_std": 0.365122,
                "nauc_precision_at_1_diff1": 0.481777,
                "nauc_precision_at_3_max": 0.41275,
                "nauc_precision_at_3_std": 0.501571,
                "nauc_precision_at_3_diff1": 0.365843,
                "nauc_precision_at_5_max": 1.0,
                "nauc_precision_at_5_std": 1.0,
                "nauc_precision_at_5_diff1": 1.0,
                "nauc_precision_at_10_max": 1.0,
                "nauc_precision_at_10_std": 1.0,
                "nauc_precision_at_10_diff1": 1.0,
                "nauc_precision_at_20_max": 1.0,
                "nauc_precision_at_20_std": 1.0,
                "nauc_precision_at_20_diff1": 1.0,
                "nauc_precision_at_100_max": 1.0,
                "nauc_precision_at_100_std": 1.0,
                "nauc_precision_at_100_diff1": 1.0,
                "nauc_precision_at_1000_max": 1.0,
                "nauc_precision_at_1000_std": 1.0,
                "nauc_precision_at_1000_diff1": 1.0,
                "nauc_mrr_at_1_max": 0.330465,
                "nauc_mrr_at_1_std": 0.365122,
                "nauc_mrr_at_1_diff1": 0.481777,
                "nauc_mrr_at_3_max": 0.348788,
                "nauc_mrr_at_3_std": 0.398908,
                "nauc_mrr_at_3_diff1": 0.445954,
                "nauc_mrr_at_5_max": 0.34063,
                "nauc_mrr_at_5_std": 0.385961,
                "nauc_mrr_at_5_diff1": 0.456924,
                "nauc_mrr_at_10_max": 0.34063,
                "nauc_mrr_at_10_std": 0.385961,
                "nauc_mrr_at_10_diff1": 0.456924,
                "nauc_mrr_at_20_max": 0.34063,
                "nauc_mrr_at_20_std": 0.385961,
                "nauc_mrr_at_20_diff1": 0.456924,
                "nauc_mrr_at_100_max": 0.34063,
                "nauc_mrr_at_100_std": 0.385961,
                "nauc_mrr_at_100_diff1": 0.456924,
                "nauc_mrr_at_1000_max": 0.34063,
                "nauc_mrr_at_1000_std": 0.385961,
                "nauc_mrr_at_1000_diff1": 0.456924,
                "cv_recall_at_1": 0.56138,
                "cv_recall_at_3": 0.87147,
                "cv_recall_at_5": 1.0,
                "cv_recall_at_10": 1.0,
                "cv_recall_at_20": 1.0,
                "cv_recall_at_100": 1.0,
                "cv_recall_at_1000": 1.0,
                "main_score": 0.72733,
                "hf_subset": "default",
                "languages": [
                    "slk-Latn"
                ]
            }
        ]
    },
    "evaluation_time": 13.379777908325195,
    "kg_co2_emissions": null
}
