{
    "dataset_revision": "3997eba1c60721e34f7b01db400f5b14a40218ea",
    "task_name": "SkQuadReranking",
    "mteb_version": "1.39.7",
    "scores": {
        "test": [
            {
                "ndcg_at_1": 0.56311,
                "ndcg_at_3": 0.63293,
                "ndcg_at_5": 0.68173,
                "ndcg_at_10": 0.74543,
                "ndcg_at_20": 0.75615,
                "ndcg_at_100": 0.75615,
                "ndcg_at_1000": 0.75615,
                "map_at_1": 0.42268,
                "map_at_3": 0.56536,
                "map_at_5": 0.60097,
                "map_at_10": 0.63985,
                "map_at_20": 0.64579,
                "map_at_100": 0.64579,
                "map_at_1000": 0.64579,
                "recall_at_1": 0.42268,
                "recall_at_3": 0.69596,
                "recall_at_5": 0.80113,
                "recall_at_10": 0.96884,
                "recall_at_20": 1.0,
                "recall_at_100": 1.0,
                "recall_at_1000": 1.0,
                "accuracy": 0.42268,
                "precision_at_1": 0.56311,
                "precision_at_3": 0.32157,
                "precision_at_5": 0.22948,
                "precision_at_10": 0.14634,
                "precision_at_20": 0.07643,
                "precision_at_100": 0.01529,
                "precision_at_1000": 0.00153,
                "mrr_at_1": 0.563107,
                "mrr_at_3": 0.696087,
                "mrr_at_5": 0.713122,
                "mrr_at_10": 0.722227,
                "mrr_at_20": 0.722628,
                "mrr_at_100": 0.722628,
                "mrr_at_1000": 0.722628,
                "nauc_ndcg_at_1_max": 0.219281,
                "nauc_ndcg_at_1_std": 0.19458,
                "nauc_ndcg_at_1_diff1": 0.394714,
                "nauc_ndcg_at_3_max": 0.173317,
                "nauc_ndcg_at_3_std": 0.212932,
                "nauc_ndcg_at_3_diff1": 0.270807,
                "nauc_ndcg_at_5_max": 0.171777,
                "nauc_ndcg_at_5_std": 0.221816,
                "nauc_ndcg_at_5_diff1": 0.290123,
                "nauc_ndcg_at_10_max": 0.196846,
                "nauc_ndcg_at_10_std": 0.229254,
                "nauc_ndcg_at_10_diff1": 0.30805,
                "nauc_ndcg_at_20_max": 0.202419,
                "nauc_ndcg_at_20_std": 0.224989,
                "nauc_ndcg_at_20_diff1": 0.315122,
                "nauc_ndcg_at_100_max": 0.202419,
                "nauc_ndcg_at_100_std": 0.224989,
                "nauc_ndcg_at_100_diff1": 0.315122,
                "nauc_ndcg_at_1000_max": 0.202419,
                "nauc_ndcg_at_1000_std": 0.224989,
                "nauc_ndcg_at_1000_diff1": 0.315122,
                "nauc_map_at_1_max": 0.132657,
                "nauc_map_at_1_std": 0.131569,
                "nauc_map_at_1_diff1": 0.337287,
                "nauc_map_at_3_max": 0.147157,
                "nauc_map_at_3_std": 0.183808,
                "nauc_map_at_3_diff1": 0.277069,
                "nauc_map_at_5_max": 0.150226,
                "nauc_map_at_5_std": 0.189752,
                "nauc_map_at_5_diff1": 0.288023,
                "nauc_map_at_10_max": 0.166599,
                "nauc_map_at_10_std": 0.199805,
                "nauc_map_at_10_diff1": 0.295223,
                "nauc_map_at_20_max": 0.169351,
                "nauc_map_at_20_std": 0.197961,
                "nauc_map_at_20_diff1": 0.298307,
                "nauc_map_at_100_max": 0.169351,
                "nauc_map_at_100_std": 0.197961,
                "nauc_map_at_100_diff1": 0.298307,
                "nauc_map_at_1000_max": 0.169351,
                "nauc_map_at_1000_std": 0.197961,
                "nauc_map_at_1000_diff1": 0.298307,
                "nauc_recall_at_1_max": 0.132657,
                "nauc_recall_at_1_std": 0.131569,
                "nauc_recall_at_1_diff1": 0.337287,
                "nauc_recall_at_3_max": 0.125993,
                "nauc_recall_at_3_std": 0.197962,
                "nauc_recall_at_3_diff1": 0.164389,
                "nauc_recall_at_5_max": 0.094241,
                "nauc_recall_at_5_std": 0.204996,
                "nauc_recall_at_5_diff1": 0.169037,
                "nauc_recall_at_10_max": 0.069674,
                "nauc_recall_at_10_std": 0.237283,
                "nauc_recall_at_10_diff1": 0.111267,
                "nauc_recall_at_20_max": NaN,
                "nauc_recall_at_20_std": NaN,
                "nauc_recall_at_20_diff1": NaN,
                "nauc_recall_at_100_max": NaN,
                "nauc_recall_at_100_std": NaN,
                "nauc_recall_at_100_diff1": NaN,
                "nauc_recall_at_1000_max": NaN,
                "nauc_recall_at_1000_std": NaN,
                "nauc_recall_at_1000_diff1": NaN,
                "nauc_precision_at_1_max": 0.219281,
                "nauc_precision_at_1_std": 0.19458,
                "nauc_precision_at_1_diff1": 0.394714,
                "nauc_precision_at_3_max": 0.166404,
                "nauc_precision_at_3_std": 0.213901,
                "nauc_precision_at_3_diff1": 0.073127,
                "nauc_precision_at_5_max": 0.107056,
                "nauc_precision_at_5_std": 0.154015,
                "nauc_precision_at_5_diff1": 0.02229,
                "nauc_precision_at_10_max": 0.089384,
                "nauc_precision_at_10_std": 0.079967,
                "nauc_precision_at_10_diff1": -0.077075,
                "nauc_precision_at_20_max": 0.08593,
                "nauc_precision_at_20_std": 0.051472,
                "nauc_precision_at_20_diff1": -0.081722,
                "nauc_precision_at_100_max": 0.08593,
                "nauc_precision_at_100_std": 0.051472,
                "nauc_precision_at_100_diff1": -0.081722,
                "nauc_precision_at_1000_max": 0.08593,
                "nauc_precision_at_1000_std": 0.051472,
                "nauc_precision_at_1000_diff1": -0.081722,
                "nauc_mrr_at_1_max": 0.219281,
                "nauc_mrr_at_1_std": 0.19458,
                "nauc_mrr_at_1_diff1": 0.394714,
                "nauc_mrr_at_3_max": 0.265708,
                "nauc_mrr_at_3_std": 0.27169,
                "nauc_mrr_at_3_diff1": 0.354466,
                "nauc_mrr_at_5_max": 0.261829,
                "nauc_mrr_at_5_std": 0.271852,
                "nauc_mrr_at_5_diff1": 0.36142,
                "nauc_mrr_at_10_max": 0.257675,
                "nauc_mrr_at_10_std": 0.258725,
                "nauc_mrr_at_10_diff1": 0.366434,
                "nauc_mrr_at_20_max": 0.256684,
                "nauc_mrr_at_20_std": 0.257463,
                "nauc_mrr_at_20_diff1": 0.365846,
                "nauc_mrr_at_100_max": 0.256684,
                "nauc_mrr_at_100_std": 0.257463,
                "nauc_mrr_at_100_diff1": 0.365846,
                "nauc_mrr_at_1000_max": 0.256684,
                "nauc_mrr_at_1000_std": 0.257463,
                "nauc_mrr_at_1000_diff1": 0.365846,
                "cv_recall_at_1": 0.56311,
                "cv_recall_at_3": 0.85525,
                "cv_recall_at_5": 0.92851,
                "cv_recall_at_10": 0.99559,
                "cv_recall_at_20": 1.0,
                "cv_recall_at_100": 1.0,
                "cv_recall_at_1000": 1.0,
                "main_score": 0.64579,
                "hf_subset": "default",
                "languages": [
                    "slk-Latn"
                ]
            }
        ]
    },
    "evaluation_time": 71.30536937713623,
    "kg_co2_emissions": null
}
