{
    "dataset_revision": "09f81f51dd5b8497da16d02c69c98d5cb5993ef2",
    "task_name": "SKQuadRetrieval",
    "mteb_version": "1.39.7",
    "scores": {
        "test": [
            {
                "ndcg_at_1": 0.52011,
                "ndcg_at_3": 0.58266,
                "ndcg_at_5": 0.61201,
                "ndcg_at_10": 0.6363,
                "ndcg_at_20": 0.65959,
                "ndcg_at_100": 0.68326,
                "ndcg_at_1000": 0.69132,
                "map_at_1": 0.35684,
                "map_at_3": 0.47282,
                "map_at_5": 0.49513,
                "map_at_10": 0.51156,
                "map_at_20": 0.52322,
                "map_at_100": 0.53077,
                "map_at_1000": 0.53144,
                "recall_at_1": 0.35684,
                "recall_at_3": 0.58554,
                "recall_at_5": 0.65627,
                "recall_at_10": 0.72733,
                "recall_at_20": 0.81084,
                "recall_at_100": 0.93204,
                "recall_at_1000": 0.99108,
                "accuracy": 0.35684,
                "precision_at_1": 0.53086,
                "precision_at_3": 0.306,
                "precision_at_5": 0.21076,
                "precision_at_10": 0.12134,
                "precision_at_20": 0.07059,
                "precision_at_100": 0.0171,
                "precision_at_1000": 0.00183,
                "mrr_at_1": 0.530864,
                "mrr_at_3": 0.66843,
                "mrr_at_5": 0.683466,
                "mrr_at_10": 0.689248,
                "mrr_at_20": 0.691066,
                "mrr_at_100": 0.691495,
                "mrr_at_1000": 0.691584,
                "nauc_ndcg_at_1_max": 0.232194,
                "nauc_ndcg_at_1_std": 0.050325,
                "nauc_ndcg_at_1_diff1": 0.407449,
                "nauc_ndcg_at_3_max": 0.230075,
                "nauc_ndcg_at_3_std": -0.025175,
                "nauc_ndcg_at_3_diff1": 0.259133,
                "nauc_ndcg_at_5_max": 0.232242,
                "nauc_ndcg_at_5_std": -0.023302,
                "nauc_ndcg_at_5_diff1": 0.258173,
                "nauc_ndcg_at_10_max": 0.238214,
                "nauc_ndcg_at_10_std": -0.001084,
                "nauc_ndcg_at_10_diff1": 0.268656,
                "nauc_ndcg_at_20_max": 0.244255,
                "nauc_ndcg_at_20_std": 0.020731,
                "nauc_ndcg_at_20_diff1": 0.277858,
                "nauc_ndcg_at_100_max": 0.261583,
                "nauc_ndcg_at_100_std": 0.041944,
                "nauc_ndcg_at_100_diff1": 0.289023,
                "nauc_ndcg_at_1000_max": 0.256122,
                "nauc_ndcg_at_1000_std": 0.029378,
                "nauc_ndcg_at_1000_diff1": 0.290709,
                "nauc_map_at_1_max": 0.132113,
                "nauc_map_at_1_std": -0.043592,
                "nauc_map_at_1_diff1": 0.316952,
                "nauc_map_at_3_max": 0.15698,
                "nauc_map_at_3_std": -0.068842,
                "nauc_map_at_3_diff1": 0.238662,
                "nauc_map_at_5_max": 0.158458,
                "nauc_map_at_5_std": -0.068944,
                "nauc_map_at_5_diff1": 0.2344,
                "nauc_map_at_10_max": 0.165156,
                "nauc_map_at_10_std": -0.059557,
                "nauc_map_at_10_diff1": 0.239177,
                "nauc_map_at_20_max": 0.170953,
                "nauc_map_at_20_std": -0.049725,
                "nauc_map_at_20_diff1": 0.244065,
                "nauc_map_at_100_max": 0.175895,
                "nauc_map_at_100_std": -0.042021,
                "nauc_map_at_100_diff1": 0.245615,
                "nauc_map_at_1000_max": 0.175859,
                "nauc_map_at_1000_std": -0.042553,
                "nauc_map_at_1000_diff1": 0.245714,
                "nauc_recall_at_1_max": 0.132113,
                "nauc_recall_at_1_std": -0.043592,
                "nauc_recall_at_1_diff1": 0.316952,
                "nauc_recall_at_3_max": 0.136679,
                "nauc_recall_at_3_std": -0.103955,
                "nauc_recall_at_3_diff1": 0.117812,
                "nauc_recall_at_5_max": 0.121075,
                "nauc_recall_at_5_std": -0.100716,
                "nauc_recall_at_5_diff1": 0.08436,
                "nauc_recall_at_10_max": 0.114401,
                "nauc_recall_at_10_std": -0.046937,
                "nauc_recall_at_10_diff1": 0.081923,
                "nauc_recall_at_20_max": 0.119154,
                "nauc_recall_at_20_std": 0.043333,
                "nauc_recall_at_20_diff1": 0.084244,
                "nauc_recall_at_100_max": 0.354397,
                "nauc_recall_at_100_std": 0.402453,
                "nauc_recall_at_100_diff1": 0.105024,
                "nauc_recall_at_1000_max": 0.491244,
                "nauc_recall_at_1000_std": 0.652372,
                "nauc_recall_at_1000_diff1": -0.04325,
                "nauc_precision_at_1_max": 0.236943,
                "nauc_precision_at_1_std": 0.056583,
                "nauc_precision_at_1_diff1": 0.399445,
                "nauc_precision_at_3_max": 0.296858,
                "nauc_precision_at_3_std": 0.047594,
                "nauc_precision_at_3_diff1": 0.07006,
                "nauc_precision_at_5_max": 0.249861,
                "nauc_precision_at_5_std": 0.068596,
                "nauc_precision_at_5_diff1": 0.012708,
                "nauc_precision_at_10_max": 0.205661,
                "nauc_precision_at_10_std": 0.132082,
                "nauc_precision_at_10_diff1": 0.003594,
                "nauc_precision_at_20_max": 0.173697,
                "nauc_precision_at_20_std": 0.194728,
                "nauc_precision_at_20_diff1": -0.007822,
                "nauc_precision_at_100_max": 0.164118,
                "nauc_precision_at_100_std": 0.250697,
                "nauc_precision_at_100_diff1": -0.031616,
                "nauc_precision_at_1000_max": 0.12338,
                "nauc_precision_at_1000_std": 0.196806,
                "nauc_precision_at_1000_diff1": -0.044805,
                "nauc_mrr_at_1_max": 0.236943,
                "nauc_mrr_at_1_std": 0.056583,
                "nauc_mrr_at_1_diff1": 0.399445,
                "nauc_mrr_at_3_max": 0.316144,
                "nauc_mrr_at_3_std": 0.044463,
                "nauc_mrr_at_3_diff1": 0.350234,
                "nauc_mrr_at_5_max": 0.322892,
                "nauc_mrr_at_5_std": 0.056425,
                "nauc_mrr_at_5_diff1": 0.357342,
                "nauc_mrr_at_10_max": 0.320984,
                "nauc_mrr_at_10_std": 0.063971,
                "nauc_mrr_at_10_diff1": 0.360553,
                "nauc_mrr_at_20_max": 0.318563,
                "nauc_mrr_at_20_std": 0.064809,
                "nauc_mrr_at_20_diff1": 0.360924,
                "nauc_mrr_at_100_max": 0.317648,
                "nauc_mrr_at_100_std": 0.063699,
                "nauc_mrr_at_100_diff1": 0.36157,
                "nauc_mrr_at_1000_max": 0.317403,
                "nauc_mrr_at_1000_std": 0.063463,
                "nauc_mrr_at_1000_diff1": 0.361468,
                "cv_recall_at_1": 0.53086,
                "cv_recall_at_3": 0.83157,
                "cv_recall_at_5": 0.89859,
                "cv_recall_at_10": 0.94092,
                "cv_recall_at_20": 0.96649,
                "cv_recall_at_100": 0.98236,
                "cv_recall_at_1000": 0.99824,
                "main_score": 0.6363,
                "hf_subset": "default",
                "languages": [
                    "slk-Latn"
                ]
            }
        ]
    },
    "evaluation_time": 46.572712898254395,
    "kg_co2_emissions": null
}
