{
    "dataset_revision": "faf73c5217c37e8a9ba297b8e29b25d1ccdeccae",
    "task_name": "SlovakPharmacyDrMaxReranking",
    "mteb_version": "1.39.7",
    "scores": {
        "test": [
            {
                "ndcg_at_1": 0.88494,
                "ndcg_at_3": 0.94439,
                "ndcg_at_5": 0.95103,
                "ndcg_at_10": 0.95103,
                "ndcg_at_20": 0.95103,
                "ndcg_at_100": 0.95103,
                "ndcg_at_1000": 0.95103,
                "map_at_1": 0.88494,
                "map_at_3": 0.93053,
                "map_at_5": 0.93429,
                "map_at_10": 0.93429,
                "map_at_20": 0.93429,
                "map_at_100": 0.93429,
                "map_at_1000": 0.93429,
                "recall_at_1": 0.88494,
                "recall_at_3": 0.98417,
                "recall_at_5": 1.0,
                "recall_at_10": 1.0,
                "recall_at_20": 1.0,
                "recall_at_100": 1.0,
                "recall_at_1000": 1.0,
                "accuracy": 0.88494,
                "precision_at_1": 0.88494,
                "precision_at_3": 0.32806,
                "precision_at_5": 0.2,
                "precision_at_10": 0.1,
                "precision_at_20": 0.05,
                "precision_at_100": 0.01,
                "precision_at_1000": 0.001,
                "mrr_at_1": 0.884944,
                "mrr_at_3": 0.930532,
                "mrr_at_5": 0.934285,
                "mrr_at_10": 0.934285,
                "mrr_at_20": 0.934285,
                "mrr_at_100": 0.934285,
                "mrr_at_1000": 0.934285,
                "nauc_ndcg_at_1_max": 0.754339,
                "nauc_ndcg_at_1_std": 0.639096,
                "nauc_ndcg_at_1_diff1": 0.871658,
                "nauc_ndcg_at_3_max": 0.779767,
                "nauc_ndcg_at_3_std": 0.672489,
                "nauc_ndcg_at_3_diff1": 0.869072,
                "nauc_ndcg_at_5_max": 0.765857,
                "nauc_ndcg_at_5_std": 0.659058,
                "nauc_ndcg_at_5_diff1": 0.869177,
                "nauc_ndcg_at_10_max": 0.765857,
                "nauc_ndcg_at_10_std": 0.659058,
                "nauc_ndcg_at_10_diff1": 0.869177,
                "nauc_ndcg_at_20_max": 0.765857,
                "nauc_ndcg_at_20_std": 0.659058,
                "nauc_ndcg_at_20_diff1": 0.869177,
                "nauc_ndcg_at_100_max": 0.765857,
                "nauc_ndcg_at_100_std": 0.659058,
                "nauc_ndcg_at_100_diff1": 0.869177,
                "nauc_ndcg_at_1000_max": 0.765857,
                "nauc_ndcg_at_1000_std": 0.659058,
                "nauc_ndcg_at_1000_diff1": 0.869177,
                "nauc_map_at_1_max": 0.754339,
                "nauc_map_at_1_std": 0.639096,
                "nauc_map_at_1_diff1": 0.871658,
                "nauc_map_at_3_max": 0.771416,
                "nauc_map_at_3_std": 0.663686,
                "nauc_map_at_3_diff1": 0.869182,
                "nauc_map_at_5_max": 0.765069,
                "nauc_map_at_5_std": 0.657767,
                "nauc_map_at_5_diff1": 0.869293,
                "nauc_map_at_10_max": 0.765069,
                "nauc_map_at_10_std": 0.657767,
                "nauc_map_at_10_diff1": 0.869293,
                "nauc_map_at_20_max": 0.765069,
                "nauc_map_at_20_std": 0.657767,
                "nauc_map_at_20_diff1": 0.869293,
                "nauc_map_at_100_max": 0.765069,
                "nauc_map_at_100_std": 0.657767,
                "nauc_map_at_100_diff1": 0.869293,
                "nauc_map_at_1000_max": 0.765069,
                "nauc_map_at_1000_std": 0.657767,
                "nauc_map_at_1000_diff1": 0.869293,
                "nauc_recall_at_1_max": 0.754339,
                "nauc_recall_at_1_std": 0.639096,
                "nauc_recall_at_1_diff1": 0.871658,
                "nauc_recall_at_3_max": 0.880893,
                "nauc_recall_at_3_std": 0.774399,
                "nauc_recall_at_3_diff1": 0.869346,
                "nauc_recall_at_5_max": NaN,
                "nauc_recall_at_5_std": NaN,
                "nauc_recall_at_5_diff1": NaN,
                "nauc_recall_at_10_max": NaN,
                "nauc_recall_at_10_std": NaN,
                "nauc_recall_at_10_diff1": NaN,
                "nauc_recall_at_20_max": NaN,
                "nauc_recall_at_20_std": NaN,
                "nauc_recall_at_20_diff1": NaN,
                "nauc_recall_at_100_max": NaN,
                "nauc_recall_at_100_std": NaN,
                "nauc_recall_at_100_diff1": NaN,
                "nauc_recall_at_1000_max": NaN,
                "nauc_recall_at_1000_std": NaN,
                "nauc_recall_at_1000_diff1": NaN,
                "nauc_precision_at_1_max": 0.754339,
                "nauc_precision_at_1_std": 0.639096,
                "nauc_precision_at_1_diff1": 0.871658,
                "nauc_precision_at_3_max": 0.880893,
                "nauc_precision_at_3_std": 0.774399,
                "nauc_precision_at_3_diff1": 0.869346,
                "nauc_precision_at_5_max": 1.0,
                "nauc_precision_at_5_std": 1.0,
                "nauc_precision_at_5_diff1": 1.0,
                "nauc_precision_at_10_max": 1.0,
                "nauc_precision_at_10_std": 1.0,
                "nauc_precision_at_10_diff1": 1.0,
                "nauc_precision_at_20_max": 1.0,
                "nauc_precision_at_20_std": 1.0,
                "nauc_precision_at_20_diff1": 1.0,
                "nauc_precision_at_100_max": 1.0,
                "nauc_precision_at_100_std": 1.0,
                "nauc_precision_at_100_diff1": 1.0,
                "nauc_precision_at_1000_max": 1.0,
                "nauc_precision_at_1000_std": 1.0,
                "nauc_precision_at_1000_diff1": 1.0,
                "nauc_mrr_at_1_max": 0.754339,
                "nauc_mrr_at_1_std": 0.639096,
                "nauc_mrr_at_1_diff1": 0.871658,
                "nauc_mrr_at_3_max": 0.771416,
                "nauc_mrr_at_3_std": 0.663686,
                "nauc_mrr_at_3_diff1": 0.869182,
                "nauc_mrr_at_5_max": 0.765069,
                "nauc_mrr_at_5_std": 0.657767,
                "nauc_mrr_at_5_diff1": 0.869293,
                "nauc_mrr_at_10_max": 0.765069,
                "nauc_mrr_at_10_std": 0.657767,
                "nauc_mrr_at_10_diff1": 0.869293,
                "nauc_mrr_at_20_max": 0.765069,
                "nauc_mrr_at_20_std": 0.657767,
                "nauc_mrr_at_20_diff1": 0.869293,
                "nauc_mrr_at_100_max": 0.765069,
                "nauc_mrr_at_100_std": 0.657767,
                "nauc_mrr_at_100_diff1": 0.869293,
                "nauc_mrr_at_1000_max": 0.765069,
                "nauc_mrr_at_1000_std": 0.657767,
                "nauc_mrr_at_1000_diff1": 0.869293,
                "cv_recall_at_1": 0.88494,
                "cv_recall_at_3": 0.98417,
                "cv_recall_at_5": 1.0,
                "cv_recall_at_10": 1.0,
                "cv_recall_at_20": 1.0,
                "cv_recall_at_100": 1.0,
                "cv_recall_at_1000": 1.0,
                "main_score": 0.93429,
                "hf_subset": "default",
                "languages": [
                    "slk-Latn"
                ]
            }
        ]
    },
    "evaluation_time": 123.51722431182861,
    "kg_co2_emissions": null
}
