{
    "dataset_revision": "962818770efbb0395130a3abb04dcae3b4ef7c30",
    "task_name": "SlovakPharmacyMojaLekarenReranking",
    "mteb_version": "1.39.7",
    "scores": {
        "test": [
            {
                "ndcg_at_1": 0.93089,
                "ndcg_at_3": 0.96962,
                "ndcg_at_5": 0.97137,
                "ndcg_at_10": 0.97137,
                "ndcg_at_20": 0.97137,
                "ndcg_at_100": 0.97137,
                "ndcg_at_1000": 0.97137,
                "map_at_1": 0.93089,
                "map_at_3": 0.96048,
                "map_at_5": 0.9615,
                "map_at_10": 0.9615,
                "map_at_20": 0.9615,
                "map_at_100": 0.9615,
                "map_at_1000": 0.9615,
                "recall_at_1": 0.93089,
                "recall_at_3": 0.99593,
                "recall_at_5": 1.0,
                "recall_at_10": 1.0,
                "recall_at_20": 1.0,
                "recall_at_100": 1.0,
                "recall_at_1000": 1.0,
                "accuracy": 0.93089,
                "precision_at_1": 0.93089,
                "precision_at_3": 0.33198,
                "precision_at_5": 0.2,
                "precision_at_10": 0.1,
                "precision_at_20": 0.05,
                "precision_at_100": 0.01,
                "precision_at_1000": 0.001,
                "mrr_at_1": 0.930894,
                "mrr_at_3": 0.960479,
                "mrr_at_5": 0.961495,
                "mrr_at_10": 0.961495,
                "mrr_at_20": 0.961495,
                "mrr_at_100": 0.961495,
                "mrr_at_1000": 0.961495,
                "nauc_ndcg_at_1_max": 0.580939,
                "nauc_ndcg_at_1_std": 0.469174,
                "nauc_ndcg_at_1_diff1": 0.955771,
                "nauc_ndcg_at_3_max": 0.614968,
                "nauc_ndcg_at_3_std": 0.512128,
                "nauc_ndcg_at_3_diff1": 0.955035,
                "nauc_ndcg_at_5_max": 0.597085,
                "nauc_ndcg_at_5_std": 0.484955,
                "nauc_ndcg_at_5_diff1": 0.952285,
                "nauc_ndcg_at_10_max": 0.597085,
                "nauc_ndcg_at_10_std": 0.484955,
                "nauc_ndcg_at_10_diff1": 0.952285,
                "nauc_ndcg_at_20_max": 0.597085,
                "nauc_ndcg_at_20_std": 0.484955,
                "nauc_ndcg_at_20_diff1": 0.952285,
                "nauc_ndcg_at_100_max": 0.597085,
                "nauc_ndcg_at_100_std": 0.484955,
                "nauc_ndcg_at_100_diff1": 0.952285,
                "nauc_ndcg_at_1000_max": 0.597085,
                "nauc_ndcg_at_1000_std": 0.484955,
                "nauc_ndcg_at_1000_diff1": 0.952285,
                "nauc_map_at_1_max": 0.580939,
                "nauc_map_at_1_std": 0.469174,
                "nauc_map_at_1_diff1": 0.955771,
                "nauc_map_at_3_max": 0.604055,
                "nauc_map_at_3_std": 0.496007,
                "nauc_map_at_3_diff1": 0.953672,
                "nauc_map_at_5_max": 0.596049,
                "nauc_map_at_5_std": 0.483856,
                "nauc_map_at_5_diff1": 0.952449,
                "nauc_map_at_10_max": 0.596049,
                "nauc_map_at_10_std": 0.483856,
                "nauc_map_at_10_diff1": 0.952449,
                "nauc_map_at_20_max": 0.596049,
                "nauc_map_at_20_std": 0.483856,
                "nauc_map_at_20_diff1": 0.952449,
                "nauc_map_at_100_max": 0.596049,
                "nauc_map_at_100_std": 0.483856,
                "nauc_map_at_100_diff1": 0.952449,
                "nauc_map_at_1000_max": 0.596049,
                "nauc_map_at_1000_std": 0.483856,
                "nauc_map_at_1000_diff1": 0.952449,
                "nauc_recall_at_1_max": 0.580939,
                "nauc_recall_at_1_std": 0.469174,
                "nauc_recall_at_1_diff1": 0.955771,
                "nauc_recall_at_3_max": 0.907361,
                "nauc_recall_at_3_std": 0.956414,
                "nauc_recall_at_3_diff1": 1.0,
                "nauc_recall_at_5_max": NaN,
                "nauc_recall_at_5_std": NaN,
                "nauc_recall_at_5_diff1": NaN,
                "nauc_recall_at_10_max": NaN,
                "nauc_recall_at_10_std": NaN,
                "nauc_recall_at_10_diff1": NaN,
                "nauc_recall_at_20_max": NaN,
                "nauc_recall_at_20_std": NaN,
                "nauc_recall_at_20_diff1": NaN,
                "nauc_recall_at_100_max": NaN,
                "nauc_recall_at_100_std": NaN,
                "nauc_recall_at_100_diff1": NaN,
                "nauc_recall_at_1000_max": NaN,
                "nauc_recall_at_1000_std": NaN,
                "nauc_recall_at_1000_diff1": NaN,
                "nauc_precision_at_1_max": 0.580939,
                "nauc_precision_at_1_std": 0.469174,
                "nauc_precision_at_1_diff1": 0.955771,
                "nauc_precision_at_3_max": 0.907361,
                "nauc_precision_at_3_std": 0.956414,
                "nauc_precision_at_3_diff1": 1.0,
                "nauc_precision_at_5_max": NaN,
                "nauc_precision_at_5_std": NaN,
                "nauc_precision_at_5_diff1": NaN,
                "nauc_precision_at_10_max": NaN,
                "nauc_precision_at_10_std": NaN,
                "nauc_precision_at_10_diff1": NaN,
                "nauc_precision_at_20_max": NaN,
                "nauc_precision_at_20_std": NaN,
                "nauc_precision_at_20_diff1": NaN,
                "nauc_precision_at_100_max": NaN,
                "nauc_precision_at_100_std": NaN,
                "nauc_precision_at_100_diff1": NaN,
                "nauc_precision_at_1000_max": 1.0,
                "nauc_precision_at_1000_std": 1.0,
                "nauc_precision_at_1000_diff1": 1.0,
                "nauc_mrr_at_1_max": 0.580939,
                "nauc_mrr_at_1_std": 0.469174,
                "nauc_mrr_at_1_diff1": 0.955771,
                "nauc_mrr_at_3_max": 0.604055,
                "nauc_mrr_at_3_std": 0.496007,
                "nauc_mrr_at_3_diff1": 0.953672,
                "nauc_mrr_at_5_max": 0.596049,
                "nauc_mrr_at_5_std": 0.483856,
                "nauc_mrr_at_5_diff1": 0.952449,
                "nauc_mrr_at_10_max": 0.596049,
                "nauc_mrr_at_10_std": 0.483856,
                "nauc_mrr_at_10_diff1": 0.952449,
                "nauc_mrr_at_20_max": 0.596049,
                "nauc_mrr_at_20_std": 0.483856,
                "nauc_mrr_at_20_diff1": 0.952449,
                "nauc_mrr_at_100_max": 0.596049,
                "nauc_mrr_at_100_std": 0.483856,
                "nauc_mrr_at_100_diff1": 0.952449,
                "nauc_mrr_at_1000_max": 0.596049,
                "nauc_mrr_at_1000_std": 0.483856,
                "nauc_mrr_at_1000_diff1": 0.952449,
                "cv_recall_at_1": 0.93089,
                "cv_recall_at_3": 0.99593,
                "cv_recall_at_5": 1.0,
                "cv_recall_at_10": 1.0,
                "cv_recall_at_20": 1.0,
                "cv_recall_at_100": 1.0,
                "cv_recall_at_1000": 1.0,
                "main_score": 0.9615,
                "hf_subset": "default",
                "languages": [
                    "slk-Latn"
                ]
            }
        ]
    },
    "evaluation_time": 22.690834999084473,
    "kg_co2_emissions": null
}
