{
    "dataset_revision": "85d6b32f2762313714618171b9d1a65eb7408835",
    "task_name": "SlovakSumRetrieval",
    "mteb_version": "1.39.7",
    "scores": {
        "test": [
            {
                "ndcg_at_1": 0.87333,
                "ndcg_at_3": 0.9168,
                "ndcg_at_5": 0.92233,
                "ndcg_at_10": 0.92519,
                "ndcg_at_20": 0.92782,
                "ndcg_at_100": 0.93117,
                "ndcg_at_1000": 0.93197,
                "map_at_1": 0.87333,
                "map_at_3": 0.90694,
                "map_at_5": 0.91003,
                "map_at_10": 0.91131,
                "map_at_20": 0.91208,
                "map_at_100": 0.91265,
                "map_at_1000": 0.91267,
                "recall_at_1": 0.87333,
                "recall_at_3": 0.945,
                "recall_at_5": 0.95833,
                "recall_at_10": 0.96667,
                "recall_at_20": 0.97667,
                "recall_at_100": 0.99333,
                "recall_at_1000": 1.0,
                "accuracy": 0.87333,
                "precision_at_1": 0.87333,
                "precision_at_3": 0.315,
                "precision_at_5": 0.19167,
                "precision_at_10": 0.09667,
                "precision_at_20": 0.04883,
                "precision_at_100": 0.00993,
                "precision_at_1000": 0.001,
                "mrr_at_1": 0.873333,
                "mrr_at_3": 0.906944,
                "mrr_at_5": 0.910028,
                "mrr_at_10": 0.911308,
                "mrr_at_20": 0.912084,
                "mrr_at_100": 0.91265,
                "mrr_at_1000": 0.912673,
                "nauc_ndcg_at_1_max": 0.828838,
                "nauc_ndcg_at_1_std": 0.045316,
                "nauc_ndcg_at_1_diff1": 0.935412,
                "nauc_ndcg_at_3_max": 0.876414,
                "nauc_ndcg_at_3_std": 0.147013,
                "nauc_ndcg_at_3_diff1": 0.932199,
                "nauc_ndcg_at_5_max": 0.877572,
                "nauc_ndcg_at_5_std": 0.163978,
                "nauc_ndcg_at_5_diff1": 0.929753,
                "nauc_ndcg_at_10_max": 0.874905,
                "nauc_ndcg_at_10_std": 0.156232,
                "nauc_ndcg_at_10_diff1": 0.928006,
                "nauc_ndcg_at_20_max": 0.872605,
                "nauc_ndcg_at_20_std": 0.171362,
                "nauc_ndcg_at_20_diff1": 0.929679,
                "nauc_ndcg_at_100_max": 0.867547,
                "nauc_ndcg_at_100_std": 0.150438,
                "nauc_ndcg_at_100_diff1": 0.930154,
                "nauc_ndcg_at_1000_max": 0.86596,
                "nauc_ndcg_at_1000_std": 0.140257,
                "nauc_ndcg_at_1000_diff1": 0.93043,
                "nauc_map_at_1_max": 0.828838,
                "nauc_map_at_1_std": 0.045316,
                "nauc_map_at_1_diff1": 0.935412,
                "nauc_map_at_3_max": 0.863419,
                "nauc_map_at_3_std": 0.117147,
                "nauc_map_at_3_diff1": 0.932633,
                "nauc_map_at_5_max": 0.863529,
                "nauc_map_at_5_std": 0.123959,
                "nauc_map_at_5_diff1": 0.931514,
                "nauc_map_at_10_max": 0.862281,
                "nauc_map_at_10_std": 0.120069,
                "nauc_map_at_10_diff1": 0.930864,
                "nauc_map_at_20_max": 0.861533,
                "nauc_map_at_20_std": 0.124244,
                "nauc_map_at_20_diff1": 0.931242,
                "nauc_map_at_100_max": 0.860744,
                "nauc_map_at_100_std": 0.120863,
                "nauc_map_at_100_diff1": 0.931339,
                "nauc_map_at_1000_max": 0.860706,
                "nauc_map_at_1000_std": 0.120625,
                "nauc_map_at_1000_diff1": 0.931338,
                "nauc_recall_at_1_max": 0.828838,
                "nauc_recall_at_1_std": 0.045316,
                "nauc_recall_at_1_diff1": 0.935412,
                "nauc_recall_at_3_max": 0.936975,
                "nauc_recall_at_3_std": 0.287893,
                "nauc_recall_at_3_diff1": 0.930538,
                "nauc_recall_at_5_max": 0.961438,
                "nauc_recall_at_5_std": 0.411074,
                "nauc_recall_at_5_diff1": 0.918768,
                "nauc_recall_at_10_max": 0.965686,
                "nauc_recall_at_10_std": 0.427801,
                "nauc_recall_at_10_diff1": 0.904995,
                "nauc_recall_at_20_max": 0.980159,
                "nauc_recall_at_20_std": 0.696979,
                "nauc_recall_at_20_diff1": 0.915966,
                "nauc_recall_at_100_max": 1.0,
                "nauc_recall_at_100_std": 1.0,
                "nauc_recall_at_100_diff1": 0.901961,
                "nauc_recall_at_1000_max": NaN,
                "nauc_recall_at_1000_std": NaN,
                "nauc_recall_at_1000_diff1": NaN,
                "nauc_precision_at_1_max": 0.828838,
                "nauc_precision_at_1_std": 0.045316,
                "nauc_precision_at_1_diff1": 0.935412,
                "nauc_precision_at_3_max": 0.936975,
                "nauc_precision_at_3_std": 0.287893,
                "nauc_precision_at_3_diff1": 0.930538,
                "nauc_precision_at_5_max": 0.961438,
                "nauc_precision_at_5_std": 0.411074,
                "nauc_precision_at_5_diff1": 0.918768,
                "nauc_precision_at_10_max": 0.965686,
                "nauc_precision_at_10_std": 0.427801,
                "nauc_precision_at_10_diff1": 0.904995,
                "nauc_precision_at_20_max": 0.980159,
                "nauc_precision_at_20_std": 0.696979,
                "nauc_precision_at_20_diff1": 0.915966,
                "nauc_precision_at_100_max": 1.0,
                "nauc_precision_at_100_std": 1.0,
                "nauc_precision_at_100_diff1": 0.901961,
                "nauc_precision_at_1000_max": 1.0,
                "nauc_precision_at_1000_std": 1.0,
                "nauc_precision_at_1000_diff1": 1.0,
                "nauc_mrr_at_1_max": 0.828838,
                "nauc_mrr_at_1_std": 0.045316,
                "nauc_mrr_at_1_diff1": 0.935412,
                "nauc_mrr_at_3_max": 0.863419,
                "nauc_mrr_at_3_std": 0.117147,
                "nauc_mrr_at_3_diff1": 0.932633,
                "nauc_mrr_at_5_max": 0.863529,
                "nauc_mrr_at_5_std": 0.123959,
                "nauc_mrr_at_5_diff1": 0.931514,
                "nauc_mrr_at_10_max": 0.862281,
                "nauc_mrr_at_10_std": 0.120069,
                "nauc_mrr_at_10_diff1": 0.930864,
                "nauc_mrr_at_20_max": 0.861533,
                "nauc_mrr_at_20_std": 0.124244,
                "nauc_mrr_at_20_diff1": 0.931242,
                "nauc_mrr_at_100_max": 0.860744,
                "nauc_mrr_at_100_std": 0.120863,
                "nauc_mrr_at_100_diff1": 0.931339,
                "nauc_mrr_at_1000_max": 0.860706,
                "nauc_mrr_at_1000_std": 0.120625,
                "nauc_mrr_at_1000_diff1": 0.931338,
                "cv_recall_at_1": 0.87333,
                "cv_recall_at_3": 0.945,
                "cv_recall_at_5": 0.95833,
                "cv_recall_at_10": 0.96667,
                "cv_recall_at_20": 0.97667,
                "cv_recall_at_100": 0.99333,
                "cv_recall_at_1000": 1.0,
                "main_score": 0.92519,
                "hf_subset": "default",
                "languages": [
                    "slk-Latn"
                ]
            }
        ]
    },
    "evaluation_time": 5.667526483535767,
    "kg_co2_emissions": null
}
