{
    "dataset_revision": "09f81f51dd5b8497da16d02c69c98d5cb5993ef2",
    "task_name": "SKQuadRetrieval",
    "mteb_version": "1.39.7",
    "scores": {
        "test": [
            {
                "ndcg_at_1": 0.55996,
                "ndcg_at_3": 0.60264,
                "ndcg_at_5": 0.62805,
                "ndcg_at_10": 0.65286,
                "ndcg_at_20": 0.67491,
                "ndcg_at_100": 0.69764,
                "ndcg_at_1000": 0.70575,
                "map_at_1": 0.38596,
                "map_at_3": 0.49501,
                "map_at_5": 0.51546,
                "map_at_10": 0.5312,
                "map_at_20": 0.5424,
                "map_at_100": 0.54919,
                "map_at_1000": 0.54982,
                "recall_at_1": 0.38596,
                "recall_at_3": 0.59178,
                "recall_at_5": 0.65317,
                "recall_at_10": 0.72336,
                "recall_at_20": 0.80445,
                "recall_at_100": 0.91843,
                "recall_at_1000": 0.98098,
                "precision_at_1": 0.57143,
                "precision_at_3": 0.30776,
                "precision_at_5": 0.2097,
                "precision_at_10": 0.11966,
                "precision_at_20": 0.06936,
                "precision_at_100": 0.0167,
                "precision_at_1000": 0.00181,
                "mrr_at_1": 0.571429,
                "mrr_at_3": 0.696355,
                "mrr_at_5": 0.709847,
                "mrr_at_10": 0.715993,
                "mrr_at_20": 0.718186,
                "mrr_at_100": 0.7186,
                "mrr_at_1000": 0.718659,
                "nauc_ndcg_at_1_max": 0.217471,
                "nauc_ndcg_at_1_std": -0.113206,
                "nauc_ndcg_at_1_diff1": 0.480959,
                "nauc_ndcg_at_3_max": 0.194947,
                "nauc_ndcg_at_3_std": -0.169503,
                "nauc_ndcg_at_3_diff1": 0.34964,
                "nauc_ndcg_at_5_max": 0.192787,
                "nauc_ndcg_at_5_std": -0.153223,
                "nauc_ndcg_at_5_diff1": 0.344574,
                "nauc_ndcg_at_10_max": 0.203062,
                "nauc_ndcg_at_10_std": -0.114927,
                "nauc_ndcg_at_10_diff1": 0.334312,
                "nauc_ndcg_at_20_max": 0.206694,
                "nauc_ndcg_at_20_std": -0.097593,
                "nauc_ndcg_at_20_diff1": 0.335472,
                "nauc_ndcg_at_100_max": 0.229592,
                "nauc_ndcg_at_100_std": -0.075018,
                "nauc_ndcg_at_100_diff1": 0.350444,
                "nauc_ndcg_at_1000_max": 0.225713,
                "nauc_ndcg_at_1000_std": -0.094306,
                "nauc_ndcg_at_1000_diff1": 0.359545,
                "nauc_map_at_1_max": 0.098963,
                "nauc_map_at_1_std": -0.137694,
                "nauc_map_at_1_diff1": 0.388629,
                "nauc_map_at_3_max": 0.122367,
                "nauc_map_at_3_std": -0.16092,
                "nauc_map_at_3_diff1": 0.319818,
                "nauc_map_at_5_max": 0.12353,
                "nauc_map_at_5_std": -0.154587,
                "nauc_map_at_5_diff1": 0.314162,
                "nauc_map_at_10_max": 0.132457,
                "nauc_map_at_10_std": -0.139152,
                "nauc_map_at_10_diff1": 0.308432,
                "nauc_map_at_20_max": 0.138741,
                "nauc_map_at_20_std": -0.130412,
                "nauc_map_at_20_diff1": 0.308454,
                "nauc_map_at_100_max": 0.144776,
                "nauc_map_at_100_std": -0.123938,
                "nauc_map_at_100_diff1": 0.312414,
                "nauc_map_at_1000_max": 0.144618,
                "nauc_map_at_1000_std": -0.124755,
                "nauc_map_at_1000_diff1": 0.312783,
                "nauc_recall_at_1_max": 0.098963,
                "nauc_recall_at_1_std": -0.137694,
                "nauc_recall_at_1_diff1": 0.388629,
                "nauc_recall_at_3_max": 0.113494,
                "nauc_recall_at_3_std": -0.170128,
                "nauc_recall_at_3_diff1": 0.211409,
                "nauc_recall_at_5_max": 0.092668,
                "nauc_recall_at_5_std": -0.134769,
                "nauc_recall_at_5_diff1": 0.165311,
                "nauc_recall_at_10_max": 0.095184,
                "nauc_recall_at_10_std": -0.029505,
                "nauc_recall_at_10_diff1": 0.102507,
                "nauc_recall_at_20_max": 0.099256,
                "nauc_recall_at_20_std": 0.078089,
                "nauc_recall_at_20_diff1": 0.040978,
                "nauc_recall_at_100_max": 0.334122,
                "nauc_recall_at_100_std": 0.51512,
                "nauc_recall_at_100_diff1": 0.01879,
                "nauc_recall_at_1000_max": 0.590595,
                "nauc_recall_at_1000_std": 0.746632,
                "nauc_recall_at_1000_diff1": 0.124141,
                "nauc_precision_at_1_max": 0.222367,
                "nauc_precision_at_1_std": -0.114798,
                "nauc_precision_at_1_diff1": 0.474095,
                "nauc_precision_at_3_max": 0.281907,
                "nauc_precision_at_3_std": -0.086704,
                "nauc_precision_at_3_diff1": 0.136486,
                "nauc_precision_at_5_max": 0.228841,
                "nauc_precision_at_5_std": -0.003158,
                "nauc_precision_at_5_diff1": 0.029097,
                "nauc_precision_at_10_max": 0.212178,
                "nauc_precision_at_10_std": 0.1192,
                "nauc_precision_at_10_diff1": -0.060794,
                "nauc_precision_at_20_max": 0.182224,
                "nauc_precision_at_20_std": 0.185626,
                "nauc_precision_at_20_diff1": -0.097052,
                "nauc_precision_at_100_max": 0.190494,
                "nauc_precision_at_100_std": 0.246509,
                "nauc_precision_at_100_diff1": -0.099842,
                "nauc_precision_at_1000_max": 0.142947,
                "nauc_precision_at_1000_std": 0.169222,
                "nauc_precision_at_1000_diff1": -0.099407,
                "nauc_mrr_at_1_max": 0.222367,
                "nauc_mrr_at_1_std": -0.114798,
                "nauc_mrr_at_1_diff1": 0.474095,
                "nauc_mrr_at_3_max": 0.296201,
                "nauc_mrr_at_3_std": -0.152915,
                "nauc_mrr_at_3_diff1": 0.444387,
                "nauc_mrr_at_5_max": 0.297698,
                "nauc_mrr_at_5_std": -0.138582,
                "nauc_mrr_at_5_diff1": 0.444913,
                "nauc_mrr_at_10_max": 0.298319,
                "nauc_mrr_at_10_std": -0.127104,
                "nauc_mrr_at_10_diff1": 0.445132,
                "nauc_mrr_at_20_max": 0.296166,
                "nauc_mrr_at_20_std": -0.126091,
                "nauc_mrr_at_20_diff1": 0.445278,
                "nauc_mrr_at_100_max": 0.295151,
                "nauc_mrr_at_100_std": -0.126303,
                "nauc_mrr_at_100_diff1": 0.445495,
                "nauc_mrr_at_1000_max": 0.294982,
                "nauc_mrr_at_1000_std": -0.126561,
                "nauc_mrr_at_1000_diff1": 0.445614,
                "main_score": 0.65286,
                "hf_subset": "default",
                "languages": [
                    "slk-Latn"
                ]
            }
        ]
    },
    "evaluation_time": 48.64467453956604,
    "kg_co2_emissions": null
}
