{
    "dataset_revision": "79914f425b59d8b9fabb6d38c37f6d81f9723f46",
    "task_name": "SlovakNLI",
    "mteb_version": "1.39.7",
    "scores": {
        "test": [
            {
                "similarity_accuracy": 0.649215,
                "similarity_accuracy_threshold": 0.736672,
                "similarity_f1": 0.715385,
                "similarity_f1_threshold": 0.679916,
                "similarity_precision": 0.588608,
                "similarity_recall": 0.911765,
                "similarity_ap": 0.733838,
                "cosine_accuracy": 0.649215,
                "cosine_accuracy_threshold": 0.736672,
                "cosine_f1": 0.715385,
                "cosine_f1_threshold": 0.679916,
                "cosine_precision": 0.588608,
                "cosine_recall": 0.911765,
                "cosine_ap": 0.733838,
                "manhattan_accuracy": 0.649215,
                "manhattan_accuracy_threshold": 14.481734,
                "manhattan_f1": 0.71785,
                "manhattan_f1_threshold": 17.588558,
                "manhattan_precision": 0.589905,
                "manhattan_recall": 0.916667,
                "manhattan_ap": 0.733509,
                "euclidean_accuracy": 0.649215,
                "euclidean_accuracy_threshold": 0.72571,
                "euclidean_f1": 0.715385,
                "euclidean_f1_threshold": 0.800102,
                "euclidean_precision": 0.588608,
                "euclidean_recall": 0.911765,
                "euclidean_ap": 0.733838,
                "dot_accuracy": 0.649215,
                "dot_accuracy_threshold": 0.736672,
                "dot_f1": 0.715385,
                "dot_f1_threshold": 0.679916,
                "dot_precision": 0.588608,
                "dot_recall": 0.911765,
                "dot_ap": 0.733838,
                "max_accuracy": 0.649215,
                "max_f1": 0.71785,
                "max_precision": 0.589905,
                "max_recall": 0.916667,
                "max_ap": 0.733838,
                "main_score": 0.733838,
                "hf_subset": "default",
                "languages": [
                    "slk-Latn"
                ]
            }
        ]
    },
    "evaluation_time": 0.3354480266571045,
    "kg_co2_emissions": null
}
