{
    "dataset_revision": "85d6b32f2762313714618171b9d1a65eb7408835",
    "task_name": "SlovakSumRetrieval",
    "mteb_version": "1.39.7",
    "scores": {
        "test": [
            {
                "ndcg_at_1": 0.815,
                "ndcg_at_3": 0.85633,
                "ndcg_at_5": 0.86888,
                "ndcg_at_10": 0.87523,
                "ndcg_at_20": 0.88035,
                "ndcg_at_100": 0.88509,
                "ndcg_at_1000": 0.88772,
                "map_at_1": 0.815,
                "map_at_3": 0.84639,
                "map_at_5": 0.85347,
                "map_at_10": 0.85602,
                "map_at_20": 0.85745,
                "map_at_100": 0.85815,
                "map_at_1000": 0.85826,
                "recall_at_1": 0.815,
                "recall_at_3": 0.885,
                "recall_at_5": 0.915,
                "recall_at_10": 0.935,
                "recall_at_20": 0.955,
                "recall_at_100": 0.98,
                "recall_at_1000": 1.0,
                "precision_at_1": 0.815,
                "precision_at_3": 0.295,
                "precision_at_5": 0.183,
                "precision_at_10": 0.0935,
                "precision_at_20": 0.04775,
                "precision_at_100": 0.0098,
                "precision_at_1000": 0.001,
                "mrr_at_1": 0.815,
                "mrr_at_3": 0.846389,
                "mrr_at_5": 0.853472,
                "mrr_at_10": 0.856022,
                "mrr_at_20": 0.857454,
                "mrr_at_100": 0.858153,
                "mrr_at_1000": 0.858262,
                "nauc_ndcg_at_1_max": 0.787039,
                "nauc_ndcg_at_1_std": 0.002215,
                "nauc_ndcg_at_1_diff1": 0.922589,
                "nauc_ndcg_at_3_max": 0.828877,
                "nauc_ndcg_at_3_std": 0.075297,
                "nauc_ndcg_at_3_diff1": 0.917716,
                "nauc_ndcg_at_5_max": 0.827446,
                "nauc_ndcg_at_5_std": 0.083148,
                "nauc_ndcg_at_5_diff1": 0.907627,
                "nauc_ndcg_at_10_max": 0.830066,
                "nauc_ndcg_at_10_std": 0.1072,
                "nauc_ndcg_at_10_diff1": 0.909826,
                "nauc_ndcg_at_20_max": 0.827867,
                "nauc_ndcg_at_20_std": 0.100218,
                "nauc_ndcg_at_20_diff1": 0.911735,
                "nauc_ndcg_at_100_max": 0.824769,
                "nauc_ndcg_at_100_std": 0.091549,
                "nauc_ndcg_at_100_diff1": 0.911471,
                "nauc_ndcg_at_1000_max": 0.822617,
                "nauc_ndcg_at_1000_std": 0.08097,
                "nauc_ndcg_at_1000_diff1": 0.912992,
                "nauc_map_at_1_max": 0.787039,
                "nauc_map_at_1_std": 0.002215,
                "nauc_map_at_1_diff1": 0.922589,
                "nauc_map_at_3_max": 0.818745,
                "nauc_map_at_3_std": 0.054771,
                "nauc_map_at_3_diff1": 0.919203,
                "nauc_map_at_5_max": 0.817389,
                "nauc_map_at_5_std": 0.05764,
                "nauc_map_at_5_diff1": 0.913998,
                "nauc_map_at_10_max": 0.818298,
                "nauc_map_at_10_std": 0.066615,
                "nauc_map_at_10_diff1": 0.914781,
                "nauc_map_at_20_max": 0.817745,
                "nauc_map_at_20_std": 0.064833,
                "nauc_map_at_20_diff1": 0.915247,
                "nauc_map_at_100_max": 0.817334,
                "nauc_map_at_100_std": 0.063634,
                "nauc_map_at_100_diff1": 0.915224,
                "nauc_map_at_1000_max": 0.817281,
                "nauc_map_at_1000_std": 0.063328,
                "nauc_map_at_1000_diff1": 0.915272,
                "nauc_recall_at_1_max": 0.787039,
                "nauc_recall_at_1_std": 0.002215,
                "nauc_recall_at_1_diff1": 0.922589,
                "nauc_recall_at_3_max": 0.865816,
                "nauc_recall_at_3_std": 0.151916,
                "nauc_recall_at_3_diff1": 0.9121,
                "nauc_recall_at_5_max": 0.87395,
                "nauc_recall_at_5_std": 0.206139,
                "nauc_recall_at_5_diff1": 0.875414,
                "nauc_recall_at_10_max": 0.901422,
                "nauc_recall_at_10_std": 0.371663,
                "nauc_recall_at_10_diff1": 0.879516,
                "nauc_recall_at_20_max": 0.909223,
                "nauc_recall_at_20_std": 0.412906,
                "nauc_recall_at_20_diff1": 0.88588,
                "nauc_recall_at_100_max": 0.919662,
                "nauc_recall_at_100_std": 0.544507,
                "nauc_recall_at_100_diff1": 0.847106,
                "nauc_recall_at_1000_max": NaN,
                "nauc_recall_at_1000_std": NaN,
                "nauc_recall_at_1000_diff1": NaN,
                "nauc_precision_at_1_max": 0.787039,
                "nauc_precision_at_1_std": 0.002215,
                "nauc_precision_at_1_diff1": 0.922589,
                "nauc_precision_at_3_max": 0.865816,
                "nauc_precision_at_3_std": 0.151916,
                "nauc_precision_at_3_diff1": 0.9121,
                "nauc_precision_at_5_max": 0.87395,
                "nauc_precision_at_5_std": 0.206139,
                "nauc_precision_at_5_diff1": 0.875414,
                "nauc_precision_at_10_max": 0.901422,
                "nauc_precision_at_10_std": 0.371663,
                "nauc_precision_at_10_diff1": 0.879516,
                "nauc_precision_at_20_max": 0.909223,
                "nauc_precision_at_20_std": 0.412906,
                "nauc_precision_at_20_diff1": 0.88588,
                "nauc_precision_at_100_max": 0.919662,
                "nauc_precision_at_100_std": 0.544507,
                "nauc_precision_at_100_diff1": 0.847106,
                "nauc_precision_at_1000_max": 1.0,
                "nauc_precision_at_1000_std": 1.0,
                "nauc_precision_at_1000_diff1": 1.0,
                "nauc_mrr_at_1_max": 0.787039,
                "nauc_mrr_at_1_std": 0.002215,
                "nauc_mrr_at_1_diff1": 0.922589,
                "nauc_mrr_at_3_max": 0.818745,
                "nauc_mrr_at_3_std": 0.054771,
                "nauc_mrr_at_3_diff1": 0.919203,
                "nauc_mrr_at_5_max": 0.817389,
                "nauc_mrr_at_5_std": 0.05764,
                "nauc_mrr_at_5_diff1": 0.913998,
                "nauc_mrr_at_10_max": 0.818298,
                "nauc_mrr_at_10_std": 0.066615,
                "nauc_mrr_at_10_diff1": 0.914781,
                "nauc_mrr_at_20_max": 0.817745,
                "nauc_mrr_at_20_std": 0.064833,
                "nauc_mrr_at_20_diff1": 0.915247,
                "nauc_mrr_at_100_max": 0.817334,
                "nauc_mrr_at_100_std": 0.063634,
                "nauc_mrr_at_100_diff1": 0.915224,
                "nauc_mrr_at_1000_max": 0.817281,
                "nauc_mrr_at_1000_std": 0.063328,
                "nauc_mrr_at_1000_diff1": 0.915272,
                "main_score": 0.87523,
                "hf_subset": "default",
                "languages": [
                    "slk-Latn"
                ]
            }
        ]
    },
    "evaluation_time": 8.665525436401367,
    "kg_co2_emissions": null
}
