{
    "dataset_revision": "c3262adb1c32ac0c3ea8de6393a44366edaa62e1",
    "task_name": "WebFAQRetrieval",
    "mteb_version": "1.39.7",
    "scores": {
        "test": [
            {
                "ndcg_at_1": 0.64383,
                "ndcg_at_3": 0.72085,
                "ndcg_at_5": 0.73712,
                "ndcg_at_10": 0.75378,
                "ndcg_at_20": 0.76297,
                "ndcg_at_100": 0.77324,
                "ndcg_at_1000": 0.77779,
                "map_at_1": 0.64383,
                "map_at_3": 0.70245,
                "map_at_5": 0.71152,
                "map_at_10": 0.71848,
                "map_at_20": 0.72103,
                "map_at_100": 0.72246,
                "map_at_1000": 0.72263,
                "recall_at_1": 0.64383,
                "recall_at_3": 0.77387,
                "recall_at_5": 0.81319,
                "recall_at_10": 0.86426,
                "recall_at_20": 0.90041,
                "recall_at_100": 0.9556,
                "recall_at_1000": 0.99144,
                "precision_at_1": 0.64383,
                "precision_at_3": 0.25796,
                "precision_at_5": 0.16264,
                "precision_at_10": 0.08643,
                "precision_at_20": 0.04502,
                "precision_at_100": 0.00956,
                "precision_at_1000": 0.00099,
                "mrr_at_1": 0.644783,
                "mrr_at_3": 0.70314,
                "mrr_at_5": 0.712084,
                "mrr_at_10": 0.719169,
                "mrr_at_20": 0.72163,
                "mrr_at_100": 0.723101,
                "mrr_at_1000": 0.723271,
                "nauc_ndcg_at_1_max": 0.615011,
                "nauc_ndcg_at_1_std": 0.099925,
                "nauc_ndcg_at_1_diff1": 0.823948,
                "nauc_ndcg_at_3_max": 0.625148,
                "nauc_ndcg_at_3_std": 0.103442,
                "nauc_ndcg_at_3_diff1": 0.786979,
                "nauc_ndcg_at_5_max": 0.62068,
                "nauc_ndcg_at_5_std": 0.093973,
                "nauc_ndcg_at_5_diff1": 0.784743,
                "nauc_ndcg_at_10_max": 0.626321,
                "nauc_ndcg_at_10_std": 0.112936,
                "nauc_ndcg_at_10_diff1": 0.788669,
                "nauc_ndcg_at_20_max": 0.625213,
                "nauc_ndcg_at_20_std": 0.114949,
                "nauc_ndcg_at_20_diff1": 0.789397,
                "nauc_ndcg_at_100_max": 0.625364,
                "nauc_ndcg_at_100_std": 0.11606,
                "nauc_ndcg_at_100_diff1": 0.792635,
                "nauc_ndcg_at_1000_max": 0.625437,
                "nauc_ndcg_at_1000_std": 0.113806,
                "nauc_ndcg_at_1000_diff1": 0.793874,
                "nauc_map_at_1_max": 0.615011,
                "nauc_map_at_1_std": 0.099925,
                "nauc_map_at_1_diff1": 0.823948,
                "nauc_map_at_3_max": 0.623632,
                "nauc_map_at_3_std": 0.103042,
                "nauc_map_at_3_diff1": 0.79685,
                "nauc_map_at_5_max": 0.621417,
                "nauc_map_at_5_std": 0.098119,
                "nauc_map_at_5_diff1": 0.795872,
                "nauc_map_at_10_max": 0.623652,
                "nauc_map_at_10_std": 0.10551,
                "nauc_map_at_10_diff1": 0.797676,
                "nauc_map_at_20_max": 0.623421,
                "nauc_map_at_20_std": 0.106068,
                "nauc_map_at_20_diff1": 0.798053,
                "nauc_map_at_100_max": 0.623299,
                "nauc_map_at_100_std": 0.106,
                "nauc_map_at_100_diff1": 0.798451,
                "nauc_map_at_1000_max": 0.623286,
                "nauc_map_at_1000_std": 0.105894,
                "nauc_map_at_1000_diff1": 0.798484,
                "nauc_recall_at_1_max": 0.615011,
                "nauc_recall_at_1_std": 0.099925,
                "nauc_recall_at_1_diff1": 0.823948,
                "nauc_recall_at_3_max": 0.629866,
                "nauc_recall_at_3_std": 0.104568,
                "nauc_recall_at_3_diff1": 0.752198,
                "nauc_recall_at_5_max": 0.615826,
                "nauc_recall_at_5_std": 0.075067,
                "nauc_recall_at_5_diff1": 0.739733,
                "nauc_recall_at_10_max": 0.641211,
                "nauc_recall_at_10_std": 0.161294,
                "nauc_recall_at_10_diff1": 0.743485,
                "nauc_recall_at_20_max": 0.635829,
                "nauc_recall_at_20_std": 0.190456,
                "nauc_recall_at_20_diff1": 0.733035,
                "nauc_recall_at_100_max": 0.662476,
                "nauc_recall_at_100_std": 0.321619,
                "nauc_recall_at_100_diff1": 0.741362,
                "nauc_recall_at_1000_max": 0.848551,
                "nauc_recall_at_1000_std": 0.818287,
                "nauc_recall_at_1000_diff1": 0.75477,
                "nauc_precision_at_1_max": 0.615011,
                "nauc_precision_at_1_std": 0.099925,
                "nauc_precision_at_1_diff1": 0.823948,
                "nauc_precision_at_3_max": 0.629866,
                "nauc_precision_at_3_std": 0.104568,
                "nauc_precision_at_3_diff1": 0.752198,
                "nauc_precision_at_5_max": 0.615826,
                "nauc_precision_at_5_std": 0.075067,
                "nauc_precision_at_5_diff1": 0.739733,
                "nauc_precision_at_10_max": 0.641211,
                "nauc_precision_at_10_std": 0.161294,
                "nauc_precision_at_10_diff1": 0.743485,
                "nauc_precision_at_20_max": 0.635829,
                "nauc_precision_at_20_std": 0.190456,
                "nauc_precision_at_20_diff1": 0.733035,
                "nauc_precision_at_100_max": 0.662476,
                "nauc_precision_at_100_std": 0.321619,
                "nauc_precision_at_100_diff1": 0.741362,
                "nauc_precision_at_1000_max": 0.848551,
                "nauc_precision_at_1000_std": 0.818287,
                "nauc_precision_at_1000_diff1": 0.75477,
                "nauc_mrr_at_1_max": 0.614957,
                "nauc_mrr_at_1_std": 0.09948,
                "nauc_mrr_at_1_diff1": 0.822164,
                "nauc_mrr_at_3_max": 0.62368,
                "nauc_mrr_at_3_std": 0.101245,
                "nauc_mrr_at_3_diff1": 0.795468,
                "nauc_mrr_at_5_max": 0.621538,
                "nauc_mrr_at_5_std": 0.097113,
                "nauc_mrr_at_5_diff1": 0.794609,
                "nauc_mrr_at_10_max": 0.623628,
                "nauc_mrr_at_10_std": 0.104601,
                "nauc_mrr_at_10_diff1": 0.796224,
                "nauc_mrr_at_20_max": 0.623487,
                "nauc_mrr_at_20_std": 0.104872,
                "nauc_mrr_at_20_diff1": 0.796602,
                "nauc_mrr_at_100_max": 0.623357,
                "nauc_mrr_at_100_std": 0.105028,
                "nauc_mrr_at_100_diff1": 0.797043,
                "nauc_mrr_at_1000_max": 0.623343,
                "nauc_mrr_at_1000_std": 0.104921,
                "nauc_mrr_at_1000_diff1": 0.797075,
                "main_score": 0.75378,
                "hf_subset": "slk",
                "languages": [
                    "slk-Latn"
                ]
            }
        ]
    },
    "evaluation_time": 64.91634154319763,
    "kg_co2_emissions": null
}
