{
  "dataset_revision": "75b399394a9803252cfec289d103de462763db7c",
  "task_name": "BelebeleRetrieval",
  "mteb_version": "2.3.0",
  "scores": {
    "test": [
      {
        "ndcg_at_1": 0.84667,
        "ndcg_at_3": 0.88819,
        "ndcg_at_5": 0.89656,
        "ndcg_at_10": 0.9053,
        "ndcg_at_20": 0.90853,
        "ndcg_at_100": 0.9118,
        "ndcg_at_1000": 0.91269,
        "map_at_1": 0.84667,
        "map_at_3": 0.87796,
        "map_at_5": 0.88269,
        "map_at_10": 0.88637,
        "map_at_20": 0.88733,
        "map_at_100": 0.88785,
        "map_at_1000": 0.88789,
        "recall_at_1": 0.84667,
        "recall_at_3": 0.91778,
        "recall_at_5": 0.93778,
        "recall_at_10": 0.96444,
        "recall_at_20": 0.97667,
        "recall_at_100": 0.99333,
        "recall_at_1000": 1.0,
        "accuracy": 0.84667,
        "precision_at_1": 0.84667,
        "precision_at_3": 0.30593,
        "precision_at_5": 0.18756,
        "precision_at_10": 0.09644,
        "precision_at_20": 0.04883,
        "precision_at_100": 0.00993,
        "precision_at_1000": 0.001,
        "mrr_at_1": 0.846667,
        "mrr_at_3": 0.877963,
        "mrr_at_5": 0.882685,
        "mrr_at_10": 0.886369,
        "mrr_at_20": 0.887331,
        "mrr_at_100": 0.887851,
        "mrr_at_1000": 0.887891,
        "nauc_ndcg_at_1_max": 0.809662,
        "nauc_ndcg_at_1_std": 0.100593,
        "nauc_ndcg_at_1_diff1": 0.887782,
        "nauc_ndcg_at_3_max": 0.827391,
        "nauc_ndcg_at_3_std": 0.075323,
        "nauc_ndcg_at_3_diff1": 0.875138,
        "nauc_ndcg_at_5_max": 0.831496,
        "nauc_ndcg_at_5_std": 0.10594,
        "nauc_ndcg_at_5_diff1": 0.875624,
        "nauc_ndcg_at_10_max": 0.832732,
        "nauc_ndcg_at_10_std": 0.129826,
        "nauc_ndcg_at_10_diff1": 0.881593,
        "nauc_ndcg_at_20_max": 0.829859,
        "nauc_ndcg_at_20_std": 0.122099,
        "nauc_ndcg_at_20_diff1": 0.880042,
        "nauc_ndcg_at_100_max": 0.82799,
        "nauc_ndcg_at_100_std": 0.113783,
        "nauc_ndcg_at_100_diff1": 0.880839,
        "nauc_ndcg_at_1000_max": 0.826636,
        "nauc_ndcg_at_1000_std": 0.108709,
        "nauc_ndcg_at_1000_diff1": 0.879792,
        "nauc_map_at_1_max": 0.809662,
        "nauc_map_at_1_std": 0.100593,
        "nauc_map_at_1_diff1": 0.887782,
        "nauc_map_at_3_max": 0.822928,
        "nauc_map_at_3_std": 0.082443,
        "nauc_map_at_3_diff1": 0.877944,
        "nauc_map_at_5_max": 0.824901,
        "nauc_map_at_5_std": 0.097743,
        "nauc_map_at_5_diff1": 0.878331,
        "nauc_map_at_10_max": 0.824968,
        "nauc_map_at_10_std": 0.105368,
        "nauc_map_at_10_diff1": 0.88038,
        "nauc_map_at_20_max": 0.824207,
        "nauc_map_at_20_std": 0.103183,
        "nauc_map_at_20_diff1": 0.879986,
        "nauc_map_at_100_max": 0.823942,
        "nauc_map_at_100_std": 0.10226,
        "nauc_map_at_100_diff1": 0.880042,
        "nauc_map_at_1000_max": 0.823892,
        "nauc_map_at_1000_std": 0.10206,
        "nauc_map_at_1000_diff1": 0.880002,
        "nauc_recall_at_1_max": 0.809662,
        "nauc_recall_at_1_std": 0.100593,
        "nauc_recall_at_1_diff1": 0.887782,
        "nauc_recall_at_3_max": 0.845446,
        "nauc_recall_at_3_std": 0.045985,
        "nauc_recall_at_3_diff1": 0.864051,
        "nauc_recall_at_5_max": 0.86633,
        "nauc_recall_at_5_std": 0.157313,
        "nauc_recall_at_5_diff1": 0.862162,
        "nauc_recall_at_10_max": 0.904587,
        "nauc_recall_at_10_std": 0.392186,
        "nauc_recall_at_10_diff1": 0.901523,
        "nauc_recall_at_20_max": 0.900738,
        "nauc_recall_at_20_std": 0.421835,
        "nauc_recall_at_20_diff1": 0.889845,
        "nauc_recall_at_100_max": 0.956427,
        "nauc_recall_at_100_std": 0.584267,
        "nauc_recall_at_100_diff1": 0.978214,
        "nauc_recall_at_1000_max": NaN,
        "nauc_recall_at_1000_std": NaN,
        "nauc_recall_at_1000_diff1": NaN,
        "nauc_precision_at_1_max": 0.809662,
        "nauc_precision_at_1_std": 0.100593,
        "nauc_precision_at_1_diff1": 0.887782,
        "nauc_precision_at_3_max": 0.845446,
        "nauc_precision_at_3_std": 0.045985,
        "nauc_precision_at_3_diff1": 0.864051,
        "nauc_precision_at_5_max": 0.86633,
        "nauc_precision_at_5_std": 0.157313,
        "nauc_precision_at_5_diff1": 0.862162,
        "nauc_precision_at_10_max": 0.904587,
        "nauc_precision_at_10_std": 0.392186,
        "nauc_precision_at_10_diff1": 0.901523,
        "nauc_precision_at_20_max": 0.900738,
        "nauc_precision_at_20_std": 0.421835,
        "nauc_precision_at_20_diff1": 0.889845,
        "nauc_precision_at_100_max": 0.956427,
        "nauc_precision_at_100_std": 0.584267,
        "nauc_precision_at_100_diff1": 0.978214,
        "nauc_precision_at_1000_max": NaN,
        "nauc_precision_at_1000_std": NaN,
        "nauc_precision_at_1000_diff1": NaN,
        "nauc_mrr_at_1_max": 0.809662,
        "nauc_mrr_at_1_std": 0.100593,
        "nauc_mrr_at_1_diff1": 0.887782,
        "nauc_mrr_at_3_max": 0.822928,
        "nauc_mrr_at_3_std": 0.082443,
        "nauc_mrr_at_3_diff1": 0.877944,
        "nauc_mrr_at_5_max": 0.824901,
        "nauc_mrr_at_5_std": 0.097743,
        "nauc_mrr_at_5_diff1": 0.878331,
        "nauc_mrr_at_10_max": 0.824968,
        "nauc_mrr_at_10_std": 0.105368,
        "nauc_mrr_at_10_diff1": 0.88038,
        "nauc_mrr_at_20_max": 0.824207,
        "nauc_mrr_at_20_std": 0.103183,
        "nauc_mrr_at_20_diff1": 0.879986,
        "nauc_mrr_at_100_max": 0.823942,
        "nauc_mrr_at_100_std": 0.10226,
        "nauc_mrr_at_100_diff1": 0.880042,
        "nauc_mrr_at_1000_max": 0.823892,
        "nauc_mrr_at_1000_std": 0.10206,
        "nauc_mrr_at_1000_diff1": 0.880002,
        "cv_recall_at_1": 0.84667,
        "cv_recall_at_3": 0.91778,
        "cv_recall_at_5": 0.93778,
        "cv_recall_at_10": 0.96444,
        "cv_recall_at_20": 0.97667,
        "cv_recall_at_100": 0.99333,
        "cv_recall_at_1000": 1.0,
        "main_score": 0.9053,
        "hf_subset": "slk_Latn-slk_Latn",
        "languages": [
          "slk-Latn",
          "slk-Latn"
        ]
      },
      {
        "ndcg_at_1": 0.83889,
        "ndcg_at_3": 0.88309,
        "ndcg_at_5": 0.89452,
        "ndcg_at_10": 0.90424,
        "ndcg_at_20": 0.90818,
        "ndcg_at_100": 0.90994,
        "ndcg_at_1000": 0.91049,
        "map_at_1": 0.83889,
        "map_at_3": 0.87259,
        "map_at_5": 0.87893,
        "map_at_10": 0.88295,
        "map_at_20": 0.88404,
        "map_at_100": 0.88432,
        "map_at_1000": 0.88434,
        "recall_at_1": 0.83889,
        "recall_at_3": 0.91333,
        "recall_at_5": 0.94111,
        "recall_at_10": 0.97111,
        "recall_at_20": 0.98667,
        "recall_at_100": 0.99556,
        "recall_at_1000": 1.0,
        "accuracy": 0.83889,
        "precision_at_1": 0.83889,
        "precision_at_3": 0.30444,
        "precision_at_5": 0.18822,
        "precision_at_10": 0.09711,
        "precision_at_20": 0.04933,
        "precision_at_100": 0.00996,
        "precision_at_1000": 0.001,
        "mrr_at_1": 0.838889,
        "mrr_at_3": 0.872593,
        "mrr_at_5": 0.878926,
        "mrr_at_10": 0.882947,
        "mrr_at_20": 0.884037,
        "mrr_at_100": 0.884324,
        "mrr_at_1000": 0.884341,
        "nauc_ndcg_at_1_max": 0.714306,
        "nauc_ndcg_at_1_std": -0.081724,
        "nauc_ndcg_at_1_diff1": 0.860968,
        "nauc_ndcg_at_3_max": 0.718231,
        "nauc_ndcg_at_3_std": -0.137729,
        "nauc_ndcg_at_3_diff1": 0.823133,
        "nauc_ndcg_at_5_max": 0.731099,
        "nauc_ndcg_at_5_std": -0.103352,
        "nauc_ndcg_at_5_diff1": 0.833626,
        "nauc_ndcg_at_10_max": 0.723724,
        "nauc_ndcg_at_10_std": -0.106727,
        "nauc_ndcg_at_10_diff1": 0.832047,
        "nauc_ndcg_at_20_max": 0.72753,
        "nauc_ndcg_at_20_std": -0.092823,
        "nauc_ndcg_at_20_diff1": 0.835567,
        "nauc_ndcg_at_100_max": 0.725654,