{
  "dataset_revision": "09f81f51dd5b8497da16d02c69c98d5cb5993ef2",
  "task_name": "SKQuadRetrieval",
  "mteb_version": "2.3.0",
  "scores": {
    "test": [
      {
        "ndcg_at_1": 0.45485,
        "ndcg_at_3": 0.53323,
        "ndcg_at_5": 0.56874,
        "ndcg_at_10": 0.59617,
        "ndcg_at_20": 0.61795,
        "ndcg_at_100": 0.6443,
        "ndcg_at_1000": 0.65347,
        "map_at_1": 0.3145,
        "map_at_3": 0.42824,
        "map_at_5": 0.45399,
        "map_at_10": 0.47074,
        "map_at_20": 0.48139,
        "map_at_100": 0.48911,
        "map_at_1000": 0.48982,
        "recall_at_1": 0.3145,
        "recall_at_3": 0.54486,
        "recall_at_5": 0.62614,
        "recall_at_10": 0.70585,
        "recall_at_20": 0.78633,
        "recall_at_100": 0.91874,
        "recall_at_1000": 0.98711,
        "accuracy": 0.3145,
        "precision_at_1": 0.46737,
        "precision_at_3": 0.2863,
        "precision_at_5": 0.20265,
        "precision_at_10": 0.1179,
        "precision_at_20": 0.06799,
        "precision_at_100": 0.01679,
        "precision_at_1000": 0.00183,
        "mrr_at_1": 0.467372,
        "mrr_at_3": 0.611699,
        "mrr_at_5": 0.62938,
        "mrr_at_10": 0.637551,
        "mrr_at_20": 0.63956,
        "mrr_at_100": 0.640305,
        "mrr_at_1000": 0.640401,
        "nauc_ndcg_at_1_max": 0.06125,
        "nauc_ndcg_at_1_std": -0.058069,
        "nauc_ndcg_at_1_diff1": 0.305749,
        "nauc_ndcg_at_3_max": 0.158331,
        "nauc_ndcg_at_3_std": -0.067482,
        "nauc_ndcg_at_3_diff1": 0.192842,
        "nauc_ndcg_at_5_max": 0.155904,
        "nauc_ndcg_at_5_std": -0.07087,
        "nauc_ndcg_at_5_diff1": 0.184268,
        "nauc_ndcg_at_10_max": 0.165574,
        "nauc_ndcg_at_10_std": -0.05204,
        "nauc_ndcg_at_10_diff1": 0.191751,
        "nauc_ndcg_at_20_max": 0.169488,
        "nauc_ndcg_at_20_std": -0.0294,
        "nauc_ndcg_at_20_diff1": 0.201222,
        "nauc_ndcg_at_100_max": 0.179409,
        "nauc_ndcg_at_100_std": -0.011081,
        "nauc_ndcg_at_100_diff1": 0.213394,
        "nauc_ndcg_at_1000_max": 0.171526,
        "nauc_ndcg_at_1000_std": -0.025943,
        "nauc_ndcg_at_1000_diff1": 0.214032,
        "nauc_map_at_1_max": 0.017697,
        "nauc_map_at_1_std": -0.111167,
        "nauc_map_at_1_diff1": 0.230981,
        "nauc_map_at_3_max": 0.093658,
        "nauc_map_at_3_std": -0.104336,
        "nauc_map_at_3_diff1": 0.179874,
        "nauc_map_at_5_max": 0.090754,
        "nauc_map_at_5_std": -0.108223,
        "nauc_map_at_5_diff1": 0.174341,
        "nauc_map_at_10_max": 0.100613,
        "nauc_map_at_10_std": -0.098397,
        "nauc_map_at_10_diff1": 0.176632,
        "nauc_map_at_20_max": 0.105627,
        "nauc_map_at_20_std": -0.087532,
        "nauc_map_at_20_diff1": 0.178798,
        "nauc_map_at_100_max": 0.109844,
        "nauc_map_at_100_std": -0.080528,
        "nauc_map_at_100_diff1": 0.181552,
        "nauc_map_at_1000_max": 0.109492,
        "nauc_map_at_1000_std": -0.081228,
        "nauc_map_at_1000_diff1": 0.181524,
        "nauc_recall_at_1_max": 0.017697,
        "nauc_recall_at_1_std": -0.111167,
        "nauc_recall_at_1_diff1": 0.230981,
        "nauc_recall_at_3_max": 0.144909,
        "nauc_recall_at_3_std": -0.098687,
        "nauc_recall_at_3_diff1": 0.08893,
        "nauc_recall_at_5_max": 0.120408,
        "nauc_recall_at_5_std": -0.103645,
        "nauc_recall_at_5_diff1": 0.041672,
        "nauc_recall_at_10_max": 0.1322,
        "nauc_recall_at_10_std": -0.055674,
        "nauc_recall_at_10_diff1": 0.024576,
        "nauc_recall_at_20_max": 0.145843,
        "nauc_recall_at_20_std": 0.055288,
        "nauc_recall_at_20_diff1": 0.033226,
        "nauc_recall_at_100_max": 0.335518,
        "nauc_recall_at_100_std": 0.378981,
        "nauc_recall_at_100_diff1": 0.066205,
        "nauc_recall_at_1000_max": 0.512897,
        "nauc_recall_at_1000_std": 0.476673,
        "nauc_recall_at_1000_diff1": -0.062071,
        "nauc_precision_at_1_max": 0.065855,
        "nauc_precision_at_1_std": -0.04828,
        "nauc_precision_at_1_diff1": 0.297524,
        "nauc_precision_at_3_max": 0.318041,
        "nauc_precision_at_3_std": 0.053829,
        "nauc_precision_at_3_diff1": 0.097329,
        "nauc_precision_at_5_max": 0.263755,
        "nauc_precision_at_5_std": 0.075583,
        "nauc_precision_at_5_diff1": 0.023629,
        "nauc_precision_at_10_max": 0.262318,
        "nauc_precision_at_10_std": 0.152682,
        "nauc_precision_at_10_diff1": 0.005153,
        "nauc_precision_at_20_max": 0.233916,
        "nauc_precision_at_20_std": 0.232281,
        "nauc_precision_at_20_diff1": -0.000246,
        "nauc_precision_at_100_max": 0.214051,
        "nauc_precision_at_100_std": 0.286459,
        "nauc_precision_at_100_diff1": 0.010747,
        "nauc_precision_at_1000_max": 0.163902,
        "nauc_precision_at_1000_std": 0.22145,
        "nauc_precision_at_1000_diff1": -0.008246,
        "nauc_mrr_at_1_max": 0.065855,
        "nauc_mrr_at_1_std": -0.04828,
        "nauc_mrr_at_1_diff1": 0.297524,
        "nauc_mrr_at_3_max": 0.189319,
        "nauc_mrr_at_3_std": -0.028931,
        "nauc_mrr_at_3_diff1": 0.25836,
        "nauc_mrr_at_5_max": 0.190588,
        "nauc_mrr_at_5_std": -0.026197,
        "nauc_mrr_at_5_diff1": 0.262236,
        "nauc_mrr_at_10_max": 0.186753,
        "nauc_mrr_at_10_std": -0.021295,
        "nauc_mrr_at_10_diff1": 0.265181,
        "nauc_mrr_at_20_max": 0.184522,
        "nauc_mrr_at_20_std": -0.019791,
        "nauc_mrr_at_20_diff1": 0.266834,
        "nauc_mrr_at_100_max": 0.183225,
        "nauc_mrr_at_100_std": -0.020648,
        "nauc_mrr_at_100_diff1": 0.266918,
        "nauc_mrr_at_1000_max": 0.182957,
        "nauc_mrr_at_1000_std": -0.02091,
        "nauc_mrr_at_1000_diff1": 0.266921,
        "cv_recall_at_1": 0.46737,
        "cv_recall_at_3": 0.78748,
        "cv_recall_at_5": 0.8642,
        "cv_recall_at_10": 0.92416,
        "cv_recall_at_20": 0.9515,
        "cv_recall_at_100": 0.97884,
        "cv_recall_at_1000": 0.99647,
        "main_score": 0.59617,
        "hf_subset": "default",
        "languages": [
          "slk-Latn"
        ]
      }
    ]
  },
  "evaluation_time": 44.851945638656616,
  "kg_co2_emissions": null
}