{
  "dataset_revision": "3997eba1c60721e34f7b01db400f5b14a40218ea",
  "task_name": "SkQuadReranking",
  "mteb_version": "2.3.0",
  "scores": {
    "test": [
      {
        "ndcg_at_1": 0.52427,
        "ndcg_at_3": 0.6021,
        "ndcg_at_5": 0.66351,
        "ndcg_at_10": 0.72835,
        "ndcg_at_20": 0.73748,
        "ndcg_at_100": 0.73748,
        "ndcg_at_1000": 0.73748,
        "map_at_1": 0.39635,
        "map_at_3": 0.53473,
        "map_at_5": 0.57798,
        "map_at_10": 0.61728,
        "map_at_20": 0.62233,
        "map_at_100": 0.62233,
        "map_at_1000": 0.62233,
        "recall_at_1": 0.39635,
        "recall_at_3": 0.66868,
        "recall_at_5": 0.80203,
        "recall_at_10": 0.97347,
        "recall_at_20": 1.0,
        "recall_at_100": 1.0,
        "recall_at_1000": 1.0,
        "accuracy": 0.39635,
        "precision_at_1": 0.52427,
        "precision_at_3": 0.31068,
        "precision_at_5": 0.23019,
        "precision_at_10": 0.14731,
        "precision_at_20": 0.07643,
        "precision_at_100": 0.01529,
        "precision_at_1000": 0.00153,
        "mrr_at_1": 0.524272,
        "mrr_at_3": 0.661077,
        "mrr_at_5": 0.683936,
        "mrr_at_10": 0.693254,
        "mrr_at_20": 0.693575,
        "mrr_at_100": 0.693575,
        "mrr_at_1000": 0.693575,
        "nauc_ndcg_at_1_max": 0.113643,
        "nauc_ndcg_at_1_std": 0.141902,
        "nauc_ndcg_at_1_diff1": 0.339693,
        "nauc_ndcg_at_3_max": 0.075552,
        "nauc_ndcg_at_3_std": 0.175249,
        "nauc_ndcg_at_3_diff1": 0.222329,
        "nauc_ndcg_at_5_max": 0.076695,
        "nauc_ndcg_at_5_std": 0.179965,
        "nauc_ndcg_at_5_diff1": 0.244483,
        "nauc_ndcg_at_10_max": 0.10365,
        "nauc_ndcg_at_10_std": 0.18276,
        "nauc_ndcg_at_10_diff1": 0.259976,
        "nauc_ndcg_at_20_max": 0.110918,
        "nauc_ndcg_at_20_std": 0.1809,
        "nauc_ndcg_at_20_diff1": 0.267362,
        "nauc_ndcg_at_100_max": 0.110918,
        "nauc_ndcg_at_100_std": 0.1809,
        "nauc_ndcg_at_100_diff1": 0.267362,
        "nauc_ndcg_at_1000_max": 0.110918,
        "nauc_ndcg_at_1000_std": 0.1809,
        "nauc_ndcg_at_1000_diff1": 0.267362,
        "nauc_map_at_1_max": 0.063382,
        "nauc_map_at_1_std": 0.108483,
        "nauc_map_at_1_diff1": 0.296498,
        "nauc_map_at_3_max": 0.062252,
        "nauc_map_at_3_std": 0.152312,
        "nauc_map_at_3_diff1": 0.232916,
        "nauc_map_at_5_max": 0.067606,
        "nauc_map_at_5_std": 0.157589,
        "nauc_map_at_5_diff1": 0.246082,
        "nauc_map_at_10_max": 0.083208,
        "nauc_map_at_10_std": 0.163372,
        "nauc_map_at_10_diff1": 0.250819,
        "nauc_map_at_20_max": 0.086462,
        "nauc_map_at_20_std": 0.162686,
        "nauc_map_at_20_diff1": 0.253756,
        "nauc_map_at_100_max": 0.086462,
        "nauc_map_at_100_std": 0.162686,
        "nauc_map_at_100_diff1": 0.253756,
        "nauc_map_at_1000_max": 0.086462,
        "nauc_map_at_1000_std": 0.162686,
        "nauc_map_at_1000_diff1": 0.253756,
        "nauc_recall_at_1_max": 0.063382,
        "nauc_recall_at_1_std": 0.108483,
        "nauc_recall_at_1_diff1": 0.296498,
        "nauc_recall_at_3_max": 0.030847,
        "nauc_recall_at_3_std": 0.176901,
        "nauc_recall_at_3_diff1": 0.12475,
        "nauc_recall_at_5_max": -0.001839,
        "nauc_recall_at_5_std": 0.17155,
        "nauc_recall_at_5_diff1": 0.130006,
        "nauc_recall_at_10_max": -0.055021,
        "nauc_recall_at_10_std": 0.169165,
        "nauc_recall_at_10_diff1": 0.032128,
        "nauc_recall_at_20_max": NaN,
        "nauc_recall_at_20_std": NaN,
        "nauc_recall_at_20_diff1": NaN,
        "nauc_recall_at_100_max": NaN,
        "nauc_recall_at_100_std": NaN,
        "nauc_recall_at_100_diff1": NaN,
        "nauc_recall_at_1000_max": NaN,
        "nauc_recall_at_1000_std": NaN,
        "nauc_recall_at_1000_diff1": NaN,
        "nauc_precision_at_1_max": 0.113643,
        "nauc_precision_at_1_std": 0.141902,
        "nauc_precision_at_1_diff1": 0.339693,
        "nauc_precision_at_3_max": 0.096578,
        "nauc_precision_at_3_std": 0.180467,
        "nauc_precision_at_3_diff1": 0.067759,
        "nauc_precision_at_5_max": 0.080932,
        "nauc_precision_at_5_std": 0.123888,
        "nauc_precision_at_5_diff1": 0.02161,
        "nauc_precision_at_10_max": 0.100905,
        "nauc_precision_at_10_std": 0.055306,
        "nauc_precision_at_10_diff1": -0.059448,
        "nauc_precision_at_20_max": 0.108976,
        "nauc_precision_at_20_std": 0.039435,
        "nauc_precision_at_20_diff1": -0.058696,
        "nauc_precision_at_100_max": 0.108976,
        "nauc_precision_at_100_std": 0.039435,
        "nauc_precision_at_100_diff1": -0.058696,
        "nauc_precision_at_1000_max": 0.108976,
        "nauc_precision_at_1000_std": 0.039435,
        "nauc_precision_at_1000_diff1": -0.058696,
        "nauc_mrr_at_1_max": 0.113643,
        "nauc_mrr_at_1_std": 0.141902,
        "nauc_mrr_at_1_diff1": 0.339693,
        "nauc_mrr_at_3_max": 0.144742,
        "nauc_mrr_at_3_std": 0.204775,
        "nauc_mrr_at_3_diff1": 0.287959,
        "nauc_mrr_at_5_max": 0.141892,
        "nauc_mrr_at_5_std": 0.201903,
        "nauc_mrr_at_5_diff1": 0.300424,
        "nauc_mrr_at_10_max": 0.142199,
        "nauc_mrr_at_10_std": 0.194728,
        "nauc_mrr_at_10_diff1": 0.306336,
        "nauc_mrr_at_20_max": 0.141467,
        "nauc_mrr_at_20_std": 0.193666,
        "nauc_mrr_at_20_diff1": 0.306005,
        "nauc_mrr_at_100_max": 0.141467,
        "nauc_mrr_at_100_std": 0.193666,
        "nauc_mrr_at_100_diff1": 0.306005,
        "nauc_mrr_at_1000_max": 0.141467,
        "nauc_mrr_at_1000_std": 0.193666,
        "nauc_mrr_at_1000_diff1": 0.306005,
        "cv_recall_at_1": 0.52427,
        "cv_recall_at_3": 0.82877,
        "cv_recall_at_5": 0.92763,
        "cv_recall_at_10": 0.99647,
        "cv_recall_at_20": 1.0,
        "cv_recall_at_100": 1.0,
        "cv_recall_at_1000": 1.0,
        "main_score": 0.62233,
        "hf_subset": "default",
        "languages": [
          "slk-Latn"
        ]
      }
    ]
  },
  "evaluation_time": 121.4799633026123,
  "kg_co2_emissions": null
}