{
  "dataset_revision": "82320d7f1d6561a12516605ec24f5d61aceb915c",
  "task_name": "SlovakPharmacyMojaLekarenReranking",
  "mteb_version": "2.3.0",
  "scores": {
    "test": [
      {
        "ndcg_at_1": 0.93496,
        "ndcg_at_3": 0.97248,
        "ndcg_at_5": 0.97306,
        "ndcg_at_10": 0.97306,
        "ndcg_at_20": 0.97306,
        "ndcg_at_100": 0.97306,
        "ndcg_at_1000": 0.97306,
        "map_at_1": 0.93496,
        "map_at_3": 0.96341,
        "map_at_5": 0.96375,
        "map_at_10": 0.96375,
        "map_at_20": 0.96375,
        "map_at_100": 0.96375,
        "map_at_1000": 0.96375,
        "recall_at_1": 0.93496,
        "recall_at_3": 0.99864,
        "recall_at_5": 1.0,
        "recall_at_10": 1.0,
        "recall_at_20": 1.0,
        "recall_at_100": 1.0,
        "recall_at_1000": 1.0,
        "accuracy": 0.93496,
        "precision_at_1": 0.93496,
        "precision_at_3": 0.33288,
        "precision_at_5": 0.2,
        "precision_at_10": 0.1,
        "precision_at_20": 0.05,
        "precision_at_100": 0.01,
        "precision_at_1000": 0.001,
        "mrr_at_1": 0.934959,
        "mrr_at_3": 0.963415,
        "mrr_at_5": 0.963753,
        "mrr_at_10": 0.963753,
        "mrr_at_20": 0.963753,
        "mrr_at_100": 0.963753,
        "mrr_at_1000": 0.963753,
        "nauc_ndcg_at_1_max": 0.628821,
        "nauc_ndcg_at_1_std": 0.495297,
        "nauc_ndcg_at_1_diff1": 0.932047,
        "nauc_ndcg_at_3_max": 0.637591,
        "nauc_ndcg_at_3_std": 0.533719,
        "nauc_ndcg_at_3_diff1": 0.932691,
        "nauc_ndcg_at_5_max": 0.632572,
        "nauc_ndcg_at_5_std": 0.523618,
        "nauc_ndcg_at_5_diff1": 0.931233,
        "nauc_ndcg_at_10_max": 0.632572,
        "nauc_ndcg_at_10_std": 0.523618,
        "nauc_ndcg_at_10_diff1": 0.931233,
        "nauc_ndcg_at_20_max": 0.632572,
        "nauc_ndcg_at_20_std": 0.523618,
        "nauc_ndcg_at_20_diff1": 0.931233,
        "nauc_ndcg_at_100_max": 0.632572,
        "nauc_ndcg_at_100_std": 0.523618,
        "nauc_ndcg_at_100_diff1": 0.931233,
        "nauc_ndcg_at_1000_max": 0.632572,
        "nauc_ndcg_at_1000_std": 0.523618,
        "nauc_ndcg_at_1000_diff1": 0.931233,
        "nauc_map_at_1_max": 0.628821,
        "nauc_map_at_1_std": 0.495297,
        "nauc_map_at_1_diff1": 0.932047,
        "nauc_map_at_3_max": 0.634519,
        "nauc_map_at_3_std": 0.526422,
        "nauc_map_at_3_diff1": 0.931901,
        "nauc_map_at_5_max": 0.632326,
        "nauc_map_at_5_std": 0.521996,
        "nauc_map_at_5_diff1": 0.931264,
        "nauc_map_at_10_max": 0.632326,
        "nauc_map_at_10_std": 0.521996,
        "nauc_map_at_10_diff1": 0.931264,
        "nauc_map_at_20_max": 0.632326,
        "nauc_map_at_20_std": 0.521996,
        "nauc_map_at_20_diff1": 0.931264,
        "nauc_map_at_100_max": 0.632326,
        "nauc_map_at_100_std": 0.521996,
        "nauc_map_at_100_diff1": 0.931264,
        "nauc_map_at_1000_max": 0.632326,
        "nauc_map_at_1000_std": 0.521996,
        "nauc_map_at_1000_diff1": 0.931264,
        "nauc_recall_at_1_max": 0.628821,
        "nauc_recall_at_1_std": 0.495297,
        "nauc_recall_at_1_diff1": 0.932047,
        "nauc_recall_at_3_max": 0.869242,
        "nauc_recall_at_3_std": 1.0,
        "nauc_recall_at_3_diff1": 1.0,
        "nauc_recall_at_5_max": NaN,
        "nauc_recall_at_5_std": NaN,
        "nauc_recall_at_5_diff1": NaN,
        "nauc_recall_at_10_max": NaN,
        "nauc_recall_at_10_std": NaN,
        "nauc_recall_at_10_diff1": NaN,
        "nauc_recall_at_20_max": NaN,
        "nauc_recall_at_20_std": NaN,
        "nauc_recall_at_20_diff1": NaN,
        "nauc_recall_at_100_max": NaN,
        "nauc_recall_at_100_std": NaN,
        "nauc_recall_at_100_diff1": NaN,
        "nauc_recall_at_1000_max": NaN,
        "nauc_recall_at_1000_std": NaN,
        "nauc_recall_at_1000_diff1": NaN,
        "nauc_precision_at_1_max": 0.628821,
        "nauc_precision_at_1_std": 0.495297,
        "nauc_precision_at_1_diff1": 0.932047,
        "nauc_precision_at_3_max": 0.869242,
        "nauc_precision_at_3_std": 1.0,
        "nauc_precision_at_3_diff1": 1.0,
        "nauc_precision_at_5_max": NaN,
        "nauc_precision_at_5_std": NaN,
        "nauc_precision_at_5_diff1": NaN,
        "nauc_precision_at_10_max": NaN,
        "nauc_precision_at_10_std": NaN,
        "nauc_precision_at_10_diff1": NaN,
        "nauc_precision_at_20_max": NaN,
        "nauc_precision_at_20_std": NaN,
        "nauc_precision_at_20_diff1": NaN,
        "nauc_precision_at_100_max": NaN,
        "nauc_precision_at_100_std": NaN,
        "nauc_precision_at_100_diff1": NaN,
        "nauc_precision_at_1000_max": 1.0,
        "nauc_precision_at_1000_std": 1.0,
        "nauc_precision_at_1000_diff1": 1.0,
        "nauc_mrr_at_1_max": 0.628821,
        "nauc_mrr_at_1_std": 0.495297,
        "nauc_mrr_at_1_diff1": 0.932047,
        "nauc_mrr_at_3_max": 0.634519,
        "nauc_mrr_at_3_std": 0.526422,
        "nauc_mrr_at_3_diff1": 0.931901,
        "nauc_mrr_at_5_max": 0.632326,
        "nauc_mrr_at_5_std": 0.521996,
        "nauc_mrr_at_5_diff1": 0.931264,
        "nauc_mrr_at_10_max": 0.632326,
        "nauc_mrr_at_10_std": 0.521996,
        "nauc_mrr_at_10_diff1": 0.931264,
        "nauc_mrr_at_20_max": 0.632326,
        "nauc_mrr_at_20_std": 0.521996,
        "nauc_mrr_at_20_diff1": 0.931264,
        "nauc_mrr_at_100_max": 0.632326,
        "nauc_mrr_at_100_std": 0.521996,
        "nauc_mrr_at_100_diff1": 0.931264,
        "nauc_mrr_at_1000_max": 0.632326,
        "nauc_mrr_at_1000_std": 0.521996,
        "nauc_mrr_at_1000_diff1": 0.931264,
        "cv_recall_at_1": 0.93496,
        "cv_recall_at_3": 0.99864,
        "cv_recall_at_5": 1.0,
        "cv_recall_at_10": 1.0,
        "cv_recall_at_20": 1.0,
        "cv_recall_at_100": 1.0,
        "cv_recall_at_1000": 1.0,
        "main_score": 0.96375,
        "hf_subset": "default",
        "languages": [
          "slk-Latn"
        ]
      }
    ]
  },
  "evaluation_time": 38.925618171691895,
  "kg_co2_emissions": null
}