{
  "dataset_revision": "85d6b32f2762313714618171b9d1a65eb7408835",
  "task_name": "SlovakSumRetrieval",
  "mteb_version": "2.3.0",
  "scores": {
    "test": [
      {
        "ndcg_at_1": 0.885,
        "ndcg_at_3": 0.92303,
        "ndcg_at_5": 0.92791,
        "ndcg_at_10": 0.93262,
        "ndcg_at_20": 0.93436,
        "ndcg_at_100": 0.9366,
        "ndcg_at_1000": 0.93763,
        "map_at_1": 0.885,
        "map_at_3": 0.91472,
        "map_at_5": 0.91747,
        "map_at_10": 0.91933,
        "map_at_20": 0.91983,
        "map_at_100": 0.92018,
        "map_at_1000": 0.92021,
        "recall_at_1": 0.885,
        "recall_at_3": 0.94667,
        "recall_at_5": 0.95833,
        "recall_at_10": 0.97333,
        "recall_at_20": 0.98,
        "recall_at_100": 0.99167,
        "recall_at_1000": 1.0,
        "accuracy": 0.885,
        "precision_at_1": 0.885,
        "precision_at_3": 0.31556,
        "precision_at_5": 0.19167,
        "precision_at_10": 0.09733,
        "precision_at_20": 0.049,
        "precision_at_100": 0.00992,
        "precision_at_1000": 0.001,
        "mrr_at_1": 0.885,
        "mrr_at_3": 0.914722,
        "mrr_at_5": 0.917472,
        "mrr_at_10": 0.919325,
        "mrr_at_20": 0.919831,
        "mrr_at_100": 0.920176,
        "mrr_at_1000": 0.920212,
        "nauc_ndcg_at_1_max": 0.844767,
        "nauc_ndcg_at_1_std": 0.118297,
        "nauc_ndcg_at_1_diff1": 0.904975,
        "nauc_ndcg_at_3_max": 0.866278,
        "nauc_ndcg_at_3_std": 0.163633,
        "nauc_ndcg_at_3_diff1": 0.908351,
        "nauc_ndcg_at_5_max": 0.869934,
        "nauc_ndcg_at_5_std": 0.174007,
        "nauc_ndcg_at_5_diff1": 0.90591,
        "nauc_ndcg_at_10_max": 0.871005,
        "nauc_ndcg_at_10_std": 0.183657,
        "nauc_ndcg_at_10_diff1": 0.905448,
        "nauc_ndcg_at_20_max": 0.870347,
        "nauc_ndcg_at_20_std": 0.202242,
        "nauc_ndcg_at_20_diff1": 0.90782,
        "nauc_ndcg_at_100_max": 0.867834,
        "nauc_ndcg_at_100_std": 0.194962,
        "nauc_ndcg_at_100_diff1": 0.906722,
        "nauc_ndcg_at_1000_max": 0.865619,
        "nauc_ndcg_at_1000_std": 0.181471,
        "nauc_ndcg_at_1000_diff1": 0.906848,
        "nauc_map_at_1_max": 0.844767,
        "nauc_map_at_1_std": 0.118297,
        "nauc_map_at_1_diff1": 0.904975,
        "nauc_map_at_3_max": 0.860449,
        "nauc_map_at_3_std": 0.153689,
        "nauc_map_at_3_diff1": 0.907705,
        "nauc_map_at_5_max": 0.862179,
        "nauc_map_at_5_std": 0.158678,
        "nauc_map_at_5_diff1": 0.906396,
        "nauc_map_at_10_max": 0.862331,
        "nauc_map_at_10_std": 0.162102,
        "nauc_map_at_10_diff1": 0.906204,
        "nauc_map_at_20_max": 0.862146,
        "nauc_map_at_20_std": 0.167202,
        "nauc_map_at_20_diff1": 0.906803,
        "nauc_map_at_100_max": 0.861747,
        "nauc_map_at_100_std": 0.166017,
        "nauc_map_at_100_diff1": 0.906721,
        "nauc_map_at_1000_max": 0.861685,
        "nauc_map_at_1000_std": 0.165641,
        "nauc_map_at_1000_diff1": 0.906717,
        "nauc_recall_at_1_max": 0.844767,
        "nauc_recall_at_1_std": 0.118297,
        "nauc_recall_at_1_diff1": 0.904975,
        "nauc_recall_at_3_max": 0.892128,
        "nauc_recall_at_3_std": 0.205912,
        "nauc_recall_at_3_diff1": 0.911006,
        "nauc_recall_at_5_max": 0.913352,
        "nauc_recall_at_5_std": 0.258562,
        "nauc_recall_at_5_diff1": 0.902428,
        "nauc_recall_at_10_max": 0.946604,
        "nauc_recall_at_10_std": 0.37357,
        "nauc_recall_at_10_diff1": 0.897584,
        "nauc_recall_at_20_max": 0.962846,
        "nauc_recall_at_20_std": 0.645503,
        "nauc_recall_at_20_diff1": 0.923747,
        "nauc_recall_at_100_max": 1.0,
        "nauc_recall_at_100_std": 1.0,
        "nauc_recall_at_100_diff1": 0.895425,
        "nauc_recall_at_1000_max": NaN,
        "nauc_recall_at_1000_std": NaN,
        "nauc_recall_at_1000_diff1": NaN,
        "nauc_precision_at_1_max": 0.844767,
        "nauc_precision_at_1_std": 0.118297,
        "nauc_precision_at_1_diff1": 0.904975,
        "nauc_precision_at_3_max": 0.892128,
        "nauc_precision_at_3_std": 0.205912,
        "nauc_precision_at_3_diff1": 0.911006,
        "nauc_precision_at_5_max": 0.913352,
        "nauc_precision_at_5_std": 0.258562,
        "nauc_precision_at_5_diff1": 0.902428,
        "nauc_precision_at_10_max": 0.946604,
        "nauc_precision_at_10_std": 0.37357,
        "nauc_precision_at_10_diff1": 0.897584,
        "nauc_precision_at_20_max": 0.962846,
        "nauc_precision_at_20_std": 0.645503,
        "nauc_precision_at_20_diff1": 0.923747,
        "nauc_precision_at_100_max": 1.0,
        "nauc_precision_at_100_std": 1.0,
        "nauc_precision_at_100_diff1": 0.895425,
        "nauc_precision_at_1000_max": 1.0,
        "nauc_precision_at_1000_std": 1.0,
        "nauc_precision_at_1000_diff1": 1.0,
        "nauc_mrr_at_1_max": 0.844767,
        "nauc_mrr_at_1_std": 0.118297,
        "nauc_mrr_at_1_diff1": 0.904975,
        "nauc_mrr_at_3_max": 0.860449,
        "nauc_mrr_at_3_std": 0.153689,
        "nauc_mrr_at_3_diff1": 0.907705,
        "nauc_mrr_at_5_max": 0.862179,
        "nauc_mrr_at_5_std": 0.158678,
        "nauc_mrr_at_5_diff1": 0.906396,
        "nauc_mrr_at_10_max": 0.862331,
        "nauc_mrr_at_10_std": 0.162102,
        "nauc_mrr_at_10_diff1": 0.906204,
        "nauc_mrr_at_20_max": 0.862146,
        "nauc_mrr_at_20_std": 0.167202,
        "nauc_mrr_at_20_diff1": 0.906803,
        "nauc_mrr_at_100_max": 0.861747,
        "nauc_mrr_at_100_std": 0.166017,
        "nauc_mrr_at_100_diff1": 0.906721,
        "nauc_mrr_at_1000_max": 0.861685,
        "nauc_mrr_at_1000_std": 0.165641,
        "nauc_mrr_at_1000_diff1": 0.906717,
        "cv_recall_at_1": 0.885,
        "cv_recall_at_3": 0.94667,
        "cv_recall_at_5": 0.95833,
        "cv_recall_at_10": 0.97333,
        "cv_recall_at_20": 0.98,
        "cv_recall_at_100": 0.99167,
        "cv_recall_at_1000": 1.0,
        "main_score": 0.93262,
        "hf_subset": "default",
        "languages": [
          "slk-Latn"
        ]
      }
    ]
  },
  "evaluation_time": 9.527079582214355,
  "kg_co2_emissions": null
}