{
  "dataset_revision": "c5a6521a4ddce3450fb04ba218623681a9189c6d",
  "task_name": "SMESumRetrieval",
  "mteb_version": "2.3.0",
  "scores": {
    "test": [
      {
        "ndcg_at_1": 0.73333,
        "ndcg_at_3": 0.79482,
        "ndcg_at_5": 0.81347,
        "ndcg_at_10": 0.82576,
        "ndcg_at_20": 0.83382,
        "ndcg_at_100": 0.84158,
        "ndcg_at_1000": 0.84266,
        "map_at_1": 0.73333,
        "map_at_3": 0.78028,
        "map_at_5": 0.79069,
        "map_at_10": 0.79571,
        "map_at_20": 0.79795,
        "map_at_100": 0.79916,
        "map_at_1000": 0.7992,
        "recall_at_1": 0.73333,
        "recall_at_3": 0.83667,
        "recall_at_5": 0.88167,
        "recall_at_10": 0.92,
        "recall_at_20": 0.95167,
        "recall_at_100": 0.99167,
        "recall_at_1000": 1.0,
        "accuracy": 0.73333,
        "precision_at_1": 0.73333,
        "precision_at_3": 0.27889,
        "precision_at_5": 0.17633,
        "precision_at_10": 0.092,
        "precision_at_20": 0.04758,
        "precision_at_100": 0.00992,
        "precision_at_1000": 0.001,
        "mrr_at_1": 0.733333,
        "mrr_at_3": 0.780278,
        "mrr_at_5": 0.790694,
        "mrr_at_10": 0.795712,
        "mrr_at_20": 0.79795,
        "mrr_at_100": 0.799157,
        "mrr_at_1000": 0.799202,
        "nauc_ndcg_at_1_max": 0.707381,
        "nauc_ndcg_at_1_std": 0.019936,
        "nauc_ndcg_at_1_diff1": 0.847074,
        "nauc_ndcg_at_3_max": 0.725585,
        "nauc_ndcg_at_3_std": 0.041012,
        "nauc_ndcg_at_3_diff1": 0.817972,
        "nauc_ndcg_at_5_max": 0.710532,
        "nauc_ndcg_at_5_std": 0.030816,
        "nauc_ndcg_at_5_diff1": 0.818783,
        "nauc_ndcg_at_10_max": 0.718102,
        "nauc_ndcg_at_10_std": 0.056043,
        "nauc_ndcg_at_10_diff1": 0.82119,
        "nauc_ndcg_at_20_max": 0.721979,
        "nauc_ndcg_at_20_std": 0.059993,
        "nauc_ndcg_at_20_diff1": 0.827727,
        "nauc_ndcg_at_100_max": 0.718605,
        "nauc_ndcg_at_100_std": 0.052695,
        "nauc_ndcg_at_100_diff1": 0.828137,
        "nauc_ndcg_at_1000_max": 0.717604,
        "nauc_ndcg_at_1000_std": 0.047041,
        "nauc_ndcg_at_1000_diff1": 0.827486,
        "nauc_map_at_1_max": 0.707381,
        "nauc_map_at_1_std": 0.019936,
        "nauc_map_at_1_diff1": 0.847074,
        "nauc_map_at_3_max": 0.719329,
        "nauc_map_at_3_std": 0.034579,
        "nauc_map_at_3_diff1": 0.825301,
        "nauc_map_at_5_max": 0.711408,
        "nauc_map_at_5_std": 0.028371,
        "nauc_map_at_5_diff1": 0.826099,
        "nauc_map_at_10_max": 0.714167,
        "nauc_map_at_10_std": 0.037764,
        "nauc_map_at_10_diff1": 0.82715,
        "nauc_map_at_20_max": 0.715276,
        "nauc_map_at_20_std": 0.03897,
        "nauc_map_at_20_diff1": 0.828889,
        "nauc_map_at_100_max": 0.714991,
        "nauc_map_at_100_std": 0.038329,
        "nauc_map_at_100_diff1": 0.828959,
        "nauc_map_at_1000_max": 0.714965,
        "nauc_map_at_1000_std": 0.038163,
        "nauc_map_at_1000_diff1": 0.828942,
        "nauc_recall_at_1_max": 0.707381,
        "nauc_recall_at_1_std": 0.019936,
        "nauc_recall_at_1_diff1": 0.847074,
        "nauc_recall_at_3_max": 0.749348,
        "nauc_recall_at_3_std": 0.065086,
        "nauc_recall_at_3_diff1": 0.79131,
        "nauc_recall_at_5_max": 0.703836,
        "nauc_recall_at_5_std": 0.041973,
        "nauc_recall_at_5_diff1": 0.784942,
        "nauc_recall_at_10_max": 0.747092,
        "nauc_recall_at_10_std": 0.197197,
        "nauc_recall_at_10_diff1": 0.784479,
        "nauc_recall_at_20_max": 0.806497,
        "nauc_recall_at_20_std": 0.323304,
        "nauc_recall_at_20_diff1": 0.836923,
        "nauc_recall_at_100_max": 0.858543,
        "nauc_recall_at_100_std": 0.824556,
        "nauc_recall_at_100_diff1": 0.918301,
        "nauc_recall_at_1000_max": NaN,
        "nauc_recall_at_1000_std": NaN,
        "nauc_recall_at_1000_diff1": NaN,
        "nauc_precision_at_1_max": 0.707381,
        "nauc_precision_at_1_std": 0.019936,
        "nauc_precision_at_1_diff1": 0.847074,
        "nauc_precision_at_3_max": 0.749348,
        "nauc_precision_at_3_std": 0.065086,
        "nauc_precision_at_3_diff1": 0.79131,
        "nauc_precision_at_5_max": 0.703836,
        "nauc_precision_at_5_std": 0.041973,
        "nauc_precision_at_5_diff1": 0.784942,
        "nauc_precision_at_10_max": 0.747092,
        "nauc_precision_at_10_std": 0.197197,
        "nauc_precision_at_10_diff1": 0.784479,
        "nauc_precision_at_20_max": 0.806497,
        "nauc_precision_at_20_std": 0.323304,
        "nauc_precision_at_20_diff1": 0.836923,
        "nauc_precision_at_100_max": 0.858543,
        "nauc_precision_at_100_std": 0.824556,
        "nauc_precision_at_100_diff1": 0.918301,
        "nauc_precision_at_1000_max": 1.0,
        "nauc_precision_at_1000_std": 1.0,
        "nauc_precision_at_1000_diff1": 1.0,
        "nauc_mrr_at_1_max": 0.707381,
        "nauc_mrr_at_1_std": 0.019936,
        "nauc_mrr_at_1_diff1": 0.847074,
        "nauc_mrr_at_3_max": 0.719329,
        "nauc_mrr_at_3_std": 0.034579,
        "nauc_mrr_at_3_diff1": 0.825301,
        "nauc_mrr_at_5_max": 0.711408,
        "nauc_mrr_at_5_std": 0.028371,
        "nauc_mrr_at_5_diff1": 0.826099,
        "nauc_mrr_at_10_max": 0.714167,
        "nauc_mrr_at_10_std": 0.037764,
        "nauc_mrr_at_10_diff1": 0.82715,
        "nauc_mrr_at_20_max": 0.715276,
        "nauc_mrr_at_20_std": 0.03897,
        "nauc_mrr_at_20_diff1": 0.828889,
        "nauc_mrr_at_100_max": 0.714991,
        "nauc_mrr_at_100_std": 0.038329,
        "nauc_mrr_at_100_diff1": 0.828959,
        "nauc_mrr_at_1000_max": 0.714965,
        "nauc_mrr_at_1000_std": 0.038163,
        "nauc_mrr_at_1000_diff1": 0.828942,
        "cv_recall_at_1": 0.73333,
        "cv_recall_at_3": 0.83667,
        "cv_recall_at_5": 0.88167,
        "cv_recall_at_10": 0.92,
        "cv_recall_at_20": 0.95167,
        "cv_recall_at_100": 0.99167,
        "cv_recall_at_1000": 1.0,
        "main_score": 0.82576,
        "hf_subset": "default",
        "languages": [
          "slk-Latn"
        ]
      }
    ]
  },
  "evaluation_time": 9.685895442962646,
  "kg_co2_emissions": null
}