{
  "dataset_revision": "75b399394a9803252cfec289d103de462763db7c",
  "task_name": "BelebeleRetrieval",
  "mteb_version": "2.3.0",
  "scores": {
    "test": [
      {
        "ndcg_at_1": 0.86556,
        "ndcg_at_3": 0.90249,
        "ndcg_at_5": 0.91109,
        "ndcg_at_10": 0.91809,
        "ndcg_at_20": 0.92008,
        "ndcg_at_100": 0.92346,
        "ndcg_at_1000": 0.92402,
        "map_at_1": 0.86556,
        "map_at_3": 0.8937,
        "map_at_5": 0.89843,
        "map_at_10": 0.90142,
        "map_at_20": 0.90198,
        "map_at_100": 0.90247,
        "map_at_1000": 0.90249,
        "recall_at_1": 0.86556,
        "recall_at_3": 0.92778,
        "recall_at_5": 0.94889,
        "recall_at_10": 0.97,
        "recall_at_20": 0.97778,
        "recall_at_100": 0.99556,
        "recall_at_1000": 1.0,
        "accuracy": 0.86556,
        "precision_at_1": 0.86556,
        "precision_at_3": 0.30926,
        "precision_at_5": 0.18978,
        "precision_at_10": 0.097,
        "precision_at_20": 0.04889,
        "precision_at_100": 0.00996,
        "precision_at_1000": 0.001,
        "mrr_at_1": 0.865556,
        "mrr_at_3": 0.893704,
        "mrr_at_5": 0.898426,
        "mrr_at_10": 0.901421,
        "mrr_at_20": 0.901976,
        "mrr_at_100": 0.902474,
        "mrr_at_1000": 0.902493,
        "nauc_ndcg_at_1_max": 0.831159,
        "nauc_ndcg_at_1_std": 0.100518,
        "nauc_ndcg_at_1_diff1": 0.883721,
        "nauc_ndcg_at_3_max": 0.857558,
        "nauc_ndcg_at_3_std": 0.126127,
        "nauc_ndcg_at_3_diff1": 0.863386,
        "nauc_ndcg_at_5_max": 0.863737,
        "nauc_ndcg_at_5_std": 0.1404,
        "nauc_ndcg_at_5_diff1": 0.867058,
        "nauc_ndcg_at_10_max": 0.857346,
        "nauc_ndcg_at_10_std": 0.128214,
        "nauc_ndcg_at_10_diff1": 0.869185,
        "nauc_ndcg_at_20_max": 0.855091,
        "nauc_ndcg_at_20_std": 0.14177,
        "nauc_ndcg_at_20_diff1": 0.868308,
        "nauc_ndcg_at_100_max": 0.853587,
        "nauc_ndcg_at_100_std": 0.130262,
        "nauc_ndcg_at_100_diff1": 0.872409,
        "nauc_ndcg_at_1000_max": 0.852711,
        "nauc_ndcg_at_1000_std": 0.125877,
        "nauc_ndcg_at_1000_diff1": 0.871451,
        "nauc_map_at_1_max": 0.831159,
        "nauc_map_at_1_std": 0.100518,
        "nauc_map_at_1_diff1": 0.883721,
        "nauc_map_at_3_max": 0.850287,
        "nauc_map_at_3_std": 0.114872,
        "nauc_map_at_3_diff1": 0.868827,
        "nauc_map_at_5_max": 0.852878,
        "nauc_map_at_5_std": 0.120762,
        "nauc_map_at_5_diff1": 0.87085,
        "nauc_map_at_10_max": 0.850192,
        "nauc_map_at_10_std": 0.116001,
        "nauc_map_at_10_diff1": 0.871752,
        "nauc_map_at_20_max": 0.849609,
        "nauc_map_at_20_std": 0.118685,
        "nauc_map_at_20_diff1": 0.871574,
        "nauc_map_at_100_max": 0.849523,
        "nauc_map_at_100_std": 0.117477,
        "nauc_map_at_100_diff1": 0.872229,
        "nauc_map_at_1000_max": 0.849496,
        "nauc_map_at_1000_std": 0.117367,
        "nauc_map_at_1000_diff1": 0.872202,
        "nauc_recall_at_1_max": 0.831159,
        "nauc_recall_at_1_std": 0.100518,
        "nauc_recall_at_1_diff1": 0.883721,
        "nauc_recall_at_3_max": 0.887381,
        "nauc_recall_at_3_std": 0.175027,
        "nauc_recall_at_3_diff1": 0.841176,
        "nauc_recall_at_5_max": 0.925912,
        "nauc_recall_at_5_std": 0.258657,
        "nauc_recall_at_5_diff1": 0.84742,
        "nauc_recall_at_10_max": 0.919338,
        "nauc_recall_at_10_std": 0.240689,
        "nauc_recall_at_10_diff1": 0.850365,
        "nauc_recall_at_20_max": 0.910714,
        "nauc_recall_at_20_std": 0.477404,
        "nauc_recall_at_20_diff1": 0.831489,
        "nauc_recall_at_100_max": 0.96732,
        "nauc_recall_at_100_std": 0.728058,
        "nauc_recall_at_100_diff1": 1.0,
        "nauc_recall_at_1000_max": NaN,
        "nauc_recall_at_1000_std": NaN,
        "nauc_recall_at_1000_diff1": NaN,
        "nauc_precision_at_1_max": 0.831159,
        "nauc_precision_at_1_std": 0.100518,
        "nauc_precision_at_1_diff1": 0.883721,
        "nauc_precision_at_3_max": 0.887381,
        "nauc_precision_at_3_std": 0.175027,
        "nauc_precision_at_3_diff1": 0.841176,
        "nauc_precision_at_5_max": 0.925912,
        "nauc_precision_at_5_std": 0.258657,
        "nauc_precision_at_5_diff1": 0.84742,
        "nauc_precision_at_10_max": 0.919338,
        "nauc_precision_at_10_std": 0.240689,
        "nauc_precision_at_10_diff1": 0.850365,
        "nauc_precision_at_20_max": 0.910714,
        "nauc_precision_at_20_std": 0.477404,
        "nauc_precision_at_20_diff1": 0.831489,
        "nauc_precision_at_100_max": 0.96732,
        "nauc_precision_at_100_std": 0.728058,
        "nauc_precision_at_100_diff1": 1.0,
        "nauc_precision_at_1000_max": NaN,
        "nauc_precision_at_1000_std": NaN,
        "nauc_precision_at_1000_diff1": NaN,
        "nauc_mrr_at_1_max": 0.831159,
        "nauc_mrr_at_1_std": 0.100518,
        "nauc_mrr_at_1_diff1": 0.883721,
        "nauc_mrr_at_3_max": 0.850287,
        "nauc_mrr_at_3_std": 0.114872,
        "nauc_mrr_at_3_diff1": 0.868827,
        "nauc_mrr_at_5_max": 0.852878,
        "nauc_mrr_at_5_std": 0.120762,
        "nauc_mrr_at_5_diff1": 0.87085,
        "nauc_mrr_at_10_max": 0.850192,
        "nauc_mrr_at_10_std": 0.116001,
        "nauc_mrr_at_10_diff1": 0.871752,
        "nauc_mrr_at_20_max": 0.849609,
        "nauc_mrr_at_20_std": 0.118685,
        "nauc_mrr_at_20_diff1": 0.871574,
        "nauc_mrr_at_100_max": 0.849523,
        "nauc_mrr_at_100_std": 0.117477,
        "nauc_mrr_at_100_diff1": 0.872229,
        "nauc_mrr_at_1000_max": 0.849496,
        "nauc_mrr_at_1000_std": 0.117367,
        "nauc_mrr_at_1000_diff1": 0.872202,
        "cv_recall_at_1": 0.86556,
        "cv_recall_at_3": 0.92778,
        "cv_recall_at_5": 0.94889,
        "cv_recall_at_10": 0.97,
        "cv_recall_at_20": 0.97778,
        "cv_recall_at_100": 0.99556,
        "cv_recall_at_1000": 1.0,
        "main_score": 0.91809,
        "hf_subset": "slk_Latn-slk_Latn",
        "languages": [
          "slk-Latn",
          "slk-Latn"
        ]
      },
      {
        "ndcg_at_1": 0.83111,
        "ndcg_at_3": 0.88414,
        "ndcg_at_5": 0.89562,
        "ndcg_at_10": 0.90292,
        "ndcg_at_20": 0.90649,
        "ndcg_at_100": 0.90856,
        "ndcg_at_1000": 0.90912,
        "map_at_1": 0.83111,
        "map_at_3": 0.87167,
        "map_at_5": 0.87806,
        "map_at_10": 0.88114,
        "map_at_20": 0.88208,
        "map_at_100": 0.88237,
        "map_at_1000": 0.88239,
        "recall_at_1": 0.83111,
        "recall_at_3": 0.92,
        "recall_at_5": 0.94778,
        "recall_at_10": 0.97,
        "recall_at_20": 0.98444,
        "recall_at_100": 0.99556,
        "recall_at_1000": 1.0,
        "accuracy": 0.83111,
        "precision_at_1": 0.83111,
        "precision_at_3": 0.30667,
        "precision_at_5": 0.18956,
        "precision_at_10": 0.097,
        "precision_at_20": 0.04922,
        "precision_at_100": 0.00996,
        "precision_at_1000": 0.001,
        "mrr_at_1": 0.831111,
        "mrr_at_3": 0.871667,
        "mrr_at_5": 0.878056,
        "mrr_at_10": 0.881142,
        "mrr_at_20": 0.882079,
        "mrr_at_100": 0.882373,
        "mrr_at_1000": 0.882393,
        "nauc_ndcg_at_1_max": 0.822837,
        "nauc_ndcg_at_1_std": -0.014824,
        "nauc_ndcg_at_1_diff1": 0.899106,
        "nauc_ndcg_at_3_max": 0.826799,
        "nauc_ndcg_at_3_std": -0.013608,
        "nauc_ndcg_at_3_diff1": 0.860578,
        "nauc_ndcg_at_5_max": 0.833106,
        "nauc_ndcg_at_5_std": -0.012015,
        "nauc_ndcg_at_5_diff1": 0.861784,
        "nauc_ndcg_at_10_max": 0.827754,
        "nauc_ndcg_at_10_std": -0.002254,
        "nauc_ndcg_at_10_diff1": 0.864724,
        "nauc_ndcg_at_20_max": 0.828353,
        "nauc_ndcg_at_20_std": -0.00454,
        "nauc_ndcg_at_20_diff1": 0.867623,
        "nauc_ndcg_at_100_max": 0.826938,
        "nauc_ndcg_at_100_std": -0.005255,