{
  "dataset_revision": "09f81f51dd5b8497da16d02c69c98d5cb5993ef2",
  "task_name": "SKQuadRetrieval",
  "mteb_version": "2.3.0",
  "scores": {
    "test": [
      {
        "ndcg_at_1": 0.4381,
        "ndcg_at_3": 0.52866,
        "ndcg_at_5": 0.5671,
        "ndcg_at_10": 0.59644,
        "ndcg_at_20": 0.61763,
        "ndcg_at_100": 0.64301,
        "ndcg_at_1000": 0.65083,
        "map_at_1": 0.29437,
        "map_at_3": 0.41913,
        "map_at_5": 0.44712,
        "map_at_10": 0.46613,
        "map_at_20": 0.47662,
        "map_at_100": 0.48444,
        "map_at_1000": 0.48501,
        "recall_at_1": 0.29437,
        "recall_at_3": 0.54952,
        "recall_at_5": 0.63964,
        "recall_at_10": 0.72078,
        "recall_at_20": 0.7984,
        "recall_at_100": 0.92743,
        "recall_at_1000": 0.98682,
        "accuracy": 0.29437,
        "precision_at_1": 0.4515,
        "precision_at_3": 0.28865,
        "precision_at_5": 0.20617,
        "precision_at_10": 0.12134,
        "precision_at_20": 0.06949,
        "precision_at_100": 0.01701,
        "precision_at_1000": 0.00183,
        "mrr_at_1": 0.451499,
        "mrr_at_3": 0.60582,
        "mrr_at_5": 0.626455,
        "mrr_at_10": 0.632938,
        "mrr_at_20": 0.634801,
        "mrr_at_100": 0.635482,
        "mrr_at_1000": 0.635541,
        "nauc_ndcg_at_1_max": 0.075769,
        "nauc_ndcg_at_1_std": 0.0284,
        "nauc_ndcg_at_1_diff1": 0.319981,
        "nauc_ndcg_at_3_max": 0.167559,
        "nauc_ndcg_at_3_std": -0.012997,
        "nauc_ndcg_at_3_diff1": 0.207393,
        "nauc_ndcg_at_5_max": 0.147627,
        "nauc_ndcg_at_5_std": -0.028626,
        "nauc_ndcg_at_5_diff1": 0.198932,
        "nauc_ndcg_at_10_max": 0.161562,
        "nauc_ndcg_at_10_std": -0.009068,
        "nauc_ndcg_at_10_diff1": 0.208371,
        "nauc_ndcg_at_20_max": 0.175457,
        "nauc_ndcg_at_20_std": 0.018453,
        "nauc_ndcg_at_20_diff1": 0.223925,
        "nauc_ndcg_at_100_max": 0.184441,
        "nauc_ndcg_at_100_std": 0.044775,
        "nauc_ndcg_at_100_diff1": 0.231594,
        "nauc_ndcg_at_1000_max": 0.177962,
        "nauc_ndcg_at_1000_std": 0.029892,
        "nauc_ndcg_at_1000_diff1": 0.234981,
        "nauc_map_at_1_max": 0.036366,
        "nauc_map_at_1_std": -0.036915,
        "nauc_map_at_1_diff1": 0.289211,
        "nauc_map_at_3_max": 0.103961,
        "nauc_map_at_3_std": -0.053958,
        "nauc_map_at_3_diff1": 0.209696,
        "nauc_map_at_5_max": 0.095379,
        "nauc_map_at_5_std": -0.062895,
        "nauc_map_at_5_diff1": 0.203365,
        "nauc_map_at_10_max": 0.104783,
        "nauc_map_at_10_std": -0.056133,
        "nauc_map_at_10_diff1": 0.207504,
        "nauc_map_at_20_max": 0.113391,
        "nauc_map_at_20_std": -0.044885,
        "nauc_map_at_20_diff1": 0.212455,
        "nauc_map_at_100_max": 0.118483,
        "nauc_map_at_100_std": -0.034521,
        "nauc_map_at_100_diff1": 0.214245,
        "nauc_map_at_1000_max": 0.118288,
        "nauc_map_at_1000_std": -0.035093,
        "nauc_map_at_1000_diff1": 0.214401,
        "nauc_recall_at_1_max": 0.036366,
        "nauc_recall_at_1_std": -0.036915,
        "nauc_recall_at_1_diff1": 0.289211,
        "nauc_recall_at_3_max": 0.132508,
        "nauc_recall_at_3_std": -0.065826,
        "nauc_recall_at_3_diff1": 0.088942,
        "nauc_recall_at_5_max": 0.073406,
        "nauc_recall_at_5_std": -0.104243,
        "nauc_recall_at_5_diff1": 0.031885,
        "nauc_recall_at_10_max": 0.088353,
        "nauc_recall_at_10_std": -0.07092,
        "nauc_recall_at_10_diff1": 0.020507,
        "nauc_recall_at_20_max": 0.127037,
        "nauc_recall_at_20_std": 0.043167,
        "nauc_recall_at_20_diff1": 0.041083,
        "nauc_recall_at_100_max": 0.29783,
        "nauc_recall_at_100_std": 0.446722,
        "nauc_recall_at_100_diff1": 0.021025,
        "nauc_recall_at_1000_max": 0.372935,
        "nauc_recall_at_1000_std": 0.511225,
        "nauc_recall_at_1000_diff1": 0.042034,
        "nauc_precision_at_1_max": 0.080659,
        "nauc_precision_at_1_std": 0.030177,
        "nauc_precision_at_1_diff1": 0.314027,
        "nauc_precision_at_3_max": 0.307305,
        "nauc_precision_at_3_std": 0.084827,
        "nauc_precision_at_3_diff1": 0.063755,
        "nauc_precision_at_5_max": 0.239379,
        "nauc_precision_at_5_std": 0.069779,
        "nauc_precision_at_5_diff1": 0.005365,
        "nauc_precision_at_10_max": 0.224869,
        "nauc_precision_at_10_std": 0.13087,
        "nauc_precision_at_10_diff1": -0.022071,
        "nauc_precision_at_20_max": 0.230778,
        "nauc_precision_at_20_std": 0.203814,
        "nauc_precision_at_20_diff1": 0.000831,
        "nauc_precision_at_100_max": 0.216155,
        "nauc_precision_at_100_std": 0.276219,
        "nauc_precision_at_100_diff1": -0.011584,
        "nauc_precision_at_1000_max": 0.179875,
        "nauc_precision_at_1000_std": 0.211469,
        "nauc_precision_at_1000_diff1": -0.015842,
        "nauc_mrr_at_1_max": 0.080659,
        "nauc_mrr_at_1_std": 0.030177,
        "nauc_mrr_at_1_diff1": 0.314027,
        "nauc_mrr_at_3_max": 0.200772,
        "nauc_mrr_at_3_std": 0.031711,
        "nauc_mrr_at_3_diff1": 0.265105,
        "nauc_mrr_at_5_max": 0.192845,
        "nauc_mrr_at_5_std": 0.033094,
        "nauc_mrr_at_5_diff1": 0.270141,
        "nauc_mrr_at_10_max": 0.193437,
        "nauc_mrr_at_10_std": 0.038697,
        "nauc_mrr_at_10_diff1": 0.272238,
        "nauc_mrr_at_20_max": 0.191946,
        "nauc_mrr_at_20_std": 0.041087,
        "nauc_mrr_at_20_diff1": 0.274351,
        "nauc_mrr_at_100_max": 0.190477,
        "nauc_mrr_at_100_std": 0.040271,
        "nauc_mrr_at_100_diff1": 0.274558,
        "nauc_mrr_at_1000_max": 0.190308,
        "nauc_mrr_at_1000_std": 0.040093,
        "nauc_mrr_at_1000_diff1": 0.274579,
        "cv_recall_at_1": 0.4515,
        "cv_recall_at_3": 0.79277,
        "cv_recall_at_5": 0.88183,
        "cv_recall_at_10": 0.92857,
        "cv_recall_at_20": 0.95591,
        "cv_recall_at_100": 0.9806,
        "cv_recall_at_1000": 0.99559,
        "main_score": 0.59644,
        "hf_subset": "default",
        "languages": [
          "slk-Latn"
        ]
      }
    ]
  },
  "evaluation_time": 53.17362022399902,
  "kg_co2_emissions": null
}