{
  "dataset_revision": "79914f425b59d8b9fabb6d38c37f6d81f9723f46",
  "task_name": "SlovakNLI",
  "mteb_version": "2.3.0",
  "scores": {
    "test": [
      {
        "similarity_accuracy": 0.735602,
        "similarity_f1": 0.773504,
        "similarity_precision": 0.685606,
        "similarity_recall": 0.887255,
        "similarity_ap": 0.801777,
        "cosine_accuracy": 0.735602,
        "cosine_f1": 0.773504,
        "cosine_precision": 0.685606,
        "cosine_recall": 0.887255,
        "cosine_ap": 0.801777,
        "manhattan_accuracy": 0.730366,
        "manhattan_f1": 0.753555,
        "manhattan_precision": 0.729358,
        "manhattan_recall": 0.779412,
        "manhattan_ap": 0.802381,
        "euclidean_accuracy": 0.730366,
        "euclidean_f1": 0.751807,
        "euclidean_precision": 0.739336,
        "euclidean_recall": 0.764706,
        "euclidean_ap": 0.80168,
        "dot_accuracy": 0.662304,
        "dot_f1": 0.722338,
        "dot_precision": 0.629091,
        "dot_recall": 0.848039,
        "dot_ap": 0.657518,
        "max_accuracy": 0.735602,
        "max_f1": 0.773504,
        "max_precision": 0.739336,
        "max_recall": 0.887255,
        "max_ap": 0.802381,
        "main_score": 0.802381,
        "hf_subset": "default",
        "languages": [
          "slk-Latn"
        ]
      }
    ]
  },
  "evaluation_time": 0.7329292297363281,
  "kg_co2_emissions": null
}