{
  "dataset_revision": "82320d7f1d6561a12516605ec24f5d61aceb915c",
  "task_name": "SlovakPharmacyMojaLekarenReranking",
  "mteb_version": "2.3.0",
  "scores": {
    "test": [
      {
        "ndcg_at_1": 0.93631,
        "ndcg_at_3": 0.9718,
        "ndcg_at_5": 0.97343,
        "ndcg_at_10": 0.97343,
        "ndcg_at_20": 0.97343,
        "ndcg_at_100": 0.97343,
        "ndcg_at_1000": 0.97343,
        "map_at_1": 0.93631,
        "map_at_3": 0.96341,
        "map_at_5": 0.9643,
        "map_at_10": 0.9643,
        "map_at_20": 0.9643,
        "map_at_100": 0.9643,
        "map_at_1000": 0.9643,
        "recall_at_1": 0.93631,
        "recall_at_3": 0.99593,
        "recall_at_5": 1.0,
        "recall_at_10": 1.0,
        "recall_at_20": 1.0,
        "recall_at_100": 1.0,
        "recall_at_1000": 1.0,
        "accuracy": 0.93631,
        "precision_at_1": 0.93631,
        "precision_at_3": 0.33198,
        "precision_at_5": 0.2,
        "precision_at_10": 0.1,
        "precision_at_20": 0.05,
        "precision_at_100": 0.01,
        "precision_at_1000": 0.001,
        "mrr_at_1": 0.936314,
        "mrr_at_3": 0.963415,
        "mrr_at_5": 0.964295,
        "mrr_at_10": 0.964295,
        "mrr_at_20": 0.964295,
        "mrr_at_100": 0.964295,
        "mrr_at_1000": 0.964295,
        "nauc_ndcg_at_1_max": 0.575203,
        "nauc_ndcg_at_1_std": 0.40289,
        "nauc_ndcg_at_1_diff1": 0.938908,
        "nauc_ndcg_at_3_max": 0.606408,
        "nauc_ndcg_at_3_std": 0.48583,
        "nauc_ndcg_at_3_diff1": 0.945683,
        "nauc_ndcg_at_5_max": 0.585102,
        "nauc_ndcg_at_5_std": 0.454245,
        "nauc_ndcg_at_5_diff1": 0.942347,
        "nauc_ndcg_at_10_max": 0.585102,
        "nauc_ndcg_at_10_std": 0.454245,
        "nauc_ndcg_at_10_diff1": 0.942347,
        "nauc_ndcg_at_20_max": 0.585102,
        "nauc_ndcg_at_20_std": 0.454245,
        "nauc_ndcg_at_20_diff1": 0.942347,
        "nauc_ndcg_at_100_max": 0.585102,
        "nauc_ndcg_at_100_std": 0.454245,
        "nauc_ndcg_at_100_diff1": 0.942347,
        "nauc_ndcg_at_1000_max": 0.585102,
        "nauc_ndcg_at_1000_std": 0.454245,
        "nauc_ndcg_at_1000_diff1": 0.942347,
        "nauc_map_at_1_max": 0.575203,
        "nauc_map_at_1_std": 0.40289,
        "nauc_map_at_1_diff1": 0.938908,
        "nauc_map_at_3_max": 0.592979,
        "nauc_map_at_3_std": 0.464152,
        "nauc_map_at_3_diff1": 0.943498,
        "nauc_map_at_5_max": 0.584179,
        "nauc_map_at_5_std": 0.450934,
        "nauc_map_at_5_diff1": 0.942104,
        "nauc_map_at_10_max": 0.584179,
        "nauc_map_at_10_std": 0.450934,
        "nauc_map_at_10_diff1": 0.942104,
        "nauc_map_at_20_max": 0.584179,
        "nauc_map_at_20_std": 0.450934,
        "nauc_map_at_20_diff1": 0.942104,
        "nauc_map_at_100_max": 0.584179,
        "nauc_map_at_100_std": 0.450934,
        "nauc_map_at_100_diff1": 0.942104,
        "nauc_map_at_1000_max": 0.584179,
        "nauc_map_at_1000_std": 0.450934,
        "nauc_map_at_1000_diff1": 0.942104,
        "nauc_recall_at_1_max": 0.575203,
        "nauc_recall_at_1_std": 0.40289,
        "nauc_recall_at_1_diff1": 0.938908,
        "nauc_recall_at_3_max": 0.956414,
        "nauc_recall_at_3_std": 1.0,
        "nauc_recall_at_3_diff1": 1.0,
        "nauc_recall_at_5_max": NaN,
        "nauc_recall_at_5_std": NaN,
        "nauc_recall_at_5_diff1": NaN,
        "nauc_recall_at_10_max": NaN,
        "nauc_recall_at_10_std": NaN,
        "nauc_recall_at_10_diff1": NaN,
        "nauc_recall_at_20_max": NaN,
        "nauc_recall_at_20_std": NaN,
        "nauc_recall_at_20_diff1": NaN,
        "nauc_recall_at_100_max": NaN,
        "nauc_recall_at_100_std": NaN,
        "nauc_recall_at_100_diff1": NaN,
        "nauc_recall_at_1000_max": NaN,
        "nauc_recall_at_1000_std": NaN,
        "nauc_recall_at_1000_diff1": NaN,
        "nauc_precision_at_1_max": 0.575203,
        "nauc_precision_at_1_std": 0.40289,
        "nauc_precision_at_1_diff1": 0.938908,
        "nauc_precision_at_3_max": 0.956414,
        "nauc_precision_at_3_std": 1.0,
        "nauc_precision_at_3_diff1": 1.0,
        "nauc_precision_at_5_max": NaN,
        "nauc_precision_at_5_std": NaN,
        "nauc_precision_at_5_diff1": NaN,
        "nauc_precision_at_10_max": NaN,
        "nauc_precision_at_10_std": NaN,
        "nauc_precision_at_10_diff1": NaN,
        "nauc_precision_at_20_max": NaN,
        "nauc_precision_at_20_std": NaN,
        "nauc_precision_at_20_diff1": NaN,
        "nauc_precision_at_100_max": NaN,
        "nauc_precision_at_100_std": NaN,
        "nauc_precision_at_100_diff1": NaN,
        "nauc_precision_at_1000_max": 1.0,
        "nauc_precision_at_1000_std": 1.0,
        "nauc_precision_at_1000_diff1": 1.0,
        "nauc_mrr_at_1_max": 0.575203,
        "nauc_mrr_at_1_std": 0.40289,
        "nauc_mrr_at_1_diff1": 0.938908,
        "nauc_mrr_at_3_max": 0.592979,
        "nauc_mrr_at_3_std": 0.464152,
        "nauc_mrr_at_3_diff1": 0.943498,
        "nauc_mrr_at_5_max": 0.584179,
        "nauc_mrr_at_5_std": 0.450934,
        "nauc_mrr_at_5_diff1": 0.942104,
        "nauc_mrr_at_10_max": 0.584179,
        "nauc_mrr_at_10_std": 0.450934,
        "nauc_mrr_at_10_diff1": 0.942104,
        "nauc_mrr_at_20_max": 0.584179,
        "nauc_mrr_at_20_std": 0.450934,
        "nauc_mrr_at_20_diff1": 0.942104,
        "nauc_mrr_at_100_max": 0.584179,
        "nauc_mrr_at_100_std": 0.450934,
        "nauc_mrr_at_100_diff1": 0.942104,
        "nauc_mrr_at_1000_max": 0.584179,
        "nauc_mrr_at_1000_std": 0.450934,
        "nauc_mrr_at_1000_diff1": 0.942104,
        "cv_recall_at_1": 0.93631,
        "cv_recall_at_3": 0.99593,
        "cv_recall_at_5": 1.0,
        "cv_recall_at_10": 1.0,
        "cv_recall_at_20": 1.0,
        "cv_recall_at_100": 1.0,
        "cv_recall_at_1000": 1.0,
        "main_score": 0.9643,
        "hf_subset": "default",
        "languages": [
          "slk-Latn"
        ]
      }
    ]
  },
  "evaluation_time": 38.997435092926025,
  "kg_co2_emissions": null
}