{
  "dataset_revision": "85d6b32f2762313714618171b9d1a65eb7408835",
  "task_name": "SlovakSumRetrieval",
  "mteb_version": "2.3.0",
  "scores": {
    "test": [
      {
        "ndcg_at_1": 0.88333,
        "ndcg_at_3": 0.9243,
        "ndcg_at_5": 0.92896,
        "ndcg_at_10": 0.93369,
        "ndcg_at_20": 0.9358,
        "ndcg_at_100": 0.93729,
        "ndcg_at_1000": 0.93812,
        "map_at_1": 0.88333,
        "map_at_3": 0.91528,
        "map_at_5": 0.91778,
        "map_at_10": 0.91966,
        "map_at_20": 0.92024,
        "map_at_100": 0.92043,
        "map_at_1000": 0.92046,
        "recall_at_1": 0.88333,
        "recall_at_3": 0.95,
        "recall_at_5": 0.96167,
        "recall_at_10": 0.97667,
        "recall_at_20": 0.985,
        "recall_at_100": 0.99333,
        "recall_at_1000": 1.0,
        "accuracy": 0.88333,
        "precision_at_1": 0.88333,
        "precision_at_3": 0.31667,
        "precision_at_5": 0.19233,
        "precision_at_10": 0.09767,
        "precision_at_20": 0.04925,
        "precision_at_100": 0.00993,
        "precision_at_1000": 0.001,
        "mrr_at_1": 0.883333,
        "mrr_at_3": 0.915278,
        "mrr_at_5": 0.917778,
        "mrr_at_10": 0.919661,
        "mrr_at_20": 0.920244,
        "mrr_at_100": 0.920431,
        "mrr_at_1000": 0.92046,
        "nauc_ndcg_at_1_max": 0.805274,
        "nauc_ndcg_at_1_std": 0.021918,
        "nauc_ndcg_at_1_diff1": 0.918377,
        "nauc_ndcg_at_3_max": 0.837953,
        "nauc_ndcg_at_3_std": 0.122099,
        "nauc_ndcg_at_3_diff1": 0.929477,
        "nauc_ndcg_at_5_max": 0.837956,
        "nauc_ndcg_at_5_std": 0.138721,
        "nauc_ndcg_at_5_diff1": 0.925999,
        "nauc_ndcg_at_10_max": 0.832623,
        "nauc_ndcg_at_10_std": 0.128337,
        "nauc_ndcg_at_10_diff1": 0.924651,
        "nauc_ndcg_at_20_max": 0.828875,
        "nauc_ndcg_at_20_std": 0.126359,
        "nauc_ndcg_at_20_diff1": 0.924896,
        "nauc_ndcg_at_100_max": 0.831508,
        "nauc_ndcg_at_100_std": 0.125517,
        "nauc_ndcg_at_100_diff1": 0.924462,
        "nauc_ndcg_at_1000_max": 0.829227,
        "nauc_ndcg_at_1000_std": 0.113675,
        "nauc_ndcg_at_1000_diff1": 0.924676,
        "nauc_map_at_1_max": 0.805274,
        "nauc_map_at_1_std": 0.021918,
        "nauc_map_at_1_diff1": 0.918377,
        "nauc_map_at_3_max": 0.829173,
        "nauc_map_at_3_std": 0.094253,
        "nauc_map_at_3_diff1": 0.926602,
        "nauc_map_at_5_max": 0.828722,
        "nauc_map_at_5_std": 0.101748,
        "nauc_map_at_5_diff1": 0.924878,
        "nauc_map_at_10_max": 0.82665,
        "nauc_map_at_10_std": 0.097719,
        "nauc_map_at_10_diff1": 0.92431,
        "nauc_map_at_20_max": 0.825758,
        "nauc_map_at_20_std": 0.096762,
        "nauc_map_at_20_diff1": 0.924372,
        "nauc_map_at_100_max": 0.82605,
        "nauc_map_at_100_std": 0.096685,
        "nauc_map_at_100_diff1": 0.924364,
        "nauc_map_at_1000_max": 0.825985,
        "nauc_map_at_1000_std": 0.096349,
        "nauc_map_at_1000_diff1": 0.924357,
        "nauc_recall_at_1_max": 0.805274,
        "nauc_recall_at_1_std": 0.021918,
        "nauc_recall_at_1_diff1": 0.918377,
        "nauc_recall_at_3_max": 0.878945,
        "nauc_recall_at_3_std": 0.252894,
        "nauc_recall_at_3_diff1": 0.94281,
        "nauc_recall_at_5_max": 0.89303,
        "nauc_recall_at_5_std": 0.363415,
        "nauc_recall_at_5_diff1": 0.931088,
        "nauc_recall_at_10_max": 0.88262,
        "nauc_recall_at_10_std": 0.409864,
        "nauc_recall_at_10_diff1": 0.924136,
        "nauc_recall_at_20_max": 0.848273,
        "nauc_recall_at_20_std": 0.543832,
        "nauc_recall_at_20_diff1": 0.927378,
        "nauc_recall_at_100_max": 1.0,
        "nauc_recall_at_100_std": 1.0,
        "nauc_recall_at_100_diff1": 0.901961,
        "nauc_recall_at_1000_max": NaN,
        "nauc_recall_at_1000_std": NaN,
        "nauc_recall_at_1000_diff1": NaN,
        "nauc_precision_at_1_max": 0.805274,
        "nauc_precision_at_1_std": 0.021918,
        "nauc_precision_at_1_diff1": 0.918377,
        "nauc_precision_at_3_max": 0.878945,
        "nauc_precision_at_3_std": 0.252894,
        "nauc_precision_at_3_diff1": 0.94281,
        "nauc_precision_at_5_max": 0.89303,
        "nauc_precision_at_5_std": 0.363415,
        "nauc_precision_at_5_diff1": 0.931088,
        "nauc_precision_at_10_max": 0.88262,
        "nauc_precision_at_10_std": 0.409864,
        "nauc_precision_at_10_diff1": 0.924136,
        "nauc_precision_at_20_max": 0.848273,
        "nauc_precision_at_20_std": 0.543832,
        "nauc_precision_at_20_diff1": 0.927378,
        "nauc_precision_at_100_max": 1.0,
        "nauc_precision_at_100_std": 1.0,
        "nauc_precision_at_100_diff1": 0.901961,
        "nauc_precision_at_1000_max": 1.0,
        "nauc_precision_at_1000_std": 1.0,
        "nauc_precision_at_1000_diff1": 1.0,
        "nauc_mrr_at_1_max": 0.805274,
        "nauc_mrr_at_1_std": 0.021918,
        "nauc_mrr_at_1_diff1": 0.918377,
        "nauc_mrr_at_3_max": 0.829173,
        "nauc_mrr_at_3_std": 0.094253,
        "nauc_mrr_at_3_diff1": 0.926602,
        "nauc_mrr_at_5_max": 0.828722,
        "nauc_mrr_at_5_std": 0.101748,
        "nauc_mrr_at_5_diff1": 0.924878,
        "nauc_mrr_at_10_max": 0.82665,
        "nauc_mrr_at_10_std": 0.097719,
        "nauc_mrr_at_10_diff1": 0.92431,
        "nauc_mrr_at_20_max": 0.825758,
        "nauc_mrr_at_20_std": 0.096762,
        "nauc_mrr_at_20_diff1": 0.924372,
        "nauc_mrr_at_100_max": 0.82605,
        "nauc_mrr_at_100_std": 0.096685,
        "nauc_mrr_at_100_diff1": 0.924364,
        "nauc_mrr_at_1000_max": 0.825985,
        "nauc_mrr_at_1000_std": 0.096349,
        "nauc_mrr_at_1000_diff1": 0.924357,
        "cv_recall_at_1": 0.88333,
        "cv_recall_at_3": 0.95,
        "cv_recall_at_5": 0.96167,
        "cv_recall_at_10": 0.97667,
        "cv_recall_at_20": 0.985,
        "cv_recall_at_100": 0.99333,
        "cv_recall_at_1000": 1.0,
        "main_score": 0.93369,
        "hf_subset": "default",
        "languages": [
          "slk-Latn"
        ]
      }
    ]
  },
  "evaluation_time": 5.389886856079102,
  "kg_co2_emissions": null
}