{
  "dataset_revision": "f64f483ad0f31d2e78209d524c14a4a867965959",
  "task_name": "WebFAQRetrieval",
  "mteb_version": "2.3.0",
  "scores": {
    "test": [
      {
        "ndcg_at_1": 0.69743,
        "ndcg_at_3": 0.77546,
        "ndcg_at_5": 0.79177,
        "ndcg_at_10": 0.80425,
        "ndcg_at_20": 0.8115,
        "ndcg_at_100": 0.81919,
        "ndcg_at_1000": 0.82185,
        "map_at_1": 0.69743,
        "map_at_3": 0.75648,
        "map_at_5": 0.76551,
        "map_at_10": 0.77076,
        "map_at_20": 0.77282,
        "map_at_100": 0.77392,
        "map_at_1000": 0.77402,
        "recall_at_1": 0.69743,
        "recall_at_3": 0.83032,
        "recall_at_5": 0.86997,
        "recall_at_10": 0.90802,
        "recall_at_20": 0.93625,
        "recall_at_100": 0.97716,
        "recall_at_1000": 0.99778,
        "accuracy": 0.69743,
        "precision_at_1": 0.69743,
        "precision_at_3": 0.27677,
        "precision_at_5": 0.17399,
        "precision_at_10": 0.0908,
        "precision_at_20": 0.04681,
        "precision_at_100": 0.00977,
        "precision_at_1000": 0.001,
        "mrr_at_1": 0.697748,
        "mrr_at_3": 0.757427,
        "mrr_at_5": 0.766101,
        "mrr_at_10": 0.771359,
        "mrr_at_20": 0.773389,
        "mrr_at_100": 0.774531,
        "mrr_at_1000": 0.774634,
        "nauc_ndcg_at_1_max": 0.501576,
        "nauc_ndcg_at_1_std": -0.038804,
        "nauc_ndcg_at_1_diff1": 0.793047,
        "nauc_ndcg_at_3_max": 0.508024,
        "nauc_ndcg_at_3_std": -0.054523,
        "nauc_ndcg_at_3_diff1": 0.768317,
        "nauc_ndcg_at_5_max": 0.508517,
        "nauc_ndcg_at_5_std": -0.057435,
        "nauc_ndcg_at_5_diff1": 0.769893,
        "nauc_ndcg_at_10_max": 0.500808,
        "nauc_ndcg_at_10_std": -0.072593,
        "nauc_ndcg_at_10_diff1": 0.769419,
        "nauc_ndcg_at_20_max": 0.498186,
        "nauc_ndcg_at_20_std": -0.072527,
        "nauc_ndcg_at_20_diff1": 0.771738,
        "nauc_ndcg_at_100_max": 0.505255,
        "nauc_ndcg_at_100_std": -0.06038,
        "nauc_ndcg_at_100_diff1": 0.774659,
        "nauc_ndcg_at_1000_max": 0.504125,
        "nauc_ndcg_at_1000_std": -0.05922,
        "nauc_ndcg_at_1000_diff1": 0.774743,
        "nauc_map_at_1_max": 0.501576,
        "nauc_map_at_1_std": -0.038804,
        "nauc_map_at_1_diff1": 0.793047,
        "nauc_map_at_3_max": 0.506562,
        "nauc_map_at_3_std": -0.049507,
        "nauc_map_at_3_diff1": 0.775474,
        "nauc_map_at_5_max": 0.506866,
        "nauc_map_at_5_std": -0.050915,
        "nauc_map_at_5_diff1": 0.776689,
        "nauc_map_at_10_max": 0.504207,
        "nauc_map_at_10_std": -0.056208,
        "nauc_map_at_10_diff1": 0.776564,
        "nauc_map_at_20_max": 0.503486,
        "nauc_map_at_20_std": -0.056129,
        "nauc_map_at_20_diff1": 0.777096,
        "nauc_map_at_100_max": 0.504249,
        "nauc_map_at_100_std": -0.054748,
        "nauc_map_at_100_diff1": 0.777517,
        "nauc_map_at_1000_max": 0.504222,
        "nauc_map_at_1000_std": -0.054654,
        "nauc_map_at_1000_diff1": 0.777518,
        "nauc_recall_at_1_max": 0.501576,
        "nauc_recall_at_1_std": -0.038804,
        "nauc_recall_at_1_diff1": 0.793047,
        "nauc_recall_at_3_max": 0.51349,
        "nauc_recall_at_3_std": -0.07431,
        "nauc_recall_at_3_diff1": 0.740453,
        "nauc_recall_at_5_max": 0.516,
        "nauc_recall_at_5_std": -0.089297,
        "nauc_recall_at_5_diff1": 0.737465,
        "nauc_recall_at_10_max": 0.471462,
        "nauc_recall_at_10_std": -0.191003,
        "nauc_recall_at_10_diff1": 0.723974,
        "nauc_recall_at_20_max": 0.434532,
        "nauc_recall_at_20_std": -0.240192,
        "nauc_recall_at_20_diff1": 0.730013,
        "nauc_recall_at_100_max": 0.595673,
        "nauc_recall_at_100_std": -0.068149,
        "nauc_recall_at_100_diff1": 0.759331,
        "nauc_recall_at_1000_max": 0.765235,
        "nauc_recall_at_1000_std": 0.244492,
        "nauc_recall_at_1000_diff1": 0.682612,
        "nauc_precision_at_1_max": 0.501576,
        "nauc_precision_at_1_std": -0.038804,
        "nauc_precision_at_1_diff1": 0.793047,
        "nauc_precision_at_3_max": 0.51349,
        "nauc_precision_at_3_std": -0.07431,
        "nauc_precision_at_3_diff1": 0.740453,
        "nauc_precision_at_5_max": 0.516,
        "nauc_precision_at_5_std": -0.089297,
        "nauc_precision_at_5_diff1": 0.737465,
        "nauc_precision_at_10_max": 0.471462,
        "nauc_precision_at_10_std": -0.191003,
        "nauc_precision_at_10_diff1": 0.723974,
        "nauc_precision_at_20_max": 0.434532,
        "nauc_precision_at_20_std": -0.240192,
        "nauc_precision_at_20_diff1": 0.730013,
        "nauc_precision_at_100_max": 0.595673,
        "nauc_precision_at_100_std": -0.068149,
        "nauc_precision_at_100_diff1": 0.759331,
        "nauc_precision_at_1000_max": 0.765235,
        "nauc_precision_at_1000_std": 0.244492,
        "nauc_precision_at_1000_diff1": 0.682612,
        "nauc_mrr_at_1_max": 0.502124,
        "nauc_mrr_at_1_std": -0.036711,
        "nauc_mrr_at_1_diff1": 0.792364,
        "nauc_mrr_at_3_max": 0.509851,
        "nauc_mrr_at_3_std": -0.043761,
        "nauc_mrr_at_3_diff1": 0.773731,
        "nauc_mrr_at_5_max": 0.509085,
        "nauc_mrr_at_5_std": -0.047575,
        "nauc_mrr_at_5_diff1": 0.775456,
        "nauc_mrr_at_10_max": 0.506338,
        "nauc_mrr_at_10_std": -0.05283,
        "nauc_mrr_at_10_diff1": 0.775273,
        "nauc_mrr_at_20_max": 0.505622,
        "nauc_mrr_at_20_std": -0.052907,
        "nauc_mrr_at_20_diff1": 0.775782,
        "nauc_mrr_at_100_max": 0.506398,
        "nauc_mrr_at_100_std": -0.051162,
        "nauc_mrr_at_100_diff1": 0.776184,
        "nauc_mrr_at_1000_max": 0.506372,
        "nauc_mrr_at_1000_std": -0.051067,
        "nauc_mrr_at_1000_diff1": 0.776185,
        "cv_recall_at_1": 0.69775,
        "cv_recall_at_3": 0.83159,
        "cv_recall_at_5": 0.86965,
        "cv_recall_at_10": 0.90771,
        "cv_recall_at_20": 0.93562,
        "cv_recall_at_100": 0.97716,
        "cv_recall_at_1000": 0.99778,
        "main_score": 0.80425,
        "hf_subset": "slk",
        "languages": [
          "slk-Latn"
        ]
      }
    ]
  },
  "evaluation_time": 146.83169198036194,
  "kg_co2_emissions": null
}