{
    "dataset_revision": "82320d7f1d6561a12516605ec24f5d61aceb915c",
    "task_name": "SlovakPharmacyMojaLekarenReranking",
    "mteb_version": "1.39.7",
    "scores": {
        "test": [
            {
                "ndcg_at_1": 0.93767,
                "ndcg_at_3": 0.97266,
                "ndcg_at_5": 0.97435,
                "ndcg_at_10": 0.97435,
                "ndcg_at_20": 0.97435,
                "ndcg_at_100": 0.97435,
                "ndcg_at_1000": 0.97435,
                "map_at_1": 0.93767,
                "map_at_3": 0.96454,
                "map_at_5": 0.96549,
                "map_at_10": 0.96549,
                "map_at_20": 0.96549,
                "map_at_100": 0.96549,
                "map_at_1000": 0.96549,
                "recall_at_1": 0.93767,
                "recall_at_3": 0.99593,
                "recall_at_5": 1.0,
                "recall_at_10": 1.0,
                "recall_at_20": 1.0,
                "recall_at_100": 1.0,
                "recall_at_1000": 1.0,
                "accuracy": 0.93767,
                "precision_at_1": 0.93767,
                "precision_at_3": 0.33198,
                "precision_at_5": 0.2,
                "precision_at_10": 0.1,
                "precision_at_20": 0.05,
                "precision_at_100": 0.01,
                "precision_at_1000": 0.001,
                "mrr_at_1": 0.937669,
                "mrr_at_3": 0.964544,
                "mrr_at_5": 0.965492,
                "mrr_at_10": 0.965492,
                "mrr_at_20": 0.965492,
                "mrr_at_100": 0.965492,
                "mrr_at_1000": 0.965492,
                "nauc_ndcg_at_1_max": 0.636356,
                "nauc_ndcg_at_1_std": 0.53414,
                "nauc_ndcg_at_1_diff1": 0.953449,
                "nauc_ndcg_at_3_max": 0.658589,
                "nauc_ndcg_at_3_std": 0.59152,
                "nauc_ndcg_at_3_diff1": 0.957336,
                "nauc_ndcg_at_5_max": 0.642401,
                "nauc_ndcg_at_5_std": 0.564588,
                "nauc_ndcg_at_5_diff1": 0.954523,
                "nauc_ndcg_at_10_max": 0.642401,
                "nauc_ndcg_at_10_std": 0.564588,
                "nauc_ndcg_at_10_diff1": 0.954523,
                "nauc_ndcg_at_20_max": 0.642401,
                "nauc_ndcg_at_20_std": 0.564588,
                "nauc_ndcg_at_20_diff1": 0.954523,
                "nauc_ndcg_at_100_max": 0.642401,
                "nauc_ndcg_at_100_std": 0.564588,
                "nauc_ndcg_at_100_diff1": 0.954523,
                "nauc_ndcg_at_1000_max": 0.642401,
                "nauc_ndcg_at_1000_std": 0.564588,
                "nauc_ndcg_at_1000_diff1": 0.954523,
                "nauc_map_at_1_max": 0.636356,
                "nauc_map_at_1_std": 0.53414,
                "nauc_map_at_1_diff1": 0.953449,
                "nauc_map_at_3_max": 0.648763,
                "nauc_map_at_3_std": 0.574278,
                "nauc_map_at_3_diff1": 0.955647,
                "nauc_map_at_5_max": 0.641837,
                "nauc_map_at_5_std": 0.562576,
                "nauc_map_at_5_diff1": 0.954428,
                "nauc_map_at_10_max": 0.641837,
                "nauc_map_at_10_std": 0.562576,
                "nauc_map_at_10_diff1": 0.954428,
                "nauc_map_at_20_max": 0.641837,
                "nauc_map_at_20_std": 0.562576,
                "nauc_map_at_20_diff1": 0.954428,
                "nauc_map_at_100_max": 0.641837,
                "nauc_map_at_100_std": 0.562576,
                "nauc_map_at_100_diff1": 0.954428,
                "nauc_map_at_1000_max": 0.641837,
                "nauc_map_at_1000_std": 0.562576,
                "nauc_map_at_1000_diff1": 0.954428,
                "nauc_recall_at_1_max": 0.636356,
                "nauc_recall_at_1_std": 0.53414,
                "nauc_recall_at_1_diff1": 0.953449,
                "nauc_recall_at_3_max": 0.907361,
                "nauc_recall_at_3_std": 1.0,
                "nauc_recall_at_3_diff1": 1.0,
                "nauc_recall_at_5_max": NaN,
                "nauc_recall_at_5_std": NaN,
                "nauc_recall_at_5_diff1": NaN,
                "nauc_recall_at_10_max": NaN,
                "nauc_recall_at_10_std": NaN,
                "nauc_recall_at_10_diff1": NaN,
                "nauc_recall_at_20_max": NaN,
                "nauc_recall_at_20_std": NaN,
                "nauc_recall_at_20_diff1": NaN,
                "nauc_recall_at_100_max": NaN,
                "nauc_recall_at_100_std": NaN,
                "nauc_recall_at_100_diff1": NaN,
                "nauc_recall_at_1000_max": NaN,
                "nauc_recall_at_1000_std": NaN,
                "nauc_recall_at_1000_diff1": NaN,
                "nauc_precision_at_1_max": 0.636356,
                "nauc_precision_at_1_std": 0.53414,
                "nauc_precision_at_1_diff1": 0.953449,
                "nauc_precision_at_3_max": 0.907361,
                "nauc_precision_at_3_std": 1.0,
                "nauc_precision_at_3_diff1": 1.0,
                "nauc_precision_at_5_max": NaN,
                "nauc_precision_at_5_std": NaN,
                "nauc_precision_at_5_diff1": NaN,
                "nauc_precision_at_10_max": NaN,
                "nauc_precision_at_10_std": NaN,
                "nauc_precision_at_10_diff1": NaN,
                "nauc_precision_at_20_max": NaN,
                "nauc_precision_at_20_std": NaN,
                "nauc_precision_at_20_diff1": NaN,
                "nauc_precision_at_100_max": NaN,
                "nauc_precision_at_100_std": NaN,
                "nauc_precision_at_100_diff1": NaN,
                "nauc_precision_at_1000_max": 1.0,
                "nauc_precision_at_1000_std": 1.0,
                "nauc_precision_at_1000_diff1": 1.0,
                "nauc_mrr_at_1_max": 0.636356,
                "nauc_mrr_at_1_std": 0.53414,
                "nauc_mrr_at_1_diff1": 0.953449,
                "nauc_mrr_at_3_max": 0.648763,
                "nauc_mrr_at_3_std": 0.574278,
                "nauc_mrr_at_3_diff1": 0.955647,
                "nauc_mrr_at_5_max": 0.641837,
                "nauc_mrr_at_5_std": 0.562576,
                "nauc_mrr_at_5_diff1": 0.954428,
                "nauc_mrr_at_10_max": 0.641837,
                "nauc_mrr_at_10_std": 0.562576,
                "nauc_mrr_at_10_diff1": 0.954428,
                "nauc_mrr_at_20_max": 0.641837,
                "nauc_mrr_at_20_std": 0.562576,
                "nauc_mrr_at_20_diff1": 0.954428,
                "nauc_mrr_at_100_max": 0.641837,
                "nauc_mrr_at_100_std": 0.562576,
                "nauc_mrr_at_100_diff1": 0.954428,
                "nauc_mrr_at_1000_max": 0.641837,
                "nauc_mrr_at_1000_std": 0.562576,
                "nauc_mrr_at_1000_diff1": 0.954428,
                "cv_recall_at_1": 0.93767,
                "cv_recall_at_3": 0.99593,
                "cv_recall_at_5": 1.0,
                "cv_recall_at_10": 1.0,
                "cv_recall_at_20": 1.0,
                "cv_recall_at_100": 1.0,
                "cv_recall_at_1000": 1.0,
                "main_score": 0.96549,
                "hf_subset": "default",
                "languages": [
                    "slk-Latn"
                ]
            }
        ]
    },
    "evaluation_time": 22.44001054763794,
    "kg_co2_emissions": null
}
