{
    "dataset_revision": "6448ea012b1b7caa3d55cb747b58cda1d7edc714",
    "task_name": "SlovakPharmacyDrMaxReranking",
    "mteb_version": "1.39.7",
    "scores": {
        "test": [
            {
                "ndcg_at_1": 0.88088,
                "ndcg_at_3": 0.94025,
                "ndcg_at_5": 0.94861,
                "ndcg_at_10": 0.94861,
                "ndcg_at_20": 0.94861,
                "ndcg_at_100": 0.94861,
                "ndcg_at_1000": 0.94861,
                "map_at_1": 0.88088,
                "map_at_3": 0.92643,
                "map_at_5": 0.93113,
                "map_at_10": 0.93113,
                "map_at_20": 0.93113,
                "map_at_100": 0.93113,
                "map_at_1000": 0.93113,
                "recall_at_1": 0.88088,
                "recall_at_3": 0.9799,
                "recall_at_5": 1.0,
                "recall_at_10": 1.0,
                "recall_at_20": 1.0,
                "recall_at_100": 1.0,
                "recall_at_1000": 1.0,
                "accuracy": 0.88088,
                "precision_at_1": 0.88088,
                "precision_at_3": 0.32663,
                "precision_at_5": 0.2,
                "precision_at_10": 0.1,
                "precision_at_20": 0.05,
                "precision_at_100": 0.01,
                "precision_at_1000": 0.001,
                "mrr_at_1": 0.880881,
                "mrr_at_3": 0.926433,
                "mrr_at_5": 0.931127,
                "mrr_at_10": 0.931127,
                "mrr_at_20": 0.931127,
                "mrr_at_100": 0.931127,
                "mrr_at_1000": 0.931127,
                "nauc_ndcg_at_1_max": 0.749763,
                "nauc_ndcg_at_1_std": 0.636788,
                "nauc_ndcg_at_1_diff1": 0.862402,
                "nauc_ndcg_at_3_max": 0.779773,
                "nauc_ndcg_at_3_std": 0.670164,
                "nauc_ndcg_at_3_diff1": 0.854217,
                "nauc_ndcg_at_5_max": 0.76243,
                "nauc_ndcg_at_5_std": 0.656335,
                "nauc_ndcg_at_5_diff1": 0.857503,
                "nauc_ndcg_at_10_max": 0.76243,
                "nauc_ndcg_at_10_std": 0.656335,
                "nauc_ndcg_at_10_diff1": 0.857503,
                "nauc_ndcg_at_20_max": 0.76243,
                "nauc_ndcg_at_20_std": 0.656335,
                "nauc_ndcg_at_20_diff1": 0.857503,
                "nauc_ndcg_at_100_max": 0.76243,
                "nauc_ndcg_at_100_std": 0.656335,
                "nauc_ndcg_at_100_diff1": 0.857503,
                "nauc_ndcg_at_1000_max": 0.76243,
                "nauc_ndcg_at_1000_std": 0.656335,
                "nauc_ndcg_at_1000_diff1": 0.857503,
                "nauc_map_at_1_max": 0.749763,
                "nauc_map_at_1_std": 0.636788,
                "nauc_map_at_1_diff1": 0.862402,
                "nauc_map_at_3_max": 0.769429,
                "nauc_map_at_3_std": 0.66121,
                "nauc_map_at_3_diff1": 0.856184,
                "nauc_map_at_5_max": 0.761509,
                "nauc_map_at_5_std": 0.655055,
                "nauc_map_at_5_diff1": 0.857783,
                "nauc_map_at_10_max": 0.761509,
                "nauc_map_at_10_std": 0.655055,
                "nauc_map_at_10_diff1": 0.857783,
                "nauc_map_at_20_max": 0.761509,
                "nauc_map_at_20_std": 0.655055,
                "nauc_map_at_20_diff1": 0.857783,
                "nauc_map_at_100_max": 0.761509,
                "nauc_map_at_100_std": 0.655055,
                "nauc_map_at_100_diff1": 0.857783,
                "nauc_map_at_1000_max": 0.761509,
                "nauc_map_at_1000_std": 0.655055,
                "nauc_map_at_1000_diff1": 0.857783,
                "nauc_recall_at_1_max": 0.749763,
                "nauc_recall_at_1_std": 0.636788,
                "nauc_recall_at_1_diff1": 0.862402,
                "nauc_recall_at_3_max": 0.885186,
                "nauc_recall_at_3_std": 0.757142,
                "nauc_recall_at_3_diff1": 0.835603,
                "nauc_recall_at_5_max": NaN,
                "nauc_recall_at_5_std": NaN,
                "nauc_recall_at_5_diff1": NaN,
                "nauc_recall_at_10_max": NaN,
                "nauc_recall_at_10_std": NaN,
                "nauc_recall_at_10_diff1": NaN,
                "nauc_recall_at_20_max": NaN,
                "nauc_recall_at_20_std": NaN,
                "nauc_recall_at_20_diff1": NaN,
                "nauc_recall_at_100_max": NaN,
                "nauc_recall_at_100_std": NaN,
                "nauc_recall_at_100_diff1": NaN,
                "nauc_recall_at_1000_max": NaN,
                "nauc_recall_at_1000_std": NaN,
                "nauc_recall_at_1000_diff1": NaN,
                "nauc_precision_at_1_max": 0.749763,
                "nauc_precision_at_1_std": 0.636788,
                "nauc_precision_at_1_diff1": 0.862402,
                "nauc_precision_at_3_max": 0.885186,
                "nauc_precision_at_3_std": 0.757142,
                "nauc_precision_at_3_diff1": 0.835603,
                "nauc_precision_at_5_max": 1.0,
                "nauc_precision_at_5_std": 1.0,
                "nauc_precision_at_5_diff1": 1.0,
                "nauc_precision_at_10_max": 1.0,
                "nauc_precision_at_10_std": 1.0,
                "nauc_precision_at_10_diff1": 1.0,
                "nauc_precision_at_20_max": 1.0,
                "nauc_precision_at_20_std": 1.0,
                "nauc_precision_at_20_diff1": 1.0,
                "nauc_precision_at_100_max": 1.0,
                "nauc_precision_at_100_std": 1.0,
                "nauc_precision_at_100_diff1": 1.0,
                "nauc_precision_at_1000_max": 1.0,
                "nauc_precision_at_1000_std": 1.0,
                "nauc_precision_at_1000_diff1": 1.0,
                "nauc_mrr_at_1_max": 0.749763,
                "nauc_mrr_at_1_std": 0.636788,
                "nauc_mrr_at_1_diff1": 0.862402,
                "nauc_mrr_at_3_max": 0.769429,
                "nauc_mrr_at_3_std": 0.66121,
                "nauc_mrr_at_3_diff1": 0.856184,
                "nauc_mrr_at_5_max": 0.761509,
                "nauc_mrr_at_5_std": 0.655055,
                "nauc_mrr_at_5_diff1": 0.857783,
                "nauc_mrr_at_10_max": 0.761509,
                "nauc_mrr_at_10_std": 0.655055,
                "nauc_mrr_at_10_diff1": 0.857783,
                "nauc_mrr_at_20_max": 0.761509,
                "nauc_mrr_at_20_std": 0.655055,
                "nauc_mrr_at_20_diff1": 0.857783,
                "nauc_mrr_at_100_max": 0.761509,
                "nauc_mrr_at_100_std": 0.655055,
                "nauc_mrr_at_100_diff1": 0.857783,
                "nauc_mrr_at_1000_max": 0.761509,
                "nauc_mrr_at_1000_std": 0.655055,
                "nauc_mrr_at_1000_diff1": 0.857783,
                "cv_recall_at_1": 0.88088,
                "cv_recall_at_3": 0.9799,
                "cv_recall_at_5": 1.0,
                "cv_recall_at_10": 1.0,
                "cv_recall_at_20": 1.0,
                "cv_recall_at_100": 1.0,
                "cv_recall_at_1000": 1.0,
                "main_score": 0.93113,
                "hf_subset": "default",
                "languages": [
                    "slk-Latn"
                ]
            }
        ]
    },
    "evaluation_time": 122.6531343460083,
    "kg_co2_emissions": null
}
