{
    "dataset_revision": "c5a6521a4ddce3450fb04ba218623681a9189c6d",
    "task_name": "SMESumRetrieval",
    "mteb_version": "1.39.7",
    "scores": {
        "test": [
            {
                "ndcg_at_1": 0.74833,
                "ndcg_at_3": 0.80899,
                "ndcg_at_5": 0.82469,
                "ndcg_at_10": 0.83646,
                "ndcg_at_20": 0.84528,
                "ndcg_at_100": 0.85145,
                "ndcg_at_1000": 0.85254,
                "map_at_1": 0.74833,
                "map_at_3": 0.79472,
                "map_at_5": 0.80339,
                "map_at_10": 0.80819,
                "map_at_20": 0.81061,
                "map_at_100": 0.81157,
                "map_at_1000": 0.81161,
                "recall_at_1": 0.74833,
                "recall_at_3": 0.85,
                "recall_at_5": 0.88833,
                "recall_at_10": 0.925,
                "recall_at_20": 0.96,
                "recall_at_100": 0.99167,
                "recall_at_1000": 1.0,
                "accuracy": 0.74833,
                "precision_at_1": 0.74833,
                "precision_at_3": 0.28333,
                "precision_at_5": 0.17767,
                "precision_at_10": 0.0925,
                "precision_at_20": 0.048,
                "precision_at_100": 0.00992,
                "precision_at_1000": 0.001,
                "mrr_at_1": 0.748333,
                "mrr_at_3": 0.794722,
                "mrr_at_5": 0.803389,
                "mrr_at_10": 0.808187,
                "mrr_at_20": 0.810606,
                "mrr_at_100": 0.811568,
                "mrr_at_1000": 0.811614,
                "nauc_ndcg_at_1_max": 0.709025,
                "nauc_ndcg_at_1_std": 0.047971,
                "nauc_ndcg_at_1_diff1": 0.869308,
                "nauc_ndcg_at_3_max": 0.712243,
                "nauc_ndcg_at_3_std": 0.044927,
                "nauc_ndcg_at_3_diff1": 0.850804,
                "nauc_ndcg_at_5_max": 0.697656,
                "nauc_ndcg_at_5_std": 0.055657,
                "nauc_ndcg_at_5_diff1": 0.843232,
                "nauc_ndcg_at_10_max": 0.71042,
                "nauc_ndcg_at_10_std": 0.081938,
                "nauc_ndcg_at_10_diff1": 0.849495,
                "nauc_ndcg_at_20_max": 0.718766,
                "nauc_ndcg_at_20_std": 0.088281,
                "nauc_ndcg_at_20_diff1": 0.857661,
                "nauc_ndcg_at_100_max": 0.714117,
                "nauc_ndcg_at_100_std": 0.075474,
                "nauc_ndcg_at_100_diff1": 0.855375,
                "nauc_ndcg_at_1000_max": 0.712977,
                "nauc_ndcg_at_1000_std": 0.069565,
                "nauc_ndcg_at_1000_diff1": 0.855462,
                "nauc_map_at_1_max": 0.709025,
                "nauc_map_at_1_std": 0.047971,
                "nauc_map_at_1_diff1": 0.869308,
                "nauc_map_at_3_max": 0.712729,
                "nauc_map_at_3_std": 0.047392,
                "nauc_map_at_3_diff1": 0.855937,
                "nauc_map_at_5_max": 0.705291,
                "nauc_map_at_5_std": 0.052468,
                "nauc_map_at_5_diff1": 0.852184,
                "nauc_map_at_10_max": 0.709979,
                "nauc_map_at_10_std": 0.061912,
                "nauc_map_at_10_diff1": 0.854708,
                "nauc_map_at_20_max": 0.712228,
                "nauc_map_at_20_std": 0.063336,
                "nauc_map_at_20_diff1": 0.856739,
                "nauc_map_at_100_max": 0.711687,
                "nauc_map_at_100_std": 0.061626,
                "nauc_map_at_100_diff1": 0.856526,
                "nauc_map_at_1000_max": 0.711649,
                "nauc_map_at_1000_std": 0.061442,
                "nauc_map_at_1000_diff1": 0.856539,
                "nauc_recall_at_1_max": 0.709025,
                "nauc_recall_at_1_std": 0.047971,
                "nauc_recall_at_1_diff1": 0.869308,
                "nauc_recall_at_3_max": 0.709643,
                "nauc_recall_at_3_std": 0.03476,
                "nauc_recall_at_3_diff1": 0.831527,
                "nauc_recall_at_5_max": 0.657579,
                "nauc_recall_at_5_std": 0.072884,
                "nauc_recall_at_5_diff1": 0.79973,
                "nauc_recall_at_10_max": 0.71884,
                "nauc_recall_at_10_std": 0.242836,
                "nauc_recall_at_10_diff1": 0.817626,
                "nauc_recall_at_20_max": 0.832147,
                "nauc_recall_at_20_std": 0.464908,
                "nauc_recall_at_20_diff1": 0.901572,
                "nauc_recall_at_100_max": 0.855275,
                "nauc_recall_at_100_std": 0.824556,
                "nauc_recall_at_100_diff1": 0.855275,
                "nauc_recall_at_1000_max": NaN,
                "nauc_recall_at_1000_std": NaN,
                "nauc_recall_at_1000_diff1": NaN,
                "nauc_precision_at_1_max": 0.709025,
                "nauc_precision_at_1_std": 0.047971,
                "nauc_precision_at_1_diff1": 0.869308,
                "nauc_precision_at_3_max": 0.709643,
                "nauc_precision_at_3_std": 0.03476,
                "nauc_precision_at_3_diff1": 0.831527,
                "nauc_precision_at_5_max": 0.657579,
                "nauc_precision_at_5_std": 0.072884,
                "nauc_precision_at_5_diff1": 0.79973,
                "nauc_precision_at_10_max": 0.71884,
                "nauc_precision_at_10_std": 0.242836,
                "nauc_precision_at_10_diff1": 0.817626,
                "nauc_precision_at_20_max": 0.832147,
                "nauc_precision_at_20_std": 0.464908,
                "nauc_precision_at_20_diff1": 0.901572,
                "nauc_precision_at_100_max": 0.855275,
                "nauc_precision_at_100_std": 0.824556,
                "nauc_precision_at_100_diff1": 0.855275,
                "nauc_precision_at_1000_max": 1.0,
                "nauc_precision_at_1000_std": 1.0,
                "nauc_precision_at_1000_diff1": 1.0,
                "nauc_mrr_at_1_max": 0.709025,
                "nauc_mrr_at_1_std": 0.047971,
                "nauc_mrr_at_1_diff1": 0.869308,
                "nauc_mrr_at_3_max": 0.712729,
                "nauc_mrr_at_3_std": 0.047392,
                "nauc_mrr_at_3_diff1": 0.855937,
                "nauc_mrr_at_5_max": 0.705291,
                "nauc_mrr_at_5_std": 0.052468,
                "nauc_mrr_at_5_diff1": 0.852184,
                "nauc_mrr_at_10_max": 0.709979,
                "nauc_mrr_at_10_std": 0.061912,
                "nauc_mrr_at_10_diff1": 0.854708,
                "nauc_mrr_at_20_max": 0.712228,
                "nauc_mrr_at_20_std": 0.063336,
                "nauc_mrr_at_20_diff1": 0.856739,
                "nauc_mrr_at_100_max": 0.711687,
                "nauc_mrr_at_100_std": 0.061626,
                "nauc_mrr_at_100_diff1": 0.856526,
                "nauc_mrr_at_1000_max": 0.711649,
                "nauc_mrr_at_1000_std": 0.061442,
                "nauc_mrr_at_1000_diff1": 0.856539,
                "cv_recall_at_1": 0.74833,
                "cv_recall_at_3": 0.85,
                "cv_recall_at_5": 0.88833,
                "cv_recall_at_10": 0.925,
                "cv_recall_at_20": 0.96,
                "cv_recall_at_100": 0.99167,
                "cv_recall_at_1000": 1.0,
                "main_score": 0.83646,
                "hf_subset": "default",
                "languages": [
                    "slk-Latn"
                ]
            }
        ]
    },
    "evaluation_time": 5.578136682510376,
    "kg_co2_emissions": null
}
