{
    "dataset_revision": "f64f483ad0f31d2e78209d524c14a4a867965959",
    "task_name": "WebFAQRetrieval",
    "mteb_version": "1.39.7",
    "scores": {
        "test": [
            {
                "ndcg_at_1": 0.72027,
                "ndcg_at_3": 0.79936,
                "ndcg_at_5": 0.8141,
                "ndcg_at_10": 0.8253,
                "ndcg_at_20": 0.83255,
                "ndcg_at_100": 0.83845,
                "ndcg_at_1000": 0.84058,
                "map_at_1": 0.72027,
                "map_at_3": 0.78047,
                "map_at_5": 0.78864,
                "map_at_10": 0.79333,
                "map_at_20": 0.79535,
                "map_at_100": 0.79621,
                "map_at_1000": 0.7963,
                "recall_at_1": 0.72027,
                "recall_at_3": 0.85379,
                "recall_at_5": 0.88963,
                "recall_at_10": 0.92388,
                "recall_at_20": 0.95243,
                "recall_at_100": 0.98351,
                "recall_at_1000": 0.99968,
                "accuracy": 0.72027,
                "precision_at_1": 0.72027,
                "precision_at_3": 0.2846,
                "precision_at_5": 0.17793,
                "precision_at_10": 0.09239,
                "precision_at_20": 0.04762,
                "precision_at_100": 0.00984,
                "precision_at_1000": 0.001,
                "mrr_at_1": 0.719949,
                "mrr_at_3": 0.780738,
                "mrr_at_5": 0.788778,
                "mrr_at_10": 0.793592,
                "mrr_at_20": 0.795596,
                "mrr_at_100": 0.796448,
                "mrr_at_1000": 0.79654,
                "nauc_ndcg_at_1_max": 0.505919,
                "nauc_ndcg_at_1_std": -0.054025,
                "nauc_ndcg_at_1_diff1": 0.814426,
                "nauc_ndcg_at_3_max": 0.497205,
                "nauc_ndcg_at_3_std": -0.09854,
                "nauc_ndcg_at_3_diff1": 0.791572,
                "nauc_ndcg_at_5_max": 0.491488,
                "nauc_ndcg_at_5_std": -0.107931,
                "nauc_ndcg_at_5_diff1": 0.789322,
                "nauc_ndcg_at_10_max": 0.485206,
                "nauc_ndcg_at_10_std": -0.113145,
                "nauc_ndcg_at_10_diff1": 0.788526,
                "nauc_ndcg_at_20_max": 0.487788,
                "nauc_ndcg_at_20_std": -0.111379,
                "nauc_ndcg_at_20_diff1": 0.790479,
                "nauc_ndcg_at_100_max": 0.491176,
                "nauc_ndcg_at_100_std": -0.098123,
                "nauc_ndcg_at_100_diff1": 0.792952,
                "nauc_ndcg_at_1000_max": 0.492151,
                "nauc_ndcg_at_1000_std": -0.09779,
                "nauc_ndcg_at_1000_diff1": 0.794164,
                "nauc_map_at_1_max": 0.505919,
                "nauc_map_at_1_std": -0.054025,
                "nauc_map_at_1_diff1": 0.814426,
                "nauc_map_at_3_max": 0.498728,
                "nauc_map_at_3_std": -0.086973,
                "nauc_map_at_3_diff1": 0.797945,
                "nauc_map_at_5_max": 0.496066,
                "nauc_map_at_5_std": -0.091221,
                "nauc_map_at_5_diff1": 0.797138,
                "nauc_map_at_10_max": 0.493934,
                "nauc_map_at_10_std": -0.092508,
                "nauc_map_at_10_diff1": 0.796825,
                "nauc_map_at_20_max": 0.494409,
                "nauc_map_at_20_std": -0.09212,
                "nauc_map_at_20_diff1": 0.797329,
                "nauc_map_at_100_max": 0.494867,
                "nauc_map_at_100_std": -0.090591,
                "nauc_map_at_100_diff1": 0.797671,
                "nauc_map_at_1000_max": 0.494905,
                "nauc_map_at_1000_std": -0.090569,
                "nauc_map_at_1000_diff1": 0.797707,
                "nauc_recall_at_1_max": 0.505919,
                "nauc_recall_at_1_std": -0.054025,
                "nauc_recall_at_1_diff1": 0.814426,
                "nauc_recall_at_3_max": 0.49162,
                "nauc_recall_at_3_std": -0.144719,
                "nauc_recall_at_3_diff1": 0.765835,
                "nauc_recall_at_5_max": 0.467528,
                "nauc_recall_at_5_std": -0.193338,
                "nauc_recall_at_5_diff1": 0.749443,
                "nauc_recall_at_10_max": 0.416606,
                "nauc_recall_at_10_std": -0.266083,
                "nauc_recall_at_10_diff1": 0.729796,
                "nauc_recall_at_20_max": 0.414306,
                "nauc_recall_at_20_std": -0.328091,
                "nauc_recall_at_20_diff1": 0.720141,
                "nauc_recall_at_100_max": 0.429699,
                "nauc_recall_at_100_std": -0.10227,
                "nauc_recall_at_100_diff1": 0.70129,
                "nauc_recall_at_1000_max": 0.554138,
                "nauc_recall_at_1000_std": 0.35808,
                "nauc_recall_at_1000_diff1": 0.554138,
                "nauc_precision_at_1_max": 0.505919,
                "nauc_precision_at_1_std": -0.054025,
                "nauc_precision_at_1_diff1": 0.814426,
                "nauc_precision_at_3_max": 0.49162,
                "nauc_precision_at_3_std": -0.144719,
                "nauc_precision_at_3_diff1": 0.765835,
                "nauc_precision_at_5_max": 0.467528,
                "nauc_precision_at_5_std": -0.193338,
                "nauc_precision_at_5_diff1": 0.749443,
                "nauc_precision_at_10_max": 0.416606,
                "nauc_precision_at_10_std": -0.266083,
                "nauc_precision_at_10_diff1": 0.729796,
                "nauc_precision_at_20_max": 0.414306,
                "nauc_precision_at_20_std": -0.328091,
                "nauc_precision_at_20_diff1": 0.720141,
                "nauc_precision_at_100_max": 0.429699,
                "nauc_precision_at_100_std": -0.10227,
                "nauc_precision_at_100_diff1": 0.70129,
                "nauc_precision_at_1000_max": 0.554138,
                "nauc_precision_at_1000_std": 0.35808,
                "nauc_precision_at_1000_diff1": 0.554138,
                "nauc_mrr_at_1_max": 0.505859,
                "nauc_mrr_at_1_std": -0.054705,
                "nauc_mrr_at_1_diff1": 0.814959,
                "nauc_mrr_at_3_max": 0.500285,
                "nauc_mrr_at_3_std": -0.084385,
                "nauc_mrr_at_3_diff1": 0.797784,
                "nauc_mrr_at_5_max": 0.49647,
                "nauc_mrr_at_5_std": -0.090544,
                "nauc_mrr_at_5_diff1": 0.797217,
                "nauc_mrr_at_10_max": 0.494484,
                "nauc_mrr_at_10_std": -0.091187,
                "nauc_mrr_at_10_diff1": 0.796839,
                "nauc_mrr_at_20_max": 0.495006,
                "nauc_mrr_at_20_std": -0.090549,
                "nauc_mrr_at_20_diff1": 0.797259,
                "nauc_mrr_at_100_max": 0.495525,
                "nauc_mrr_at_100_std": -0.089015,
                "nauc_mrr_at_100_diff1": 0.797654,
                "nauc_mrr_at_1000_max": 0.495563,
                "nauc_mrr_at_1000_std": -0.088993,
                "nauc_mrr_at_1000_diff1": 0.79769,
                "cv_recall_at_1": 0.71995,
                "cv_recall_at_3": 0.85442,
                "cv_recall_at_5": 0.88963,
                "cv_recall_at_10": 0.92483,
                "cv_recall_at_20": 0.95306,
                "cv_recall_at_100": 0.98351,
                "cv_recall_at_1000": 0.99968,
                "main_score": 0.8253,
                "hf_subset": "slk",
                "languages": [
                    "slk-Latn"
                ]
            }
        ]
    },
    "evaluation_time": 95.26780247688293,
    "kg_co2_emissions": null
}
