{
  "dataset_revision": "75b399394a9803252cfec289d103de462763db7c",
  "task_name": "BelebeleRetrieval",
  "mteb_version": "1.39.7",
  "scores": {
    "test": [
      {
        "ndcg_at_1": 0.76889,
        "ndcg_at_3": 0.82455,
        "ndcg_at_5": 0.83421,
        "ndcg_at_10": 0.84732,
        "ndcg_at_20": 0.85234,
        "ndcg_at_100": 0.85888,
        "ndcg_at_1000": 0.86121,
        "map_at_1": 0.76889,
        "map_at_3": 0.81111,
        "map_at_5": 0.8165,
        "map_at_10": 0.82201,
        "map_at_20": 0.82338,
        "map_at_100": 0.82425,
        "map_at_1000": 0.82435,
        "recall_at_1": 0.76889,
        "recall_at_3": 0.86333,
        "recall_at_5": 0.88667,
        "recall_at_10": 0.92667,
        "recall_at_20": 0.94667,
        "recall_at_100": 0.98222,
        "recall_at_1000": 1.0,
        "precision_at_1": 0.76889,
        "precision_at_3": 0.28778,
        "precision_at_5": 0.17733,
        "precision_at_10": 0.09267,
        "precision_at_20": 0.04733,
        "precision_at_100": 0.00982,
        "precision_at_1000": 0.001,
        "mrr_at_1": 0.768889,
        "mrr_at_3": 0.811111,
        "mrr_at_5": 0.8165,
        "mrr_at_10": 0.822014,
        "mrr_at_20": 0.823378,
        "mrr_at_100": 0.824251,
        "mrr_at_1000": 0.824349,
        "nauc_ndcg_at_1_max": 0.756287,
        "nauc_ndcg_at_1_std": -0.055522,
        "nauc_ndcg_at_1_diff1": 0.877033,
        "nauc_ndcg_at_3_max": 0.781633,
        "nauc_ndcg_at_3_std": -0.010176,
        "nauc_ndcg_at_3_diff1": 0.851883,
        "nauc_ndcg_at_5_max": 0.778661,
        "nauc_ndcg_at_5_std": -0.008081,
        "nauc_ndcg_at_5_diff1": 0.849305,
        "nauc_ndcg_at_10_max": 0.777088,
        "nauc_ndcg_at_10_std": -0.015631,
        "nauc_ndcg_at_10_diff1": 0.853109,
        "nauc_ndcg_at_20_max": 0.778518,
        "nauc_ndcg_at_20_std": -0.016054,
        "nauc_ndcg_at_20_diff1": 0.857251,
        "nauc_ndcg_at_100_max": 0.775808,
        "nauc_ndcg_at_100_std": -0.022657,
        "nauc_ndcg_at_100_diff1": 0.858279,
        "nauc_ndcg_at_1000_max": 0.774113,
        "nauc_ndcg_at_1000_std": -0.023947,
        "nauc_ndcg_at_1000_diff1": 0.858014,
        "nauc_map_at_1_max": 0.756287,
        "nauc_map_at_1_std": -0.055522,
        "nauc_map_at_1_diff1": 0.877033,
        "nauc_map_at_3_max": 0.774212,
        "nauc_map_at_3_std": -0.025438,
        "nauc_map_at_3_diff1": 0.858561,
        "nauc_map_at_5_max": 0.772382,
        "nauc_map_at_5_std": -0.025187,
        "nauc_map_at_5_diff1": 0.857509,
        "nauc_map_at_10_max": 0.771365,
        "nauc_map_at_10_std": -0.029266,
        "nauc_map_at_10_diff1": 0.859161,
        "nauc_map_at_20_max": 0.771601,
        "nauc_map_at_20_std": -0.029549,
        "nauc_map_at_20_diff1": 0.860178,
        "nauc_map_at_100_max": 0.771181,
        "nauc_map_at_100_std": -0.030228,
        "nauc_map_at_100_diff1": 0.860229,
        "nauc_map_at_1000_max": 0.771134,
        "nauc_map_at_1000_std": -0.030226,
        "nauc_map_at_1000_diff1": 0.860218,
        "nauc_recall_at_1_max": 0.756287,
        "nauc_recall_at_1_std": -0.055522,
        "nauc_recall_at_1_diff1": 0.877033,
        "nauc_recall_at_3_max": 0.810106,
        "nauc_recall_at_3_std": 0.049452,
        "nauc_recall_at_3_diff1": 0.826627,
        "nauc_recall_at_5_max": 0.805986,
        "nauc_recall_at_5_std": 0.069857,
        "nauc_recall_at_5_diff1": 0.812871,
        "nauc_recall_at_10_max": 0.813648,
        "nauc_recall_at_10_std": 0.074583,
        "nauc_recall_at_10_diff1": 0.816385,
        "nauc_recall_at_20_max": 0.842904,
        "nauc_recall_at_20_std": 0.105314,
        "nauc_recall_at_20_diff1": 0.844732,
        "nauc_recall_at_100_max": 0.875554,
        "nauc_recall_at_100_std": 0.071137,
        "nauc_recall_at_100_diff1": 0.872053,
        "nauc_recall_at_1000_max": NaN,
        "nauc_recall_at_1000_std": NaN,
        "nauc_recall_at_1000_diff1": NaN,
        "nauc_precision_at_1_max": 0.756287,
        "nauc_precision_at_1_std": -0.055522,
        "nauc_precision_at_1_diff1": 0.877033,
        "nauc_precision_at_3_max": 0.810106,
        "nauc_precision_at_3_std": 0.049452,
        "nauc_precision_at_3_diff1": 0.826627,
        "nauc_precision_at_5_max": 0.805986,
        "nauc_precision_at_5_std": 0.069857,
        "nauc_precision_at_5_diff1": 0.812871,
        "nauc_precision_at_10_max": 0.813648,
        "nauc_precision_at_10_std": 0.074583,
        "nauc_precision_at_10_diff1": 0.816385,
        "nauc_precision_at_20_max": 0.842904,
        "nauc_precision_at_20_std": 0.105314,
        "nauc_precision_at_20_diff1": 0.844732,
        "nauc_precision_at_100_max": 0.875554,
        "nauc_precision_at_100_std": 0.071137,
        "nauc_precision_at_100_diff1": 0.872053,
        "nauc_precision_at_1000_max": NaN,
        "nauc_precision_at_1000_std": NaN,
        "nauc_precision_at_1000_diff1": NaN,
        "nauc_mrr_at_1_max": 0.756287,
        "nauc_mrr_at_1_std": -0.055522,
        "nauc_mrr_at_1_diff1": 0.877033,
        "nauc_mrr_at_3_max": 0.774212,
        "nauc_mrr_at_3_std": -0.025438,
        "nauc_mrr_at_3_diff1": 0.858561,
        "nauc_mrr_at_5_max": 0.772382,
        "nauc_mrr_at_5_std": -0.025187,
        "nauc_mrr_at_5_diff1": 0.857509,
        "nauc_mrr_at_10_max": 0.771365,
        "nauc_mrr_at_10_std": -0.029266,
        "nauc_mrr_at_10_diff1": 0.859161,
        "nauc_mrr_at_20_max": 0.771601,
        "nauc_mrr_at_20_std": -0.029549,
        "nauc_mrr_at_20_diff1": 0.860178,
        "nauc_mrr_at_100_max": 0.771181,
        "nauc_mrr_at_100_std": -0.030228,
        "nauc_mrr_at_100_diff1": 0.860229,
        "nauc_mrr_at_1000_max": 0.771134,
        "nauc_mrr_at_1000_std": -0.030226,
        "nauc_mrr_at_1000_diff1": 0.860218,
        "main_score": 0.84732,
        "hf_subset": "slk_Latn-slk_Latn",
        "languages": [
          "slk-Latn",
          "slk-Latn"
        ]
      },
      {
        "ndcg_at_1": 0.83889,
        "ndcg_at_3": 0.89174,
        "ndcg_at_5": 0.90317,
        "ndcg_at_10": 0.90947,
        "ndcg_at_20": 0.91286,
        "ndcg_at_100": 0.91439,
        "ndcg_at_1000": 0.91481,
        "map_at_1": 0.83889,
        "map_at_3": 0.87889,
        "map_at_5": 0.88522,
        "map_at_10": 0.88793,
        "map_at_20": 0.88887,
        "map_at_100": 0.88912,
        "map_at_1000": 0.88913,
        "recall_at_1": 0.83889,
        "recall_at_3": 0.92889,
        "recall_at_5": 0.95667,
        "recall_at_10": 0.97556,
        "recall_at_20": 0.98889,
        "recall_at_100": 0.99667,
        "recall_at_1000": 1.0,
        "precision_at_1": 0.83889,
        "precision_at_3": 0.30963,
        "precision_at_5": 0.19133,
        "precision_at_10": 0.09756,
        "precision_at_20": 0.04944,
        "precision_at_100": 0.00997,
        "precision_at_1000": 0.001,
        "mrr_at_1": 0.838889,
        "mrr_at_3": 0.878889,
        "mrr_at_5": 0.885222,
        "mrr_at_10": 0.88793,
        "mrr_at_20": 0.888866,
        "mrr_at_100": 0.889119,
        "mrr_at_1000": 0.889133,
        "nauc_ndcg_at_1_max": 0.768939,
        "nauc_ndcg_at_1_std": -0.079064,
        "nauc_ndcg_at_1_diff1": 0.911227,
        "nauc_ndcg_at_3_max": 0.801562,
        "nauc_ndcg_at_3_std": 0.019394,
        "nauc_ndcg_at_3_diff1": 0.881138,
        "nauc_ndcg_at_5_max": 0.802658,
        "nauc_ndcg_at_5_std": 0.013675,
        "nauc_ndcg_at_5_diff1": 0.884799,
        "nauc_ndcg_at_10_max": 0.794266,
        "nauc_ndcg_at_10_std": -0.016658,
        "nauc_ndcg_at_10_diff1": 0.886786,
        "nauc_ndcg_at_20_max": 0.795808,
        "nauc_ndcg_at_20_std": -0.005599,
        "nauc_ndcg_at_20_diff1": 0.889762,
        "nauc_ndcg_at_100_max": 0.793139,
        "nauc_ndcg_at_100_std": -0.009941,
        "nauc_ndcg_at_100_diff1": 0.891729,
        "nauc_ndcg_at_1000_max": 0.792089,
        "nauc_ndcg_at_1000_std": -0.014564,
        "nauc_ndcg_at_1000_diff1": 0.891416,
        "nauc_map_at_1_max": 0.768939,