{
  "dataset_revision": "09f81f51dd5b8497da16d02c69c98d5cb5993ef2",
  "task_name": "SKQuadRetrieval",
  "mteb_version": "1.39.7",
  "scores": {
    "test": [
      {
        "ndcg_at_1": 0.48818,
        "ndcg_at_3": 0.5489,
        "ndcg_at_5": 0.57993,
        "ndcg_at_10": 0.61277,
        "ndcg_at_20": 0.63417,
        "ndcg_at_100": 0.66101,
        "ndcg_at_1000": 0.66842,
        "map_at_1": 0.32333,
        "map_at_3": 0.43885,
        "map_at_5": 0.46038,
        "map_at_10": 0.48194,
        "map_at_20": 0.49228,
        "map_at_100": 0.50043,
        "map_at_1000": 0.50101,
        "recall_at_1": 0.32333,
        "recall_at_3": 0.55559,
        "recall_at_5": 0.62755,
        "recall_at_10": 0.72399,
        "recall_at_20": 0.80128,
        "recall_at_100": 0.93334,
        "recall_at_1000": 0.99258,
        "precision_at_1": 0.49647,
        "precision_at_3": 0.29071,
        "precision_at_5": 0.20159,
        "precision_at_10": 0.12108,
        "precision_at_20": 0.06927,
        "precision_at_100": 0.0171,
        "precision_at_1000": 0.00184,
        "mrr_at_1": 0.496473,
        "mrr_at_3": 0.63301,
        "mrr_at_5": 0.650647,
        "mrr_at_10": 0.658788,
        "mrr_at_20": 0.660745,
        "mrr_at_100": 0.661419,
        "mrr_at_1000": 0.661499,
        "nauc_ndcg_at_1_max": 0.183322,
        "nauc_ndcg_at_1_std": -0.055273,
        "nauc_ndcg_at_1_diff1": 0.341652,
        "nauc_ndcg_at_3_max": 0.163377,
        "nauc_ndcg_at_3_std": -0.121738,
        "nauc_ndcg_at_3_diff1": 0.239579,
        "nauc_ndcg_at_5_max": 0.14994,
        "nauc_ndcg_at_5_std": -0.131182,
        "nauc_ndcg_at_5_diff1": 0.243471,
        "nauc_ndcg_at_10_max": 0.153323,
        "nauc_ndcg_at_10_std": -0.122957,
        "nauc_ndcg_at_10_diff1": 0.241266,
        "nauc_ndcg_at_20_max": 0.180602,
        "nauc_ndcg_at_20_std": -0.088513,
        "nauc_ndcg_at_20_diff1": 0.247141,
        "nauc_ndcg_at_100_max": 0.20107,
        "nauc_ndcg_at_100_std": -0.062999,
        "nauc_ndcg_at_100_diff1": 0.248531,
        "nauc_ndcg_at_1000_max": 0.192182,
        "nauc_ndcg_at_1000_std": -0.077081,
        "nauc_ndcg_at_1000_diff1": 0.255007,
        "nauc_map_at_1_max": 0.086699,
        "nauc_map_at_1_std": -0.099747,
        "nauc_map_at_1_diff1": 0.309548,
        "nauc_map_at_3_max": 0.101645,
        "nauc_map_at_3_std": -0.13423,
        "nauc_map_at_3_diff1": 0.248001,
        "nauc_map_at_5_max": 0.096051,
        "nauc_map_at_5_std": -0.14143,
        "nauc_map_at_5_diff1": 0.245965,
        "nauc_map_at_10_max": 0.101529,
        "nauc_map_at_10_std": -0.136928,
        "nauc_map_at_10_diff1": 0.240824,
        "nauc_map_at_20_max": 0.113586,
        "nauc_map_at_20_std": -0.124845,
        "nauc_map_at_20_diff1": 0.241013,
        "nauc_map_at_100_max": 0.119757,
        "nauc_map_at_100_std": -0.117211,
        "nauc_map_at_100_diff1": 0.241504,
        "nauc_map_at_1000_max": 0.119506,
        "nauc_map_at_1000_std": -0.117792,
        "nauc_map_at_1000_diff1": 0.241659,
        "nauc_recall_at_1_max": 0.086699,
        "nauc_recall_at_1_std": -0.099747,
        "nauc_recall_at_1_diff1": 0.309548,
        "nauc_recall_at_3_max": 0.078219,
        "nauc_recall_at_3_std": -0.153559,
        "nauc_recall_at_3_diff1": 0.14229,
        "nauc_recall_at_5_max": 0.034164,
        "nauc_recall_at_5_std": -0.165951,
        "nauc_recall_at_5_diff1": 0.115983,
        "nauc_recall_at_10_max": 0.016841,
        "nauc_recall_at_10_std": -0.143741,
        "nauc_recall_at_10_diff1": 0.076576,
        "nauc_recall_at_20_max": 0.112949,
        "nauc_recall_at_20_std": -0.000817,
        "nauc_recall_at_20_diff1": 0.070868,
        "nauc_recall_at_100_max": 0.399106,
        "nauc_recall_at_100_std": 0.425824,
        "nauc_recall_at_100_diff1": -0.015038,
        "nauc_recall_at_1000_max": 0.588491,
        "nauc_recall_at_1000_std": 0.902808,
        "nauc_recall_at_1000_diff1": -0.107316,
        "nauc_precision_at_1_max": 0.19003,
        "nauc_precision_at_1_std": -0.055707,
        "nauc_precision_at_1_diff1": 0.333122,
        "nauc_precision_at_3_max": 0.261258,
        "nauc_precision_at_3_std": -0.085553,
        "nauc_precision_at_3_diff1": 0.067513,
        "nauc_precision_at_5_max": 0.212046,
        "nauc_precision_at_5_std": -0.070255,
        "nauc_precision_at_5_diff1": -0.005854,
        "nauc_precision_at_10_max": 0.172183,
        "nauc_precision_at_10_std": 0.017449,
        "nauc_precision_at_10_diff1": -0.074285,
        "nauc_precision_at_20_max": 0.228323,
        "nauc_precision_at_20_std": 0.142629,
        "nauc_precision_at_20_diff1": -0.097975,
        "nauc_precision_at_100_max": 0.216164,
        "nauc_precision_at_100_std": 0.211166,
        "nauc_precision_at_100_diff1": -0.123949,
        "nauc_precision_at_1000_max": 0.162448,
        "nauc_precision_at_1000_std": 0.148228,
        "nauc_precision_at_1000_diff1": -0.114063,
        "nauc_mrr_at_1_max": 0.19003,
        "nauc_mrr_at_1_std": -0.055707,
        "nauc_mrr_at_1_diff1": 0.333122,
        "nauc_mrr_at_3_max": 0.245199,
        "nauc_mrr_at_3_std": -0.080083,
        "nauc_mrr_at_3_diff1": 0.288098,
        "nauc_mrr_at_5_max": 0.244183,
        "nauc_mrr_at_5_std": -0.075617,
        "nauc_mrr_at_5_diff1": 0.294497,
        "nauc_mrr_at_10_max": 0.242754,
        "nauc_mrr_at_10_std": -0.070804,
        "nauc_mrr_at_10_diff1": 0.296274,
        "nauc_mrr_at_20_max": 0.243893,
        "nauc_mrr_at_20_std": -0.067579,
        "nauc_mrr_at_20_diff1": 0.297632,
        "nauc_mrr_at_100_max": 0.24308,
        "nauc_mrr_at_100_std": -0.067449,
        "nauc_mrr_at_100_diff1": 0.297174,
        "nauc_mrr_at_1000_max": 0.242897,
        "nauc_mrr_at_1000_std": -0.067682,
        "nauc_mrr_at_1000_diff1": 0.297288,
        "main_score": 0.61277,
        "hf_subset": "default",
        "languages": [
          "slk-Latn"
        ]
      }
    ]
  },
  "evaluation_time": 201.50730967521667,
  "kg_co2_emissions": null
}