{
  "dataset_revision": "85d6b32f2762313714618171b9d1a65eb7408835",
  "task_name": "SlovakSumRetrieval",
  "mteb_version": "1.39.7",
  "scores": {
    "test": [
      {
        "ndcg_at_1": 0.78,
        "ndcg_at_3": 0.83163,
        "ndcg_at_5": 0.84332,
        "ndcg_at_10": 0.85415,
        "ndcg_at_20": 0.85968,
        "ndcg_at_100": 0.86578,
        "ndcg_at_1000": 0.86794,
        "map_at_1": 0.78,
        "map_at_3": 0.81944,
        "map_at_5": 0.82594,
        "map_at_10": 0.83045,
        "map_at_20": 0.83199,
        "map_at_100": 0.83281,
        "map_at_1000": 0.8329,
        "recall_at_1": 0.78,
        "recall_at_3": 0.86667,
        "recall_at_5": 0.895,
        "recall_at_10": 0.92833,
        "recall_at_20": 0.95,
        "recall_at_100": 0.98333,
        "recall_at_1000": 1.0,
        "precision_at_1": 0.78,
        "precision_at_3": 0.28889,
        "precision_at_5": 0.179,
        "precision_at_10": 0.09283,
        "precision_at_20": 0.0475,
        "precision_at_100": 0.00983,
        "precision_at_1000": 0.001,
        "mrr_at_1": 0.78,
        "mrr_at_3": 0.819444,
        "mrr_at_5": 0.825944,
        "mrr_at_10": 0.830452,
        "mrr_at_20": 0.831991,
        "mrr_at_100": 0.832807,
        "mrr_at_1000": 0.832896,
        "nauc_ndcg_at_1_max": 0.791495,
        "nauc_ndcg_at_1_std": -0.021866,
        "nauc_ndcg_at_1_diff1": 0.903483,
        "nauc_ndcg_at_3_max": 0.80303,
        "nauc_ndcg_at_3_std": 0.01222,
        "nauc_ndcg_at_3_diff1": 0.884996,
        "nauc_ndcg_at_5_max": 0.803236,
        "nauc_ndcg_at_5_std": 0.028984,
        "nauc_ndcg_at_5_diff1": 0.885263,
        "nauc_ndcg_at_10_max": 0.801388,
        "nauc_ndcg_at_10_std": 0.018596,
        "nauc_ndcg_at_10_diff1": 0.886144,
        "nauc_ndcg_at_20_max": 0.807894,
        "nauc_ndcg_at_20_std": 0.043212,
        "nauc_ndcg_at_20_diff1": 0.889133,
        "nauc_ndcg_at_100_max": 0.806554,
        "nauc_ndcg_at_100_std": 0.032933,
        "nauc_ndcg_at_100_diff1": 0.890918,
        "nauc_ndcg_at_1000_max": 0.803715,
        "nauc_ndcg_at_1000_std": 0.022274,
        "nauc_ndcg_at_1000_diff1": 0.890621,
        "nauc_map_at_1_max": 0.791495,
        "nauc_map_at_1_std": -0.021866,
        "nauc_map_at_1_diff1": 0.903483,
        "nauc_map_at_3_max": 0.800538,
        "nauc_map_at_3_std": 0.002364,
        "nauc_map_at_3_diff1": 0.890332,
        "nauc_map_at_5_max": 0.800633,
        "nauc_map_at_5_std": 0.010727,
        "nauc_map_at_5_diff1": 0.890709,
        "nauc_map_at_10_max": 0.799898,
        "nauc_map_at_10_std": 0.005872,
        "nauc_map_at_10_diff1": 0.891259,
        "nauc_map_at_20_max": 0.801223,
        "nauc_map_at_20_std": 0.01151,
        "nauc_map_at_20_diff1": 0.891906,
        "nauc_map_at_100_max": 0.801094,
        "nauc_map_at_100_std": 0.010326,
        "nauc_map_at_100_diff1": 0.892101,
        "nauc_map_at_1000_max": 0.801005,
        "nauc_map_at_1000_std": 0.009978,
        "nauc_map_at_1000_diff1": 0.892105,
        "nauc_recall_at_1_max": 0.791495,
        "nauc_recall_at_1_std": -0.021866,
        "nauc_recall_at_1_diff1": 0.903483,
        "nauc_recall_at_3_max": 0.811981,
        "nauc_recall_at_3_std": 0.049409,
        "nauc_recall_at_3_diff1": 0.864865,
        "nauc_recall_at_5_max": 0.814304,
        "nauc_recall_at_5_std": 0.114417,
        "nauc_recall_at_5_diff1": 0.86067,
        "nauc_recall_at_10_max": 0.80834,
        "nauc_recall_at_10_std": 0.098908,
        "nauc_recall_at_10_diff1": 0.853701,
        "nauc_recall_at_20_max": 0.882975,
        "nauc_recall_at_20_std": 0.389013,
        "nauc_recall_at_20_diff1": 0.873016,
        "nauc_recall_at_100_max": 0.972222,
        "nauc_recall_at_100_std": 0.646872,
        "nauc_recall_at_100_diff1": 0.914566,
        "nauc_recall_at_1000_max": NaN,
        "nauc_recall_at_1000_std": NaN,
        "nauc_recall_at_1000_diff1": NaN,
        "nauc_precision_at_1_max": 0.791495,
        "nauc_precision_at_1_std": -0.021866,
        "nauc_precision_at_1_diff1": 0.903483,
        "nauc_precision_at_3_max": 0.811981,
        "nauc_precision_at_3_std": 0.049409,
        "nauc_precision_at_3_diff1": 0.864865,
        "nauc_precision_at_5_max": 0.814304,
        "nauc_precision_at_5_std": 0.114417,
        "nauc_precision_at_5_diff1": 0.86067,
        "nauc_precision_at_10_max": 0.80834,
        "nauc_precision_at_10_std": 0.098908,
        "nauc_precision_at_10_diff1": 0.853701,
        "nauc_precision_at_20_max": 0.882975,
        "nauc_precision_at_20_std": 0.389013,
        "nauc_precision_at_20_diff1": 0.873016,
        "nauc_precision_at_100_max": 0.972222,
        "nauc_precision_at_100_std": 0.646872,
        "nauc_precision_at_100_diff1": 0.914566,
        "nauc_precision_at_1000_max": 1.0,
        "nauc_precision_at_1000_std": 1.0,
        "nauc_precision_at_1000_diff1": 1.0,
        "nauc_mrr_at_1_max": 0.791495,
        "nauc_mrr_at_1_std": -0.021866,
        "nauc_mrr_at_1_diff1": 0.903483,
        "nauc_mrr_at_3_max": 0.800538,
        "nauc_mrr_at_3_std": 0.002364,
        "nauc_mrr_at_3_diff1": 0.890332,
        "nauc_mrr_at_5_max": 0.800633,
        "nauc_mrr_at_5_std": 0.010727,
        "nauc_mrr_at_5_diff1": 0.890709,
        "nauc_mrr_at_10_max": 0.799898,
        "nauc_mrr_at_10_std": 0.005872,
        "nauc_mrr_at_10_diff1": 0.891259,
        "nauc_mrr_at_20_max": 0.801223,
        "nauc_mrr_at_20_std": 0.01151,
        "nauc_mrr_at_20_diff1": 0.891906,
        "nauc_mrr_at_100_max": 0.801094,
        "nauc_mrr_at_100_std": 0.010326,
        "nauc_mrr_at_100_diff1": 0.892101,
        "nauc_mrr_at_1000_max": 0.801005,
        "nauc_mrr_at_1000_std": 0.009978,
        "nauc_mrr_at_1000_diff1": 0.892105,
        "main_score": 0.85415,
        "hf_subset": "default",
        "languages": [
          "slk-Latn"
        ]
      }
    ]
  },
  "evaluation_time": 27.391072034835815,
  "kg_co2_emissions": null
}