{
  "dataset_revision": "c3262adb1c32ac0c3ea8de6393a44366edaa62e1",
  "task_name": "WebFAQRetrieval",
  "mteb_version": "1.39.7",
  "scores": {
    "test": [
      {
        "ndcg_at_1": 0.67428,
        "ndcg_at_3": 0.75098,
        "ndcg_at_5": 0.7692,
        "ndcg_at_10": 0.78327,
        "ndcg_at_20": 0.79159,
        "ndcg_at_100": 0.80136,
        "ndcg_at_1000": 0.80386,
        "map_at_1": 0.67428,
        "map_at_3": 0.73269,
        "map_at_5": 0.74284,
        "map_at_10": 0.74878,
        "map_at_20": 0.75104,
        "map_at_100": 0.75239,
        "map_at_1000": 0.75249,
        "recall_at_1": 0.67428,
        "recall_at_3": 0.80368,
        "recall_at_5": 0.84776,
        "recall_at_10": 0.89058,
        "recall_at_20": 0.92356,
        "recall_at_100": 0.97621,
        "recall_at_1000": 0.99588,
        "precision_at_1": 0.67428,
        "precision_at_3": 0.26789,
        "precision_at_5": 0.16955,
        "precision_at_10": 0.08906,
        "precision_at_20": 0.04618,
        "precision_at_100": 0.00976,
        "precision_at_1000": 0.001,
        "mrr_at_1": 0.673961,
        "mrr_at_3": 0.732847,
        "mrr_at_5": 0.743044,
        "mrr_at_10": 0.748972,
        "mrr_at_20": 0.751149,
        "mrr_at_100": 0.752523,
        "mrr_at_1000": 0.752618,
        "nauc_ndcg_at_1_max": 0.508242,
        "nauc_ndcg_at_1_std": 0.022648,
        "nauc_ndcg_at_1_diff1": 0.806091,
        "nauc_ndcg_at_3_max": 0.525837,
        "nauc_ndcg_at_3_std": 0.014028,
        "nauc_ndcg_at_3_diff1": 0.781757,
        "nauc_ndcg_at_5_max": 0.526002,
        "nauc_ndcg_at_5_std": 0.014417,
        "nauc_ndcg_at_5_diff1": 0.781259,
        "nauc_ndcg_at_10_max": 0.520222,
        "nauc_ndcg_at_10_std": 0.016604,
        "nauc_ndcg_at_10_diff1": 0.779315,
        "nauc_ndcg_at_20_max": 0.521128,
        "nauc_ndcg_at_20_std": 0.018351,
        "nauc_ndcg_at_20_diff1": 0.781947,
        "nauc_ndcg_at_100_max": 0.523214,
        "nauc_ndcg_at_100_std": 0.022919,
        "nauc_ndcg_at_100_diff1": 0.784658,
        "nauc_ndcg_at_1000_max": 0.522362,
        "nauc_ndcg_at_1000_std": 0.021286,
        "nauc_ndcg_at_1000_diff1": 0.785423,
        "nauc_map_at_1_max": 0.508242,
        "nauc_map_at_1_std": 0.022648,
        "nauc_map_at_1_diff1": 0.806091,
        "nauc_map_at_3_max": 0.52198,
        "nauc_map_at_3_std": 0.016215,
        "nauc_map_at_3_diff1": 0.788585,
        "nauc_map_at_5_max": 0.521808,
        "nauc_map_at_5_std": 0.016183,
        "nauc_map_at_5_diff1": 0.78861,
        "nauc_map_at_10_max": 0.519861,
        "nauc_map_at_10_std": 0.01738,
        "nauc_map_at_10_diff1": 0.788085,
        "nauc_map_at_20_max": 0.520003,
        "nauc_map_at_20_std": 0.017769,
        "nauc_map_at_20_diff1": 0.788787,
        "nauc_map_at_100_max": 0.520083,
        "nauc_map_at_100_std": 0.018127,
        "nauc_map_at_100_diff1": 0.789096,
        "nauc_map_at_1000_max": 0.52006,
        "nauc_map_at_1000_std": 0.018089,
        "nauc_map_at_1000_diff1": 0.789124,
        "nauc_recall_at_1_max": 0.508242,
        "nauc_recall_at_1_std": 0.022648,
        "nauc_recall_at_1_diff1": 0.806091,
        "nauc_recall_at_3_max": 0.539378,
        "nauc_recall_at_3_std": 0.006148,
        "nauc_recall_at_3_diff1": 0.756772,
        "nauc_recall_at_5_max": 0.544179,
        "nauc_recall_at_5_std": 0.007413,
        "nauc_recall_at_5_diff1": 0.748432,
        "nauc_recall_at_10_max": 0.516016,
        "nauc_recall_at_10_std": 0.013199,
        "nauc_recall_at_10_diff1": 0.726391,
        "nauc_recall_at_20_max": 0.524213,
        "nauc_recall_at_20_std": 0.028915,
        "nauc_recall_at_20_diff1": 0.729594,
        "nauc_recall_at_100_max": 0.633624,
        "nauc_recall_at_100_std": 0.255297,
        "nauc_recall_at_100_diff1": 0.725822,
        "nauc_recall_at_1000_max": 0.872695,
        "nauc_recall_at_1000_std": 0.797676,
        "nauc_recall_at_1000_diff1": 0.685236,
        "nauc_precision_at_1_max": 0.508242,
        "nauc_precision_at_1_std": 0.022648,
        "nauc_precision_at_1_diff1": 0.806091,
        "nauc_precision_at_3_max": 0.539378,
        "nauc_precision_at_3_std": 0.006148,
        "nauc_precision_at_3_diff1": 0.756772,
        "nauc_precision_at_5_max": 0.544179,
        "nauc_precision_at_5_std": 0.007413,
        "nauc_precision_at_5_diff1": 0.748432,
        "nauc_precision_at_10_max": 0.516016,
        "nauc_precision_at_10_std": 0.013199,
        "nauc_precision_at_10_diff1": 0.726391,
        "nauc_precision_at_20_max": 0.524213,
        "nauc_precision_at_20_std": 0.028915,
        "nauc_precision_at_20_diff1": 0.729594,
        "nauc_precision_at_100_max": 0.633624,
        "nauc_precision_at_100_std": 0.255297,
        "nauc_precision_at_100_diff1": 0.725822,
        "nauc_precision_at_1000_max": 0.872695,
        "nauc_precision_at_1000_std": 0.797676,
        "nauc_precision_at_1000_diff1": 0.685236,
        "nauc_mrr_at_1_max": 0.507194,
        "nauc_mrr_at_1_std": 0.021708,
        "nauc_mrr_at_1_diff1": 0.806732,
        "nauc_mrr_at_3_max": 0.521063,
        "nauc_mrr_at_3_std": 0.017629,
        "nauc_mrr_at_3_diff1": 0.788614,
        "nauc_mrr_at_5_max": 0.521888,
        "nauc_mrr_at_5_std": 0.018122,
        "nauc_mrr_at_5_diff1": 0.788474,
        "nauc_mrr_at_10_max": 0.519711,
        "nauc_mrr_at_10_std": 0.01936,
        "nauc_mrr_at_10_diff1": 0.787959,
        "nauc_mrr_at_20_max": 0.519851,
        "nauc_mrr_at_20_std": 0.01944,
        "nauc_mrr_at_20_diff1": 0.788761,
        "nauc_mrr_at_100_max": 0.51992,
        "nauc_mrr_at_100_std": 0.019846,
        "nauc_mrr_at_100_diff1": 0.789101,
        "nauc_mrr_at_1000_max": 0.519896,
        "nauc_mrr_at_1000_std": 0.019808,
        "nauc_mrr_at_1000_diff1": 0.789129,
        "main_score": 0.78327,
        "hf_subset": "slk",
        "languages": [
          "slk-Latn"
        ]
      }
    ]
  },
  "evaluation_time": 590.8589508533478,
  "kg_co2_emissions": null
}