{
    "dataset_revision": "f64f483ad0f31d2e78209d524c14a4a867965959",
    "task_name": "WebFAQRetrieval",
    "mteb_version": "1.39.7",
    "scores": {
        "test": [
            {
                "ndcg_at_1": 0.80685,
                "ndcg_at_3": 0.87398,
                "ndcg_at_5": 0.88668,
                "ndcg_at_10": 0.89374,
                "ndcg_at_20": 0.89698,
                "ndcg_at_100": 0.89994,
                "ndcg_at_1000": 0.89994,
                "map_at_1": 0.80685,
                "map_at_3": 0.85807,
                "map_at_5": 0.86514,
                "map_at_10": 0.86817,
                "map_at_20": 0.86907,
                "map_at_100": 0.86951,
                "map_at_1000": 0.86951,
                "recall_at_1": 0.80685,
                "recall_at_3": 0.91976,
                "recall_at_5": 0.95052,
                "recall_at_10": 0.97177,
                "recall_at_20": 0.98446,
                "recall_at_100": 1.0,
                "recall_at_1000": 1.0,
                "accuracy": 0.80685,
                "precision_at_1": 0.80685,
                "precision_at_3": 0.30659,
                "precision_at_5": 0.1901,
                "precision_at_10": 0.09718,
                "precision_at_20": 0.04922,
                "precision_at_100": 0.01,
                "precision_at_1000": 0.001,
                "mrr_at_1": 0.806533,
                "mrr_at_3": 0.857966,
                "mrr_at_5": 0.865023,
                "mrr_at_10": 0.868155,
                "mrr_at_20": 0.869043,
                "mrr_at_100": 0.869475,
                "mrr_at_1000": 0.869475,
                "nauc_ndcg_at_1_max": 0.528645,
                "nauc_ndcg_at_1_std": -0.397694,
                "nauc_ndcg_at_1_diff1": 0.868679,
                "nauc_ndcg_at_3_max": 0.511069,
                "nauc_ndcg_at_3_std": -0.577873,
                "nauc_ndcg_at_3_diff1": 0.855881,
                "nauc_ndcg_at_5_max": 0.515532,
                "nauc_ndcg_at_5_std": -0.588619,
                "nauc_ndcg_at_5_diff1": 0.86205,
                "nauc_ndcg_at_10_max": 0.511217,
                "nauc_ndcg_at_10_std": -0.587422,
                "nauc_ndcg_at_10_diff1": 0.863296,
                "nauc_ndcg_at_20_max": 0.514154,
                "nauc_ndcg_at_20_std": -0.563707,
                "nauc_ndcg_at_20_diff1": 0.863237,
                "nauc_ndcg_at_100_max": 0.518087,
                "nauc_ndcg_at_100_std": -0.533976,
                "nauc_ndcg_at_100_diff1": 0.862327,
                "nauc_ndcg_at_1000_max": 0.518087,
                "nauc_ndcg_at_1000_std": -0.533976,
                "nauc_ndcg_at_1000_diff1": 0.862327,
                "nauc_map_at_1_max": 0.528645,
                "nauc_map_at_1_std": -0.397694,
                "nauc_map_at_1_diff1": 0.868679,
                "nauc_map_at_3_max": 0.517634,
                "nauc_map_at_3_std": -0.52187,
                "nauc_map_at_3_diff1": 0.858708,
                "nauc_map_at_5_max": 0.520213,
                "nauc_map_at_5_std": -0.524242,
                "nauc_map_at_5_diff1": 0.861854,
                "nauc_map_at_10_max": 0.518853,
                "nauc_map_at_10_std": -0.521933,
                "nauc_map_at_10_diff1": 0.86231,
                "nauc_map_at_20_max": 0.519611,
                "nauc_map_at_20_std": -0.516224,
                "nauc_map_at_20_diff1": 0.862293,
                "nauc_map_at_100_max": 0.520125,
                "nauc_map_at_100_std": -0.512738,
                "nauc_map_at_100_diff1": 0.862231,
                "nauc_map_at_1000_max": 0.520125,
                "nauc_map_at_1000_std": -0.512738,
                "nauc_map_at_1000_diff1": 0.862231,
                "nauc_recall_at_1_max": 0.528645,
                "nauc_recall_at_1_std": -0.397694,
                "nauc_recall_at_1_diff1": 0.868679,
                "nauc_recall_at_3_max": 0.478426,
                "nauc_recall_at_3_std": -0.849555,
                "nauc_recall_at_3_diff1": 0.843001,
                "nauc_recall_at_5_max": 0.48057,
                "nauc_recall_at_5_std": -1.071298,
                "nauc_recall_at_5_diff1": 0.866832,
                "nauc_recall_at_10_max": 0.406833,
                "nauc_recall_at_10_std": -1.429984,
                "nauc_recall_at_10_diff1": 0.883216,
                "nauc_recall_at_20_max": 0.39126,
                "nauc_recall_at_20_std": -1.529899,
                "nauc_recall_at_20_diff1": 0.897971,
                "nauc_recall_at_100_max": NaN,
                "nauc_recall_at_100_std": NaN,
                "nauc_recall_at_100_diff1": NaN,
                "nauc_recall_at_1000_max": NaN,
                "nauc_recall_at_1000_std": NaN,
                "nauc_recall_at_1000_diff1": NaN,
                "nauc_precision_at_1_max": 0.528645,
                "nauc_precision_at_1_std": -0.397694,
                "nauc_precision_at_1_diff1": 0.868679,
                "nauc_precision_at_3_max": 0.478426,
                "nauc_precision_at_3_std": -0.849555,
                "nauc_precision_at_3_diff1": 0.843001,
                "nauc_precision_at_5_max": 0.48057,
                "nauc_precision_at_5_std": -1.071298,
                "nauc_precision_at_5_diff1": 0.866832,
                "nauc_precision_at_10_max": 0.406833,
                "nauc_precision_at_10_std": -1.429984,
                "nauc_precision_at_10_diff1": 0.883216,
                "nauc_precision_at_20_max": 0.39126,
                "nauc_precision_at_20_std": -1.529899,
                "nauc_precision_at_20_diff1": 0.897971,
                "nauc_precision_at_100_max": NaN,
                "nauc_precision_at_100_std": NaN,
                "nauc_precision_at_100_diff1": NaN,
                "nauc_precision_at_1000_max": NaN,
                "nauc_precision_at_1000_std": NaN,
                "nauc_precision_at_1000_diff1": NaN,
                "nauc_mrr_at_1_max": 0.529362,
                "nauc_mrr_at_1_std": -0.402193,
                "nauc_mrr_at_1_diff1": 0.869107,
                "nauc_mrr_at_3_max": 0.518164,
                "nauc_mrr_at_3_std": -0.522414,
                "nauc_mrr_at_3_diff1": 0.858905,
                "nauc_mrr_at_5_max": 0.520749,
                "nauc_mrr_at_5_std": -0.525709,
                "nauc_mrr_at_5_diff1": 0.862077,
                "nauc_mrr_at_10_max": 0.518938,
                "nauc_mrr_at_10_std": -0.522816,
                "nauc_mrr_at_10_diff1": 0.862385,
                "nauc_mrr_at_20_max": 0.51982,
                "nauc_mrr_at_20_std": -0.517399,
                "nauc_mrr_at_20_diff1": 0.862406,
                "nauc_mrr_at_100_max": 0.520397,
                "nauc_mrr_at_100_std": -0.514001,
                "nauc_mrr_at_100_diff1": 0.862354,
                "nauc_mrr_at_1000_max": 0.520397,
                "nauc_mrr_at_1000_std": -0.514001,
                "nauc_mrr_at_1000_diff1": 0.862354,
                "cv_recall_at_1": 0.80653,
                "cv_recall_at_3": 0.91976,
                "cv_recall_at_5": 0.95052,
                "cv_recall_at_10": 0.97241,
                "cv_recall_at_20": 0.98478,
                "cv_recall_at_100": 1.0,
                "cv_recall_at_1000": 1.0,
                "main_score": 0.89374,
                "hf_subset": "slk",
                "languages": [
                    "slk-Latn"
                ]
            }
        ]
    },
    "evaluation_time": 1238.96719288826,
    "kg_co2_emissions": null
}
