{
  "dataset_revision": "82320d7f1d6561a12516605ec24f5d61aceb915c",
  "task_name": "SlovakPharmacyMojaLekarenReranking",
  "mteb_version": "1.39.7",
  "scores": {
    "test": [
      {
        "ndcg_at_1": 0.95122,
        "ndcg_at_3": 0.9794,
        "ndcg_at_5": 0.98051,
        "ndcg_at_10": 0.98051,
        "ndcg_at_20": 0.98051,
        "ndcg_at_100": 0.98051,
        "ndcg_at_1000": 0.98051,
        "map_at_1": 0.95122,
        "map_at_3": 0.97313,
        "map_at_5": 0.97374,
        "map_at_10": 0.97374,
        "map_at_20": 0.97374,
        "map_at_100": 0.97374,
        "map_at_1000": 0.97374,
        "recall_at_1": 0.95122,
        "recall_at_3": 0.99729,
        "recall_at_5": 1.0,
        "recall_at_10": 1.0,
        "recall_at_20": 1.0,
        "recall_at_100": 1.0,
        "recall_at_1000": 1.0,
        "accuracy": 0.95122,
        "precision_at_1": 0.95122,
        "precision_at_3": 0.33243,
        "precision_at_5": 0.2,
        "precision_at_10": 0.1,
        "precision_at_20": 0.05,
        "precision_at_100": 0.01,
        "precision_at_1000": 0.001,
        "mrr_at_1": 0.95122,
        "mrr_at_3": 0.973126,
        "mrr_at_5": 0.973735,
        "mrr_at_10": 0.973735,
        "mrr_at_20": 0.973735,
        "mrr_at_100": 0.973735,
        "mrr_at_1000": 0.973735,
        "nauc_ndcg_at_1_max": 0.633936,
        "nauc_ndcg_at_1_std": 0.58162,
        "nauc_ndcg_at_1_diff1": 0.924046,
        "nauc_ndcg_at_3_max": 0.667741,
        "nauc_ndcg_at_3_std": 0.619888,
        "nauc_ndcg_at_3_diff1": 0.931369,
        "nauc_ndcg_at_5_max": 0.648859,
        "nauc_ndcg_at_5_std": 0.602201,
        "nauc_ndcg_at_5_diff1": 0.927468,
        "nauc_ndcg_at_10_max": 0.648859,
        "nauc_ndcg_at_10_std": 0.602201,
        "nauc_ndcg_at_10_diff1": 0.927468,
        "nauc_ndcg_at_20_max": 0.648859,
        "nauc_ndcg_at_20_std": 0.602201,
        "nauc_ndcg_at_20_diff1": 0.927468,
        "nauc_ndcg_at_100_max": 0.648859,
        "nauc_ndcg_at_100_std": 0.602201,
        "nauc_ndcg_at_100_diff1": 0.927468,
        "nauc_ndcg_at_1000_max": 0.648859,
        "nauc_ndcg_at_1000_std": 0.602201,
        "nauc_ndcg_at_1000_diff1": 0.927468,
        "nauc_map_at_1_max": 0.633936,
        "nauc_map_at_1_std": 0.58162,
        "nauc_map_at_1_diff1": 0.924046,
        "nauc_map_at_3_max": 0.655732,
        "nauc_map_at_3_std": 0.60817,
        "nauc_map_at_3_diff1": 0.928869,
        "nauc_map_at_5_max": 0.647739,
        "nauc_map_at_5_std": 0.600759,
        "nauc_map_at_5_diff1": 0.927218,
        "nauc_map_at_10_max": 0.647739,
        "nauc_map_at_10_std": 0.600759,
        "nauc_map_at_10_diff1": 0.927218,
        "nauc_map_at_20_max": 0.647739,
        "nauc_map_at_20_std": 0.600759,
        "nauc_map_at_20_diff1": 0.927218,
        "nauc_map_at_100_max": 0.647739,
        "nauc_map_at_100_std": 0.600759,
        "nauc_map_at_100_diff1": 0.927218,
        "nauc_map_at_1000_max": 0.647739,
        "nauc_map_at_1000_std": 0.600759,
        "nauc_map_at_1000_diff1": 0.927218,
        "nauc_recall_at_1_max": 0.633936,
        "nauc_recall_at_1_std": 0.58162,
        "nauc_recall_at_1_diff1": 0.924046,
        "nauc_recall_at_3_max": 1.0,
        "nauc_recall_at_3_std": 0.934621,
        "nauc_recall_at_3_diff1": 1.0,
        "nauc_recall_at_5_max": NaN,
        "nauc_recall_at_5_std": NaN,
        "nauc_recall_at_5_diff1": NaN,
        "nauc_recall_at_10_max": NaN,
        "nauc_recall_at_10_std": NaN,
        "nauc_recall_at_10_diff1": NaN,
        "nauc_recall_at_20_max": NaN,
        "nauc_recall_at_20_std": NaN,
        "nauc_recall_at_20_diff1": NaN,
        "nauc_recall_at_100_max": NaN,
        "nauc_recall_at_100_std": NaN,
        "nauc_recall_at_100_diff1": NaN,
        "nauc_recall_at_1000_max": NaN,
        "nauc_recall_at_1000_std": NaN,
        "nauc_recall_at_1000_diff1": NaN,
        "nauc_precision_at_1_max": 0.633936,
        "nauc_precision_at_1_std": 0.58162,
        "nauc_precision_at_1_diff1": 0.924046,
        "nauc_precision_at_3_max": 1.0,
        "nauc_precision_at_3_std": 0.934621,
        "nauc_precision_at_3_diff1": 1.0,
        "nauc_precision_at_5_max": NaN,
        "nauc_precision_at_5_std": NaN,
        "nauc_precision_at_5_diff1": NaN,
        "nauc_precision_at_10_max": NaN,
        "nauc_precision_at_10_std": NaN,
        "nauc_precision_at_10_diff1": NaN,
        "nauc_precision_at_20_max": NaN,
        "nauc_precision_at_20_std": NaN,
        "nauc_precision_at_20_diff1": NaN,
        "nauc_precision_at_100_max": NaN,
        "nauc_precision_at_100_std": NaN,
        "nauc_precision_at_100_diff1": NaN,
        "nauc_precision_at_1000_max": 1.0,
        "nauc_precision_at_1000_std": 1.0,
        "nauc_precision_at_1000_diff1": 1.0,
        "nauc_mrr_at_1_max": 0.633936,
        "nauc_mrr_at_1_std": 0.58162,
        "nauc_mrr_at_1_diff1": 0.924046,
        "nauc_mrr_at_3_max": 0.655732,
        "nauc_mrr_at_3_std": 0.60817,
        "nauc_mrr_at_3_diff1": 0.928869,
        "nauc_mrr_at_5_max": 0.647739,
        "nauc_mrr_at_5_std": 0.600759,
        "nauc_mrr_at_5_diff1": 0.927218,
        "nauc_mrr_at_10_max": 0.647739,
        "nauc_mrr_at_10_std": 0.600759,
        "nauc_mrr_at_10_diff1": 0.927218,
        "nauc_mrr_at_20_max": 0.647739,
        "nauc_mrr_at_20_std": 0.600759,
        "nauc_mrr_at_20_diff1": 0.927218,
        "nauc_mrr_at_100_max": 0.647739,
        "nauc_mrr_at_100_std": 0.600759,
        "nauc_mrr_at_100_diff1": 0.927218,
        "nauc_mrr_at_1000_max": 0.647739,
        "nauc_mrr_at_1000_std": 0.600759,
        "nauc_mrr_at_1000_diff1": 0.927218,
        "cv_recall_at_1": 0.95122,
        "cv_recall_at_3": 0.99729,
        "cv_recall_at_5": 1.0,
        "cv_recall_at_10": 1.0,
        "cv_recall_at_20": 1.0,
        "cv_recall_at_100": 1.0,
        "cv_recall_at_1000": 1.0,
        "main_score": 0.97374,
        "hf_subset": "default",
        "languages": [
          "slk-Latn"
        ]
      }
    ]
  },
  "evaluation_time": 55.27337145805359,
  "kg_co2_emissions": null
}