{
    "dataset_revision": "7cfcb122006b33d150b485caac5aa41939b3ba37",
    "task_name": "SkQuadReranking",
    "mteb_version": "1.39.7",
    "scores": {
        "test": [
            {
                "map": 0.708442,
                "mrr": 0.793751,
                "recall_at_10": 0.975434,
                "nAUC_map_max": 0.193669,
                "nAUC_map_std": 0.130998,
                "nAUC_map_diff1": 0.295096,
                "nAUC_mrr_max": 0.342412,
                "nAUC_mrr_std": 0.190194,
                "nAUC_mrr_diff1": 0.380998,
                "nAUC_recall_at_10_max": -0.11475,
                "nAUC_recall_at_10_std": -0.069346,
                "nAUC_recall_at_10_diff1": 0.190286,
                "main_score": 0.708442,
                "hf_subset": "default",
                "languages": [
                    "slk-Latn"
                ]
            }
        ]
    },
    "evaluation_time": 7.05069375038147,
    "kg_co2_emissions": null
}
