{
    "dataset_revision": "c3262adb1c32ac0c3ea8de6393a44366edaa62e1",
    "task_name": "WebFAQRetrieval",
    "mteb_version": "1.39.7",
    "scores": {
        "test": [
            {
                "ndcg_at_1": 0.68062,
                "ndcg_at_3": 0.75721,
                "ndcg_at_5": 0.77286,
                "ndcg_at_10": 0.78651,
                "ndcg_at_20": 0.79585,
                "ndcg_at_100": 0.80377,
                "ndcg_at_1000": 0.80734,
                "map_at_1": 0.68062,
                "map_at_3": 0.73898,
                "map_at_5": 0.74765,
                "map_at_10": 0.75336,
                "map_at_20": 0.75594,
                "map_at_100": 0.75702,
                "map_at_1000": 0.75715,
                "recall_at_1": 0.68062,
                "recall_at_3": 0.80971,
                "recall_at_5": 0.84776,
                "recall_at_10": 0.88963,
                "recall_at_20": 0.92642,
                "recall_at_100": 0.96924,
                "recall_at_1000": 0.99746,
                "precision_at_1": 0.68062,
                "precision_at_3": 0.2699,
                "precision_at_5": 0.16955,
                "precision_at_10": 0.08896,
                "precision_at_20": 0.04632,
                "precision_at_100": 0.00969,
                "precision_at_1000": 0.001,
                "mrr_at_1": 0.680622,
                "mrr_at_3": 0.73919,
                "mrr_at_5": 0.747753,
                "mrr_at_10": 0.753423,
                "mrr_at_20": 0.755968,
                "mrr_at_100": 0.757074,
                "mrr_at_1000": 0.757205,
                "nauc_ndcg_at_1_max": 0.534712,
                "nauc_ndcg_at_1_std": 0.012863,
                "nauc_ndcg_at_1_diff1": 0.81731,
                "nauc_ndcg_at_3_max": 0.538804,
                "nauc_ndcg_at_3_std": -0.010277,
                "nauc_ndcg_at_3_diff1": 0.784783,
                "nauc_ndcg_at_5_max": 0.536289,
                "nauc_ndcg_at_5_std": -0.013668,
                "nauc_ndcg_at_5_diff1": 0.781497,
                "nauc_ndcg_at_10_max": 0.53085,
                "nauc_ndcg_at_10_std": -0.016884,
                "nauc_ndcg_at_10_diff1": 0.783739,
                "nauc_ndcg_at_20_max": 0.535799,
                "nauc_ndcg_at_20_std": -0.010324,
                "nauc_ndcg_at_20_diff1": 0.786321,
                "nauc_ndcg_at_100_max": 0.534305,
                "nauc_ndcg_at_100_std": -0.005993,
                "nauc_ndcg_at_100_diff1": 0.787482,
                "nauc_ndcg_at_1000_max": 0.536226,
                "nauc_ndcg_at_1000_std": -0.006086,
                "nauc_ndcg_at_1000_diff1": 0.789791,
                "nauc_map_at_1_max": 0.534712,
                "nauc_map_at_1_std": 0.012863,
                "nauc_map_at_1_diff1": 0.81731,
                "nauc_map_at_3_max": 0.538899,
                "nauc_map_at_3_std": -0.003652,
                "nauc_map_at_3_diff1": 0.793899,
                "nauc_map_at_5_max": 0.537886,
                "nauc_map_at_5_std": -0.004881,
                "nauc_map_at_5_diff1": 0.792547,
                "nauc_map_at_10_max": 0.53608,
                "nauc_map_at_10_std": -0.005778,
                "nauc_map_at_10_diff1": 0.793621,
                "nauc_map_at_20_max": 0.537371,
                "nauc_map_at_20_std": -0.004016,
                "nauc_map_at_20_diff1": 0.794283,
                "nauc_map_at_100_max": 0.537133,
                "nauc_map_at_100_std": -0.00351,
                "nauc_map_at_100_diff1": 0.794428,
                "nauc_map_at_1000_max": 0.537217,
                "nauc_map_at_1000_std": -0.00346,
                "nauc_map_at_1000_diff1": 0.794514,
                "nauc_recall_at_1_max": 0.534712,
                "nauc_recall_at_1_std": 0.012863,
                "nauc_recall_at_1_diff1": 0.81731,
                "nauc_recall_at_3_max": 0.537786,
                "nauc_recall_at_3_std": -0.034822,
                "nauc_recall_at_3_diff1": 0.751115,
                "nauc_recall_at_5_max": 0.527419,
                "nauc_recall_at_5_std": -0.053527,
                "nauc_recall_at_5_diff1": 0.732329,
                "nauc_recall_at_10_max": 0.493768,
                "nauc_recall_at_10_std": -0.084833,
                "nauc_recall_at_10_diff1": 0.727983,
                "nauc_recall_at_20_max": 0.522488,
                "nauc_recall_at_20_std": -0.055947,
                "nauc_recall_at_20_diff1": 0.727473,
                "nauc_recall_at_100_max": 0.46701,
                "nauc_recall_at_100_std": 0.01122,
                "nauc_recall_at_100_diff1": 0.684087,
                "nauc_recall_at_1000_max": 0.6333,
                "nauc_recall_at_1000_std": -0.07565,
                "nauc_recall_at_1000_diff1": 0.703323,
                "nauc_precision_at_1_max": 0.534712,
                "nauc_precision_at_1_std": 0.012863,
                "nauc_precision_at_1_diff1": 0.81731,
                "nauc_precision_at_3_max": 0.537786,
                "nauc_precision_at_3_std": -0.034822,
                "nauc_precision_at_3_diff1": 0.751115,
                "nauc_precision_at_5_max": 0.527419,
                "nauc_precision_at_5_std": -0.053527,
                "nauc_precision_at_5_diff1": 0.732329,
                "nauc_precision_at_10_max": 0.493768,
                "nauc_precision_at_10_std": -0.084833,
                "nauc_precision_at_10_diff1": 0.727983,
                "nauc_precision_at_20_max": 0.522488,
                "nauc_precision_at_20_std": -0.055947,
                "nauc_precision_at_20_diff1": 0.727473,
                "nauc_precision_at_100_max": 0.46701,
                "nauc_precision_at_100_std": 0.01122,
                "nauc_precision_at_100_diff1": 0.684087,
                "nauc_precision_at_1000_max": 0.6333,
                "nauc_precision_at_1000_std": -0.07565,
                "nauc_precision_at_1000_diff1": 0.703323,
                "nauc_mrr_at_1_max": 0.535051,
                "nauc_mrr_at_1_std": 0.014329,
                "nauc_mrr_at_1_diff1": 0.81731,
                "nauc_mrr_at_3_max": 0.538385,
                "nauc_mrr_at_3_std": -0.002717,
                "nauc_mrr_at_3_diff1": 0.793583,
                "nauc_mrr_at_5_max": 0.537631,
                "nauc_mrr_at_5_std": -0.004039,
                "nauc_mrr_at_5_diff1": 0.792383,
                "nauc_mrr_at_10_max": 0.536006,
                "nauc_mrr_at_10_std": -0.005223,
                "nauc_mrr_at_10_diff1": 0.793505,
                "nauc_mrr_at_20_max": 0.537301,
                "nauc_mrr_at_20_std": -0.003656,
                "nauc_mrr_at_20_diff1": 0.794176,
                "nauc_mrr_at_100_max": 0.537042,
                "nauc_mrr_at_100_std": -0.002997,
                "nauc_mrr_at_100_diff1": 0.794308,
                "nauc_mrr_at_1000_max": 0.537125,
                "nauc_mrr_at_1000_std": -0.002946,
                "nauc_mrr_at_1000_diff1": 0.794395,
                "main_score": 0.78651,
                "hf_subset": "slk",
                "languages": [
                    "slk-Latn"
                ]
            }
        ]
    },
    "evaluation_time": 13.012525081634521,
    "kg_co2_emissions": null
}
