{
    "dataset_revision": "6448ea012b1b7caa3d55cb747b58cda1d7edc714",
    "task_name": "SlovakPharmacyDrMaxReranking",
    "mteb_version": "1.39.7",
    "scores": {
        "test": [
            {
                "ndcg_at_1": 0.55154,
                "ndcg_at_3": 0.73861,
                "ndcg_at_5": 0.79211,
                "ndcg_at_10": 0.79211,
                "ndcg_at_20": 0.79211,
                "ndcg_at_100": 0.79211,
                "ndcg_at_1000": 0.79211,
                "map_at_1": 0.55154,
                "map_at_3": 0.69301,
                "map_at_5": 0.72277,
                "map_at_10": 0.72277,
                "map_at_20": 0.72277,
                "map_at_100": 0.72277,
                "map_at_1000": 0.72277,
                "recall_at_1": 0.55154,
                "recall_at_3": 0.8704,
                "recall_at_5": 1.0,
                "recall_at_10": 1.0,
                "recall_at_20": 1.0,
                "recall_at_100": 1.0,
                "recall_at_1000": 1.0,
                "accuracy": 0.55154,
                "precision_at_1": 0.55154,
                "precision_at_3": 0.29013,
                "precision_at_5": 0.2,
                "precision_at_10": 0.1,
                "precision_at_20": 0.05,
                "precision_at_100": 0.01,
                "precision_at_1000": 0.001,
                "mrr_at_1": 0.55154,
                "mrr_at_3": 0.693007,
                "mrr_at_5": 0.722765,
                "mrr_at_10": 0.722765,
                "mrr_at_20": 0.722765,
                "mrr_at_100": 0.722765,
                "mrr_at_1000": 0.722765,
                "nauc_ndcg_at_1_max": 0.28605,
                "nauc_ndcg_at_1_std": 0.233907,
                "nauc_ndcg_at_1_diff1": 0.402979,
                "nauc_ndcg_at_3_max": 0.305632,
                "nauc_ndcg_at_3_std": 0.28782,
                "nauc_ndcg_at_3_diff1": 0.333087,
                "nauc_ndcg_at_5_max": 0.295394,
                "nauc_ndcg_at_5_std": 0.259153,
                "nauc_ndcg_at_5_diff1": 0.368469,
                "nauc_ndcg_at_10_max": 0.295394,
                "nauc_ndcg_at_10_std": 0.259153,
                "nauc_ndcg_at_10_diff1": 0.368469,
                "nauc_ndcg_at_20_max": 0.295394,
                "nauc_ndcg_at_20_std": 0.259153,
                "nauc_ndcg_at_20_diff1": 0.368469,
                "nauc_ndcg_at_100_max": 0.295394,
                "nauc_ndcg_at_100_std": 0.259153,
                "nauc_ndcg_at_100_diff1": 0.368469,
                "nauc_ndcg_at_1000_max": 0.295394,
                "nauc_ndcg_at_1000_std": 0.259153,
                "nauc_ndcg_at_1000_diff1": 0.368469,
                "nauc_map_at_1_max": 0.28605,
                "nauc_map_at_1_std": 0.233907,
                "nauc_map_at_1_diff1": 0.402979,
                "nauc_map_at_3_max": 0.299612,
                "nauc_map_at_3_std": 0.271345,
                "nauc_map_at_3_diff1": 0.353357,
                "nauc_map_at_5_max": 0.294726,
                "nauc_map_at_5_std": 0.257404,
                "nauc_map_at_5_diff1": 0.370737,
                "nauc_map_at_10_max": 0.294726,
                "nauc_map_at_10_std": 0.257404,
                "nauc_map_at_10_diff1": 0.370737,
                "nauc_map_at_20_max": 0.294726,
                "nauc_map_at_20_std": 0.257404,
                "nauc_map_at_20_diff1": 0.370737,
                "nauc_map_at_100_max": 0.294726,
                "nauc_map_at_100_std": 0.257404,
                "nauc_map_at_100_diff1": 0.370737,
                "nauc_map_at_1000_max": 0.294726,
                "nauc_map_at_1000_std": 0.257404,
                "nauc_map_at_1000_diff1": 0.370737,
                "nauc_recall_at_1_max": 0.28605,
                "nauc_recall_at_1_std": 0.233907,
                "nauc_recall_at_1_diff1": 0.402979,
                "nauc_recall_at_3_max": 0.33894,
                "nauc_recall_at_3_std": 0.3789,
                "nauc_recall_at_3_diff1": 0.221961,
                "nauc_recall_at_5_max": NaN,
                "nauc_recall_at_5_std": NaN,
                "nauc_recall_at_5_diff1": NaN,
                "nauc_recall_at_10_max": NaN,
                "nauc_recall_at_10_std": NaN,
                "nauc_recall_at_10_diff1": NaN,
                "nauc_recall_at_20_max": NaN,
                "nauc_recall_at_20_std": NaN,
                "nauc_recall_at_20_diff1": NaN,
                "nauc_recall_at_100_max": NaN,
                "nauc_recall_at_100_std": NaN,
                "nauc_recall_at_100_diff1": NaN,
                "nauc_recall_at_1000_max": NaN,
                "nauc_recall_at_1000_std": NaN,
                "nauc_recall_at_1000_diff1": NaN,
                "nauc_precision_at_1_max": 0.28605,
                "nauc_precision_at_1_std": 0.233907,
                "nauc_precision_at_1_diff1": 0.402979,
                "nauc_precision_at_3_max": 0.33894,
                "nauc_precision_at_3_std": 0.3789,
                "nauc_precision_at_3_diff1": 0.221961,
                "nauc_precision_at_5_max": 1.0,
                "nauc_precision_at_5_std": 1.0,
                "nauc_precision_at_5_diff1": 1.0,
                "nauc_precision_at_10_max": 1.0,
                "nauc_precision_at_10_std": 1.0,
                "nauc_precision_at_10_diff1": 1.0,
                "nauc_precision_at_20_max": 1.0,
                "nauc_precision_at_20_std": 1.0,
                "nauc_precision_at_20_diff1": 1.0,
                "nauc_precision_at_100_max": 1.0,
                "nauc_precision_at_100_std": 1.0,
                "nauc_precision_at_100_diff1": 1.0,
                "nauc_precision_at_1000_max": 1.0,
                "nauc_precision_at_1000_std": 1.0,
                "nauc_precision_at_1000_diff1": 1.0,
                "nauc_mrr_at_1_max": 0.28605,
                "nauc_mrr_at_1_std": 0.233907,
                "nauc_mrr_at_1_diff1": 0.402979,
                "nauc_mrr_at_3_max": 0.299612,
                "nauc_mrr_at_3_std": 0.271345,
                "nauc_mrr_at_3_diff1": 0.353357,
                "nauc_mrr_at_5_max": 0.294726,
                "nauc_mrr_at_5_std": 0.257404,
                "nauc_mrr_at_5_diff1": 0.370737,
                "nauc_mrr_at_10_max": 0.294726,
                "nauc_mrr_at_10_std": 0.257404,
                "nauc_mrr_at_10_diff1": 0.370737,
                "nauc_mrr_at_20_max": 0.294726,
                "nauc_mrr_at_20_std": 0.257404,
                "nauc_mrr_at_20_diff1": 0.370737,
                "nauc_mrr_at_100_max": 0.294726,
                "nauc_mrr_at_100_std": 0.257404,
                "nauc_mrr_at_100_diff1": 0.370737,
                "nauc_mrr_at_1000_max": 0.294726,
                "nauc_mrr_at_1000_std": 0.257404,
                "nauc_mrr_at_1000_diff1": 0.370737,
                "cv_recall_at_1": 0.55154,
                "cv_recall_at_3": 0.8704,
                "cv_recall_at_5": 1.0,
                "cv_recall_at_10": 1.0,
                "cv_recall_at_20": 1.0,
                "cv_recall_at_100": 1.0,
                "cv_recall_at_1000": 1.0,
                "main_score": 0.72277,
                "hf_subset": "default",
                "languages": [
                    "slk-Latn"
                ]
            }
        ]
    },
    "evaluation_time": 133.13449788093567,
    "kg_co2_emissions": null
}
