{
    "dataset_revision": "82320d7f1d6561a12516605ec24f5d61aceb915c",
    "task_name": "SlovakPharmacyMojaLekarenReranking",
    "mteb_version": "1.39.7",
    "scores": {
        "test": [
            {
                "ndcg_at_1": 0.72087,
                "ndcg_at_3": 0.86235,
                "ndcg_at_5": 0.88061,
                "ndcg_at_10": 0.88061,
                "ndcg_at_20": 0.88061,
                "ndcg_at_100": 0.88061,
                "ndcg_at_1000": 0.88061,
                "map_at_1": 0.72087,
                "map_at_3": 0.82949,
                "map_at_5": 0.83986,
                "map_at_10": 0.83986,
                "map_at_20": 0.83986,
                "map_at_100": 0.83986,
                "map_at_1000": 0.83986,
                "recall_at_1": 0.72087,
                "recall_at_3": 0.95664,
                "recall_at_5": 1.0,
                "recall_at_10": 1.0,
                "recall_at_20": 1.0,
                "recall_at_100": 1.0,
                "recall_at_1000": 1.0,
                "accuracy": 0.72087,
                "precision_at_1": 0.72087,
                "precision_at_3": 0.31888,
                "precision_at_5": 0.2,
                "precision_at_10": 0.1,
                "precision_at_20": 0.05,
                "precision_at_100": 0.01,
                "precision_at_1000": 0.001,
                "mrr_at_1": 0.720867,
                "mrr_at_3": 0.829494,
                "mrr_at_5": 0.83986,
                "mrr_at_10": 0.83986,
                "mrr_at_20": 0.83986,
                "mrr_at_100": 0.83986,
                "mrr_at_1000": 0.83986,
                "nauc_ndcg_at_1_max": 0.223658,
                "nauc_ndcg_at_1_std": 0.223137,
                "nauc_ndcg_at_1_diff1": 0.656627,
                "nauc_ndcg_at_3_max": 0.221928,
                "nauc_ndcg_at_3_std": 0.303467,
                "nauc_ndcg_at_3_diff1": 0.609312,
                "nauc_ndcg_at_5_max": 0.221408,
                "nauc_ndcg_at_5_std": 0.264186,
                "nauc_ndcg_at_5_diff1": 0.626131,
                "nauc_ndcg_at_10_max": 0.221408,
                "nauc_ndcg_at_10_std": 0.264186,
                "nauc_ndcg_at_10_diff1": 0.626131,
                "nauc_ndcg_at_20_max": 0.221408,
                "nauc_ndcg_at_20_std": 0.264186,
                "nauc_ndcg_at_20_diff1": 0.626131,
                "nauc_ndcg_at_100_max": 0.221408,
                "nauc_ndcg_at_100_std": 0.264186,
                "nauc_ndcg_at_100_diff1": 0.626131,
                "nauc_ndcg_at_1000_max": 0.221408,
                "nauc_ndcg_at_1000_std": 0.264186,
                "nauc_ndcg_at_1000_diff1": 0.626131,
                "nauc_map_at_1_max": 0.223658,
                "nauc_map_at_1_std": 0.223137,
                "nauc_map_at_1_diff1": 0.656627,
                "nauc_map_at_3_max": 0.221415,
                "nauc_map_at_3_std": 0.279445,
                "nauc_map_at_3_diff1": 0.620239,
                "nauc_map_at_5_max": 0.221444,
                "nauc_map_at_5_std": 0.261457,
                "nauc_map_at_5_diff1": 0.627971,
                "nauc_map_at_10_max": 0.221444,
                "nauc_map_at_10_std": 0.261457,
                "nauc_map_at_10_diff1": 0.627971,
                "nauc_map_at_20_max": 0.221444,
                "nauc_map_at_20_std": 0.261457,
                "nauc_map_at_20_diff1": 0.627971,
                "nauc_map_at_100_max": 0.221444,
                "nauc_map_at_100_std": 0.261457,
                "nauc_map_at_100_diff1": 0.627971,
                "nauc_map_at_1000_max": 0.221444,
                "nauc_map_at_1000_std": 0.261457,
                "nauc_map_at_1000_diff1": 0.627971,
                "nauc_recall_at_1_max": 0.223658,
                "nauc_recall_at_1_std": 0.223137,
                "nauc_recall_at_1_diff1": 0.656627,
                "nauc_recall_at_3_max": 0.228865,
                "nauc_recall_at_3_std": 0.538075,
                "nauc_recall_at_3_diff1": 0.508636,
                "nauc_recall_at_5_max": NaN,
                "nauc_recall_at_5_std": NaN,
                "nauc_recall_at_5_diff1": NaN,
                "nauc_recall_at_10_max": NaN,
                "nauc_recall_at_10_std": NaN,
                "nauc_recall_at_10_diff1": NaN,
                "nauc_recall_at_20_max": NaN,
                "nauc_recall_at_20_std": NaN,
                "nauc_recall_at_20_diff1": NaN,
                "nauc_recall_at_100_max": NaN,
                "nauc_recall_at_100_std": NaN,
                "nauc_recall_at_100_diff1": NaN,
                "nauc_recall_at_1000_max": NaN,
                "nauc_recall_at_1000_std": NaN,
                "nauc_recall_at_1000_diff1": NaN,
                "nauc_precision_at_1_max": 0.223658,
                "nauc_precision_at_1_std": 0.223137,
                "nauc_precision_at_1_diff1": 0.656627,
                "nauc_precision_at_3_max": 0.228865,
                "nauc_precision_at_3_std": 0.538075,
                "nauc_precision_at_3_diff1": 0.508636,
                "nauc_precision_at_5_max": NaN,
                "nauc_precision_at_5_std": NaN,
                "nauc_precision_at_5_diff1": NaN,
                "nauc_precision_at_10_max": NaN,
                "nauc_precision_at_10_std": NaN,
                "nauc_precision_at_10_diff1": NaN,
                "nauc_precision_at_20_max": NaN,
                "nauc_precision_at_20_std": NaN,
                "nauc_precision_at_20_diff1": NaN,
                "nauc_precision_at_100_max": NaN,
                "nauc_precision_at_100_std": NaN,
                "nauc_precision_at_100_diff1": NaN,
                "nauc_precision_at_1000_max": 1.0,
                "nauc_precision_at_1000_std": 1.0,
                "nauc_precision_at_1000_diff1": 1.0,
                "nauc_mrr_at_1_max": 0.223658,
                "nauc_mrr_at_1_std": 0.223137,
                "nauc_mrr_at_1_diff1": 0.656627,
                "nauc_mrr_at_3_max": 0.221415,
                "nauc_mrr_at_3_std": 0.279445,
                "nauc_mrr_at_3_diff1": 0.620239,
                "nauc_mrr_at_5_max": 0.221444,
                "nauc_mrr_at_5_std": 0.261457,
                "nauc_mrr_at_5_diff1": 0.627971,
                "nauc_mrr_at_10_max": 0.221444,
                "nauc_mrr_at_10_std": 0.261457,
                "nauc_mrr_at_10_diff1": 0.627971,
                "nauc_mrr_at_20_max": 0.221444,
                "nauc_mrr_at_20_std": 0.261457,
                "nauc_mrr_at_20_diff1": 0.627971,
                "nauc_mrr_at_100_max": 0.221444,
                "nauc_mrr_at_100_std": 0.261457,
                "nauc_mrr_at_100_diff1": 0.627971,
                "nauc_mrr_at_1000_max": 0.221444,
                "nauc_mrr_at_1000_std": 0.261457,
                "nauc_mrr_at_1000_diff1": 0.627971,
                "cv_recall_at_1": 0.72087,
                "cv_recall_at_3": 0.95664,
                "cv_recall_at_5": 1.0,
                "cv_recall_at_10": 1.0,
                "cv_recall_at_20": 1.0,
                "cv_recall_at_100": 1.0,
                "cv_recall_at_1000": 1.0,
                "main_score": 0.83986,
                "hf_subset": "default",
                "languages": [
                    "slk-Latn"
                ]
            }
        ]
    },
    "evaluation_time": 23.384270668029785,
    "kg_co2_emissions": null
}
