{
  "dataset_revision": "f64f483ad0f31d2e78209d524c14a4a867965959",
  "task_name": "WebFAQRetrieval",
  "mteb_version": "1.39.7",
  "scores": {
    "test": [
      {
        "ndcg_at_1": 0.38471,
        "ndcg_at_3": 0.46856,
        "ndcg_at_5": 0.49347,
        "ndcg_at_10": 0.51548,
        "ndcg_at_20": 0.53265,
        "ndcg_at_100": 0.55383,
        "ndcg_at_1000": 0.56876,
        "map_at_1": 0.38471,
        "map_at_3": 0.44799,
        "map_at_5": 0.46186,
        "map_at_10": 0.47098,
        "map_at_20": 0.4757,
        "map_at_100": 0.47868,
        "map_at_1000": 0.4792,
        "recall_at_1": 0.38471,
        "recall_at_3": 0.52807,
        "recall_at_5": 0.58833,
        "recall_at_10": 0.6562,
        "recall_at_20": 0.72407,
        "recall_at_100": 0.83761,
        "recall_at_1000": 0.9575,
        "accuracy": 0.38471,
        "precision_at_1": 0.38471,
        "precision_at_3": 0.17602,
        "precision_at_5": 0.11767,
        "precision_at_10": 0.06562,
        "precision_at_20": 0.0362,
        "precision_at_100": 0.00838,
        "precision_at_1000": 0.00096,
        "mrr_at_1": 0.384396,
        "mrr_at_3": 0.447616,
        "mrr_at_5": 0.461492,
        "mrr_at_10": 0.470698,
        "mrr_at_20": 0.47547,
        "mrr_at_100": 0.478432,
        "mrr_at_1000": 0.478948,
        "nauc_ndcg_at_1_max": 0.332176,
        "nauc_ndcg_at_1_std": 0.082919,
        "nauc_ndcg_at_1_diff1": 0.632292,
        "nauc_ndcg_at_3_max": 0.336409,
        "nauc_ndcg_at_3_std": 0.117053,
        "nauc_ndcg_at_3_diff1": 0.582208,
        "nauc_ndcg_at_5_max": 0.336991,
        "nauc_ndcg_at_5_std": 0.124167,
        "nauc_ndcg_at_5_diff1": 0.575307,
        "nauc_ndcg_at_10_max": 0.338303,
        "nauc_ndcg_at_10_std": 0.133468,
        "nauc_ndcg_at_10_diff1": 0.571442,
        "nauc_ndcg_at_20_max": 0.338229,
        "nauc_ndcg_at_20_std": 0.137246,
        "nauc_ndcg_at_20_diff1": 0.570887,
        "nauc_ndcg_at_100_max": 0.33613,
        "nauc_ndcg_at_100_std": 0.144411,
        "nauc_ndcg_at_100_diff1": 0.572412,
        "nauc_ndcg_at_1000_max": 0.33953,
        "nauc_ndcg_at_1000_std": 0.138197,
        "nauc_ndcg_at_1000_diff1": 0.577683,
        "nauc_map_at_1_max": 0.332176,
        "nauc_map_at_1_std": 0.082919,
        "nauc_map_at_1_diff1": 0.632292,
        "nauc_map_at_3_max": 0.334607,
        "nauc_map_at_3_std": 0.107423,
        "nauc_map_at_3_diff1": 0.594722,
        "nauc_map_at_5_max": 0.334968,
        "nauc_map_at_5_std": 0.111233,
        "nauc_map_at_5_diff1": 0.591201,
        "nauc_map_at_10_max": 0.33561,
        "nauc_map_at_10_std": 0.114809,
        "nauc_map_at_10_diff1": 0.589927,
        "nauc_map_at_20_max": 0.335592,
        "nauc_map_at_20_std": 0.115658,
        "nauc_map_at_20_diff1": 0.589809,
        "nauc_map_at_100_max": 0.335277,
        "nauc_map_at_100_std": 0.116304,
        "nauc_map_at_100_diff1": 0.59013,
        "nauc_map_at_1000_max": 0.335353,
        "nauc_map_at_1000_std": 0.116102,
        "nauc_map_at_1000_diff1": 0.590299,
        "nauc_recall_at_1_max": 0.332176,
        "nauc_recall_at_1_std": 0.082919,
        "nauc_recall_at_1_diff1": 0.632292,
        "nauc_recall_at_3_max": 0.342115,
        "nauc_recall_at_3_std": 0.146339,
        "nauc_recall_at_3_diff1": 0.54475,
        "nauc_recall_at_5_max": 0.343691,
        "nauc_recall_at_5_std": 0.166412,
        "nauc_recall_at_5_diff1": 0.52409,
        "nauc_recall_at_10_max": 0.348215,
        "nauc_recall_at_10_std": 0.204601,
        "nauc_recall_at_10_diff1": 0.503575,
        "nauc_recall_at_20_max": 0.349296,
        "nauc_recall_at_20_std": 0.236168,
        "nauc_recall_at_20_diff1": 0.490335,
        "nauc_recall_at_100_max": 0.33422,
        "nauc_recall_at_100_std": 0.371223,
        "nauc_recall_at_100_diff1": 0.460151,
        "nauc_recall_at_1000_max": 0.524838,
        "nauc_recall_at_1000_std": 0.617259,
        "nauc_recall_at_1000_diff1": 0.458175,
        "nauc_precision_at_1_max": 0.332176,
        "nauc_precision_at_1_std": 0.082919,
        "nauc_precision_at_1_diff1": 0.632292,
        "nauc_precision_at_3_max": 0.342115,
        "nauc_precision_at_3_std": 0.146339,
        "nauc_precision_at_3_diff1": 0.54475,
        "nauc_precision_at_5_max": 0.343691,
        "nauc_precision_at_5_std": 0.166412,
        "nauc_precision_at_5_diff1": 0.52409,
        "nauc_precision_at_10_max": 0.348215,
        "nauc_precision_at_10_std": 0.204601,
        "nauc_precision_at_10_diff1": 0.503575,
        "nauc_precision_at_20_max": 0.349296,
        "nauc_precision_at_20_std": 0.236168,
        "nauc_precision_at_20_diff1": 0.490335,
        "nauc_precision_at_100_max": 0.33422,
        "nauc_precision_at_100_std": 0.371223,
        "nauc_precision_at_100_diff1": 0.460151,
        "nauc_precision_at_1000_max": 0.524838,
        "nauc_precision_at_1000_std": 0.617259,
        "nauc_precision_at_1000_diff1": 0.458175,
        "nauc_mrr_at_1_max": 0.334183,
        "nauc_mrr_at_1_std": 0.084951,
        "nauc_mrr_at_1_diff1": 0.633268,
        "nauc_mrr_at_3_max": 0.335829,
        "nauc_mrr_at_3_std": 0.10821,
        "nauc_mrr_at_3_diff1": 0.59569,
        "nauc_mrr_at_5_max": 0.33672,
        "nauc_mrr_at_5_std": 0.112133,
        "nauc_mrr_at_5_diff1": 0.592044,
        "nauc_mrr_at_10_max": 0.337296,
        "nauc_mrr_at_10_std": 0.115885,
        "nauc_mrr_at_10_diff1": 0.5906,
        "nauc_mrr_at_20_max": 0.337451,
        "nauc_mrr_at_20_std": 0.116908,
        "nauc_mrr_at_20_diff1": 0.590483,
        "nauc_mrr_at_100_max": 0.337096,
        "nauc_mrr_at_100_std": 0.117574,
        "nauc_mrr_at_100_diff1": 0.590805,
        "nauc_mrr_at_1000_max": 0.337175,
        "nauc_mrr_at_1000_std": 0.117374,
        "nauc_mrr_at_1000_diff1": 0.590975,
        "cv_recall_at_1": 0.3844,
        "cv_recall_at_3": 0.52743,
        "cv_recall_at_5": 0.58769,
        "cv_recall_at_10": 0.6562,
        "cv_recall_at_20": 0.72471,
        "cv_recall_at_100": 0.83761,
        "cv_recall_at_1000": 0.9575,
        "main_score": 0.51548,
        "hf_subset": "slk",
        "languages": [
          "slk-Latn"
        ]
      }
    ]
  },
  "evaluation_time": 143.46851921081543,
  "kg_co2_emissions": null
}