{
    "dataset_revision": "6448ea012b1b7caa3d55cb747b58cda1d7edc714",
    "task_name": "SlovakPharmacyDrMaxReranking",
    "mteb_version": "1.39.7",
    "scores": {
        "test": [
            {
                "ndcg_at_1": 0.80603,
                "ndcg_at_3": 0.89973,
                "ndcg_at_5": 0.91427,
                "ndcg_at_10": 0.91427,
                "ndcg_at_20": 0.91427,
                "ndcg_at_100": 0.91427,
                "ndcg_at_1000": 0.91427,
                "map_at_1": 0.80603,
                "map_at_3": 0.87714,
                "map_at_5": 0.88527,
                "map_at_10": 0.88527,
                "map_at_20": 0.88527,
                "map_at_100": 0.88527,
                "map_at_1000": 0.88527,
                "recall_at_1": 0.80603,
                "recall_at_3": 0.96493,
                "recall_at_5": 1.0,
                "recall_at_10": 1.0,
                "recall_at_20": 1.0,
                "recall_at_100": 1.0,
                "recall_at_1000": 1.0,
                "accuracy": 0.80603,
                "precision_at_1": 0.80603,
                "precision_at_3": 0.32164,
                "precision_at_5": 0.2,
                "precision_at_10": 0.1,
                "precision_at_20": 0.05,
                "precision_at_100": 0.01,
                "precision_at_1000": 0.001,
                "mrr_at_1": 0.806031,
                "mrr_at_3": 0.877139,
                "mrr_at_5": 0.885265,
                "mrr_at_10": 0.885265,
                "mrr_at_20": 0.885265,
                "mrr_at_100": 0.885265,
                "mrr_at_1000": 0.885265,
                "nauc_ndcg_at_1_max": 0.634022,
                "nauc_ndcg_at_1_std": 0.663539,
                "nauc_ndcg_at_1_diff1": 0.800254,
                "nauc_ndcg_at_3_max": 0.655612,
                "nauc_ndcg_at_3_std": 0.696792,
                "nauc_ndcg_at_3_diff1": 0.782252,
                "nauc_ndcg_at_5_max": 0.641838,
                "nauc_ndcg_at_5_std": 0.678888,
                "nauc_ndcg_at_5_diff1": 0.791,
                "nauc_ndcg_at_10_max": 0.641838,
                "nauc_ndcg_at_10_std": 0.678888,
                "nauc_ndcg_at_10_diff1": 0.791,
                "nauc_ndcg_at_20_max": 0.641838,
                "nauc_ndcg_at_20_std": 0.678888,
                "nauc_ndcg_at_20_diff1": 0.791,
                "nauc_ndcg_at_100_max": 0.641838,
                "nauc_ndcg_at_100_std": 0.678888,
                "nauc_ndcg_at_100_diff1": 0.791,
                "nauc_ndcg_at_1000_max": 0.641838,
                "nauc_ndcg_at_1000_std": 0.678888,
                "nauc_ndcg_at_1000_diff1": 0.791,
                "nauc_map_at_1_max": 0.634022,
                "nauc_map_at_1_std": 0.663539,
                "nauc_map_at_1_diff1": 0.800254,
                "nauc_map_at_3_max": 0.647411,
                "nauc_map_at_3_std": 0.685867,
                "nauc_map_at_3_diff1": 0.787323,
                "nauc_map_at_5_max": 0.641198,
                "nauc_map_at_5_std": 0.677789,
                "nauc_map_at_5_diff1": 0.791549,
                "nauc_map_at_10_max": 0.641198,
                "nauc_map_at_10_std": 0.677789,
                "nauc_map_at_10_diff1": 0.791549,
                "nauc_map_at_20_max": 0.641198,
                "nauc_map_at_20_std": 0.677789,
                "nauc_map_at_20_diff1": 0.791549,
                "nauc_map_at_100_max": 0.641198,
                "nauc_map_at_100_std": 0.677789,
                "nauc_map_at_100_diff1": 0.791549,
                "nauc_map_at_1000_max": 0.641198,
                "nauc_map_at_1000_std": 0.677789,
                "nauc_map_at_1000_diff1": 0.791549,
                "nauc_recall_at_1_max": 0.634022,
                "nauc_recall_at_1_std": 0.663539,
                "nauc_recall_at_1_diff1": 0.800254,
                "nauc_recall_at_3_max": 0.734514,
                "nauc_recall_at_3_std": 0.799571,
                "nauc_recall_at_3_diff1": 0.735867,
                "nauc_recall_at_5_max": NaN,
                "nauc_recall_at_5_std": NaN,
                "nauc_recall_at_5_diff1": NaN,
                "nauc_recall_at_10_max": NaN,
                "nauc_recall_at_10_std": NaN,
                "nauc_recall_at_10_diff1": NaN,
                "nauc_recall_at_20_max": NaN,
                "nauc_recall_at_20_std": NaN,
                "nauc_recall_at_20_diff1": NaN,
                "nauc_recall_at_100_max": NaN,
                "nauc_recall_at_100_std": NaN,
                "nauc_recall_at_100_diff1": NaN,
                "nauc_recall_at_1000_max": NaN,
                "nauc_recall_at_1000_std": NaN,
                "nauc_recall_at_1000_diff1": NaN,
                "nauc_precision_at_1_max": 0.634022,
                "nauc_precision_at_1_std": 0.663539,
                "nauc_precision_at_1_diff1": 0.800254,
                "nauc_precision_at_3_max": 0.734514,
                "nauc_precision_at_3_std": 0.799571,
                "nauc_precision_at_3_diff1": 0.735867,
                "nauc_precision_at_5_max": 1.0,
                "nauc_precision_at_5_std": 1.0,
                "nauc_precision_at_5_diff1": 1.0,
                "nauc_precision_at_10_max": 1.0,
                "nauc_precision_at_10_std": 1.0,
                "nauc_precision_at_10_diff1": 1.0,
                "nauc_precision_at_20_max": 1.0,
                "nauc_precision_at_20_std": 1.0,
                "nauc_precision_at_20_diff1": 1.0,
                "nauc_precision_at_100_max": 1.0,
                "nauc_precision_at_100_std": 1.0,
                "nauc_precision_at_100_diff1": 1.0,
                "nauc_precision_at_1000_max": 1.0,
                "nauc_precision_at_1000_std": 1.0,
                "nauc_precision_at_1000_diff1": 1.0,
                "nauc_mrr_at_1_max": 0.634022,
                "nauc_mrr_at_1_std": 0.663539,
                "nauc_mrr_at_1_diff1": 0.800254,
                "nauc_mrr_at_3_max": 0.647411,
                "nauc_mrr_at_3_std": 0.685867,
                "nauc_mrr_at_3_diff1": 0.787323,
                "nauc_mrr_at_5_max": 0.641198,
                "nauc_mrr_at_5_std": 0.677789,
                "nauc_mrr_at_5_diff1": 0.791549,
                "nauc_mrr_at_10_max": 0.641198,
                "nauc_mrr_at_10_std": 0.677789,
                "nauc_mrr_at_10_diff1": 0.791549,
                "nauc_mrr_at_20_max": 0.641198,
                "nauc_mrr_at_20_std": 0.677789,
                "nauc_mrr_at_20_diff1": 0.791549,
                "nauc_mrr_at_100_max": 0.641198,
                "nauc_mrr_at_100_std": 0.677789,
                "nauc_mrr_at_100_diff1": 0.791549,
                "nauc_mrr_at_1000_max": 0.641198,
                "nauc_mrr_at_1000_std": 0.677789,
                "nauc_mrr_at_1000_diff1": 0.791549,
                "cv_recall_at_1": 0.80603,
                "cv_recall_at_3": 0.96493,
                "cv_recall_at_5": 1.0,
                "cv_recall_at_10": 1.0,
                "cv_recall_at_20": 1.0,
                "cv_recall_at_100": 1.0,
                "cv_recall_at_1000": 1.0,
                "main_score": 0.88527,
                "hf_subset": "default",
                "languages": [
                    "slk-Latn"
                ]
            }
        ]
    },
    "evaluation_time": 541.6064546108246,
    "kg_co2_emissions": null
}
