{
  "dataset_revision": "82320d7f1d6561a12516605ec24f5d61aceb915c",
  "task_name": "SlovakPharmacyMojaLekarenReranking",
  "mteb_version": "1.39.7",
  "scores": {
    "test": [
      {
        "ndcg_at_1": 0.84417,
        "ndcg_at_3": 0.92918,
        "ndcg_at_5": 0.93548,
        "ndcg_at_10": 0.93548,
        "ndcg_at_20": 0.93548,
        "ndcg_at_100": 0.93548,
        "ndcg_at_1000": 0.93548,
        "map_at_1": 0.84417,
        "map_at_3": 0.90967,
        "map_at_5": 0.91326,
        "map_at_10": 0.91326,
        "map_at_20": 0.91326,
        "map_at_100": 0.91326,
        "map_at_1000": 0.91326,
        "recall_at_1": 0.84417,
        "recall_at_3": 0.98509,
        "recall_at_5": 1.0,
        "recall_at_10": 1.0,
        "recall_at_20": 1.0,
        "recall_at_100": 1.0,
        "recall_at_1000": 1.0,
        "accuracy": 0.84417,
        "precision_at_1": 0.84417,
        "precision_at_3": 0.32836,
        "precision_at_5": 0.2,
        "precision_at_10": 0.1,
        "precision_at_20": 0.05,
        "precision_at_100": 0.01,
        "precision_at_1000": 0.001,
        "mrr_at_1": 0.844173,
        "mrr_at_3": 0.909666,
        "mrr_at_5": 0.913257,
        "mrr_at_10": 0.913257,
        "mrr_at_20": 0.913257,
        "mrr_at_100": 0.913257,
        "mrr_at_1000": 0.913257,
        "nauc_ndcg_at_1_max": 0.447353,
        "nauc_ndcg_at_1_std": 0.382745,
        "nauc_ndcg_at_1_diff1": 0.832405,
        "nauc_ndcg_at_3_max": 0.470794,
        "nauc_ndcg_at_3_std": 0.443953,
        "nauc_ndcg_at_3_diff1": 0.810619,
        "nauc_ndcg_at_5_max": 0.456659,
        "nauc_ndcg_at_5_std": 0.408112,
        "nauc_ndcg_at_5_diff1": 0.824143,
        "nauc_ndcg_at_10_max": 0.456659,
        "nauc_ndcg_at_10_std": 0.408112,
        "nauc_ndcg_at_10_diff1": 0.824143,
        "nauc_ndcg_at_20_max": 0.456659,
        "nauc_ndcg_at_20_std": 0.408112,
        "nauc_ndcg_at_20_diff1": 0.824143,
        "nauc_ndcg_at_100_max": 0.456659,
        "nauc_ndcg_at_100_std": 0.408112,
        "nauc_ndcg_at_100_diff1": 0.824143,
        "nauc_ndcg_at_1000_max": 0.456659,
        "nauc_ndcg_at_1000_std": 0.408112,
        "nauc_ndcg_at_1000_diff1": 0.824143,
        "nauc_map_at_1_max": 0.447353,
        "nauc_map_at_1_std": 0.382745,
        "nauc_map_at_1_diff1": 0.832405,
        "nauc_map_at_3_max": 0.461975,
        "nauc_map_at_3_std": 0.422258,
        "nauc_map_at_3_diff1": 0.818486,
        "nauc_map_at_5_max": 0.455913,
        "nauc_map_at_5_std": 0.406287,
        "nauc_map_at_5_diff1": 0.824708,
        "nauc_map_at_10_max": 0.455913,
        "nauc_map_at_10_std": 0.406287,
        "nauc_map_at_10_diff1": 0.824708,
        "nauc_map_at_20_max": 0.455913,
        "nauc_map_at_20_std": 0.406287,
        "nauc_map_at_20_diff1": 0.824708,
        "nauc_map_at_100_max": 0.455913,
        "nauc_map_at_100_std": 0.406287,
        "nauc_map_at_100_diff1": 0.824708,
        "nauc_map_at_1000_max": 0.455913,
        "nauc_map_at_1000_std": 0.406287,
        "nauc_map_at_1000_diff1": 0.824708,
        "nauc_recall_at_1_max": 0.447353,
        "nauc_recall_at_1_std": 0.382745,
        "nauc_recall_at_1_diff1": 0.832405,
        "nauc_recall_at_3_max": 0.61675,
        "nauc_recall_at_3_std": 0.799493,
        "nauc_recall_at_3_diff1": 0.681277,
        "nauc_recall_at_5_max": NaN,
        "nauc_recall_at_5_std": NaN,
        "nauc_recall_at_5_diff1": NaN,
        "nauc_recall_at_10_max": NaN,
        "nauc_recall_at_10_std": NaN,
        "nauc_recall_at_10_diff1": NaN,
        "nauc_recall_at_20_max": NaN,
        "nauc_recall_at_20_std": NaN,
        "nauc_recall_at_20_diff1": NaN,
        "nauc_recall_at_100_max": NaN,
        "nauc_recall_at_100_std": NaN,
        "nauc_recall_at_100_diff1": NaN,
        "nauc_recall_at_1000_max": NaN,
        "nauc_recall_at_1000_std": NaN,
        "nauc_recall_at_1000_diff1": NaN,
        "nauc_precision_at_1_max": 0.447353,
        "nauc_precision_at_1_std": 0.382745,
        "nauc_precision_at_1_diff1": 0.832405,
        "nauc_precision_at_3_max": 0.61675,
        "nauc_precision_at_3_std": 0.799493,
        "nauc_precision_at_3_diff1": 0.681277,
        "nauc_precision_at_5_max": NaN,
        "nauc_precision_at_5_std": NaN,
        "nauc_precision_at_5_diff1": NaN,
        "nauc_precision_at_10_max": NaN,
        "nauc_precision_at_10_std": NaN,
        "nauc_precision_at_10_diff1": NaN,
        "nauc_precision_at_20_max": NaN,
        "nauc_precision_at_20_std": NaN,
        "nauc_precision_at_20_diff1": NaN,
        "nauc_precision_at_100_max": NaN,
        "nauc_precision_at_100_std": NaN,
        "nauc_precision_at_100_diff1": NaN,
        "nauc_precision_at_1000_max": 1.0,
        "nauc_precision_at_1000_std": 1.0,
        "nauc_precision_at_1000_diff1": 1.0,
        "nauc_mrr_at_1_max": 0.447353,
        "nauc_mrr_at_1_std": 0.382745,
        "nauc_mrr_at_1_diff1": 0.832405,
        "nauc_mrr_at_3_max": 0.461975,
        "nauc_mrr_at_3_std": 0.422258,
        "nauc_mrr_at_3_diff1": 0.818486,
        "nauc_mrr_at_5_max": 0.455913,
        "nauc_mrr_at_5_std": 0.406287,
        "nauc_mrr_at_5_diff1": 0.824708,
        "nauc_mrr_at_10_max": 0.455913,
        "nauc_mrr_at_10_std": 0.406287,
        "nauc_mrr_at_10_diff1": 0.824708,
        "nauc_mrr_at_20_max": 0.455913,
        "nauc_mrr_at_20_std": 0.406287,
        "nauc_mrr_at_20_diff1": 0.824708,
        "nauc_mrr_at_100_max": 0.455913,
        "nauc_mrr_at_100_std": 0.406287,
        "nauc_mrr_at_100_diff1": 0.824708,
        "nauc_mrr_at_1000_max": 0.455913,
        "nauc_mrr_at_1000_std": 0.406287,
        "nauc_mrr_at_1000_diff1": 0.824708,
        "cv_recall_at_1": 0.84417,
        "cv_recall_at_3": 0.98509,
        "cv_recall_at_5": 1.0,
        "cv_recall_at_10": 1.0,
        "cv_recall_at_20": 1.0,
        "cv_recall_at_100": 1.0,
        "cv_recall_at_1000": 1.0,
        "main_score": 0.91326,
        "hf_subset": "default",
        "languages": [
          "slk-Latn"
        ]
      }
    ]
  },
  "evaluation_time": 86.0961263179779,
  "kg_co2_emissions": null
}