{
  "dataset_revision": "f64f483ad0f31d2e78209d524c14a4a867965959",
  "task_name": "WebFAQRetrieval",
  "mteb_version": "1.39.7",
  "scores": {
    "test": [
      {
        "ndcg_at_1": 0.64383,
        "ndcg_at_3": 0.72077,
        "ndcg_at_5": 0.73704,
        "ndcg_at_10": 0.75369,
        "ndcg_at_20": 0.76289,
        "ndcg_at_100": 0.77314,
        "ndcg_at_1000": 0.7777,
        "map_at_1": 0.64383,
        "map_at_3": 0.70235,
        "map_at_5": 0.71142,
        "map_at_10": 0.71838,
        "map_at_20": 0.72093,
        "map_at_100": 0.72235,
        "map_at_1000": 0.72252,
        "recall_at_1": 0.64383,
        "recall_at_3": 0.77387,
        "recall_at_5": 0.81319,
        "recall_at_10": 0.86426,
        "recall_at_20": 0.90041,
        "recall_at_100": 0.9556,
        "recall_at_1000": 0.99144,
        "accuracy": 0.64383,
        "precision_at_1": 0.64383,
        "precision_at_3": 0.25796,
        "precision_at_5": 0.16264,
        "precision_at_10": 0.08643,
        "precision_at_20": 0.04502,
        "precision_at_100": 0.00956,
        "precision_at_1000": 0.00099,
        "mrr_at_1": 0.643514,
        "mrr_at_3": 0.702453,
        "mrr_at_5": 0.711476,
        "mrr_at_10": 0.718553,
        "mrr_at_20": 0.721036,
        "mrr_at_100": 0.722456,
        "mrr_at_1000": 0.722627,
        "nauc_ndcg_at_1_max": 0.615011,
        "nauc_ndcg_at_1_std": 0.100537,
        "nauc_ndcg_at_1_diff1": 0.823948,
        "nauc_ndcg_at_3_max": 0.625179,
        "nauc_ndcg_at_3_std": 0.103426,
        "nauc_ndcg_at_3_diff1": 0.787051,
        "nauc_ndcg_at_5_max": 0.620714,
        "nauc_ndcg_at_5_std": 0.093959,
        "nauc_ndcg_at_5_diff1": 0.78482,
        "nauc_ndcg_at_10_max": 0.626355,
        "nauc_ndcg_at_10_std": 0.112916,
        "nauc_ndcg_at_10_diff1": 0.788685,
        "nauc_ndcg_at_20_max": 0.625248,
        "nauc_ndcg_at_20_std": 0.114927,
        "nauc_ndcg_at_20_diff1": 0.789459,
        "nauc_ndcg_at_100_max": 0.625422,
        "nauc_ndcg_at_100_std": 0.115929,
        "nauc_ndcg_at_100_diff1": 0.792709,
        "nauc_ndcg_at_1000_max": 0.625496,
        "nauc_ndcg_at_1000_std": 0.113674,
        "nauc_ndcg_at_1000_diff1": 0.79395,
        "nauc_map_at_1_max": 0.615011,
        "nauc_map_at_1_std": 0.100537,
        "nauc_map_at_1_diff1": 0.823948,
        "nauc_map_at_3_max": 0.623669,
        "nauc_map_at_3_std": 0.103044,
        "nauc_map_at_3_diff1": 0.796934,
        "nauc_map_at_5_max": 0.621456,
        "nauc_map_at_5_std": 0.098123,
        "nauc_map_at_5_diff1": 0.795959,
        "nauc_map_at_10_max": 0.623691,
        "nauc_map_at_10_std": 0.105512,
        "nauc_map_at_10_diff1": 0.79774,
        "nauc_map_at_20_max": 0.623461,
        "nauc_map_at_20_std": 0.10607,
        "nauc_map_at_20_diff1": 0.798126,
        "nauc_map_at_100_max": 0.623347,
        "nauc_map_at_100_std": 0.105964,
        "nauc_map_at_100_diff1": 0.798528,
        "nauc_map_at_1000_max": 0.623333,
        "nauc_map_at_1000_std": 0.105858,
        "nauc_map_at_1000_diff1": 0.798561,
        "nauc_recall_at_1_max": 0.615011,
        "nauc_recall_at_1_std": 0.100537,
        "nauc_recall_at_1_diff1": 0.823948,
        "nauc_recall_at_3_max": 0.629866,
        "nauc_recall_at_3_std": 0.104568,
        "nauc_recall_at_3_diff1": 0.752198,
        "nauc_recall_at_5_max": 0.615826,
        "nauc_recall_at_5_std": 0.075067,
        "nauc_recall_at_5_diff1": 0.739733,
        "nauc_recall_at_10_max": 0.641211,
        "nauc_recall_at_10_std": 0.161294,
        "nauc_recall_at_10_diff1": 0.743169,
        "nauc_recall_at_20_max": 0.635829,
        "nauc_recall_at_20_std": 0.190456,
        "nauc_recall_at_20_diff1": 0.733035,
        "nauc_recall_at_100_max": 0.662476,
        "nauc_recall_at_100_std": 0.321619,
        "nauc_recall_at_100_diff1": 0.741362,
        "nauc_recall_at_1000_max": 0.848551,
        "nauc_recall_at_1000_std": 0.818287,
        "nauc_recall_at_1000_diff1": 0.75477,
        "nauc_precision_at_1_max": 0.615011,
        "nauc_precision_at_1_std": 0.100537,
        "nauc_precision_at_1_diff1": 0.823948,
        "nauc_precision_at_3_max": 0.629866,
        "nauc_precision_at_3_std": 0.104568,
        "nauc_precision_at_3_diff1": 0.752198,
        "nauc_precision_at_5_max": 0.615826,
        "nauc_precision_at_5_std": 0.075067,
        "nauc_precision_at_5_diff1": 0.739733,
        "nauc_precision_at_10_max": 0.641211,
        "nauc_precision_at_10_std": 0.161294,
        "nauc_precision_at_10_diff1": 0.743169,
        "nauc_precision_at_20_max": 0.635829,
        "nauc_precision_at_20_std": 0.190456,
        "nauc_precision_at_20_diff1": 0.733035,
        "nauc_precision_at_100_max": 0.662476,
        "nauc_precision_at_100_std": 0.321619,
        "nauc_precision_at_100_diff1": 0.741362,
        "nauc_precision_at_1000_max": 0.848551,
        "nauc_precision_at_1000_std": 0.818287,
        "nauc_precision_at_1000_diff1": 0.75477,
        "nauc_mrr_at_1_max": 0.614613,
        "nauc_mrr_at_1_std": 0.099861,
        "nauc_mrr_at_1_diff1": 0.824541,
        "nauc_mrr_at_3_max": 0.623735,
        "nauc_mrr_at_3_std": 0.102731,
        "nauc_mrr_at_3_diff1": 0.796961,
        "nauc_mrr_at_5_max": 0.62144,
        "nauc_mrr_at_5_std": 0.098733,
        "nauc_mrr_at_5_diff1": 0.796068,
        "nauc_mrr_at_10_max": 0.623586,
        "nauc_mrr_at_10_std": 0.10621,
        "nauc_mrr_at_10_diff1": 0.798111,
        "nauc_mrr_at_20_max": 0.623406,
        "nauc_mrr_at_20_std": 0.106584,
        "nauc_mrr_at_20_diff1": 0.798473,
        "nauc_mrr_at_100_max": 0.623297,
        "nauc_mrr_at_100_std": 0.106442,
        "nauc_mrr_at_100_diff1": 0.798876,
        "nauc_mrr_at_1000_max": 0.623284,
        "nauc_mrr_at_1000_std": 0.106337,
        "nauc_mrr_at_1000_diff1": 0.798909,
        "cv_recall_at_1": 0.64351,
        "cv_recall_at_3": 0.77418,
        "cv_recall_at_5": 0.81319,
        "cv_recall_at_10": 0.86521,
        "cv_recall_at_20": 0.90041,
        "cv_recall_at_100": 0.9556,
        "cv_recall_at_1000": 0.99144,
        "main_score": 0.75369,
        "hf_subset": "slk",
        "languages": [
          "slk-Latn"
        ]
      }
    ]
  },
  "evaluation_time": 667.6207008361816,
  "kg_co2_emissions": null
}