{
    "dataset_revision": "7cfcb122006b33d150b485caac5aa41939b3ba37",
    "task_name": "SkQuadReranking",
    "mteb_version": "1.39.7",
    "scores": {
        "test": [
            {
                "map": 0.709176,
                "mrr": 0.794471,
                "recall_at_10": 0.978073,
                "nAUC_map_max": 0.046233,
                "nAUC_map_std": 0.090844,
                "nAUC_map_diff1": 0.29813,
                "nAUC_mrr_max": 0.135644,
                "nAUC_mrr_std": 0.144021,
                "nAUC_mrr_diff1": 0.422927,
                "nAUC_recall_at_10_max": -0.041274,
                "nAUC_recall_at_10_std": 0.176681,
                "nAUC_recall_at_10_diff1": 0.096631,
                "main_score": 0.709176,
                "hf_subset": "default",
                "languages": [
                    "slk-Latn"
                ]
            }
        ]
    },
    "evaluation_time": 19.63707971572876,
    "kg_co2_emissions": null
}
