{
    "dataset_revision": "79914f425b59d8b9fabb6d38c37f6d81f9723f46",
    "task_name": "SlovakNLI",
    "mteb_version": "1.39.7",
    "scores": {
        "test": [
            {
                "similarity_accuracy": 0.753927,
                "similarity_accuracy_threshold": 0.885914,
                "similarity_f1": 0.788793,
                "similarity_f1_threshold": 0.86948,
                "similarity_precision": 0.703846,
                "similarity_recall": 0.897059,
                "similarity_ap": 0.820094,
                "cosine_accuracy": 0.753927,
                "cosine_accuracy_threshold": 0.885914,
                "cosine_f1": 0.788793,
                "cosine_f1_threshold": 0.86948,
                "cosine_precision": 0.703846,
                "cosine_recall": 0.897059,
                "cosine_ap": 0.820094,
                "manhattan_accuracy": 0.756545,
                "manhattan_accuracy_threshold": 12.177786,
                "manhattan_f1": 0.786325,
                "manhattan_f1_threshold": 12.996032,
                "manhattan_precision": 0.69697,
                "manhattan_recall": 0.901961,
                "manhattan_ap": 0.819851,
                "euclidean_accuracy": 0.753927,
                "euclidean_accuracy_threshold": 0.477673,
                "euclidean_f1": 0.788793,
                "euclidean_f1_threshold": 0.510921,
                "euclidean_precision": 0.703846,
                "euclidean_recall": 0.897059,
                "euclidean_ap": 0.820094,
                "dot_accuracy": 0.753927,
                "dot_accuracy_threshold": 0.885914,
                "dot_f1": 0.788793,
                "dot_f1_threshold": 0.86948,
                "dot_precision": 0.703846,
                "dot_recall": 0.897059,
                "dot_ap": 0.820094,
                "max_accuracy": 0.756545,
                "max_f1": 0.788793,
                "max_precision": 0.703846,
                "max_recall": 0.901961,
                "max_ap": 0.820094,
                "main_score": 0.820094,
                "hf_subset": "default",
                "languages": [
                    "slk-Latn"
                ]
            }
        ]
    },
    "evaluation_time": 0.14672112464904785,
    "kg_co2_emissions": null
}
